model,cohort,seed,epoch,loss,seconds,evaluated,valid_coverage@10,valid_coverage@20,valid_hit_rate@10,valid_hit_rate@20,valid_ndcg@10,valid_ndcg@20,valid_recall@10,valid_recall@20,note
bt_dkgrec_l05,active,2020,1,0.6904377111095602,1.7,False,,,,,,,,,
bt_dkgrec_l05,active,2020,2,0.6863928333256464,3.1,False,,,,,,,,,
bt_dkgrec_l05,active,2020,3,0.6790112705465737,4.5,False,,,,,,,,,
bt_dkgrec_l05,active,2020,4,0.6654100587732364,5.9,False,,,,,,,,,
bt_dkgrec_l05,active,2020,5,0.6435966428093939,7.2,True,0.004142674159637198,0.007616058343622705,0.02564102564102564,0.04700854700854701,0.008422028364320272,0.010562007366548522,0.015124514112368363,0.02220673230569767,best
bt_dkgrec_l05,active,2020,6,0.6140891418682828,9.0,False,,,,,,,,,
bt_dkgrec_l05,active,2020,7,0.578909747534549,10.4,False,,,,,,,,,
bt_dkgrec_l05,active,2020,8,0.5410993918501388,11.7,False,,,,,,,,,
bt_dkgrec_l05,active,2020,9,0.5029326727427436,13.1,False,,,,,,,,,
bt_dkgrec_l05,active,2020,10,0.46579204846496247,14.5,True,0.0035080026310019734,0.006462110109740477,0.03418803418803419,0.05128205128205128,0.00844732667156417,0.010491398260069286,0.01679176898475144,0.022860399626031654,khong cai thien (1/50)
bt_dkgrec_l05,active,2020,11,0.4304199254742773,16.4,False,,,,,,,,,
bt_dkgrec_l05,active,2020,12,0.398913524987392,17.7,False,,,,,,,,,
bt_dkgrec_l05,active,2020,13,0.3684858285175045,19.1,False,,,,,,,,,
bt_dkgrec_l05,active,2020,14,0.34162917914862967,20.5,False,,,,,,,,,
bt_dkgrec_l05,active,2020,15,0.3171311053677769,21.9,True,0.004038818818587798,0.007546821449589771,0.03418803418803419,0.05555555555555555,0.008704371039381912,0.01202976802513085,0.01679176898475144,0.02808788818685355,best
bt_dkgrec_l05,active,2020,16,0.29388302394661636,23.7,False,,,,,,,,,
bt_dkgrec_l05,active,2020,17,0.2740119440830379,25.0,False,,,,,,,,,
bt_dkgrec_l05,active,2020,18,0.255090854262381,26.4,False,,,,,,,,,
bt_dkgrec_l05,active,2020,19,0.2376648019979036,27.8,False,,,,,,,,,
bt_dkgrec_l05,active,2020,20,0.22301698079970242,29.2,True,0.004719648276578313,0.008631532789439065,0.038461538461538464,0.05982905982905983,0.011524038694092952,0.013203420243085575,0.021065273258255714,0.02751053344283214,best
bt_dkgrec_l05,active,2020,21,0.20924487235342915,31.2,False,,,,,,,,,
bt_dkgrec_l05,active,2020,22,0.1969643880107533,32.6,False,,,,,,,,,
bt_dkgrec_l05,active,2020,23,0.18512220152562664,33.9,False,,,,,,,,,
bt_dkgrec_l05,active,2020,24,0.17477349810875606,35.3,False,,,,,,,,,
bt_dkgrec_l05,active,2020,25,0.1653843777175622,36.7,True,0.00526200394650296,0.00971624412928836,0.03418803418803419,0.0641025641025641,0.01343342348848961,0.016352132865976532,0.01994066687049143,0.02959105526019606,best
bt_dkgrec_l05,active,2020,26,0.1571058115980636,38.5,False,,,,,,,,,
bt_dkgrec_l05,active,2020,27,0.14845077948342525,39.9,False,,,,,,,,,
bt_dkgrec_l05,active,2020,28,0.1419314626762552,41.3,False,,,,,,,,,
bt_dkgrec_l05,active,2020,29,0.13559262206750455,42.7,False,,,,,,,,,
bt_dkgrec_l05,active,2020,30,0.1283893041168953,44.1,True,0.005885135992799363,0.010720179092765899,0.038461538461538464,0.0641025641025641,0.013618936810125847,0.016170100786913482,0.0210090429388675,0.02996361717121951,khong cai thien (1/50)
bt_dkgrec_l05,active,2020,31,0.12453302060198213,46.0,False,,,,,,,,,
bt_dkgrec_l05,active,2020,32,0.11854886257694489,47.4,False,,,,,,,,,
bt_dkgrec_l05,active,2020,33,0.1135012135349535,48.7,False,,,,,,,,,
bt_dkgrec_l05,active,2020,34,0.10933999065190224,50.1,False,,,,,,,,,
bt_dkgrec_l05,active,2020,35,0.10560037950583279,51.5,True,0.0063351758040134315,0.011735653538582259,0.042735042735042736,0.05555555555555555,0.013629150479707634,0.015130149125512856,0.02172129365111821,0.027292677000279337,khong cai thien (2/50)
bt_dkgrec_l05,active,2020,36,0.10177902134979828,53.3,False,,,,,,,,,
bt_dkgrec_l05,active,2020,37,0.09793068699439987,54.6,False,,,,,,,,,
bt_dkgrec_l05,active,2020,38,0.09517099609700512,56.0,False,,,,,,,,,
bt_dkgrec_l05,active,2020,39,0.09240331638595796,57.5,False,,,,,,,,,
bt_dkgrec_l05,active,2020,40,0.08879952922280099,58.9,True,0.006739057685872212,0.012635733161010397,0.04700854700854701,0.0641025641025641,0.014120962583030855,0.016262627186869886,0.021879571587173928,0.02948421765335845,khong cai thien (3/50)
bt_dkgrec_l05,active,2020,41,0.08635153725173329,60.6,False,,,,,,,,,
bt_dkgrec_l05,active,2020,42,0.08307679059897828,62.0,False,,,,,,,,,
bt_dkgrec_l05,active,2020,43,0.0806013819668352,63.4,False,,,,,,,,,
bt_dkgrec_l05,active,2020,44,0.0789231535024709,64.8,False,,,,,,,,,
bt_dkgrec_l05,active,2020,45,0.07636699112202186,66.1,True,0.007039084226681591,0.01345503640706678,0.04700854700854701,0.05982905982905983,0.014699633108586196,0.016736317425193718,0.02187812978411269,0.02942798733397024,best
bt_dkgrec_l05,active,2020,46,0.07442535538118891,67.9,False,,,,,,,,,
bt_dkgrec_l05,active,2020,47,0.07264011506868015,69.3,False,,,,,,,,,
bt_dkgrec_l05,active,2020,48,0.07142369037790558,70.6,False,,,,,,,,,
bt_dkgrec_l05,active,2020,49,0.06850133993281673,72.0,False,,,,,,,,,
bt_dkgrec_l05,active,2020,50,0.06738539239311243,73.4,True,0.007408347661523904,0.01402047104166907,0.05128205128205128,0.05982905982905983,0.016055400747001992,0.01694905664876625,0.026151634057616963,0.02942798733397024,best
bt_dkgrec_l05,active,2020,51,0.0661046720673536,75.2,False,,,,,,,,,
bt_dkgrec_l05,active,2020,52,0.06448835410896121,76.6,False,,,,,,,,,
bt_dkgrec_l05,active,2020,53,0.06254054812230746,77.9,False,,,,,,,,,
bt_dkgrec_l05,active,2020,54,0.061501625798480355,79.3,False,,,,,,,,,
bt_dkgrec_l05,active,2020,55,0.05977444474025303,80.6,True,0.007662216272977994,0.014620524123287829,0.05128205128205128,0.05982905982905983,0.015901146673545724,0.01682601059866258,0.026151634057616963,0.02942798733397024,khong cai thien (1/50)
bt_dkgrec_l05,active,2020,56,0.058444633339450706,82.4,False,,,,,,,,,
bt_dkgrec_l05,active,2020,57,0.05819519484134163,83.8,False,,,,,,,,,
bt_dkgrec_l05,active,2020,58,0.05643022348112844,85.3,False,,,,,,,,,
bt_dkgrec_l05,active,2020,59,0.05556660510487945,86.7,False,,,,,,,,,
bt_dkgrec_l05,active,2020,60,0.05347209816987955,88.0,True,0.00799686126080384,0.015428287887005388,0.04700854700854701,0.06837606837606838,0.015345341972110679,0.017936260034017045,0.02187812978411269,0.030871664739186108,best
bt_dkgrec_l05,active,2020,61,0.0529646100942588,89.8,False,,,,,,,,,
bt_dkgrec_l05,active,2020,62,0.05219453513964792,91.2,False,,,,,,,,,
bt_dkgrec_l05,active,2020,63,0.05060027340956214,92.5,False,,,,,,,,,
bt_dkgrec_l05,active,2020,64,0.05024730947275975,93.9,False,,,,,,,,,
bt_dkgrec_l05,active,2020,65,0.04959432790026262,95.3,True,0.008273808836935575,0.015912946145235925,0.04700854700854701,0.05982905982905983,0.015446503796951743,0.01709940894186505,0.02397171521103145,0.029482775850297217,khong cai thien (1/50)
bt_dkgrec_l05,active,2020,66,0.04898045333835582,97.1,False,,,,,,,,,
bt_dkgrec_l05,active,2020,67,0.047277173061418966,98.5,False,,,,,,,,,
bt_dkgrec_l05,active,2020,68,0.04687326997837802,99.9,False,,,,,,,,,
bt_dkgrec_l05,active,2020,69,0.04570517188638007,101.3,False,,,,,,,,,
bt_dkgrec_l05,active,2020,70,0.044884553512347256,102.7,True,0.0084930590013732,0.016328367509433526,0.04700854700854701,0.05982905982905983,0.015572971879804179,0.017339415030314314,0.02397171521103145,0.030294309995164696,khong cai thien (2/50)
bt_dkgrec_l05,active,2020,71,0.0443483756614249,104.5,False,,,,,,,,,
bt_dkgrec_l05,active,2020,72,0.04369249643777029,105.9,False,,,,,,,,,
bt_dkgrec_l05,active,2020,73,0.04265392904117683,107.2,False,,,,,,,,,
bt_dkgrec_l05,active,2020,74,0.04209745288054392,108.6,False,,,,,,,,,
bt_dkgrec_l05,active,2020,75,0.041654364476000814,110.0,True,0.008770006577504933,0.01674378887363113,0.04700854700854701,0.05982905982905983,0.015857668774831593,0.01735382831118911,0.024026503727358428,0.030294309995164696,khong cai thien (3/50)
bt_dkgrec_l05,active,2020,76,0.04148771694196217,111.9,False,,,,,,,,,
bt_dkgrec_l05,active,2020,77,0.040305156704827046,113.4,False,,,,,,,,,
bt_dkgrec_l05,active,2020,78,0.03982149422276428,114.7,False,,,,,,,,,
bt_dkgrec_l05,active,2020,79,0.03989458703026489,116.1,False,,,,,,,,,
bt_dkgrec_l05,active,2020,80,0.03917529058310237,117.5,True,0.009012335706620201,0.017320762990572242,0.04700854700854701,0.0641025641025641,0.015989440437412974,0.017756965870623673,0.024026503727358428,0.03082849802935273,khong cai thien (4/50)
bt_dkgrec_l05,active,2020,81,0.03809325295895287,119.3,False,,,,,,,,,
bt_dkgrec_l05,active,2020,82,0.038001465649725064,120.6,False,,,,,,,,,
bt_dkgrec_l05,active,2020,83,0.037370862083267946,122.0,False,,,,,,,,,
bt_dkgrec_l05,active,2020,84,0.03635804631769797,123.4,False,,,,,,,,,
bt_dkgrec_l05,active,2020,85,0.036011195798549785,124.8,True,0.009231585871057824,0.0177131053900922,0.04700854700854701,0.0641025641025641,0.016046482127813205,0.017793414342345104,0.024026503727358428,0.03082849802935273,khong cai thien (5/50)
bt_dkgrec_l05,active,2020,86,0.03647179043277286,126.8,False,,,,,,,,,
bt_dkgrec_l05,active,2020,87,0.03531871941002779,128.1,False,,,,,,,,,
bt_dkgrec_l05,active,2020,88,0.03504002987217374,129.5,False,,,,,,,,,
bt_dkgrec_l05,active,2020,89,0.03441793009358071,130.8,False,,,,,,,,,
bt_dkgrec_l05,active,2020,90,0.03426178371144347,132.2,True,0.009600849305900137,0.01816314520130627,0.04700854700854701,0.06837606837606838,0.01604999767335911,0.018763712656190888,0.024026503727358428,0.035102002302857004,best
bt_dkgrec_l05,active,2020,91,0.03405057405476399,134.0,False,,,,,,,,,
bt_dkgrec_l05,active,2020,92,0.033567008272309795,135.4,False,,,,,,,,,
bt_dkgrec_l05,active,2020,93,0.03260861750541252,136.8,False,,,,,,,,,
bt_dkgrec_l05,active,2020,94,0.03266628961507344,138.2,False,,,,,,,,,
bt_dkgrec_l05,active,2020,95,0.032029022278005186,139.6,True,0.00991241532904834,0.01852086915380976,0.04700854700854701,0.0641025641025641,0.01623164499733406,0.01884012428531783,0.024026503727358428,0.03440557938421186,best
bt_dkgrec_l05,active,2020,96,0.0320311677601983,141.4,False,,,,,,,,,
bt_dkgrec_l05,active,2020,97,0.031482623952055686,142.8,False,,,,,,,,,
bt_dkgrec_l05,active,2020,98,0.03135492106090907,144.1,False,,,,,,,,,
bt_dkgrec_l05,active,2020,99,0.03084422389159343,145.5,False,,,,,,,,,
bt_dkgrec_l05,active,2020,100,0.030888112848774837,146.9,True,0.009935494293725984,0.018901672070990895,0.04700854700854701,0.0641025641025641,0.016282969082118893,0.01888009113692544,0.024026503727358428,0.03440557938421186,best
bt_dkgrec_l05,active,2020,101,0.0304930487259646,148.7,False,,,,,,,,,
bt_dkgrec_l05,active,2020,102,0.02989389611845555,150.0,False,,,,,,,,,
bt_dkgrec_l05,active,2020,103,0.02950986585861576,151.4,False,,,,,,,,,
bt_dkgrec_l05,active,2020,104,0.029363443659653182,152.9,False,,,,,,,,,
bt_dkgrec_l05,active,2020,105,0.029197996026090575,154.2,True,0.010004731187758917,0.01928247498817203,0.04700854700854701,0.06837606837606838,0.016353012224814945,0.019278198146867456,0.024026503727358428,0.03526028023891272,best
bt_dkgrec_l05,active,2020,106,0.02894729258822996,156.1,False,,,,,,,,,
bt_dkgrec_l05,active,2020,107,0.028730775940487924,157.4,False,,,,,,,,,
bt_dkgrec_l05,active,2020,108,0.02815963280679469,158.8,False,,,,,,,,,
bt_dkgrec_l05,active,2020,109,0.0282957308289058,160.2,False,,,,,,,,,
bt_dkgrec_l05,active,2020,110,0.02771934705806508,161.5,True,0.010189362905180074,0.019709435834708456,0.04700854700854701,0.06837606837606838,0.016391172464900735,0.01933704970201566,0.024026503727358428,0.035102002302857004,best
bt_dkgrec_l05,active,2020,111,0.02750051315411225,163.3,False,,,,,,,,,
bt_dkgrec_l05,active,2020,112,0.027241143414630457,164.7,False,,,,,,,,,
bt_dkgrec_l05,active,2020,113,0.02683719132950448,166.1,False,,,,,,,,,
bt_dkgrec_l05,active,2020,114,0.02677706048337331,167.5,False,,,,,,,,,
bt_dkgrec_l05,active,2020,115,0.026451385494284288,168.9,True,0.010350915657923586,0.02003254134019548,0.05128205128205128,0.07264957264957266,0.018006701633190125,0.019623850269897915,0.029012258713113415,0.035490502691357395,best
bt_dkgrec_l05,active,2020,116,0.026647067496259218,170.7,False,,,,,,,,,
bt_dkgrec_l05,active,2020,117,0.025898236182594864,172.1,False,,,,,,,,,
bt_dkgrec_l05,active,2020,118,0.02585516998900048,173.4,False,,,,,,,,,
bt_dkgrec_l05,active,2020,119,0.025840476023199183,174.8,False,,,,,,,,,
bt_dkgrec_l05,active,2020,120,0.02553788705308482,176.1,True,0.010593244787038854,0.0204595021867319,0.05128205128205128,0.07692307692307693,0.018006701633190125,0.02013583669597328,0.029012258713113415,0.03655887875973347,best
bt_dkgrec_l05,active,2020,121,0.02538890785880775,178.0,False,,,,,,,,,
bt_dkgrec_l05,active,2020,122,0.025275585471885513,179.4,False,,,,,,,,,
bt_dkgrec_l05,active,2020,123,0.024541318523482108,180.8,False,,,,,,,,,
bt_dkgrec_l05,active,2020,124,0.02469974211232956,182.2,False,,,,,,,,,
bt_dkgrec_l05,active,2020,125,0.024594525317799855,183.5,True,0.010800955469137655,0.020724910280524814,0.05128205128205128,0.07692307692307693,0.018222033073575693,0.020583328522217142,0.029012258713113415,0.0370930667939215,best
bt_dkgrec_l05,active,2020,126,0.024271824994825508,185.3,False,,,,,,,,,
bt_dkgrec_l05,active,2020,127,0.024061022667791632,186.7,False,,,,,,,,,
bt_dkgrec_l05,active,2020,128,0.024115631961484238,188.0,False,,,,,,,,,
bt_dkgrec_l05,active,2020,129,0.023888642790028416,189.4,False,,,,,,,,,
bt_dkgrec_l05,active,2020,130,0.023495718612712282,190.8,True,0.010893271327848232,0.021024936821334196,0.05128205128205128,0.07692307692307693,0.018222033073575693,0.020134456658472275,0.029012258713113415,0.03602469072554543,khong cai thien (1/50)
bt_dkgrec_l05,active,2020,131,0.023437968139836427,192.7,False,,,,,,,,,
bt_dkgrec_l05,active,2020,132,0.023327525161139485,194.1,False,,,,,,,,,
bt_dkgrec_l05,active,2020,133,0.02301596277081035,195.5,False,,,,,,,,,
bt_dkgrec_l05,active,2020,134,0.02304444488286042,196.9,False,,,,,,,,,
bt_dkgrec_l05,active,2020,135,0.022849593280872573,198.2,True,0.011100982009947033,0.021336502844482397,0.05128205128205128,0.07692307692307693,0.018283720599737006,0.0201975913931045,0.029012258713113415,0.03602469072554543,khong cai thien (2/50)
bt_dkgrec_l05,active,2020,136,0.022249727614577205,200.0,False,,,,,,,,,
bt_dkgrec_l05,active,2020,137,0.022601733010814928,201.4,False,,,,,,,,,
bt_dkgrec_l05,active,2020,138,0.02227413052047239,202.7,False,,,,,,,,,
bt_dkgrec_l05,active,2020,139,0.022522194441780514,204.1,False,,,,,,,,,
bt_dkgrec_l05,active,2020,140,0.021907234543421403,205.6,True,0.01128561372736819,0.021486516114887087,0.05555555555555555,0.07264957264957266,0.018582009549802797,0.02008289303457127,0.02954644674730145,0.03570417790503261,khong cai thien (3/50)
bt_dkgrec_l05,active,2020,141,0.02206427398675878,207.5,False,,,,,,,,,
bt_dkgrec_l05,active,2020,142,0.021681338880648885,208.9,False,,,,,,,,,
bt_dkgrec_l05,active,2020,143,0.021656905968110828,210.2,False,,,,,,,,,
bt_dkgrec_l05,active,2020,144,0.021543508058892793,211.6,False,,,,,,,,,
bt_dkgrec_l05,active,2020,145,0.02146435155309642,213.0,True,0.011401008550756413,0.021763463691018822,0.05555555555555555,0.07692307692307693,0.0186614946275865,0.020478715378775006,0.02954644674730145,0.03655887875973347,khong cai thien (4/50)
bt_dkgrec_l05,active,2020,146,0.021110890467693173,214.8,False,,,,,,,,,
bt_dkgrec_l05,active,2020,147,0.021066660346313514,216.1,False,,,,,,,,,
bt_dkgrec_l05,active,2020,148,0.021239159480446426,217.5,False,,,,,,,,,
bt_dkgrec_l05,active,2020,149,0.020771309887798982,218.9,False,,,,,,,,,
bt_dkgrec_l05,active,2020,150,0.020696762189840207,220.3,True,0.011539482338822281,0.022190424537555244,0.05128205128205128,0.0811965811965812,0.018390248509142136,0.02094680477410861,0.029012258713113415,0.03798338018423489,best
bt_dkgrec_l05,active,2020,151,0.0204631645060008,222.1,False,,,,,,,,,
bt_dkgrec_l05,active,2020,152,0.020653605527842005,223.5,False,,,,,,,,,
bt_dkgrec_l05,active,2020,153,0.020255120059757086,224.8,False,,,,,,,,,
bt_dkgrec_l05,active,2020,154,0.020129356541344075,226.2,False,,,,,,,,,
bt_dkgrec_l05,active,2020,155,0.020170524174808427,227.6,True,0.011735653538582259,0.02261738538409167,0.05128205128205128,0.0811965811965812,0.017000306220297308,0.01959647371593315,0.029012258713113415,0.03798338018423489,khong cai thien (1/50)
bt_dkgrec_l05,active,2020,156,0.020021336821356678,229.4,False,,,,,,,,,
bt_dkgrec_l05,active,2020,157,0.02002276093780233,230.8,False,,,,,,,,,
bt_dkgrec_l05,active,2020,158,0.019914814993694695,232.1,False,,,,,,,,,
bt_dkgrec_l05,active,2020,159,0.019590721773856675,233.6,False,,,,,,,,,
bt_dkgrec_l05,active,2020,160,0.019316865448755716,234.9,True,0.011874127326648127,0.022767398654496358,0.05555555555555555,0.08974358974358974,0.01722279858297981,0.020494025364045456,0.02954644674730145,0.04083238303323773,khong cai thien (2/50)
bt_dkgrec_l05,active,2020,161,0.019512104728914573,236.7,False,,,,,,,,,
bt_dkgrec_l05,active,2020,162,0.01946240252687942,238.1,False,,,,,,,,,
bt_dkgrec_l05,active,2020,163,0.019161470941258363,239.5,False,,,,,,,,,
bt_dkgrec_l05,active,2020,164,0.01928068349280136,240.8,False,,,,,,,,,
bt_dkgrec_l05,active,2020,165,0.01895480147104055,242.2,True,0.011966443185358704,0.023055885712966916,0.05555555555555555,0.08974358974358974,0.01722467803165805,0.02067730455171103,0.02954644674730145,0.040654320355175064,khong cai thien (3/50)
bt_dkgrec_l05,active,2020,166,0.018948074270890403,244.0,False,,,,,,,,,
bt_dkgrec_l05,active,2020,167,0.01875562620842301,245.4,False,,,,,,,,,
bt_dkgrec_l05,active,2020,168,0.018723612395377724,246.8,False,,,,,,,,,
bt_dkgrec_l05,active,2020,169,0.018639984925870944,248.2,False,,,,,,,,,
bt_dkgrec_l05,active,2020,170,0.018666374653086994,249.5,True,0.012093377491085749,0.023309754324421006,0.05555555555555555,0.08547008547008547,0.019087895224640727,0.02194485914479098,0.02954644674730145,0.03940788160873631,best
bt_dkgrec_l05,active,2020,171,0.01849249869385535,251.3,False,,,,,,,,,
bt_dkgrec_l05,active,2020,172,0.018408962462512814,252.7,False,,,,,,,,,
bt_dkgrec_l05,active,2020,173,0.018234289854574263,254.0,False,,,,,,,,,
bt_dkgrec_l05,active,2020,174,0.018096057095651836,255.4,False,,,,,,,,,
bt_dkgrec_l05,active,2020,175,0.018260481028768177,256.7,True,0.012208772314473973,0.023494386041842164,0.05555555555555555,0.08547008547008547,0.01903716702080552,0.021926550919936363,0.02954644674730145,0.03940788160873631,khong cai thien (1/50)
bt_dkgrec_l05,active,2020,176,0.018141104734529085,258.6,False,,,,,,,,,
bt_dkgrec_l05,active,2020,177,0.018039355080538926,260.0,False,,,,,,,,,
bt_dkgrec_l05,active,2020,178,0.017689815089858372,261.4,False,,,,,,,,,
bt_dkgrec_l05,active,2020,179,0.01773042240147542,262.8,False,,,,,,,,,
bt_dkgrec_l05,active,2020,180,0.017986868128263778,264.1,True,0.012324167137862196,0.023817491547329185,0.05555555555555555,0.08547008547008547,0.019123580078575734,0.02220699268786559,0.02954644674730145,0.03956615954479202,best
bt_dkgrec_l05,active,2020,181,0.01790860999960479,265.9,False,,,,,,,,,
bt_dkgrec_l05,active,2020,182,0.01759340634255008,267.3,False,,,,,,,,,
bt_dkgrec_l05,active,2020,183,0.017654581273397266,268.6,False,,,,,,,,,
bt_dkgrec_l05,active,2020,184,0.01733930169250459,270.0,False,,,,,,,,,
bt_dkgrec_l05,active,2020,185,0.017520391325872787,271.4,True,0.012393404031895129,0.024082899641122098,0.05555555555555555,0.08547008547008547,0.019064053836601657,0.02216136117109588,0.02954644674730145,0.03956615954479202,khong cai thien (1/50)
bt_dkgrec_l05,active,2020,186,0.017239999882072834,273.3,False,,,,,,,,,
bt_dkgrec_l05,active,2020,187,0.01763492564243287,274.7,False,,,,,,,,,
bt_dkgrec_l05,active,2020,188,0.016916809621116604,276.1,False,,,,,,,,,
bt_dkgrec_l05,active,2020,189,0.017027534286740895,277.5,False,,,,,,,,,
bt_dkgrec_l05,active,2020,190,0.017069706383004063,278.8,True,0.012416482996572773,0.02423291291152679,0.05555555555555555,0.08547008547008547,0.019107742605405816,0.02193767100115783,0.02954644674730145,0.03903197151060399,khong cai thien (2/50)
bt_dkgrec_l05,active,2020,191,0.01705578778991249,280.6,False,,,,,,,,,
bt_dkgrec_l05,active,2020,192,0.01680249316694977,282.0,False,,,,,,,,,
bt_dkgrec_l05,active,2020,193,0.01703585882602525,283.4,False,,,,,,,,,
bt_dkgrec_l05,active,2020,194,0.016784866883921466,284.7,False,,,,,,,,,
bt_dkgrec_l05,active,2020,195,0.016716464229228373,286.2,True,0.012520338337622174,0.02453293945233617,0.05555555555555555,0.09401709401709402,0.01912887693208545,0.023473989070900005,0.02954644674730145,0.045283949984804686,best
bt_dkgrec_l05,active,2020,196,0.0167712041373029,288.1,False,,,,,,,,,
bt_dkgrec_l05,active,2020,197,0.016490926427113774,289.5,False,,,,,,,,,
bt_dkgrec_l05,active,2020,198,0.016493729073842275,290.8,False,,,,,,,,,
bt_dkgrec_l05,active,2020,199,0.01636425643981001,292.2,False,,,,,,,,,
bt_dkgrec_l05,active,2020,200,0.016334050357371486,293.6,True,0.01275112798439862,0.02455601841701381,0.05555555555555555,0.08547008547008547,0.018881956785930867,0.023035687514178983,0.028834196035050736,0.042984962963595434,khong cai thien (1/50)
bt_dkgrec_l05,active,2020,201,0.01639978183322959,295.4,False,,,,,,,,,
bt_dkgrec_l05,active,2020,202,0.01617045432463577,296.7,False,,,,,,,,,
bt_dkgrec_l05,active,2020,203,0.0163321145085502,298.1,False,,,,,,,,,
bt_dkgrec_l05,active,2020,204,0.01615101791460276,299.5,False,,,,,,,,,
bt_dkgrec_l05,active,2020,205,0.01608126021986223,300.9,True,0.012808825396092731,0.024809887028467904,0.05555555555555555,0.08547008547008547,0.01881497240625984,0.02299672207387724,0.028834196035050736,0.042984962963595434,khong cai thien (2/50)
bt_dkgrec_l05,active,2020,206,0.016155134481356474,302.7,False,,,,,,,,,
bt_dkgrec_l05,active,2020,207,0.015799452643747713,304.1,False,,,,,,,,,
bt_dkgrec_l05,active,2020,208,0.015864238892166864,305.5,False,,,,,,,,,
bt_dkgrec_l05,active,2020,209,0.01590752926623684,306.8,False,,,,,,,,,
bt_dkgrec_l05,active,2020,210,0.01568030122255894,308.2,True,0.012878062290125666,0.024867584440162013,0.05555555555555555,0.08974358974358974,0.018742594518239307,0.023718498734831183,0.028834196035050736,0.045549065527698,best
bt_dkgrec_l05,active,2020,211,0.015780038584371447,310.0,False,,,,,,,,,
bt_dkgrec_l05,active,2020,212,0.015749637656031087,311.4,False,,,,,,,,,
bt_dkgrec_l05,active,2020,213,0.015763059763542715,312.8,False,,,,,,,,,
bt_dkgrec_l05,active,2020,214,0.015558941026464726,314.2,False,,,,,,,,,
bt_dkgrec_l05,active,2020,215,0.01567726420550042,315.6,True,0.01300499659585271,0.02509837408693846,0.05982905982905983,0.08974358974358974,0.019452301735057746,0.023900685620878777,0.030258697459552158,0.045549065527698,best
bt_dkgrec_l05,active,2020,216,0.01556841884834501,317.4,False,,,,,,,,,
bt_dkgrec_l05,active,2020,217,0.015391863821668496,318.8,False,,,,,,,,,
bt_dkgrec_l05,active,2020,218,0.01540646816886265,320.1,False,,,,,,,,,
bt_dkgrec_l05,active,2020,219,0.015271999876659979,321.5,False,,,,,,,,,
bt_dkgrec_l05,active,2020,220,0.015148060834122266,322.8,True,0.013131930901579755,0.025271466322020795,0.05982905982905983,0.08974358974358974,0.019824743799616074,0.024368112424241042,0.030258697459552158,0.045549065527698,best
bt_dkgrec_l05,active,2020,221,0.015111372853929224,324.6,False,,,,,,,,,
bt_dkgrec_l05,active,2020,222,0.015073643297969092,326.1,False,,,,,,,,,
bt_dkgrec_l05,active,2020,223,0.015168729091307334,327.5,False,,,,,,,,,
bt_dkgrec_l05,active,2020,224,0.015206986760776114,328.9,False,,,,,,,,,
bt_dkgrec_l05,active,2020,225,0.015118532010449421,330.2,True,0.013281944171984444,0.02544455855710313,0.05982905982905983,0.09401709401709402,0.019754576152816786,0.024571941219827444,0.030258697459552158,0.04648007895871144,best
bt_dkgrec_l05,active,2020,226,0.015072134280898881,332.0,False,,,,,,,,,
bt_dkgrec_l05,active,2020,227,0.01497574694003289,333.4,False,,,,,,,,,
bt_dkgrec_l05,active,2020,228,0.01487372112573629,334.8,False,,,,,,,,,
bt_dkgrec_l05,active,2020,229,0.014866774344583573,336.1,False,,,,,,,,,
bt_dkgrec_l05,active,2020,230,0.014986978420969592,337.5,True,0.013466575889405601,0.025617650792185462,0.05982905982905983,0.09401709401709402,0.01973713199336061,0.023678580139538954,0.030258697459552158,0.04249147497010745,khong cai thien (1/50)
bt_dkgrec_l05,active,2020,231,0.01485064701185989,339.4,False,,,,,,,,,
bt_dkgrec_l05,active,2020,232,0.014812308206872677,340.8,False,,,,,,,,,
bt_dkgrec_l05,active,2020,233,0.014642394169826968,342.2,False,,,,,,,,,
bt_dkgrec_l05,active,2020,234,0.014854412364532405,343.5,False,,,,,,,,,
bt_dkgrec_l05,active,2020,235,0.014585517933080388,344.9,True,0.013593510195132646,0.025963835262350132,0.05982905982905983,0.09401709401709402,0.020369757602167443,0.024467824729782265,0.030258697459552158,0.042842512821145304,khong cai thien (2/50)
bt_dkgrec_l05,active,2020,236,0.0144898088426057,346.7,False,,,,,,,,,
bt_dkgrec_l05,active,2020,237,0.01456397479436342,348.1,False,,,,,,,,,
bt_dkgrec_l05,active,2020,238,0.014600152655540266,349.4,False,,,,,,,,,
bt_dkgrec_l05,active,2020,239,0.014417582486973212,350.8,False,,,,,,,,,
bt_dkgrec_l05,active,2020,240,0.014435665759879522,352.2,True,0.013593510195132646,0.026067690603399533,0.05982905982905983,0.08974358974358974,0.02008152173715143,0.02417534431872786,0.030258697459552158,0.04298820046683295,khong cai thien (3/50)
bt_dkgrec_l05,active,2020,241,0.014204479464612094,354.2,False,,,,,,,,,
bt_dkgrec_l05,active,2020,242,0.014108170399182308,355.6,False,,,,,,,,,
bt_dkgrec_l05,active,2020,243,0.014236664664808654,357.0,False,,,,,,,,,
bt_dkgrec_l05,active,2020,244,0.014433038289757685,358.3,False,,,,,,,,,
bt_dkgrec_l05,active,2020,245,0.014101031533268112,359.7,True,0.013755062947876158,0.0264138750735642,0.0641025641025641,0.08974358974358974,0.020791583227755935,0.024042466870733286,0.0323954495963043,0.04256085003948252,khong cai thien (4/50)
bt_dkgrec_l05,active,2020,246,0.014326733660272655,361.5,False,,,,,,,,,
bt_dkgrec_l05,active,2020,247,0.014066788485553882,362.8,False,,,,,,,,,
bt_dkgrec_l05,active,2020,248,0.014311553032403439,364.2,False,,,,,,,,,
bt_dkgrec_l05,active,2020,249,0.013910173470415663,365.6,False,,,,,,,,,
bt_dkgrec_l05,active,2020,250,0.014001134663674024,367.0,True,0.013835839324247914,0.026610046273324178,0.05982905982905983,0.08974358974358974,0.020002272633971915,0.023989457440974603,0.030258697459552158,0.04256085003948252,khong cai thien (5/50)
bt_dkgrec_l05,active,2020,251,0.013917893272661479,369.0,False,,,,,,,,,
bt_dkgrec_l05,active,2020,252,0.014077797884575824,370.4,False,,,,,,,,,
bt_dkgrec_l05,active,2020,253,0.014040511387385856,371.7,False,,,,,,,,,
bt_dkgrec_l05,active,2020,254,0.013928345453282254,373.1,False,,,,,,,,,
bt_dkgrec_l05,active,2020,255,0.013978875971198734,374.5,True,0.01406662897102436,0.026690822649695935,0.05982905982905983,0.10256410256410256,0.01991075630168372,0.025321466531944798,0.030258697459552158,0.04748994871858119,best
bt_dkgrec_l05,active,2020,256,0.013904786207203673,376.3,False,,,,,,,,,
bt_dkgrec_l05,active,2020,257,0.013904083736154206,377.7,False,,,,,,,,,
bt_dkgrec_l05,active,2020,258,0.01380781173850679,379.0,False,,,,,,,,,
bt_dkgrec_l05,active,2020,259,0.013654129220566802,380.4,False,,,,,,,,,
bt_dkgrec_l05,active,2020,260,0.013672298985590593,381.9,True,0.014205102759090227,0.026990849190505314,0.05982905982905983,0.10683760683760683,0.018221987804939437,0.024492575939880166,0.030258697459552158,0.05160517505602976,khong cai thien (1/50)
bt_dkgrec_l05,active,2020,261,0.013619900483470546,383.7,False,,,,,,,,,
bt_dkgrec_l05,active,2020,262,0.013718519408360054,385.1,False,,,,,,,,,
bt_dkgrec_l05,active,2020,263,0.01366224273073684,386.5,False,,,,,,,,,
bt_dkgrec_l05,active,2020,264,0.01340452629627189,387.8,False,,,,,,,,,
bt_dkgrec_l05,active,2020,265,0.013248719556228035,389.2,True,0.01427433965312316,0.02716394142558765,0.05982905982905983,0.09829059829059829,0.018370538220570623,0.02403634536751046,0.030258697459552158,0.04829123076986325,khong cai thien (2/50)
bt_dkgrec_l05,active,2020,266,0.013456656821939406,391.0,False,,,,,,,,,
bt_dkgrec_l05,active,2020,267,0.01336881597760209,392.4,False,,,,,,,,,
bt_dkgrec_l05,active,2020,268,0.013530890217683144,393.8,False,,,,,,,,,
bt_dkgrec_l05,active,2020,269,0.013433075891700825,395.2,False,,,,,,,,,
bt_dkgrec_l05,active,2020,270,0.013498737900855259,396.6,True,0.014343576547156095,0.027198559872604115,0.05982905982905983,0.09401709401709402,0.018370538220570623,0.023666890484363663,0.030258697459552158,0.047436529915162395,khong cai thien (3/50)
bt_dkgrec_l05,active,2020,271,0.01345806098934921,398.4,False,,,,,,,,,
bt_dkgrec_l05,active,2020,272,0.013270567987546078,399.8,False,,,,,,,,,
bt_dkgrec_l05,active,2020,273,0.013307617574100991,401.2,False,,,,,,,,,
bt_dkgrec_l05,active,2020,274,0.01319621301737901,402.5,False,,,,,,,,,
bt_dkgrec_l05,active,2020,275,0.013202399615845652,403.9,True,0.01432049758247845,0.027313954695992338,0.0641025641025641,0.09829059829059829,0.020705194345410755,0.02629875119758466,0.0323954495963043,0.05171003418866667,best
bt_dkgrec_l05,active,2020,276,0.013214684495827553,405.7,False,,,,,,,,,
bt_dkgrec_l05,active,2020,277,0.013165597332997268,407.1,False,,,,,,,,,
bt_dkgrec_l05,active,2020,278,0.013254034643181863,408.5,False,,,,,,,,,
bt_dkgrec_l05,active,2020,279,0.013237955161415191,409.9,False,,,,,,,,,
bt_dkgrec_l05,active,2020,280,0.01316519884241043,411.3,True,0.014539747746916073,0.027602441754462893,0.0641025641025641,0.10256410256410256,0.01917379492967789,0.025766871126810042,0.0323954495963043,0.05598353846217094,khong cai thien (1/50)
bt_dkgrec_l05,active,2020,281,0.013000660129308568,413.1,False,,,,,,,,,
bt_dkgrec_l05,active,2020,282,0.013232635315338824,414.4,False,,,,,,,,,
bt_dkgrec_l05,active,2020,283,0.013074808819589674,415.8,False,,,,,,,,,
bt_dkgrec_l05,active,2020,284,0.01299215235872141,417.2,False,,,,,,,,,
bt_dkgrec_l05,active,2020,285,0.012956741214182815,418.6,True,0.014655142570304296,0.02768321813083465,0.06837606837606838,0.09829059829059829,0.01940630270931409,0.024546652570992648,0.03292963763049233,0.05117584615447863,khong cai thien (2/50)
bt_dkgrec_l05,active,2020,286,0.012985065589529244,420.4,False,,,,,,,,,
bt_dkgrec_l05,active,2020,287,0.013041952506407469,421.8,False,,,,,,,,,
bt_dkgrec_l05,active,2020,288,0.012905721613451208,423.2,False,,,,,,,,,
bt_dkgrec_l05,active,2020,289,0.012870064805084892,424.6,False,,,,,,,,,
bt_dkgrec_l05,active,2020,290,0.012852969613881162,426.0,True,0.014597445158610185,0.02778707347188405,0.06837606837606838,0.09829059829059829,0.01947634585201014,0.025061426260277447,0.03292963763049233,0.05209853457716705,khong cai thien (3/50)
bt_dkgrec_l05,active,2020,291,0.012887329653428347,427.7,False,,,,,,,,,
bt_dkgrec_l05,active,2020,292,0.012968355206998265,429.1,False,,,,,,,,,
bt_dkgrec_l05,active,2020,293,0.01266718841088723,430.5,False,,,,,,,,,
bt_dkgrec_l05,active,2020,294,0.012723056314626117,431.8,False,,,,,,,,,
bt_dkgrec_l05,active,2020,295,0.012714107719865505,433.2,True,0.014701300499659585,0.0280178631186605,0.0641025641025641,0.09829059829059829,0.01930055473364057,0.024853847742548025,0.0323954495963043,0.05094112716975965,khong cai thien (4/50)
bt_dkgrec_l05,active,2020,296,0.012770224235863183,435.2,False,,,,,,,,,
bt_dkgrec_l05,active,2020,297,0.012802380367764684,436.5,False,,,,,,,,,
bt_dkgrec_l05,active,2020,298,0.012760351847360909,437.9,False,,,,,,,,,
bt_dkgrec_l05,active,2020,299,0.01256711705494398,439.3,False,,,,,,,,,
bt_dkgrec_l05,active,2020,300,0.012540388283828292,440.7,True,0.014805155840708985,0.028202494836081653,0.06837606837606838,0.10683760683760683,0.019525541788506018,0.02579857785624145,0.03292963763049233,0.0537901300187625,khong cai thien (5/50)
bt_dkgrec_l05,active,2020,301,0.01247071002484732,442.5,False,,,,,,,,,
bt_dkgrec_l05,active,2020,302,0.012821207346390208,443.8,False,,,,,,,,,
bt_dkgrec_l05,active,2020,303,0.012672158985232771,445.2,False,,,,,,,,,
bt_dkgrec_l05,active,2020,304,0.012498547045900523,446.6,False,,,,,,,,,
bt_dkgrec_l05,active,2020,305,0.012422929309687082,448.0,True,0.014816695323047809,0.0283294291418087,0.07264957264957266,0.10256410256410256,0.022009667563879638,0.025544944111412057,0.041654708855563556,0.05236562859426107,khong cai thien (6/50)
bt_dkgrec_l05,active,2020,306,0.012496711254734564,450.0,False,,,,,,,,,
bt_dkgrec_l05,active,2020,307,0.012464941641214044,451.4,False,,,,,,,,,
bt_dkgrec_l05,active,2020,308,0.012439214120927612,452.7,False,,,,,,,,,
bt_dkgrec_l05,active,2020,309,0.012396346034436475,454.1,False,,,,,,,,,
bt_dkgrec_l05,active,2020,310,0.012572669923294918,455.5,True,0.014955169111113675,0.028560218788585143,0.07264957264957266,0.10256410256410256,0.021982385617666567,0.02558311158694794,0.041654708855563556,0.05236562859426107,khong cai thien (7/50)
bt_dkgrec_l05,active,2020,311,0.012364540182847638,457.3,False,,,,,,,,,
bt_dkgrec_l05,active,2020,312,0.012681935702588631,458.6,False,,,,,,,,,
bt_dkgrec_l05,active,2020,313,0.012304573242464359,460.0,False,,,,,,,,,
bt_dkgrec_l05,active,2020,314,0.012246668894523683,461.4,False,,,,,,,,,
bt_dkgrec_l05,active,2020,315,0.012406835821006176,462.8,True,0.015070563934501898,0.02868715309431219,0.07264957264957266,0.10256410256410256,0.02217248133661417,0.025950770415113594,0.041654708855563556,0.052976129204761684,khong cai thien (8/50)
bt_dkgrec_l05,active,2020,316,0.012220979803206019,464.7,False,,,,,,,,,
bt_dkgrec_l05,active,2020,317,0.012210541627807537,466.0,False,,,,,,,,,
bt_dkgrec_l05,active,2020,318,0.012166111734563228,467.4,False,,,,,,,,,
bt_dkgrec_l05,active,2020,319,0.012179238322319473,468.8,False,,,,,,,,,
bt_dkgrec_l05,active,2020,320,0.012210804403632404,470.1,True,0.015082103416840721,0.0287448505060063,0.07264957264957266,0.10256410256410256,0.02195979640088622,0.025517410041763805,0.041654708855563556,0.05236562859426107,khong cai thien (9/50)
bt_dkgrec_l05,active,2020,321,0.012240954158921713,471.9,False,,,,,,,,,
bt_dkgrec_l05,active,2020,322,0.012136852821491038,473.3,False,,,,,,,,,
bt_dkgrec_l05,active,2020,323,0.012095096801371939,474.7,False,,,,,,,,,
bt_dkgrec_l05,active,2020,324,0.012206249922166451,476.2,False,,,,,,,,,
bt_dkgrec_l05,active,2020,325,0.012092499635435837,477.6,True,0.015139800828534831,0.028975640152782745,0.0641025641025641,0.09829059829059829,0.020022160461856044,0.02503709534257584,0.03524445244530715,0.05094112716975965,khong cai thien (10/50)
bt_dkgrec_l05,active,2020,326,0.012049690968376906,479.4,False,,,,,,,,,
bt_dkgrec_l05,active,2020,327,0.012188293953355911,480.8,False,,,,,,,,,
bt_dkgrec_l05,active,2020,328,0.012094940668335847,482.1,False,,,,,,,,,
bt_dkgrec_l05,active,2020,329,0.012229013606464266,483.5,False,,,,,,,,,
bt_dkgrec_l05,active,2020,330,0.01201878247204716,484.9,True,0.015185958757890122,0.029125653423187434,0.0641025641025641,0.09829059829059829,0.020094770073440023,0.024933431946677978,0.03524445244530715,0.050782849233703936,khong cai thien (11/50)
bt_dkgrec_l05,active,2020,331,0.011936555740455629,486.7,False,,,,,,,,,
bt_dkgrec_l05,active,2020,332,0.0120061455431574,488.1,False,,,,,,,,,
bt_dkgrec_l05,active,2020,333,0.012067449582796461,489.6,False,,,,,,,,,
bt_dkgrec_l05,active,2020,334,0.012059975145088395,491.0,False,,,,,,,,,
bt_dkgrec_l05,active,2020,335,0.01206144582372717,492.3,True,0.015428287887005388,0.029229508764236835,0.0641025641025641,0.10683760683760683,0.020263790473795285,0.026210662612250513,0.03524445244530715,0.054242352693207395,khong cai thien (12/50)
bt_dkgrec_l05,active,2020,336,0.011901018904610594,494.1,False,,,,,,,,,
bt_dkgrec_l05,active,2020,337,0.01180318266975252,495.5,False,,,,,,,,,
bt_dkgrec_l05,active,2020,338,0.011765764220037762,496.9,False,,,,,,,,,
bt_dkgrec_l05,active,2020,339,0.011931844501442773,498.2,False,,,,,,,,,
bt_dkgrec_l05,active,2020,340,0.0117956446150676,499.6,True,0.01533597202829481,0.029114113940848615,0.06837606837606838,0.10683760683760683,0.02265933449361642,0.02752861198189486,0.037381204582059284,0.05317397662483132,best
bt_dkgrec_l05,active,2020,341,0.01181035006472856,501.5,False,,,,,,,,,
bt_dkgrec_l05,active,2020,342,0.011811395076353383,502.9,False,,,,,,,,,
bt_dkgrec_l05,active,2020,343,0.011882236678498212,504.3,False,,,,,,,,,
bt_dkgrec_l05,active,2020,344,0.011867932703514694,505.7,False,,,,,,,,,
bt_dkgrec_l05,active,2020,345,0.011811980536241285,507.1,True,0.0153821299576501,0.029067956011493326,0.06837606837606838,0.1111111111111111,0.0211259172474229,0.026501419211952048,0.037381204582059284,0.05448655293740764,khong cai thien (1/50)
bt_dkgrec_l05,active,2020,346,0.011783330495297522,508.9,False,,,,,,,,,
bt_dkgrec_l05,active,2020,347,0.011781888221178887,510.2,False,,,,,,,,,
bt_dkgrec_l05,active,2020,348,0.011797875545541417,511.6,False,,,,,,,,,
bt_dkgrec_l05,active,2020,349,0.011733569253101215,513.0,False,,,,,,,,,
bt_dkgrec_l05,active,2020,350,0.011851464890836504,514.4,True,0.015439827369344211,0.029160271870203903,0.0641025641025641,0.1111111111111111,0.020018475745433688,0.0270841824052196,0.034532201733056433,0.05798166893252363,khong cai thien (2/50)
bt_dkgrec_l05,active,2020,351,0.011896019642178974,516.3,False,,,,,,,,,
bt_dkgrec_l05,active,2020,352,0.011689605754840508,517.7,False,,,,,,,,,
bt_dkgrec_l05,active,2020,353,0.011642747268264472,519.1,False,,,,,,,,,
bt_dkgrec_l05,active,2020,354,0.01173792682092729,520.4,False,,,,,,,,,
bt_dkgrec_l05,active,2020,355,0.011646051574828344,521.8,True,0.015474445816360679,0.029575693234401505,0.06837606837606838,0.10683760683760683,0.020315190369095126,0.026890021759681592,0.03492070212155682,0.05742769615632863,khong cai thien (3/50)
bt_dkgrec_l05,active,2020,356,0.011753884239887656,523.6,False,,,,,,,,,
bt_dkgrec_l05,active,2020,357,0.011597853414907806,525.0,False,,,,,,,,,
bt_dkgrec_l05,active,2020,358,0.011635611091969264,526.4,False,,,,,,,,,
bt_dkgrec_l05,active,2020,359,0.01156292807550487,527.7,False,,,,,,,,,
bt_dkgrec_l05,active,2020,360,0.011661198019953578,529.2,True,0.015624459086765368,0.02964493012843444,0.06837606837606838,0.10683760683760683,0.01902962599465716,0.02664690084386966,0.030914291865146565,0.05796188419051666,khong cai thien (4/50)
bt_dkgrec_l05,active,2020,361,0.011623138100588107,531.1,False,,,,,,,,,
bt_dkgrec_l05,active,2020,362,0.011546223450673734,532.5,False,,,,,,,,,
bt_dkgrec_l05,active,2020,363,0.011475783644565139,533.8,False,,,,,,,,,
bt_dkgrec_l05,active,2020,364,0.011545945304798822,535.2,False,,,,,,,,,
bt_dkgrec_l05,active,2020,365,0.011400705760964297,536.6,True,0.0156936959807983,0.029771864434161483,0.0641025641025641,0.10256410256410256,0.01874093587345402,0.02577837291192772,0.03064719784805255,0.05561469434332683,khong cai thien (5/50)
bt_dkgrec_l05,active,2020,366,0.01141820847780314,538.4,False,,,,,,,,,
bt_dkgrec_l05,active,2020,367,0.01143901313702839,539.8,False,,,,,,,,,
bt_dkgrec_l05,active,2020,368,0.011431908595705517,541.1,False,,,,,,,,,
bt_dkgrec_l05,active,2020,369,0.011516007020349642,542.6,False,,,,,,,,,
bt_dkgrec_l05,active,2020,370,0.011299995562129971,544.0,True,0.01577447235717006,0.029818022363516772,0.0641025641025641,0.10683760683760683,0.019623692104596625,0.025977247762529777,0.03431020151105621,0.05597081969945218,khong cai thien (6/50)
bt_dkgrec_l05,active,2020,371,0.011335223249620127,545.7,False,,,,,,,,,
bt_dkgrec_l05,active,2020,372,0.011373724734358746,547.1,False,,,,,,,,,
bt_dkgrec_l05,active,2020,373,0.01158921544255209,548.5,False,,,,,,,,,
bt_dkgrec_l05,active,2020,374,0.011284705285533242,549.8,False,,,,,,,,,
bt_dkgrec_l05,active,2020,375,0.011240530225361745,551.2,True,0.015809090804186524,0.030060351492632042,0.07264957264957266,0.1111111111111111,0.020362711691997885,0.02633547498271707,0.035187796138650834,0.05652479247564718,khong cai thien (7/50)
bt_dkgrec_l05,active,2020,376,0.011411885518712132,553.0,False,,,,,,,,,
bt_dkgrec_l05,active,2020,377,0.011376803219685467,554.4,False,,,,,,,,,
bt_dkgrec_l05,active,2020,378,0.011361408925845815,555.8,False,,,,,,,,,
bt_dkgrec_l05,active,2020,379,0.011214636038922695,557.2,False,,,,,,,,,
bt_dkgrec_l05,active,2020,380,0.011338444974550995,558.6,True,0.01588986718055828,0.030221904245375554,0.07264957264957266,0.1111111111111111,0.02033184851222544,0.02737878879005642,0.035187796138650834,0.059030260258892735,khong cai thien (8/50)
bt_dkgrec_l05,active,2020,381,0.011333849672426349,560.4,False,,,,,,,,,
bt_dkgrec_l05,active,2020,382,0.011309672048332803,561.7,False,,,,,,,,,
bt_dkgrec_l05,active,2020,383,0.011290751747474063,563.1,False,,,,,,,,,
bt_dkgrec_l05,active,2020,384,0.011221139720772183,564.5,False,,,,,,,,,
bt_dkgrec_l05,active,2020,385,0.011209917371214155,565.8,True,0.01594756459225239,0.030291141139408485,0.06837606837606838,0.1111111111111111,0.020865661718965662,0.02893417158077739,0.03083797928883399,0.05887198232283703,best
bt_dkgrec_l05,active,2020,386,0.011404303674431838,567.6,False,,,,,,,,,
bt_dkgrec_l05,active,2020,387,0.011135721673538273,569.0,False,,,,,,,,,
bt_dkgrec_l05,active,2020,388,0.011274243407578918,570.4,False,,,,,,,,,
bt_dkgrec_l05,active,2020,389,0.011171241994182216,571.8,False,,,,,,,,,
bt_dkgrec_l05,active,2020,390,0.011101168848838841,573.2,True,0.016062959415640614,0.030441154409813174,0.07692307692307693,0.1111111111111111,0.021347824087682744,0.027492407194049537,0.0372482356990904,0.05887198232283703,khong cai thien (1/50)
bt_dkgrec_l05,active,2020,391,0.011023211102192725,575.0,False,,,,,,,,,
bt_dkgrec_l05,active,2020,392,0.011044966312757339,576.3,False,,,,,,,,,
bt_dkgrec_l05,active,2020,393,0.011400585736121521,577.7,False,,,,,,,,,
bt_dkgrec_l05,active,2020,394,0.011302329815396134,579.1,False,,,,,,,,,
bt_dkgrec_l05,active,2020,395,0.011117366801030985,580.4,True,0.016028340968624148,0.030591167680217867,0.0811965811965812,0.1111111111111111,0.023125284481511216,0.02914554070859813,0.03785873630959101,0.059030260258892735,best
bt_dkgrec_l05,active,2020,396,0.011064789577794387,582.2,False,,,,,,,,,
bt_dkgrec_l05,active,2020,397,0.011100304432929661,583.7,False,,,,,,,,,
bt_dkgrec_l05,active,2020,398,0.011043474644188455,585.1,False,,,,,,,,,
bt_dkgrec_l05,active,2020,399,0.011054981168547029,586.4,False,,,,,,,,,
bt_dkgrec_l05,active,2020,400,0.011091884612951483,587.8,True,0.01594756459225239,0.03067194405658962,0.0811965811965812,0.10683760683760683,0.02298921726313556,0.028398778696674506,0.03785873630959101,0.0568935081221406,khong cai thien (1/50)
bt_dkgrec_l05,active,2020,401,0.011085501566533835,589.6,False,,,,,,,,,
bt_dkgrec_l05,active,2020,402,0.010919055680540525,590.9,False,,,,,,,,,
bt_dkgrec_l05,active,2020,403,0.011051254954852378,592.3,False,,,,,,,,,
bt_dkgrec_l05,active,2020,404,0.011031330347938614,593.6,False,,,,,,,,,
bt_dkgrec_l05,active,2020,405,0.011073829059420419,595.0,True,0.016074498897979437,0.03071810198594491,0.07692307692307693,0.10683760683760683,0.02175139038930266,0.02825917054639763,0.03358523203608674,0.05673523018608489,khong cai thien (2/50)
bt_dkgrec_l05,active,2020,406,0.011019422817956965,597.0,False,,,,,,,,,
bt_dkgrec_l05,active,2020,407,0.010956170299713503,598.4,False,,,,,,,,,
bt_dkgrec_l05,active,2020,408,0.01109364906614339,599.7,False,,,,,,,,,
bt_dkgrec_l05,active,2020,409,0.010908369324990737,601.1,False,,,,,,,,,
bt_dkgrec_l05,active,2020,410,0.011029233757946203,602.5,True,0.016178354239028837,0.030648865091911975,0.0811965811965812,0.10683760683760683,0.02211472515198409,0.027831914917661762,0.03500973346058815,0.056201042151896856,khong cai thien (3/50)
bt_dkgrec_l05,active,2020,411,0.010998823954059964,604.2,False,,,,,,,,,
bt_dkgrec_l05,active,2020,412,0.010912781010031222,605.6,False,,,,,,,,,
bt_dkgrec_l05,active,2020,413,0.010963189482925188,607.0,False,,,,,,,,,
bt_dkgrec_l05,active,2020,414,0.010872481583568213,608.3,False,,,,,,,,,
bt_dkgrec_l05,active,2020,415,0.010961271657451338,609.7,True,0.016305288544755884,0.030683483538928445,0.07692307692307693,0.10683760683760683,0.02139273947354771,0.02772523515790545,0.03358523203608674,0.056201042151896856,khong cai thien (4/50)
bt_dkgrec_l05,active,2020,416,0.011092110147937652,611.7,False,,,,,,,,,
bt_dkgrec_l05,active,2020,417,0.010867542328445369,613.0,False,,,,,,,,,
bt_dkgrec_l05,active,2020,418,0.010860633480945155,614.4,False,,,,,,,,,
bt_dkgrec_l05,active,2020,419,0.010866785181178295,615.7,False,,,,,,,,,
bt_dkgrec_l05,active,2020,420,0.01076324035019028,617.1,True,0.016420683368144104,0.030937352150382534,0.0811965811965812,0.1111111111111111,0.022248194258378904,0.028263926619593364,0.03500973346058815,0.05673523018608489,khong cai thien (5/50)
bt_dkgrec_l05,active,2020,421,0.010908707828664063,618.9,False,,,,,,,,,
bt_dkgrec_l05,active,2020,422,0.010834204026102261,620.2,False,,,,,,,,,
bt_dkgrec_l05,active,2020,423,0.010972140666854879,621.6,False,,,,,,,,,
bt_dkgrec_l05,active,2020,424,0.010832390484407504,623.0,False,,,,,,,,,
bt_dkgrec_l05,active,2020,425,0.010708977871876933,624.4,True,0.016432222850482927,0.030983510079737823,0.0811965811965812,0.1111111111111111,0.02074119916185892,0.026967758992436582,0.03500973346058815,0.05712373057458528,khong cai thien (6/50)
bt_dkgrec_l05,active,2020,426,0.010835205966177534,626.3,False,,,,,,,,,
bt_dkgrec_l05,active,2020,427,0.010682791575131212,627.7,False,,,,,,,,,
bt_dkgrec_l05,active,2020,428,0.010765437549153909,629.1,False,,,,,,,,,
bt_dkgrec_l05,active,2020,429,0.01085690513681862,630.4,False,,,,,,,,,
bt_dkgrec_l05,active,2020,430,0.010881668872860123,631.8,True,0.016478380779838216,0.031041207491431935,0.08547008547008547,0.1111111111111111,0.02198154098049505,0.027179524098787957,0.039283237734092424,0.05728200851064098,khong cai thien (7/50)
bt_dkgrec_l05,active,2020,431,0.01061788197392808,633.6,False,,,,,,,,,
bt_dkgrec_l05,active,2020,432,0.010734849174090358,634.9,False,,,,,,,,,
bt_dkgrec_l05,active,2020,433,0.010763755200706207,636.4,False,,,,,,,,,
bt_dkgrec_l05,active,2020,434,0.010765299495170631,637.8,False,,,,,,,,,
bt_dkgrec_l05,active,2020,435,0.010631556076168077,639.2,True,0.01650145974451586,0.031133523350142512,0.08547008547008547,0.10683760683760683,0.02342825920615107,0.028462419715720416,0.039283237734092424,0.0568935081221406,khong cai thien (8/50)
bt_dkgrec_l05,active,2020,436,0.010607896015823085,641.0,False,,,,,,,,,
bt_dkgrec_l05,active,2020,437,0.010815978198350494,642.3,False,,,,,,,,,
bt_dkgrec_l05,active,2020,438,0.010735236310839662,643.7,False,,,,,,,,,
bt_dkgrec_l05,active,2020,439,0.010744089557982754,645.0,False,,,,,,,,,
bt_dkgrec_l05,active,2020,440,0.010733312227145143,646.4,True,0.01644376233282175,0.031191220761836624,0.08974358974358974,0.10683760683760683,0.024576017211789376,0.028248950454569273,0.043556742007596704,0.05673523018608489,khong cai thien (9/50)
bt_dkgrec_l05,active,2020,441,0.010705692293979968,648.2,False,,,,,,,,,
bt_dkgrec_l05,active,2020,442,0.010657475596398156,649.6,False,,,,,,,,,
bt_dkgrec_l05,active,2020,443,0.010655992681444926,651.0,False,,,,,,,,,
bt_dkgrec_l05,active,2020,444,0.010580547636098272,652.4,False,,,,,,,,,
bt_dkgrec_l05,active,2020,445,0.010621509845027325,653.8,True,0.016455301815160573,0.03121429972651427,0.08974358974358974,0.10683760683760683,0.026193214634310544,0.029631571993752794,0.043556742007596704,0.056201042151896856,best
bt_dkgrec_l05,active,2020,446,0.01063696097540133,655.6,False,,,,,,,,,
bt_dkgrec_l05,active,2020,447,0.01066342400712555,656.9,False,,,,,,,,,
bt_dkgrec_l05,active,2020,448,0.010582697008490934,658.3,False,,,,,,,,,
bt_dkgrec_l05,active,2020,449,0.01052233617973405,659.7,False,,,,,,,,,
bt_dkgrec_l05,active,2020,450,0.010659896787240922,661.0,True,0.016466841297499393,0.031295076102886024,0.08547008547008547,0.10683760683760683,0.025949874546105197,0.029135833721483668,0.043022553973408664,0.0550563535072082,khong cai thien (1/50)
bt_dkgrec_l05,active,2020,451,0.010575070769892829,662.8,False,,,,,,,,,
bt_dkgrec_l05,active,2020,452,0.010522331766448303,664.3,False,,,,,,,,,
bt_dkgrec_l05,active,2020,453,0.010507458820056312,665.7,False,,,,,,,,,
bt_dkgrec_l05,active,2020,454,0.010559765735821314,667.0,False,,,,,,,,,
bt_dkgrec_l05,active,2020,455,0.010502785273649277,668.4,True,0.016628394050242905,0.03121429972651427,0.0811965811965812,0.1111111111111111,0.023398541133479882,0.02829715942451447,0.03874904969990439,0.056302792253646955,khong cai thien (2/50)
bt_dkgrec_l05,active,2020,456,0.010518331639126603,670.2,False,,,,,,,,,
bt_dkgrec_l05,active,2020,457,0.010476121638654416,671.5,False,,,,,,,,,
bt_dkgrec_l05,active,2020,458,0.010422327897028722,672.9,False,,,,,,,,,
bt_dkgrec_l05,active,2020,459,0.010483127944875425,674.2,False,,,,,,,,,
bt_dkgrec_l05,active,2020,460,0.010494310019794137,675.6,True,0.016628394050242905,0.031502786784984825,0.0811965811965812,0.1111111111111111,0.023463285278966822,0.028095778498524994,0.03874904969990439,0.05576860421945892,khong cai thien (3/50)
bt_dkgrec_l05,active,2020,461,0.010457976651949466,677.6,False,,,,,,,,,
bt_dkgrec_l05,active,2020,462,0.01053733982663153,679.0,False,,,,,,,,,
bt_dkgrec_l05,active,2020,463,0.010531024844683153,680.3,False,,,,,,,,,
bt_dkgrec_l05,active,2020,464,0.010458837589408094,681.7,False,,,,,,,,,
bt_dkgrec_l05,active,2020,465,0.010392740037332628,683.1,True,0.016582236120887616,0.031352773514580136,0.07692307692307693,0.11538461538461539,0.024050658305798035,0.02991133692395278,0.035187796138650834,0.056315382544015025,best
bt_dkgrec_l05,active,2020,466,0.010512222219735601,684.8,False,,,,,,,,,
bt_dkgrec_l05,active,2020,467,0.01042928049989925,686.2,False,,,,,,,,,
bt_dkgrec_l05,active,2020,468,0.010379296419195485,687.6,False,,,,,,,,,
bt_dkgrec_l05,active,2020,469,0.010478423425928456,688.9,False,,,,,,,,,
bt_dkgrec_l05,active,2020,470,0.010384048047219317,690.3,True,0.016605315085565262,0.03139893144393543,0.07692307692307693,0.11965811965811966,0.023539491469464924,0.02996471122659756,0.03447554542640012,0.057170083398715876,best
bt_dkgrec_l05,active,2020,471,0.010254158386869959,692.3,False,,,,,,,,,
bt_dkgrec_l05,active,2020,472,0.010377475833023193,693.7,False,,,,,,,,,
bt_dkgrec_l05,active,2020,473,0.010354744731700635,695.0,False,,,,,,,,,
bt_dkgrec_l05,active,2020,474,0.010419300190198266,696.4,False,,,,,,,,,
bt_dkgrec_l05,active,2020,475,0.010272023697006675,697.8,True,0.01665147301492055,0.03156048419667894,0.07692307692307693,0.11538461538461539,0.023517302613748035,0.029886877860402165,0.03447554542640012,0.05684957057820306,khong cai thien (1/50)
bt_dkgrec_l05,active,2020,476,0.010382223393800367,699.5,False,,,,,,,,,
bt_dkgrec_l05,active,2020,477,0.010416498560640048,700.9,False,,,,,,,,,
bt_dkgrec_l05,active,2020,478,0.010474516579129903,702.3,False,,,,,,,,,
bt_dkgrec_l05,active,2020,479,0.01033097683918623,703.7,False,,,,,,,,,
bt_dkgrec_l05,active,2020,480,0.01034861712072423,705.1,True,0.016720709908953486,0.031698957984744806,0.07264957264957266,0.10683760683760683,0.02317775777304066,0.02932399853375693,0.033407169358024055,0.05535384408247656,khong cai thien (2/50)
bt_dkgrec_l05,active,2020,481,0.010318301940340759,707.0,False,,,,,,,,,
bt_dkgrec_l05,active,2020,482,0.01039470266971926,708.3,False,,,,,,,,,
bt_dkgrec_l05,active,2020,483,0.010292224800187873,709.7,False,,,,,,,,,
bt_dkgrec_l05,active,2020,484,0.010249126545600985,711.1,False,,,,,,,,,
bt_dkgrec_l05,active,2020,485,0.010228159473491531,712.4,True,0.016766867838308774,0.031860510737488315,0.07264957264957266,0.10683760683760683,0.02311488924002585,0.029163956664060655,0.033407169358024055,0.05519556614642085,khong cai thien (3/50)
bt_dkgrec_l05,active,2020,486,0.01033675007036445,714.2,False,,,,,,,,,
bt_dkgrec_l05,active,2020,487,0.010242165240277682,715.6,False,,,,,,,,,
bt_dkgrec_l05,active,2020,488,0.01029156970239743,717.0,False,,,,,,,,,
bt_dkgrec_l05,active,2020,489,0.010313874839770068,718.4,False,,,,,,,,,
bt_dkgrec_l05,active,2020,490,0.010251754825850796,719.8,True,0.01669763094427584,0.03187205021982714,0.07692307692307693,0.10683760683760683,0.02473938686591184,0.02963328578082733,0.03768067363152833,0.05519556614642085,khong cai thien (4/50)
bt_dkgrec_l05,active,2020,491,0.010345433939188959,721.5,False,,,,,,,,,
bt_dkgrec_l05,active,2020,492,0.010359827441635395,722.9,False,,,,,,,,,
bt_dkgrec_l05,active,2020,493,0.010232015096500211,724.3,False,,,,,,,,,
bt_dkgrec_l05,active,2020,494,0.01025969836826247,725.6,False,,,,,,,,,
bt_dkgrec_l05,active,2020,495,0.010294173594449956,727.0,True,0.016720709908953486,0.03216053727829769,0.08547008547008547,0.1111111111111111,0.02653053627199149,0.030271666050627477,0.043022553973408664,0.0563402547911095,best
bt_dkgrec_l05,active,2020,496,0.01005646398081007,728.8,False,,,,,,,,,
bt_dkgrec_l05,active,2020,497,0.010243769441656149,730.2,False,,,,,,,,,
bt_dkgrec_l05,active,2020,498,0.010237463256946126,731.6,False,,,,,,,,,
bt_dkgrec_l05,active,2020,499,0.010136405561449688,733.0,False,,,,,,,,,
bt_dkgrec_l05,active,2020,500,0.010228297821118842,734.3,True,0.01674378887363113,0.03212591883128123,0.08547008547008547,0.11538461538461539,0.026608815887295828,0.03148224311367677,0.043022553973408664,0.06077203700066948,best
bt_dkgrec_l05,active,2020,501,0.010136399505857565,736.1,False,,,,,,,,,
bt_dkgrec_l05,active,2020,502,0.010188280559924845,737.5,False,,,,,,,,,
bt_dkgrec_l05,active,2020,503,0.010289496597619772,738.8,False,,,,,,,,,
bt_dkgrec_l05,active,2020,504,0.010019904435353597,740.2,False,,,,,,,,,
bt_dkgrec_l05,active,2020,505,0.010091052192898391,741.5,True,0.01684764421468053,0.032218234689991805,0.08974358974358974,0.11538461538461539,0.0271471210026679,0.031183782413824933,0.04729605824691294,0.06139723484808955,khong cai thien (1/50)
bt_dkgrec_l05,active,2020,506,0.010080506762705988,743.3,False,,,,,,,,,
bt_dkgrec_l05,active,2020,507,0.010115937861889588,744.8,False,,,,,,,,,
bt_dkgrec_l05,active,2020,508,0.010149989826987433,746.1,False,,,,,,,,,
bt_dkgrec_l05,active,2020,509,0.010140559254137111,747.5,False,,,,,,,,,
bt_dkgrec_l05,active,2020,510,0.010083388759732548,748.9,True,0.016824565250002886,0.032206695207652986,0.08974358974358974,0.11965811965811966,0.027754909213350498,0.03296935983793577,0.04729605824691294,0.06582901705764953,best
bt_dkgrec_l05,active,2020,511,0.01019850358309146,750.7,False,,,,,,,,,
bt_dkgrec_l05,active,2020,512,0.010109702643716995,752.0,False,,,,,,,,,
bt_dkgrec_l05,active,2020,513,0.01015068913849918,753.4,False,,,,,,,,,
bt_dkgrec_l05,active,2020,514,0.010029173537051416,754.7,False,,,,,,,,,
bt_dkgrec_l05,active,2020,515,0.010005176613813048,756.1,True,0.016859183697019352,0.03224131365466945,0.08547008547008547,0.11538461538461539,0.027623215161106093,0.03174380476094855,0.04690755785841256,0.060786734237588944,khong cai thien (1/50)
bt_dkgrec_l05,active,2020,516,0.010041137058441972,758.0,False,,,,,,,,,
bt_dkgrec_l05,active,2020,517,0.010088325273926396,759.4,False,,,,,,,,,
bt_dkgrec_l05,active,2020,518,0.010067634241940267,760.8,False,,,,,,,,,
bt_dkgrec_l05,active,2020,519,0.00999753280516106,762.2,False,,,,,,,,,
bt_dkgrec_l05,active,2020,520,0.010031077045157911,763.5,True,0.016882262661696998,0.032218234689991805,0.08547008547008547,0.11965811965811966,0.02787346890376072,0.03302320931372293,0.04690755785841256,0.06506023851109322,best
bt_dkgrec_l05,active,2020,521,0.010125030204609602,765.3,False,,,,,,,,,
bt_dkgrec_l05,active,2020,522,0.010082577824959226,766.6,False,,,,,,,,,
bt_dkgrec_l05,active,2020,523,0.01010704553585099,768.0,False,,,,,,,,,
bt_dkgrec_l05,active,2020,524,0.010050155709916147,769.4,False,,,,,,,,,
bt_dkgrec_l05,active,2020,525,0.010179468968211933,770.8,True,0.016836104732341706,0.03219515572531416,0.08974358974358974,0.12393162393162394,0.028815283809214554,0.03299051722197288,0.05118106213191683,0.0652383011891559,khong cai thien (1/50)
bt_dkgrec_l05,active,2020,526,0.01008866867750294,772.7,False,,,,,,,,,
bt_dkgrec_l05,active,2020,527,0.009995756955281328,774.1,False,,,,,,,,,
bt_dkgrec_l05,active,2020,528,0.010060335316101015,775.5,False,,,,,,,,,
bt_dkgrec_l05,active,2020,529,0.009907538329112132,776.9,False,,,,,,,,,
bt_dkgrec_l05,active,2020,530,0.01003282629436764,778.2,True,0.016974578520407575,0.0324721033014459,0.09401709401709402,0.11965811965811966,0.028822806383510518,0.03219522774801935,0.051569562520417216,0.06203317298402769,khong cai thien (2/50)
bt_dkgrec_l05,active,2020,531,0.010054976406301458,780.0,False,,,,,,,,,
bt_dkgrec_l05,active,2020,532,0.009912623859386856,781.4,False,,,,,,,,,
bt_dkgrec_l05,active,2020,533,0.00993975848666824,782.8,False,,,,,,,,,
bt_dkgrec_l05,active,2020,534,0.009888670732787493,784.2,False,,,,,,,,,
bt_dkgrec_l05,active,2020,535,0.009892322781363577,785.5,True,0.016963039038068752,0.03258749812483412,0.09401709401709402,0.11965811965811966,0.028864789814733262,0.03223720315310516,0.051569562520417216,0.06203317298402769,khong cai thien (3/50)
bt_dkgrec_l05,active,2020,536,0.009869174856959364,787.5,False,,,,,,,,,
bt_dkgrec_l05,active,2020,537,0.010073789630590385,788.8,False,,,,,,,,,
bt_dkgrec_l05,active,2020,538,0.00983886783238401,790.2,False,,,,,,,,,
bt_dkgrec_l05,active,2020,539,0.009921443396739157,791.6,False,,,,,,,,,
bt_dkgrec_l05,active,2020,540,0.00997113815643274,792.9,True,0.01705535489677933,0.032725971912899984,0.08547008547008547,0.11965811965811966,0.027793362328965884,0.03237558907207291,0.046685557636412335,0.06149898494983965,khong cai thien (4/50)
bt_dkgrec_l05,active,2020,541,0.009910400559023482,794.7,False,,,,,,,,,
bt_dkgrec_l05,active,2020,542,0.009946698128870484,796.0,False,,,,,,,,,
bt_dkgrec_l05,active,2020,543,0.009852569430294987,797.4,False,,,,,,,,,
bt_dkgrec_l05,active,2020,544,0.00985841847612569,798.8,False,,,,,,,,,
bt_dkgrec_l05,active,2020,545,0.009934660824666878,800.2,True,0.017228447131861665,0.03287598518330468,0.08974358974358974,0.11538461538461539,0.02826209893161127,0.03246197290036962,0.04744174589260059,0.06121917217002687,khong cai thien (5/50)
bt_dkgrec_l05,active,2020,546,0.009836447090678503,802.0,False,,,,,,,,,
bt_dkgrec_l05,active,2020,547,0.009985547338922573,803.4,False,,,,,,,,,
bt_dkgrec_l05,active,2020,548,0.009942217502106762,804.8,False,,,,,,,,,
bt_dkgrec_l05,active,2020,549,0.009838843070874253,806.1,False,,,,,,,,,
bt_dkgrec_l05,active,2020,550,0.00990559391836128,807.5,True,0.01715921023782873,0.03289906414798232,0.08547008547008547,0.1111111111111111,0.027427579340256726,0.03235523708385588,0.04316824161909632,0.06029648374733845,khong cai thien (6/50)
bt_dkgrec_l05,active,2020,551,0.009939810929705221,809.3,False,,,,,,,,,
bt_dkgrec_l05,active,2020,552,0.009927310648040229,810.7,False,,,,,,,,,
bt_dkgrec_l05,active,2020,553,0.009940446545049834,812.1,False,,,,,,,,,
bt_dkgrec_l05,active,2020,554,0.009793586164820454,813.5,False,,,,,,,,,
bt_dkgrec_l05,active,2020,555,0.009777482866861911,814.9,True,0.017228447131861665,0.03287598518330468,0.0811965811965812,0.1111111111111111,0.025679883226404816,0.0317813148215368,0.038672737123591816,0.06029648374733845,khong cai thien (7/50)
bt_dkgrec_l05,active,2020,556,0.009958800348764191,816.6,False,,,,,,,,,
bt_dkgrec_l05,active,2020,557,0.009936196807094335,818.0,False,,,,,,,,,
bt_dkgrec_l05,active,2020,558,0.00978747299634161,819.4,False,,,,,,,,,
bt_dkgrec_l05,active,2020,559,0.009805991918430321,820.7,False,,,,,,,,,
bt_dkgrec_l05,active,2020,560,0.009907184219325954,822.1,True,0.01720536816718402,0.03279520880693292,0.0811965811965812,0.11538461538461539,0.02402506576901101,0.030838248387549907,0.038672737123591816,0.06243323588409059,khong cai thien (8/50)
bt_dkgrec_l05,active,2020,561,0.009758980597463036,823.9,False,,,,,,,,,
bt_dkgrec_l05,active,2020,562,0.009822803836013748,825.4,False,,,,,,,,,
bt_dkgrec_l05,active,2020,563,0.009908553671066562,826.8,False,,,,,,,,,
bt_dkgrec_l05,active,2020,564,0.00981244812506284,828.1,False,,,,,,,,,
bt_dkgrec_l05,active,2020,565,0.009814725160316715,829.5,True,0.01736692091992753,0.032922143112659966,0.0811965811965812,0.11538461538461539,0.02467874220396581,0.030543065359898022,0.04255774100859571,0.06243323588409059,khong cai thien (9/50)
bt_dkgrec_l05,active,2020,566,0.009721206808710461,831.3,False,,,,,,,,,
bt_dkgrec_l05,active,2020,567,0.009836229947563254,832.6,False,,,,,,,,,
bt_dkgrec_l05,active,2020,568,0.009764694737004581,834.0,False,,,,,,,,,
bt_dkgrec_l05,active,2020,569,0.009804601614432255,835.4,False,,,,,,,,,
bt_dkgrec_l05,active,2020,570,0.009838785489259773,836.7,True,0.017332302472911065,0.03311831431241995,0.08547008547008547,0.11538461538461539,0.026655839831313918,0.03225908495702094,0.04289145288076912,0.06182273527358998,khong cai thien (10/50)
bt_dkgrec_l05,active,2020,571,0.009752972407232254,838.7,False,,,,,,,,,
bt_dkgrec_l05,active,2020,572,0.009736809316712936,840.1,False,,,,,,,,,
bt_dkgrec_l05,active,2020,573,0.00968141278136843,841.4,False,,,,,,,,,
bt_dkgrec_l05,active,2020,574,0.009668096125223576,842.8,False,,,,,,,,,
bt_dkgrec_l05,active,2020,575,0.009704631910340681,844.2,True,0.01735538143758871,0.03315293275943641,0.08547008547008547,0.11538461538461539,0.02749387508172691,0.03256480712861696,0.04333474178559649,0.06182273527358998,khong cai thien (11/50)
bt_dkgrec_l05,active,2020,576,0.009806605086015387,846.0,False,,,,,,,,,
bt_dkgrec_l05,active,2020,577,0.009687776590267365,847.3,False,,,,,,,,,
bt_dkgrec_l05,active,2020,578,0.009723744126564317,848.7,False,,,,,,,,,
bt_dkgrec_l05,active,2020,579,0.009661183518060877,850.1,False,,,,,,,,,
bt_dkgrec_l05,active,2020,580,0.00973905453687613,851.5,True,0.01725152609653931,0.03308369586540348,0.08974358974358974,0.11538461538461539,0.028503307720994617,0.032387327243732236,0.04760824605910076,0.06182273527358998,khong cai thien (12/50)
bt_dkgrec_l05,active,2020,581,0.009694277822404323,853.4,False,,,,,,,,,
bt_dkgrec_l05,active,2020,582,0.0097856361078036,854.8,False,,,,,,,,,
bt_dkgrec_l05,active,2020,583,0.009668872748058365,856.1,False,,,,,,,,,
bt_dkgrec_l05,active,2020,584,0.009698901112536922,857.5,False,,,,,,,,,
bt_dkgrec_l05,active,2020,585,0.009633041461949725,858.9,True,0.01730922350823342,0.03317601172411406,0.09829059829059829,0.11538461538461539,0.030126840803400248,0.03259592756418756,0.05249225094310564,0.06182273527358998,khong cai thien (13/50)
bt_dkgrec_l05,active,2020,586,0.009696970711348564,860.7,False,,,,,,,,,
bt_dkgrec_l05,active,2020,587,0.009672834388940413,862.0,False,,,,,,,,,
bt_dkgrec_l05,active,2020,588,0.00966484059200142,863.4,False,,,,,,,,,
bt_dkgrec_l05,active,2020,589,0.009757687802116468,864.8,False,,,,,,,,,
bt_dkgrec_l05,active,2020,590,0.009752358219093019,866.2,True,0.01725152609653931,0.03323370913580817,0.09401709401709402,0.11965811965811966,0.029597874362296953,0.03299548284533202,0.051569562520417216,0.06267743612829083,khong cai thien (14/50)
bt_dkgrec_l05,active,2020,591,0.009654356475076972,868.2,False,,,,,,,,,
bt_dkgrec_l05,active,2020,592,0.009650631957371099,869.6,False,,,,,,,,,
bt_dkgrec_l05,active,2020,593,0.009630636201999271,870.9,False,,,,,,,,,
bt_dkgrec_l05,active,2020,594,0.009629448334032136,872.3,False,,,,,,,,,
bt_dkgrec_l05,active,2020,595,0.009654592079716067,873.7,True,0.01736692091992753,0.03325678810048581,0.08974358974358974,0.11965811965811966,0.02975508046443661,0.03482211250524978,0.04724126973058597,0.06321162416247887,best
bt_dkgrec_l05,active,2020,596,0.009731281200970665,875.5,False,,,,,,,,,
bt_dkgrec_l05,active,2020,597,0.009712354496623252,876.8,False,,,,,,,,,
bt_dkgrec_l05,active,2020,598,0.009603771516582702,878.2,False,,,,,,,,,
bt_dkgrec_l05,active,2020,599,0.00969566094318554,879.6,False,,,,,,,,,
bt_dkgrec_l05,active,2020,600,0.009702004161783904,881.0,True,0.017482315743315754,0.033637591017666946,0.08547008547008547,0.12393162393162394,0.029536882365070675,0.0358745060925362,0.04663076912008536,0.06748512843598314,best
bt_dkgrec_l05,active,2020,601,0.009569569308046583,882.8,False,,,,,,,,,
bt_dkgrec_l05,active,2020,602,0.009532693656414593,884.2,False,,,,,,,,,
bt_dkgrec_l05,active,2020,603,0.009654009978959965,885.5,False,,,,,,,,,
bt_dkgrec_l05,active,2020,604,0.009512575069579476,886.9,False,,,,,,,,,
bt_dkgrec_l05,active,2020,605,0.009576037663582641,888.3,True,0.017528473672671043,0.03369528842936106,0.08974358974358974,0.12393162393162394,0.02977862264544005,0.03619820270965191,0.04716495715427339,0.06809562904648375,best
bt_dkgrec_l05,active,2020,606,0.009624606458862792,890.0,False,,,,,,,,,
bt_dkgrec_l05,active,2020,607,0.009525963289793438,891.4,False,,,,,,,,,
bt_dkgrec_l05,active,2020,608,0.00952368242977406,892.8,False,,,,,,,,,
bt_dkgrec_l05,active,2020,609,0.009561890731532643,894.2,False,,,,,,,,,
bt_dkgrec_l05,active,2020,610,0.009467422520665205,895.6,True,0.017574631602026332,0.03375298584105517,0.08547008547008547,0.13247863247863248,0.029920734203915163,0.03671212301579867,0.046685557636412335,0.06929813024898494,best
bt_dkgrec_l05,active,2020,611,0.009578920139263505,897.4,False,,,,,,,,,
bt_dkgrec_l05,active,2020,612,0.009630576310183983,898.8,False,,,,,,,,,
bt_dkgrec_l05,active,2020,613,0.009418124606144057,900.1,False,,,,,,,,,
bt_dkgrec_l05,active,2020,614,0.009633622477158984,901.5,False,,,,,,,,,
bt_dkgrec_l05,active,2020,615,0.009532033494694432,902.9,True,0.017482315743315754,0.033776064805732815,0.08547008547008547,0.13247863247863248,0.030071008385815702,0.03676080392172643,0.047019269508585745,0.06924334173265798,best
bt_dkgrec_l05,active,2020,616,0.009571575779701825,904.7,False,,,,,,,,,
bt_dkgrec_l05,active,2020,617,0.009501453481598553,906.0,False,,,,,,,,,
bt_dkgrec_l05,active,2020,618,0.009489605685161977,907.5,False,,,,,,,,,
bt_dkgrec_l05,active,2020,619,0.009475313361632414,908.8,False,,,,,,,,,
bt_dkgrec_l05,active,2020,620,0.009547616925728855,910.2,True,0.017401539366944,0.033764525323393996,0.0811965811965812,0.1282051282051282,0.028073095622043583,0.034977977420579426,0.04274576523508147,0.06464608713540339,khong cai thien (1/50)
bt_dkgrec_l05,active,2020,621,0.009513156181303039,912.0,False,,,,,,,,,
bt_dkgrec_l05,active,2020,622,0.00950991936540074,913.3,False,,,,,,,,,
bt_dkgrec_l05,active,2020,623,0.009487315365177593,914.7,False,,,,,,,,,
bt_dkgrec_l05,active,2020,624,0.00953945022319346,916.1,False,,,,,,,,,
bt_dkgrec_l05,active,2020,625,0.009411463915144733,917.4,True,0.017389999884605177,0.03372990687637752,0.08974358974358974,0.1282051282051282,0.028805101455969873,0.03601228435743783,0.04374615373546997,0.06885484134415759,khong cai thien (2/50)
bt_dkgrec_l05,active,2020,626,0.009449563545916464,919.4,False,,,,,,,,,
bt_dkgrec_l05,active,2020,627,0.009493697426461528,920.8,False,,,,,,,,,
bt_dkgrec_l05,active,2020,628,0.00949390984905628,922.1,False,,,,,,,,,
bt_dkgrec_l05,active,2020,629,0.00946267955792658,923.5,False,,,,,,,,,
bt_dkgrec_l05,active,2020,630,0.00938566372499421,924.9,True,0.017482315743315754,0.033914538593798685,0.08547008547008547,0.12393162393162394,0.02810929039172625,0.03457133535844453,0.04289145288076912,0.06458133707065332,khong cai thien (3/50)
bt_dkgrec_l05,active,2020,631,0.009404203097798207,926.7,False,,,,,,,,,
bt_dkgrec_l05,active,2020,632,0.00953349579692885,928.0,False,,,,,,,,,
bt_dkgrec_l05,active,2020,633,0.009447783068334012,929.4,False,,,,,,,,,
bt_dkgrec_l05,active,2020,634,0.009403570597136438,930.7,False,,,,,,,,,
bt_dkgrec_l05,active,2020,635,0.009433641937532994,932.1,True,0.01744769729629929,0.0338222227350881,0.08974358974358974,0.12393162393162394,0.028593918036238338,0.034472129310637825,0.04428034176965801,0.06458133707065332,khong cai thien (4/50)
bt_dkgrec_l05,active,2020,636,0.009465719578330749,934.1,False,,,,,,,,,
bt_dkgrec_l05,active,2020,637,0.009455527084249531,935.5,False,,,,,,,,,
bt_dkgrec_l05,active,2020,638,0.009313238552120644,936.8,False,,,,,,,,,
bt_dkgrec_l05,active,2020,639,0.009472342328578767,938.2,False,,,,,,,,,
bt_dkgrec_l05,active,2020,640,0.009405086688495481,939.5,True,0.017459236778638112,0.03386838066444339,0.08974358974358974,0.1282051282051282,0.029054878665136313,0.03562490894450384,0.044668842158158396,0.06885484134415759,khong cai thien (5/50)
bt_dkgrec_l05,active,2020,641,0.009412855820401172,941.3,False,,,,,,,,,
bt_dkgrec_l05,active,2020,642,0.009382816355619036,942.7,False,,,,,,,,,
bt_dkgrec_l05,active,2020,643,0.009427879973756097,944.1,False,,,,,,,,,
bt_dkgrec_l05,active,2020,644,0.009389105129152284,945.5,False,,,,,,,,,
bt_dkgrec_l05,active,2020,645,0.009354610985977299,946.9,True,0.01744769729629929,0.033764525323393996,0.08547008547008547,0.12393162393162394,0.028476128832802622,0.03557765938839483,0.043279953269269505,0.06824434073365697,khong cai thien (6/50)
bt_dkgrec_l05,active,2020,646,0.009431892363543803,948.8,False,,,,,,,,,
bt_dkgrec_l05,active,2020,647,0.0093474513750785,950.1,False,,,,,,,,,
bt_dkgrec_l05,active,2020,648,0.009431340651202765,951.5,False,,,,,,,,,
bt_dkgrec_l05,active,2020,649,0.009390221291717914,952.9,False,,,,,,,,,
bt_dkgrec_l05,active,2020,650,0.009307488701385456,954.2,True,0.01751693419033222,0.033914538593798685,0.08974358974358974,0.11965811965811966,0.028845665113120277,0.034023378306430256,0.04399220398152023,0.06178712273797744,khong cai thien (7/50)
bt_dkgrec_l05,active,2020,651,0.009318692055299031,956.0,False,,,,,,,,,
bt_dkgrec_l05,active,2020,652,0.009291578541753833,957.4,False,,,,,,,,,
bt_dkgrec_l05,active,2020,653,0.00931267334077925,958.8,False,,,,,,,,,
bt_dkgrec_l05,active,2020,654,0.009357525110239602,960.2,False,,,,,,,,,
bt_dkgrec_l05,active,2020,655,0.009369431089592426,961.6,True,0.01770156590775338,0.03404147289952573,0.09401709401709402,0.11965811965811966,0.03047524212567815,0.034246072984992014,0.04840815839747463,0.06173233422165046,khong cai thien (8/50)
bt_dkgrec_l05,active,2020,656,0.009254442066357626,963.4,False,,,,,,,,,
bt_dkgrec_l05,active,2020,657,0.009335705171146865,964.8,False,,,,,,,,,
bt_dkgrec_l05,active,2020,658,0.009498392146723891,966.1,False,,,,,,,,,
bt_dkgrec_l05,active,2020,659,0.009276191664784656,967.5,False,,,,,,,,,
bt_dkgrec_l05,active,2020,660,0.009229057684325357,968.9,True,0.017724644872431024,0.03402993341718691,0.08974358974358974,0.12393162393162394,0.03044369975354278,0.03569911963706659,0.04755345754277378,0.06606062701148172,khong cai thien (9/50)
bt_dkgrec_l05,active,2020,661,0.009265930508757658,970.7,False,,,,,,,,,
bt_dkgrec_l05,active,2020,662,0.009310499864490871,972.1,False,,,,,,,,,
bt_dkgrec_l05,active,2020,663,0.009346552148144434,973.5,False,,,,,,,,,
bt_dkgrec_l05,active,2020,664,0.009407354329567826,974.9,False,,,,,,,,,
bt_dkgrec_l05,active,2020,665,0.009310348876064424,976.3,True,0.017736184354769844,0.03387992014678221,0.08974358974358974,0.1282051282051282,0.030462647412520392,0.036408567970925065,0.04716495715427339,0.06814259063190688,khong cai thien (10/50)
bt_dkgrec_l05,active,2020,666,0.00934144962064882,978.1,False,,,,,,,,,
bt_dkgrec_l05,active,2020,667,0.009191530515274642,979.4,False,,,,,,,,,
bt_dkgrec_l05,active,2020,668,0.009390847035477256,980.8,False,,,,,,,,,
bt_dkgrec_l05,active,2020,669,0.00932581898214738,982.2,False,,,,,,,,,
bt_dkgrec_l05,active,2020,670,0.00932601713028024,983.5,True,0.017770802801786313,0.03386838066444339,0.08974358974358974,0.1282051282051282,0.031564442437055217,0.03788994003296615,0.04755345754277378,0.06944381789467259,best
bt_dkgrec_l05,active,2020,671,0.009354913210626255,985.3,False,,,,,,,,,
bt_dkgrec_l05,active,2020,672,0.009134698508230869,986.7,False,,,,,,,,,
bt_dkgrec_l05,active,2020,673,0.009333249517782655,988.1,False,,,,,,,,,
bt_dkgrec_l05,active,2020,674,0.009242279296574821,989.5,False,,,,,,,,,
bt_dkgrec_l05,active,2020,675,0.009217280404093557,990.9,True,0.017690026425414555,0.033983775487831616,0.08974358974358974,0.1282051282051282,0.03102089618316148,0.03726600880071044,0.04755345754277378,0.06890962986048456,khong cai thien (1/50)
bt_dkgrec_l05,active,2020,676,0.009253591832901751,992.7,False,,,,,,,,,
bt_dkgrec_l05,active,2020,677,0.00922606327842403,994.1,False,,,,,,,,,
bt_dkgrec_l05,active,2020,678,0.009257983769898163,995.5,False,,,,,,,,,
bt_dkgrec_l05,active,2020,679,0.009204991751299832,996.8,False,,,,,,,,,
bt_dkgrec_l05,active,2020,680,0.00922242789324116,998.2,True,0.017690026425414555,0.03394915704081515,0.08974358974358974,0.12393162393162394,0.03041488173829655,0.03622667966619924,0.04755345754277378,0.06748512843598314,khong cai thien (2/50)
bt_dkgrec_l05,active,2020,681,0.009146084306491538,1000.1,False,,,,,,,,,
bt_dkgrec_l05,active,2020,682,0.009288793650346955,1001.5,False,,,,,,,,,
bt_dkgrec_l05,active,2020,683,0.009183153892546331,1002.9,False,,,,,,,,,
bt_dkgrec_l05,active,2020,684,0.009169946549370287,1004.3,False,,,,,,,,,
bt_dkgrec_l05,active,2020,685,0.009329672306155177,1005.6,True,0.017678486943075732,0.033926078076137504,0.09401709401709402,0.11965811965811966,0.030592539365652694,0.03555355108328214,0.048163958153274386,0.065348376299231,khong cai thien (3/50)
bt_dkgrec_l05,active,2020,686,0.009204473785291873,1007.4,False,,,,,,,,,
bt_dkgrec_l05,active,2020,687,0.009134825116533542,1008.8,False,,,,,,,,,
bt_dkgrec_l05,active,2020,688,0.00918491442683083,1010.2,False,,,,,,,,,
bt_dkgrec_l05,active,2020,689,0.009208960375492006,1011.5,False,,,,,,,,,
bt_dkgrec_l05,active,2020,690,0.009224514160028298,1013.0,True,0.01775926331944749,0.03408763082888101,0.09401709401709402,0.11965811965811966,0.030273021388272713,0.03528474525375077,0.048163958153274386,0.065348376299231,khong cai thien (4/50)
bt_dkgrec_l05,active,2020,691,0.009232028122201334,1014.9,False,,,,,,,,,
bt_dkgrec_l05,active,2020,692,0.009190054881156005,1016.3,False,,,,,,,,,
bt_dkgrec_l05,active,2020,693,0.009149001055839923,1017.7,False,,,,,,,,,
bt_dkgrec_l05,active,2020,694,0.009166278271163637,1019.0,False,,,,,,,,,
bt_dkgrec_l05,active,2020,695,0.009124369660991904,1020.4,True,0.017782342284125133,0.03416840720525277,0.09401709401709402,0.12393162393162394,0.03026833430207963,0.03584875423763901,0.048163958153274386,0.06748512843598314,khong cai thien (5/50)
bt_dkgrec_l05,active,2020,696,0.009103328713692998,1022.2,False,,,,,,,,,
bt_dkgrec_l05,active,2020,697,0.00916536680020942,1023.5,False,,,,,,,,,
bt_dkgrec_l05,active,2020,698,0.0092322764763285,1024.9,False,,,,,,,,,
bt_dkgrec_l05,active,2020,699,0.009207692803206165,1026.3,False,,,,,,,,,
bt_dkgrec_l05,active,2020,700,0.00914157259726677,1027.7,True,0.017828500213480425,0.03411070979355866,0.09829059829059829,0.12393162393162394,0.03078687538924014,0.03603382101649243,0.04887620886552511,0.06748512843598314,khong cai thien (6/50)
bt_dkgrec_l05,active,2020,701,0.009177770485345614,1029.7,False,,,,,,,,,
bt_dkgrec_l05,active,2020,702,0.009082826099844326,1031.1,False,,,,,,,,,
bt_dkgrec_l05,active,2020,703,0.00912268140996256,1032.4,False,,,,,,,,,
bt_dkgrec_l05,active,2020,704,0.00914258266495724,1033.8,False,,,,,,,,,
bt_dkgrec_l05,active,2020,705,0.009132101039289875,1035.1,True,0.017840039695819244,0.03411070979355866,0.09401709401709402,0.12393162393162394,0.030664892605369427,0.036217946643503154,0.048163958153274386,0.06748512843598314,khong cai thien (7/50)
bt_dkgrec_l05,active,2020,706,0.009242250836717116,1036.9,False,,,,,,,,,
bt_dkgrec_l05,active,2020,707,0.009123286373188107,1038.3,False,,,,,,,,,
bt_dkgrec_l05,active,2020,708,0.009157125070455414,1039.7,False,,,,,,,,,
bt_dkgrec_l05,active,2020,709,0.009119802379206031,1041.1,False,,,,,,,,,
bt_dkgrec_l05,active,2020,710,0.009198866290819546,1042.5,True,0.017770802801786313,0.03430688099331864,0.08974358974358974,0.12393162393162394,0.029437787417205742,0.035934781357065786,0.043890453879770114,0.06743033991965616,khong cai thien (8/50)
bt_dkgrec_l05,active,2020,711,0.009117326424366927,1044.3,False,,,,,,,,,
bt_dkgrec_l05,active,2020,712,0.009205509932533957,1045.7,False,,,,,,,,,
bt_dkgrec_l05,active,2020,713,0.009076811533618941,1047.1,False,,,,,,,,,
bt_dkgrec_l05,active,2020,714,0.009039294707414746,1048.4,False,,,,,,,,,
bt_dkgrec_l05,active,2020,715,0.009088447512348717,1049.8,True,0.017886197625174533,0.03416840720525277,0.09401709401709402,0.11965811965811966,0.029859542811101123,0.035638756804729686,0.044745154734470965,0.06671808920740545,khong cai thien (9/50)
bt_dkgrec_l05,active,2020,716,0.009002011022380888,1051.6,False,,,,,,,,,
bt_dkgrec_l05,active,2020,717,0.00912028163687236,1053.0,False,,,,,,,,,
bt_dkgrec_l05,active,2020,718,0.009092122031746265,1054.4,False,,,,,,,,,
bt_dkgrec_l05,active,2020,719,0.0091052787461262,1055.8,False,,,,,,,,,
bt_dkgrec_l05,active,2020,720,0.00901733059467347,1057.2,True,0.01786311866049689,0.03445689426372333,0.08974358974358974,0.11965811965811966,0.02943048305665419,0.035194894634161755,0.043890453879770114,0.06600583849515473,khong cai thien (10/50)
bt_dkgrec_l05,active,2020,721,0.009093842531849626,1059.0,False,,,,,,,,,
bt_dkgrec_l05,active,2020,722,0.00907847916972259,1060.3,False,,,,,,,,,
bt_dkgrec_l05,active,2020,723,0.00908970471867095,1061.7,False,,,,,,,,,
bt_dkgrec_l05,active,2020,724,0.009167380938039234,1063.1,False,,,,,,,,,
bt_dkgrec_l05,active,2020,725,0.00904117608807222,1064.4,True,0.017793881766463956,0.03431842047565746,0.08974358974358974,0.11965811965811966,0.029800331128610646,0.03547305104390549,0.043890453879770114,0.06600583849515473,khong cai thien (11/50)
bt_dkgrec_l05,active,2020,726,0.009033186835268681,1066.3,False,,,,,,,,,
bt_dkgrec_l05,active,2020,727,0.00901810808898755,1067.7,False,,,,,,,,,
bt_dkgrec_l05,active,2020,728,0.009039023471710213,1069.1,False,,,,,,,,,
bt_dkgrec_l05,active,2020,729,0.00904004976524277,1070.5,False,,,,,,,,,
bt_dkgrec_l05,active,2020,730,0.009027717366568325,1071.8,True,0.018036210895579226,0.03437611788735157,0.09401709401709402,0.13247863247863248,0.030096736820525223,0.036306740393368384,0.04431780430712055,0.06835626584558209,khong cai thien (12/50)
bt_dkgrec_l05,active,2020,731,0.009091530023414326,1073.6,False,,,,,,,,,
bt_dkgrec_l05,active,2020,732,0.009030341986097526,1075.0,False,,,,,,,,,
bt_dkgrec_l05,active,2020,733,0.009052456082692584,1076.4,False,,,,,,,,,
bt_dkgrec_l05,active,2020,734,0.008994419243564016,1077.7,False,,,,,,,,,
bt_dkgrec_l05,active,2020,735,0.009047705257514018,1079.1,True,0.01807082934259569,0.03444535478138451,0.08974358974358974,0.13247863247863248,0.029757507126533907,0.03629155971040339,0.04370730369661993,0.06835626584558209,khong cai thien (13/50)
bt_dkgrec_l05,active,2020,736,0.008962163041593479,1081.0,False,,,,,,,,,
bt_dkgrec_l05,active,2020,737,0.009102734122886189,1082.4,False,,,,,,,,,
bt_dkgrec_l05,active,2020,738,0.008942803285766021,1083.8,False,,,,,,,,,
bt_dkgrec_l05,active,2020,739,0.009070500595064505,1085.2,False,,,,,,,,,
bt_dkgrec_l05,active,2020,740,0.009034626339897591,1086.5,True,0.018047750377918045,0.03452613115775626,0.08974358974358974,0.13247863247863248,0.029807359182943687,0.036224184287112056,0.04370730369661993,0.06782207781139406,khong cai thien (14/50)
bt_dkgrec_l05,active,2020,741,0.008988264250534268,1088.4,False,,,,,,,,,
bt_dkgrec_l05,active,2020,742,0.008989792724910245,1089.7,False,,,,,,,,,
bt_dkgrec_l05,active,2020,743,0.009001278174741568,1091.1,False,,,,,,,,,
bt_dkgrec_l05,active,2020,744,0.008983358088029289,1092.5,False,,,,,,,,,
bt_dkgrec_l05,active,2020,745,0.008981249084932788,1093.9,True,0.018105447789612157,0.03450305219307862,0.08547008547008547,0.13247863247863248,0.029281176450489013,0.03628332642173669,0.043279953269269505,0.06835626584558209,khong cai thien (15/50)
bt_dkgrec_l05,active,2020,746,0.00904596964374512,1095.9,False,,,,,,,,,
bt_dkgrec_l05,active,2020,747,0.009025193672587561,1097.2,False,,,,,,,,,
bt_dkgrec_l05,active,2020,748,0.008929214798573445,1098.6,False,,,,,,,,,
bt_dkgrec_l05,active,2020,749,0.008856294081722898,1100.0,False,,,,,,,,,
bt_dkgrec_l05,active,2020,750,0.008873705738161836,1101.3,True,0.01805928986025687,0.03452613115775626,0.08547008547008547,0.13675213675213677,0.029374754382560896,0.037640656830110406,0.043279953269269505,0.07305712054643677,khong cai thien (16/50)
bt_dkgrec_l05,active,2020,751,0.009060342807070935,1103.1,False,,,,,,,,,
bt_dkgrec_l05,active,2020,752,0.008982099246848906,1104.5,False,,,,,,,,,
bt_dkgrec_l05,active,2020,753,0.008971360091280592,1105.9,False,,,,,,,,,
bt_dkgrec_l05,active,2020,754,0.008946987646609185,1107.3,False,,,,,,,,,
bt_dkgrec_l05,active,2020,755,0.008873869524351898,1108.7,True,0.01807082934259569,0.03461844701646684,0.08547008547008547,0.13247863247863248,0.027827939469923447,0.03474337973865105,0.043279953269269505,0.06824942823874447,khong cai thien (17/50)
bt_dkgrec_l05,active,2020,756,0.008971051930523779,1110.6,False,,,,,,,,,
bt_dkgrec_l05,active,2020,757,0.008956717878571413,1112.0,False,,,,,,,,,
bt_dkgrec_l05,active,2020,758,0.008859371221127491,1113.4,False,,,,,,,,,
bt_dkgrec_l05,active,2020,759,0.008914234016223559,1114.7,False,,,,,,,,,
bt_dkgrec_l05,active,2020,760,0.008846342619463264,1116.1,True,0.018047750377918045,0.0345953680517892,0.09401709401709402,0.13675213675213677,0.028531558401508055,0.035925351693027484,0.04431780430712055,0.07252293251224874,khong cai thien (18/50)
bt_dkgrec_l05,active,2020,761,0.008943889647149485,1117.9,False,,,,,,,,,
bt_dkgrec_l05,active,2020,762,0.009016386714168136,1119.3,False,,,,,,,,,
bt_dkgrec_l05,active,2020,763,0.008919843293856504,1120.7,False,,,,,,,,,
bt_dkgrec_l05,active,2020,764,0.008847777567046458,1122.1,False,,,,,,,,,
bt_dkgrec_l05,active,2020,765,0.008944223561078461,1123.5,True,0.017932355554529825,0.03461844701646684,0.09401709401709402,0.13247863247863248,0.02926236497537912,0.03623730130298731,0.04538618037549662,0.07252802001733626,khong cai thien (19/50)
bt_dkgrec_l05,active,2020,766,0.008922543563110542,1125.3,False,,,,,,,,,
bt_dkgrec_l05,active,2020,767,0.008886450724874687,1126.6,False,,,,,,,,,
bt_dkgrec_l05,active,2020,768,0.008872138702054753,1128.0,False,,,,,,,,,
bt_dkgrec_l05,active,2020,769,0.008979244785676969,1129.4,False,,,,,,,,,
bt_dkgrec_l05,active,2020,770,0.008890202803814324,1130.7,True,0.017978513483885114,0.034699223392838596,0.09401709401709402,0.13247863247863248,0.02905098811637155,0.0363108910849416,0.04538618037549662,0.07306220805152429,khong cai thien (20/50)
bt_dkgrec_l05,active,2020,771,0.008943698339596658,1132.6,False,,,,,,,,,
bt_dkgrec_l05,active,2020,772,0.008881137767488381,1134.0,False,,,,,,,,,
bt_dkgrec_l05,active,2020,773,0.008920381344954582,1135.4,False,,,,,,,,,
bt_dkgrec_l05,active,2020,774,0.008848783392502923,1136.8,False,,,,,,,,,
bt_dkgrec_l05,active,2020,775,0.008934669875166711,1138.2,True,0.017943895036868645,0.034699223392838596,0.09829059829059829,0.13247863247863248,0.03011789228237874,0.03670803261201602,0.04624088123019747,0.07252802001733626,khong cai thien (21/50)
bt_dkgrec_l05,active,2020,776,0.008933922249859633,1139.9,False,,,,,,,,,
bt_dkgrec_l05,active,2020,777,0.008878421796379593,1141.3,False,,,,,,,,,
bt_dkgrec_l05,active,2020,778,0.008911547474106296,1142.7,False,,,,,,,,,
bt_dkgrec_l05,active,2020,779,0.008921892318517598,1144.0,False,,,,,,,,,
bt_dkgrec_l05,active,2020,780,0.00892791873360253,1145.4,True,0.017932355554529825,0.0345953680517892,0.09829059829059829,0.1282051282051282,0.029852886703571405,0.03630675975233586,0.04624088123019747,0.07231434480366103,khong cai thien (22/50)
bt_dkgrec_l05,active,2020,781,0.008914336763479483,1147.2,False,,,,,,,,,
bt_dkgrec_l05,active,2020,782,0.008784405039390002,1148.6,False,,,,,,,,,
bt_dkgrec_l05,active,2020,783,0.008836520693229462,1150.1,False,,,,,,,,,
bt_dkgrec_l05,active,2020,784,0.008856334797260447,1151.4,False,,,,,,,,,
bt_dkgrec_l05,active,2020,785,0.008750258769150499,1152.8,True,0.017955434519207468,0.034779999769210354,0.09401709401709402,0.1282051282051282,0.0313548402994695,0.038186359341805,0.045996680985997226,0.07284853283784908,best
bt_dkgrec_l05,active,2020,786,0.008844093359639437,1154.6,False,,,,,,,,,
bt_dkgrec_l05,active,2020,787,0.008869178486327244,1155.9,False,,,,,,,,,
bt_dkgrec_l05,active,2020,788,0.008806027216186405,1157.3,False,,,,,,,,,
bt_dkgrec_l05,active,2020,789,0.008884734692327978,1158.7,False,,,,,,,,,
bt_dkgrec_l05,active,2020,790,0.008848237459121356,1160.1,True,0.017955434519207468,0.03460690753412802,0.09401709401709402,0.1282051282051282,0.030521931135259545,0.03765525039219435,0.04538618037549662,0.07284853283784908,khong cai thien (1/50)
bt_dkgrec_l05,active,2020,791,0.008818359503027107,1162.0,False,,,,,,,,,
bt_dkgrec_l05,active,2020,792,0.008779356894504743,1163.4,False,,,,,,,,,
bt_dkgrec_l05,active,2020,793,0.00875929871367002,1164.8,False,,,,,,,,,
bt_dkgrec_l05,active,2020,794,0.008735409337214443,1166.2,False,,,,,,,,,
bt_dkgrec_l05,active,2020,795,0.008785481623679524,1167.6,True,0.017886197625174533,0.03467614442816095,0.09829059829059829,0.1282051282051282,0.030891651711505666,0.03727804274248989,0.04624088123019747,0.07231434480366103,khong cai thien (2/50)
bt_dkgrec_l05,active,2020,796,0.008807034835414913,1169.4,False,,,,,,,,,
bt_dkgrec_l05,active,2020,797,0.008878966585860683,1170.7,False,,,,,,,,,
bt_dkgrec_l05,active,2020,798,0.008755984423668742,1172.1,False,,,,,,,,,
bt_dkgrec_l05,active,2020,799,0.008808919203841126,1173.5,False,,,,,,,,,
bt_dkgrec_l05,active,2020,800,0.008802066380135814,1174.9,True,0.018140066236628626,0.03473384183985506,0.08974358974358974,0.12393162393162394,0.030581065639731987,0.03692881462490361,0.0436767786660949,0.06857502856434479,khong cai thien (3/50)
bt_dkgrec_l05,active,2020,801,0.008810412839992397,1176.8,False,,,,,,,,,
bt_dkgrec_l05,active,2020,802,0.008696812324169847,1178.2,False,,,,,,,,,
bt_dkgrec_l05,active,2020,803,0.008760243054181506,1179.6,False,,,,,,,,,
bt_dkgrec_l05,active,2020,804,0.008690349328874193,1180.9,False,,,,,,,,,
bt_dkgrec_l05,active,2020,805,0.00877808644667011,1182.3,True,0.018128526754289803,0.03489539459259858,0.08974358974358974,0.1282051282051282,0.030488247213878196,0.03676778558784896,0.0436767786660949,0.06825451574383198,khong cai thien (4/50)
bt_dkgrec_l05,active,2020,806,0.008742861888115575,1184.1,False,,,,,,,,,
bt_dkgrec_l05,active,2020,807,0.008785016817650926,1185.5,False,,,,,,,,,
bt_dkgrec_l05,active,2020,808,0.0088366378062938,1186.9,False,,,,,,,,,
bt_dkgrec_l05,active,2020,809,0.008770013835116868,1188.3,False,,,,,,,,,
bt_dkgrec_l05,active,2020,810,0.008809477115221617,1189.7,True,0.01805928986025687,0.03508002631001973,0.09401709401709402,0.13247863247863248,0.03087286285211919,0.036475667156065754,0.045994830984147216,0.06772032770964394,khong cai thien (5/50)
bt_dkgrec_l05,active,2020,811,0.008839726360813682,1191.6,False,,,,,,,,,
bt_dkgrec_l05,active,2020,812,0.008888186000641222,1192.9,False,,,,,,,,,
bt_dkgrec_l05,active,2020,813,0.008830890385685065,1194.3,False,,,,,,,,,
bt_dkgrec_l05,active,2020,814,0.008708945904885978,1195.7,False,,,,,,,,,
bt_dkgrec_l05,active,2020,815,0.008786694863635137,1197.0,True,0.018128526754289803,0.0349069340749374,0.09401709401709402,0.13675213675213677,0.031038440069221074,0.037211582055462857,0.045323280312596546,0.06882107881039505,khong cai thien (6/50)
bt_dkgrec_l05,active,2020,816,0.0087036449323951,1198.8,False,,,,,,,,,
bt_dkgrec_l05,active,2020,817,0.00874457748643987,1200.2,False,,,,,,,,,
bt_dkgrec_l05,active,2020,818,0.00871381971843714,1201.6,False,,,,,,,,,
bt_dkgrec_l05,active,2020,819,0.008670565395475803,1203.0,False,,,,,,,,,
bt_dkgrec_l05,active,2020,820,0.008728134495464144,1204.4,True,0.018278540024694492,0.03504540786300327,0.08974358974358974,0.13675213675213677,0.030552910427475283,0.037160662408850464,0.043898778888095125,0.06882107881039505,khong cai thien (7/50)
bt_dkgrec_l05,active,2020,821,0.00873906767316043,1206.2,False,,,,,,,,,
bt_dkgrec_l05,active,2020,822,0.008713321302276863,1207.6,False,,,,,,,,,
bt_dkgrec_l05,active,2020,823,0.008689871366757914,1208.9,False,,,,,,,,,
bt_dkgrec_l05,active,2020,824,0.008694520819641576,1210.3,False,,,,,,,,,
bt_dkgrec_l05,active,2020,825,0.008635838209318337,1211.7,True,0.01822084261300038,0.034987710451309155,0.08974358974358974,0.13675213675213677,0.03081593424727507,0.037417741003988855,0.043898778888095125,0.06882107881039505,khong cai thien (8/50)
bt_dkgrec_l05,active,2020,826,0.008652717122247073,1213.5,False,,,,,,,,,
bt_dkgrec_l05,active,2020,827,0.008695819740685552,1214.9,False,,,,,,,,,
bt_dkgrec_l05,active,2020,828,0.008671894431961934,1216.3,False,,,,,,,,,
bt_dkgrec_l05,active,2020,829,0.008628278216957852,1217.7,False,,,,,,,,,
bt_dkgrec_l05,active,2020,830,0.008737976888946454,1219.1,True,0.018082368824934515,0.03488385511025975,0.08974358974358974,0.13247863247863248,0.030875517830024242,0.03727347152975172,0.043898778888095125,0.06843257842189467,khong cai thien (9/50)
bt_dkgrec_l05,active,2020,831,0.008692691123846788,1220.9,False,,,,,,,,,
bt_dkgrec_l05,active,2020,832,0.008730229088191606,1222.3,False,,,,,,,,,
bt_dkgrec_l05,active,2020,833,0.008713614937244712,1223.6,False,,,,,,,,,
bt_dkgrec_l05,active,2020,834,0.008737742762366546,1225.0,False,,,,,,,,,
bt_dkgrec_l05,active,2020,835,0.008797119637356758,1226.4,True,0.01816314520130627,0.03487231562792093,0.08974358974358974,0.1282051282051282,0.030939069413091786,0.03632572154665679,0.043898778888095125,0.0641590741483904,khong cai thien (10/50)
bt_dkgrec_l05,active,2020,836,0.00872838095456017,1228.1,False,,,,,,,,,
bt_dkgrec_l05,active,2020,837,0.008562927962007727,1229.5,False,,,,,,,,,
bt_dkgrec_l05,active,2020,838,0.008647964320768937,1230.9,False,,,,,,,,,
bt_dkgrec_l05,active,2020,839,0.00858321362448241,1232.3,False,,,,,,,,,
bt_dkgrec_l05,active,2020,840,0.0086825827233334,1233.7,True,0.018140066236628626,0.034849236663243285,0.09401709401709402,0.1282051282051282,0.03137972739685047,0.036175555526094146,0.04603553102484726,0.0641590741483904,khong cai thien (11/50)
bt_dkgrec_l05,active,2020,841,0.008622018743828473,1235.5,False,,,,,,,,,
bt_dkgrec_l05,active,2020,842,0.008663634550567087,1236.9,False,,,,,,,,,
bt_dkgrec_l05,active,2020,843,0.008651078286854045,1238.2,False,,,,,,,,,
bt_dkgrec_l05,active,2020,844,0.00861720999055496,1239.6,False,,,,,,,,,
bt_dkgrec_l05,active,2020,845,0.00861685676024802,1241.0,True,0.018105447789612157,0.034987710451309155,0.08547008547008547,0.1282051282051282,0.02943533899010835,0.03599363858445947,0.04176202675134299,0.06469326218257843,khong cai thien (12/50)
bt_dkgrec_l05,active,2020,846,0.008676921339801476,1242.9,False,,,,,,,,,
bt_dkgrec_l05,active,2020,847,0.008686745731766091,1244.3,False,,,,,,,,,
bt_dkgrec_l05,active,2020,848,0.008696793533912542,1245.7,False,,,,,,,,,
bt_dkgrec_l05,active,2020,849,0.008632844568175169,1247.1,False,,,,,,,,,
bt_dkgrec_l05,active,2020,850,0.00872997038726392,1248.4,True,0.018140066236628626,0.034791539251549174,0.0811965811965812,0.1282051282051282,0.02810965645515678,0.035511239523410176,0.03998139997071621,0.06469326218257843,khong cai thien (13/50)
bt_dkgrec_l05,active,2020,851,0.008569004981907316,1250.2,False,,,,,,,,,
bt_dkgrec_l05,active,2020,852,0.008699596946061268,1251.6,False,,,,,,,,,
bt_dkgrec_l05,active,2020,853,0.008620115243629971,1252.9,False,,,,,,,,,
bt_dkgrec_l05,active,2020,854,0.008622798007657285,1254.3,False,,,,,,,,,
bt_dkgrec_l05,active,2020,855,0.00862984334253045,1255.7,True,0.018290079507033315,0.03493001303961504,0.08974358974358974,0.13247863247863248,0.029638097527761885,0.03602843311248486,0.04283040281971905,0.0647364288924118,khong cai thien (14/50)
bt_dkgrec_l05,active,2020,856,0.008573321792780022,1257.6,False,,,,,,,,,
bt_dkgrec_l05,active,2020,857,0.008657493180582851,1259.0,False,,,,,,,,,
bt_dkgrec_l05,active,2020,858,0.008577464294332282,1260.4,False,,,,,,,,,
bt_dkgrec_l05,active,2020,859,0.008657041598448382,1261.7,False,,,,,,,,,
bt_dkgrec_l05,active,2020,860,0.008573534285737528,1263.1,True,0.01837085588340507,0.03503386838066444,0.08974358974358974,0.13247863247863248,0.027654899261352065,0.034257672404482443,0.04283040281971905,0.0647364288924118,khong cai thien (15/50)
bt_dkgrec_l05,active,2020,861,0.00865343505616436,1264.9,False,,,,,,,,,
bt_dkgrec_l05,active,2020,862,0.008610846033629419,1266.2,False,,,,,,,,,
bt_dkgrec_l05,active,2020,863,0.008664076735485561,1267.6,False,,,,,,,,,
bt_dkgrec_l05,active,2020,864,0.008600108103377137,1269.0,False,,,,,,,,,
bt_dkgrec_l05,active,2020,865,0.008633249384163839,1270.5,True,0.018278540024694492,0.03503386838066444,0.0811965811965812,0.1282051282051282,0.026238432546543802,0.03358872460073432,0.039838949828266065,0.06469326218257843,khong cai thien (16/50)
bt_dkgrec_l05,active,2020,866,0.008714069932377293,1272.3,False,,,,,,,,,
bt_dkgrec_l05,active,2020,867,0.00856923009125952,1273.7,False,,,,,,,,,
bt_dkgrec_l05,active,2020,868,0.008596708344258509,1275.1,False,,,,,,,,,
bt_dkgrec_l05,active,2020,869,0.008598627825813356,1276.4,False,,,,,,,,,
bt_dkgrec_l05,active,2020,870,0.008554532079011428,1277.8,True,0.018359316401066247,0.035183881651069136,0.0811965811965812,0.13247863247863248,0.026470639127009005,0.0344520677048906,0.039838949828266065,0.06789839038770663,khong cai thien (17/50)
bt_dkgrec_l05,active,2020,871,0.008519174109845196,1279.6,False,,,,,,,,,
bt_dkgrec_l05,active,2020,872,0.008663711189839402,1280.9,False,,,,,,,,,
bt_dkgrec_l05,active,2020,873,0.008432256259310008,1282.4,False,,,,,,,,,
bt_dkgrec_l05,active,2020,874,0.0084764029490393,1283.8,False,,,,,,,,,
bt_dkgrec_l05,active,2020,875,0.00858086047135047,1285.1,True,0.018209303130661558,0.035126184239375025,0.0811965811965812,0.13247863247863248,0.02720237444242823,0.0354332201635522,0.039838949828266065,0.06861064109995735,khong cai thien (18/50)
bt_dkgrec_l05,active,2020,876,0.008561897018850757,1286.9,False,,,,,,,,,
bt_dkgrec_l05,active,2020,877,0.008576970799095774,1288.3,False,,,,,,,,,
bt_dkgrec_l05,active,2020,878,0.008526150137130878,1289.7,False,,,,,,,,,
bt_dkgrec_l05,active,2020,879,0.008578030709288703,1291.0,False,,,,,,,,,
bt_dkgrec_l05,active,2020,880,0.008577016186326556,1292.4,True,0.01822084261300038,0.03508002631001973,0.09401709401709402,0.13675213675213677,0.02779947753422749,0.0357195624338135,0.043257753247069486,0.07288414537346162,khong cai thien (19/50)
bt_dkgrec_l05,active,2020,881,0.008533844688343738,1294.2,False,,,,,,,,,
bt_dkgrec_l05,active,2020,882,0.008623500796129939,1295.6,False,,,,,,,,,
bt_dkgrec_l05,active,2020,883,0.00850274358070887,1297.0,False,,,,,,,,,
bt_dkgrec_l05,active,2020,884,0.008518036201915375,1298.4,False,,,,,,,,,
bt_dkgrec_l05,active,2020,885,0.008556981536389039,1299.8,True,0.018440092777438005,0.035137723721713844,0.09401709401709402,0.1282051282051282,0.026973914244107864,0.033291408955057306,0.04264725263656888,0.06433713682645308,khong cai thien (20/50)
bt_dkgrec_l05,active,2020,886,0.008547882507846587,1301.6,False,,,,,,,,,
bt_dkgrec_l05,active,2020,887,0.008456030791394283,1302.9,False,,,,,,,,,
bt_dkgrec_l05,active,2020,888,0.008556914334884175,1304.3,False,,,,,,,,,
bt_dkgrec_l05,active,2020,889,0.008532300520591118,1305.7,False,,,,,,,,,
bt_dkgrec_l05,active,2020,890,0.008540407516487011,1307.0,True,0.018382395365743893,0.035345434403812645,0.09401709401709402,0.1282051282051282,0.02778723513739566,0.03373316476551102,0.04435665434597058,0.06433713682645308,khong cai thien (21/50)
bt_dkgrec_l05,active,2020,891,0.00843462662994644,1308.8,False,,,,,,,,,
bt_dkgrec_l05,active,2020,892,0.00854466703179392,1310.2,False,,,,,,,,,
bt_dkgrec_l05,active,2020,893,0.008510648670299062,1311.6,False,,,,,,,,,
bt_dkgrec_l05,active,2020,894,0.008558744710085964,1313.0,False,,,,,,,,,
bt_dkgrec_l05,active,2020,895,0.008518313038833429,1314.4,True,0.01852086915380976,0.035414671297845576,0.08974358974358974,0.13247863247863248,0.027758468876930308,0.034617134153768554,0.044287279276595516,0.06861064109995735,khong cai thien (22/50)
bt_dkgrec_l05,active,2020,896,0.008517135284748813,1316.2,False,,,,,,,,,
bt_dkgrec_l05,active,2020,897,0.008470423432365959,1317.6,False,,,,,,,,,
bt_dkgrec_l05,active,2020,898,0.008466761195517043,1319.0,False,,,,,,,,,
bt_dkgrec_l05,active,2020,899,0.00847089084624857,1320.4,False,,,,,,,,,
bt_dkgrec_l05,active,2020,900,0.008432550977636209,1321.7,True,0.01857856656550387,0.03528773699211853,0.08974358974358974,0.13247863247863248,0.030055008519659088,0.036883040271708696,0.044287279276595516,0.0689667664560827,khong cai thien (23/50)
bt_dkgrec_l05,active,2020,901,0.008445295262321519,1323.7,False,,,,,,,,,
bt_dkgrec_l05,active,2020,902,0.008476923706237992,1325.1,False,,,,,,,,,
bt_dkgrec_l05,active,2020,903,0.008478792738121984,1326.5,False,,,,,,,,,
bt_dkgrec_l05,active,2020,904,0.008469862299930915,1327.8,False,,,,,,,,,
bt_dkgrec_l05,active,2020,905,0.00833902633455893,1329.2,True,0.018497790189132116,0.03526465802744089,0.09401709401709402,0.13675213675213677,0.030346947185473257,0.03802285531642439,0.04535565534497158,0.07395252144183768,khong cai thien (24/50)
bt_dkgrec_l05,active,2020,906,0.00851607033287889,1331.0,False,,,,,,,,,
bt_dkgrec_l05,active,2020,907,0.008434050522235748,1332.3,False,,,,,,,,,
bt_dkgrec_l05,active,2020,908,0.008443822151055158,1333.7,False,,,,,,,,,
bt_dkgrec_l05,active,2020,909,0.008497782999051249,1335.1,False,,,,,,,,,
bt_dkgrec_l05,active,2020,910,0.008387046022188859,1336.5,True,0.01837085588340507,0.035564684568250265,0.10256410256410256,0.13675213675213677,0.03148805313766737,0.038454181804493004,0.046819006808323044,0.07324027072958697,best
bt_dkgrec_l05,active,2020,911,0.008476327738079376,1338.4,False,,,,,,,,,
bt_dkgrec_l05,active,2020,912,0.008481283209628274,1339.8,False,,,,,,,,,
bt_dkgrec_l05,active,2020,913,0.008435963822792405,1341.1,False,,,,,,,,,
bt_dkgrec_l05,active,2020,914,0.00845138738746371,1342.5,False,,,,,,,,,
bt_dkgrec_l05,active,2020,915,0.008471835416220605,1343.9,True,0.018359316401066247,0.03551852663889498,0.09401709401709402,0.13675213675213677,0.030460024766905715,0.038039455530013457,0.04551591175522799,0.07324027072958697,khong cai thien (1/50)
bt_dkgrec_l05,active,2020,916,0.008414472621460589,1345.7,False,,,,,,,,,
bt_dkgrec_l05,active,2020,917,0.008443430811078487,1347.0,False,,,,,,,,,
bt_dkgrec_l05,active,2020,918,0.008509285879921282,1348.4,False,,,,,,,,,
bt_dkgrec_l05,active,2020,919,0.008449267125131348,1349.8,False,,,,,,,,,
bt_dkgrec_l05,active,2020,920,0.00844516982096285,1351.2,True,0.01841701381276036,0.03538005285082911,0.09829059829059829,0.13675213675213677,0.02865738091908706,0.0359510487867373,0.04622816246747871,0.07324027072958697,khong cai thien (2/50)
bt_dkgrec_l05,active,2020,921,0.008373527693336758,1353.1,False,,,,,,,,,
bt_dkgrec_l05,active,2020,922,0.008445680323332828,1354.5,False,,,,,,,,,
bt_dkgrec_l05,active,2020,923,0.008359046213964274,1355.8,False,,,,,,,,,
bt_dkgrec_l05,active,2020,924,0.008345046429336247,1357.2,False,,,,,,,,,
bt_dkgrec_l05,active,2020,925,0.008408888311956726,1358.6,True,0.018440092777438005,0.03538005285082911,0.10683760683760683,0.13675213675213677,0.030638503098643258,0.03658118772553875,0.0519261681654844,0.0736676211569374,khong cai thien (3/50)
bt_dkgrec_l05,active,2020,926,0.008383332721714529,1360.4,False,,,,,,,,,
bt_dkgrec_l05,active,2020,927,0.008357967217295308,1361.7,False,,,,,,,,,
bt_dkgrec_l05,active,2020,928,0.008391777775144169,1363.1,False,,,,,,,,,
bt_dkgrec_l05,active,2020,929,0.008405517663560463,1364.5,False,,,,,,,,,
bt_dkgrec_l05,active,2020,930,0.008355729889144273,1365.9,True,0.01842855329509918,0.035564684568250265,0.09829059829059829,0.13675213675213677,0.02954097488712156,0.0372064968818359,0.0472253134646297,0.07437987186918811,khong cai thien (4/50)
bt_dkgrec_l05,active,2020,931,0.008372310265767468,1367.7,False,,,,,,,,,
bt_dkgrec_l05,active,2020,932,0.008506989766761428,1369.1,False,,,,,,,,,
bt_dkgrec_l05,active,2020,933,0.008435777456025285,1370.5,False,,,,,,,,,
bt_dkgrec_l05,active,2020,934,0.008426368465891955,1371.8,False,,,,,,,,,
bt_dkgrec_l05,active,2020,935,0.008401153334105554,1373.2,True,0.01852086915380976,0.03566853990929967,0.09829059829059829,0.13247863247863248,0.0306435175980409,0.03663743824004338,0.05007431631363255,0.07010636759568382,khong cai thien (5/50)
bt_dkgrec_l05,active,2020,936,0.008369711536310675,1374.9,False,,,,,,,,,
bt_dkgrec_l05,active,2020,937,0.008376669860798524,1376.4,False,,,,,,,,,
bt_dkgrec_l05,active,2020,938,0.008463526739819819,1377.8,False,,,,,,,,,
bt_dkgrec_l05,active,2020,939,0.008304713619498678,1379.2,False,,,,,,,,,
bt_dkgrec_l05,active,2020,940,0.008316931198978667,1380.5,True,0.01847471122445447,0.03564546094462202,0.09829059829059829,0.13247863247863248,0.030483576931495872,0.036418634863665325,0.05007431631363255,0.07010636759568382,khong cai thien (6/50)
bt_dkgrec_l05,active,2020,941,0.008304585498047393,1382.3,False,,,,,,,,,
bt_dkgrec_l05,active,2020,942,0.008286288607151939,1383.7,False,,,,,,,,,
bt_dkgrec_l05,active,2020,943,0.008290198363853082,1385.0,False,,,,,,,,,
bt_dkgrec_l05,active,2020,944,0.008327107688770357,1386.4,False,,,,,,,,,
bt_dkgrec_l05,active,2020,945,0.00833167426665284,1387.8,True,0.018486250706793293,0.035541605603572626,0.10256410256410256,0.13675213675213677,0.03285192227099074,0.03924927466475241,0.05149881773813397,0.07437987186918811,best
bt_dkgrec_l05,active,2020,946,0.008376891878640144,1389.6,False,,,,,,,,,
bt_dkgrec_l05,active,2020,947,0.008391632771009168,1391.0,False,,,,,,,,,
bt_dkgrec_l05,active,2020,948,0.008393903069240946,1392.4,False,,,,,,,,,
bt_dkgrec_l05,active,2020,949,0.00835840607673693,1393.8,False,,,,,,,,,
bt_dkgrec_l05,active,2020,950,0.008334971624848886,1395.2,True,0.018543948118487405,0.03559930301526674,0.1111111111111111,0.13675213675213677,0.031671403421743106,0.037484413885924925,0.05219326218257842,0.07437987186918811,khong cai thien (1/50)
bt_dkgrec_l05,active,2020,951,0.008288390121268098,1397.0,False,,,,,,,,,
bt_dkgrec_l05,active,2020,952,0.008327967046138288,1398.3,False,,,,,,,,,
bt_dkgrec_l05,active,2020,953,0.00830766418624174,1399.7,False,,,,,,,,,
bt_dkgrec_l05,active,2020,954,0.008405496838686731,1401.0,False,,,,,,,,,
bt_dkgrec_l05,active,2020,955,0.008268622689204223,1402.4,True,0.018567027083165048,0.035714697838654955,0.10683760683760683,0.13675213675213677,0.029854426463407996,0.036070165499768776,0.0519261681654844,0.07437987186918811,khong cai thien (2/50)
bt_dkgrec_l05,active,2020,956,0.008328510312742095,1404.4,False,,,,,,,,,
bt_dkgrec_l05,active,2020,957,0.00829353929503904,1405.8,False,,,,,,,,,
bt_dkgrec_l05,active,2020,958,0.008303904961786155,1407.1,False,,,,,,,,,
bt_dkgrec_l05,active,2020,959,0.008367119817860374,1408.5,False,,,,,,,,,
bt_dkgrec_l05,active,2020,960,0.008321464121322873,1409.8,True,0.018601645530181517,0.03581855317970436,0.10683760683760683,0.13675213675213677,0.03415541438374237,0.040401373561757305,0.0519261681654844,0.07437987186918811,best
bt_dkgrec_l05,active,2020,961,0.00828067349715298,1411.6,False,,,,,,,,,
bt_dkgrec_l05,active,2020,962,0.00832918239811671,1413.0,False,,,,,,,,,
bt_dkgrec_l05,active,2020,963,0.008322642920108625,1414.3,False,,,,,,,,,
bt_dkgrec_l05,active,2020,964,0.008305609904493584,1415.7,False,,,,,,,,,
bt_dkgrec_l05,active,2020,965,0.008360877897920622,1417.1,True,0.01861318501252034,0.03578393473268789,0.10256410256410256,0.13247863247863248,0.03330015069333673,0.03967070202735488,0.051871379649157424,0.07432508335286113,khong cai thien (1/50)
bt_dkgrec_l05,active,2020,966,0.008288415973069493,1419.0,False,,,,,,,,,
bt_dkgrec_l05,active,2020,967,0.008282150484421286,1420.3,False,,,,,,,,,
bt_dkgrec_l05,active,2020,968,0.008313725930343532,1421.7,False,,,,,,,,,
bt_dkgrec_l05,active,2020,969,0.008277997499738376,1423.1,False,,,,,,,,,
bt_dkgrec_l05,active,2020,970,0.008295465535739977,1424.4,True,0.01852086915380976,0.03579547421502671,0.09829059829059829,0.13675213675213677,0.031009905297613865,0.03874057053516155,0.04759787537565316,0.07437987186918811,khong cai thien (2/50)
bt_dkgrec_l05,active,2020,971,0.008285932836484794,1426.2,False,,,,,,,,,
bt_dkgrec_l05,active,2020,972,0.008300574432480811,1427.5,False,,,,,,,,,
bt_dkgrec_l05,active,2020,973,0.008272903555799772,1428.9,False,,,,,,,,,
bt_dkgrec_l05,active,2020,974,0.008259550204798816,1430.3,False,,,,,,,,,
bt_dkgrec_l05,active,2020,975,0.00826303782391553,1431.7,True,0.018636263977197982,0.03580701369736554,0.09829059829059829,0.14102564102564102,0.031398117629100004,0.03838778768598309,0.04930727708505486,0.07359639608571232,khong cai thien (3/50)
bt_dkgrec_l05,active,2020,976,0.00824664835061795,1433.4,False,,,,,,,,,
bt_dkgrec_l05,active,2020,977,0.00824989865538734,1434.8,False,,,,,,,,,
bt_dkgrec_l05,active,2020,978,0.008277237044631115,1436.1,False,,,,,,,,,
bt_dkgrec_l05,active,2020,979,0.008274418998427477,1437.5,False,,,,,,,,,
bt_dkgrec_l05,active,2020,980,0.008207720345372175,1438.9,True,0.01861318501252034,0.03580701369736554,0.10256410256410256,0.13247863247863248,0.03501782183533234,0.04180735749352782,0.04957437110214888,0.0736840577118355,best
bt_dkgrec_l05,active,2020,981,0.008249060321475734,1440.6,False,,,,,,,,,
bt_dkgrec_l05,active,2020,982,0.008245029324086984,1442.0,False,,,,,,,,,
bt_dkgrec_l05,active,2020,983,0.008219424331045166,1443.4,False,,,,,,,,,
bt_dkgrec_l05,active,2020,984,0.008334976309286863,1444.8,False,,,,,,,,,
bt_dkgrec_l05,active,2020,985,0.008206667515371488,1446.1,True,0.01857856656550387,0.035841632144382005,0.10256410256410256,0.13675213675213677,0.036143702933009905,0.04278421014914423,0.053135624663402437,0.07480866409959978,best
bt_dkgrec_l05,active,2020,986,0.008242849066804383,1447.9,False,,,,,,,,,
bt_dkgrec_l05,active,2020,987,0.008165137712974271,1449.3,False,,,,,,,,,
bt_dkgrec_l05,active,2020,988,0.008181197731421423,1450.6,False,,,,,,,,,
bt_dkgrec_l05,active,2020,989,0.008281258166020829,1452.0,False,,,,,,,,,
bt_dkgrec_l05,active,2020,990,0.008216070527668502,1453.3,True,0.01861318501252034,0.035910869038414936,0.1111111111111111,0.13675213675213677,0.03656117556214956,0.04135775724180985,0.06015129417907195,0.07480866409959978,khong cai thien (1/50)
bt_dkgrec_l05,active,2020,991,0.008171659974305448,1455.1,False,,,,,,,,,
bt_dkgrec_l05,active,2020,992,0.00821838391444282,1456.5,False,,,,,,,,,
bt_dkgrec_l05,active,2020,993,0.00827554729365767,1457.9,False,,,,,,,,,
bt_dkgrec_l05,active,2020,994,0.008192672208304648,1459.3,False,,,,,,,,,
bt_dkgrec_l05,active,2020,995,0.008223608819648403,1460.6,True,0.018740119318247383,0.035910869038414936,0.11538461538461539,0.13247863247863248,0.0347225853725062,0.03890064989625467,0.06047180699958478,0.07432508335286113,khong cai thien (2/50)
bt_dkgrec_l05,active,2020,996,0.008234724817284699,1462.4,False,,,,,,,,,
bt_dkgrec_l05,active,2020,997,0.008214290174351895,1463.8,False,,,,,,,,,
bt_dkgrec_l05,active,2020,998,0.008260338583454686,1465.1,False,,,,,,,,,
bt_dkgrec_l05,active,2020,999,0.008281535905388087,1466.5,False,,,,,,,,,
bt_dkgrec_l05,active,2020,1000,0.008225518662811841,1467.8,True,0.01868242190655327,0.03601472437946434,0.10683760683760683,0.13247863247863248,0.03192200513256548,0.03859111480775483,0.051924798452576235,0.07471358374136151,khong cai thien (3/50)
