model,cohort,seed,epoch,loss,seconds,evaluated,valid_coverage@10,valid_coverage@20,valid_hit_rate@10,valid_hit_rate@20,valid_ndcg@10,valid_ndcg@20,valid_recall@10,valid_recall@20,note
static_kg_gcn,active,2020,1,0.6875167210466812,1.7,False,,,,,,,,,
static_kg_gcn,active,2020,2,0.6789713214623632,3.1,False,,,,,,,,,
static_kg_gcn,active,2020,3,0.6598033738624512,4.4,False,,,,,,,,,
static_kg_gcn,active,2020,4,0.6231849440896787,5.8,False,,,,,,,,,
static_kg_gcn,active,2020,5,0.5694789536292466,7.1,True,0.0037618712424560634,0.0070621631913592355,0.021367521367521368,0.042735042735042736,0.004134162208347996,0.0071025521035295615,0.008145363408521303,0.017034938537412673,best
static_kg_gcn,active,2020,6,0.5081711541128978,9.1,False,,,,,,,,,
static_kg_gcn,active,2020,7,0.4485179453253127,10.5,False,,,,,,,,,
static_kg_gcn,active,2020,8,0.39683454076754315,11.9,False,,,,,,,,,
static_kg_gcn,active,2020,9,0.35274002518476094,13.2,False,,,,,,,,,
static_kg_gcn,active,2020,10,0.3161492750476184,14.6,True,0.004188832088992488,0.007419887143862726,0.029914529914529916,0.05128205128205128,0.006608412181272474,0.009226024465955796,0.012462034391858954,0.02218983231410132,best
static_kg_gcn,active,2020,11,0.2836947481495842,16.4,False,,,,,,,,,
static_kg_gcn,active,2020,12,0.25885919723316586,17.7,False,,,,,,,,,
static_kg_gcn,active,2020,13,0.23439795391454282,19.1,False,,,,,,,,,
static_kg_gcn,active,2020,14,0.21441389600883545,20.5,False,,,,,,,,,
static_kg_gcn,active,2020,15,0.1975452637805308,21.9,True,0.004881201029321824,0.008770006577504933,0.03418803418803419,0.05982905982905983,0.00802440898385847,0.010476814177037864,0.016735538665363224,0.02438137296718043,best
static_kg_gcn,active,2020,16,0.18106376433031873,23.9,False,,,,,,,,,
static_kg_gcn,active,2020,17,0.16803344393465744,25.2,False,,,,,,,,,
static_kg_gcn,active,2020,18,0.15530629330780624,26.6,False,,,,,,,,,
static_kg_gcn,active,2020,19,0.1441508003460641,28.0,False,,,,,,,,,
static_kg_gcn,active,2020,20,0.13546534990413842,29.4,True,0.0055389515226346945,0.010281678763890651,0.029914529914529916,0.0641025641025641,0.008549510522381164,0.012959765533268332,0.015667162596987156,0.030736840861109862,best
static_kg_gcn,active,2020,21,0.12756331027703452,31.2,False,,,,,,,,,
static_kg_gcn,active,2020,22,0.12044169468837304,32.6,False,,,,,,,,,
static_kg_gcn,active,2020,23,0.1127126827175149,34.0,False,,,,,,,,,
static_kg_gcn,active,2020,24,0.10681358529155668,35.4,False,,,,,,,,,
static_kg_gcn,active,2020,25,0.10148912862507324,36.8,True,0.006162083568931098,0.011343311139062302,0.038461538461538464,0.0641025641025641,0.010044700643142652,0.013726850585909727,0.01744778937761394,0.030736840861109862,best
static_kg_gcn,active,2020,26,0.09662211330152584,38.8,False,,,,,,,,,
static_kg_gcn,active,2020,27,0.09168932526454487,40.1,False,,,,,,,,,
static_kg_gcn,active,2020,28,0.0882757525307051,41.5,False,,,,,,,,,
static_kg_gcn,active,2020,29,0.08447700628989427,42.9,False,,,,,,,,,
static_kg_gcn,active,2020,30,0.07984566568424369,44.3,True,0.006785215615227501,0.012404943514233952,0.042735042735042736,0.0641025641025641,0.010408888122921818,0.013307725172709875,0.017606067313669656,0.02898427244187478,khong cai thien (1/50)
static_kg_gcn,active,2020,31,0.0782549524856441,46.1,False,,,,,,,,,
static_kg_gcn,active,2020,32,0.07447352277785549,47.5,False,,,,,,,,,
static_kg_gcn,active,2020,33,0.07137858001576511,48.9,False,,,,,,,,,
static_kg_gcn,active,2020,34,0.06890535908365078,50.3,False,,,,,,,,,
static_kg_gcn,active,2020,35,0.0671246877148939,51.7,True,0.007200636979425103,0.0133627205483562,0.042735042735042736,0.05982905982905983,0.010879829426799706,0.013159095042242195,0.019699652740588415,0.028941105732041405,khong cai thien (2/50)
static_kg_gcn,active,2020,36,0.06484404168700096,53.5,False,,,,,,,,,
static_kg_gcn,active,2020,37,0.06262636784007958,54.9,False,,,,,,,,,
static_kg_gcn,active,2020,38,0.061244229650687404,56.3,False,,,,,,,,,
static_kg_gcn,active,2020,39,0.05934929314512537,57.7,False,,,,,,,,,
static_kg_gcn,active,2020,40,0.0573731441955516,59.0,True,0.00748912403789566,0.014158944829734938,0.042735042735042736,0.05982905982905983,0.011377914606586274,0.013637000261264659,0.019699652740588415,0.028941105732041405,khong cai thien (3/50)
static_kg_gcn,active,2020,41,0.055747372514245934,60.8,False,,,,,,,,,
static_kg_gcn,active,2020,42,0.05372529860746074,62.2,False,,,,,,,,,
static_kg_gcn,active,2020,43,0.051793376500796365,63.7,False,,,,,,,,,
static_kg_gcn,active,2020,44,0.05110895895404284,65.1,False,,,,,,,,,
static_kg_gcn,active,2020,45,0.04949783977917137,66.4,True,0.007777611096366217,0.014885932217080742,0.038461538461538464,0.05555555555555555,0.011159979971223456,0.013507624297494778,0.0196434224212002,0.028884875412653194,khong cai thien (4/50)
static_kg_gcn,active,2020,46,0.048603851266433504,68.2,False,,,,,,,,,
static_kg_gcn,active,2020,47,0.047648007937433484,69.6,False,,,,,,,,,
static_kg_gcn,active,2020,48,0.046842031702271254,70.9,False,,,,,,,,,
static_kg_gcn,active,2020,49,0.04496795185233532,72.3,False,,,,,,,,,
static_kg_gcn,active,2020,50,0.04448864819223285,73.7,True,0.008193032460563819,0.0153821299576501,0.038461538461538464,0.05982905982905983,0.011158128599850261,0.013668047314770107,0.0196434224212002,0.02893966392898017,khong cai thien (5/50)
static_kg_gcn,active,2020,51,0.04372589792244485,75.5,False,,,,,,,,,
static_kg_gcn,active,2020,52,0.042746017463483936,76.9,False,,,,,,,,,
static_kg_gcn,active,2020,53,0.041324561860847334,78.3,False,,,,,,,,,
static_kg_gcn,active,2020,54,0.04067606064006288,79.6,False,,,,,,,,,
static_kg_gcn,active,2020,55,0.039454413613702506,81.0,True,0.008435361589679087,0.016166814756690014,0.042735042735042736,0.05982905982905983,0.011495215381809408,0.01373081258163913,0.019698210937527178,0.02893966392898017,best
static_kg_gcn,active,2020,56,0.038746052141410595,82.8,False,,,,,,,,,
static_kg_gcn,active,2020,57,0.03877869631232723,84.2,False,,,,,,,,,
static_kg_gcn,active,2020,58,0.037427283884767897,85.5,False,,,,,,,,,
static_kg_gcn,active,2020,59,0.037108266522477784,86.9,False,,,,,,,,,
static_kg_gcn,active,2020,60,0.03563307059768739,88.3,True,0.008827703989199045,0.01674378887363113,0.042735042735042736,0.05982905982905983,0.011703635400926154,0.014100920712735129,0.019698210937527178,0.02899445244530715,best
static_kg_gcn,active,2020,61,0.035357492597208086,90.3,False,,,,,,,,,
static_kg_gcn,active,2020,62,0.034974083896879456,91.7,False,,,,,,,,,
static_kg_gcn,active,2020,63,0.03372669196864649,93.0,False,,,,,,,,,
static_kg_gcn,active,2020,64,0.03369365051572353,94.4,False,,,,,,,,,
static_kg_gcn,active,2020,65,0.03317180780402911,95.7,True,0.009070033118314313,0.017216907649522842,0.042735042735042736,0.05982905982905983,0.011920673565354372,0.013986022905722397,0.019752999453854152,0.02899445244530715,khong cai thien (1/50)
static_kg_gcn,active,2020,66,0.0329244657513065,97.5,False,,,,,,,,,
static_kg_gcn,active,2020,67,0.031831252339497844,98.9,False,,,,,,,,,
static_kg_gcn,active,2020,68,0.03158223765228626,100.2,False,,,,,,,,,
static_kg_gcn,active,2020,69,0.0305828665646717,101.6,False,,,,,,,,,
static_kg_gcn,active,2020,70,0.0300199426273643,103.0,True,0.009370059659123691,0.01765540797839809,0.042735042735042736,0.05982905982905983,0.01223025726705041,0.014532459430578563,0.019752999453854152,0.029706703157557857,best
static_kg_gcn,active,2020,71,0.029897266198855573,105.0,False,,,,,,,,,
static_kg_gcn,active,2020,72,0.02968330193584703,106.4,False,,,,,,,,,
static_kg_gcn,active,2020,73,0.028718913050762688,107.7,False,,,,,,,,,
static_kg_gcn,active,2020,74,0.02849320687488378,109.1,False,,,,,,,,,
static_kg_gcn,active,2020,75,0.027906223590714183,110.4,True,0.009404678106140159,0.018047750377918045,0.042735042735042736,0.05982905982905983,0.012073496749744084,0.014415445309203564,0.019752999453854152,0.029706703157557857,khong cai thien (1/50)
static_kg_gcn,active,2020,76,0.02820378435732861,112.2,False,,,,,,,,,
static_kg_gcn,active,2020,77,0.027002208804919624,113.6,False,,,,,,,,,
static_kg_gcn,active,2020,78,0.026694044691033866,115.0,False,,,,,,,,,
static_kg_gcn,active,2020,79,0.02712286215822318,116.4,False,,,,,,,,,
static_kg_gcn,active,2020,80,0.02663234050520513,117.8,True,0.009600849305900137,0.01840547433042154,0.042735042735042736,0.05555555555555555,0.012249881176892833,0.013556328278505971,0.019752999453854152,0.025433198884053584,khong cai thien (2/50)
static_kg_gcn,active,2020,81,0.025840629012274463,119.7,False,,,,,,,,,
static_kg_gcn,active,2020,82,0.02577502643627169,121.0,False,,,,,,,,,
static_kg_gcn,active,2020,83,0.02526064996311199,122.4,False,,,,,,,,,
static_kg_gcn,active,2020,84,0.02451265864745858,123.7,False,,,,,,,,,
static_kg_gcn,active,2020,85,0.024377132699540015,125.1,True,0.009750862576304828,0.018797816729941495,0.042735042735042736,0.05982905982905983,0.012900636471295563,0.015277109528358644,0.019752999453854152,0.029706703157557857,best
static_kg_gcn,active,2020,86,0.024743459754892547,126.9,False,,,,,,,,,
static_kg_gcn,active,2020,87,0.02376222198088315,128.3,False,,,,,,,,,
static_kg_gcn,active,2020,88,0.023675281090941754,129.7,False,,,,,,,,,
static_kg_gcn,active,2020,89,0.02318957956335187,131.1,False,,,,,,,,,
static_kg_gcn,active,2020,90,0.023396497547088897,132.5,True,0.009923954811387161,0.01917861964712263,0.042735042735042736,0.05982905982905983,0.012364214610207301,0.014792295370823664,0.019752999453854152,0.029706703157557857,khong cai thien (1/50)
static_kg_gcn,active,2020,91,0.023125064004047763,134.3,False,,,,,,,,,
static_kg_gcn,active,2020,92,0.022926633470112784,135.7,False,,,,,,,,,
static_kg_gcn,active,2020,93,0.022174357275770825,137.0,False,,,,,,,,,
static_kg_gcn,active,2020,94,0.022354292123325452,138.4,False,,,,,,,,,
static_kg_gcn,active,2020,95,0.021728653705226784,139.8,True,0.010189362905180074,0.019663277905353167,0.042735042735042736,0.05982905982905983,0.011787960128204938,0.014221972339998326,0.019752999453854152,0.029706703157557857,khong cai thien (2/50)
static_kg_gcn,active,2020,96,0.02196632632255049,141.6,False,,,,,,,,,
static_kg_gcn,active,2020,97,0.021517925370678134,143.0,False,,,,,,,,,
static_kg_gcn,active,2020,98,0.021345850021438288,144.4,False,,,,,,,,,
static_kg_gcn,active,2020,99,0.020964288122832665,145.8,False,,,,,,,,,
static_kg_gcn,active,2020,100,0.020861499920457684,147.2,True,0.010362455140262407,0.019951764963823723,0.042735042735042736,0.0641025641025641,0.011763466745680006,0.01455632709884879,0.019752999453854152,0.03025348148211396,khong cai thien (3/50)
static_kg_gcn,active,2020,101,0.020561694725803558,149.0,False,,,,,,,,,
static_kg_gcn,active,2020,102,0.020326181197130075,150.3,False,,,,,,,,,
static_kg_gcn,active,2020,103,0.019800173460151938,151.7,False,,,,,,,,,
static_kg_gcn,active,2020,104,0.019895107233787793,153.1,False,,,,,,,,,
static_kg_gcn,active,2020,105,0.019641801871806464,154.5,True,0.010535547375344742,0.020297949433988393,0.04700854700854701,0.0641025641025641,0.01322469621872166,0.014909008655652277,0.024026503727358428,0.03025348148211396,khong cai thien (4/50)
static_kg_gcn,active,2020,106,0.01967631873455529,156.3,False,,,,,,,,,
static_kg_gcn,active,2020,107,0.019374552150172978,157.7,False,,,,,,,,,
static_kg_gcn,active,2020,108,0.019053158380100164,159.1,False,,,,,,,,,
static_kg_gcn,active,2020,109,0.01935841355804792,160.5,False,,,,,,,,,
static_kg_gcn,active,2020,110,0.018978926982798378,161.9,True,0.010685560645749432,0.020517199598426013,0.04700854700854701,0.06837606837606838,0.013368022828842344,0.016180535893072456,0.024026503727358428,0.03452698575561824,best
static_kg_gcn,active,2020,111,0.018726852157338696,163.7,False,,,,,,,,,
static_kg_gcn,active,2020,112,0.018447643440942182,165.0,False,,,,,,,,,
static_kg_gcn,active,2020,113,0.018261810752826773,166.4,False,,,,,,,,,
static_kg_gcn,active,2020,114,0.018030297258271006,167.7,False,,,,,,,,,
static_kg_gcn,active,2020,115,0.017866582856865466,169.1,True,0.01073171857510472,0.02079414717455775,0.04700854700854701,0.07264957264957266,0.01283080303017435,0.01616757216515105,0.024026503727358428,0.036505459956314656,khong cai thien (1/50)
static_kg_gcn,active,2020,116,0.018077101610492516,171.1,False,,,,,,,,,
static_kg_gcn,active,2020,117,0.01760921466934732,172.5,False,,,,,,,,,
static_kg_gcn,active,2020,118,0.01749732030034377,173.9,False,,,,,,,,,
static_kg_gcn,active,2020,119,0.017430867918137468,175.2,False,,,,,,,,,
static_kg_gcn,active,2020,120,0.017402975258850033,176.6,True,0.010950968739542344,0.021244186985771817,0.04700854700854701,0.07692307692307693,0.013022236247320636,0.017330203900233564,0.024026503727358428,0.04077896422981893,best
static_kg_gcn,active,2020,121,0.017256489725023673,178.4,False,,,,,,,,,
static_kg_gcn,active,2020,122,0.017328909603642608,179.7,False,,,,,,,,,
static_kg_gcn,active,2020,123,0.016702428384682572,181.1,False,,,,,,,,,
static_kg_gcn,active,2020,124,0.016661988795726095,182.5,False,,,,,,,,,
static_kg_gcn,active,2020,125,0.016718740247017715,183.9,True,0.011216376833335257,0.021440358185531798,0.05128205128205128,0.0811965811965812,0.014931492651621294,0.018359111877579253,0.0283000080008627,0.04131315226400696,best
static_kg_gcn,active,2020,126,0.01649362020213951,185.9,False,,,,,,,,,
static_kg_gcn,active,2020,127,0.016421789249831523,187.2,False,,,,,,,,,
static_kg_gcn,active,2020,128,0.016160902840769223,188.6,False,,,,,,,,,
static_kg_gcn,active,2020,129,0.01590441445833661,190.0,False,,,,,,,,,
static_kg_gcn,active,2020,130,0.01585567431993248,191.3,True,0.011331771656723479,0.021763463691018822,0.05128205128205128,0.0811965811965812,0.014890273648510484,0.01845240651940563,0.0283000080008627,0.04131315226400696,best
static_kg_gcn,active,2020,131,0.015842198463866076,193.1,False,,,,,,,,,
static_kg_gcn,active,2020,132,0.015752560154729946,194.5,False,,,,,,,,,
static_kg_gcn,active,2020,133,0.015619543250020103,195.9,False,,,,,,,,,
static_kg_gcn,active,2020,134,0.015743316976888216,197.3,False,,,,,,,,,
static_kg_gcn,active,2020,135,0.015500376226911554,198.7,True,0.01143562699777288,0.021948095408439977,0.05128205128205128,0.0811965811965812,0.015044274324096947,0.018565909791808406,0.0283000080008627,0.04131315226400696,best
static_kg_gcn,active,2020,136,0.014797854733788482,200.5,False,,,,,,,,,
static_kg_gcn,active,2020,137,0.015323423927975775,201.9,False,,,,,,,,,
static_kg_gcn,active,2020,138,0.015056365471504593,203.3,False,,,,,,,,,
static_kg_gcn,active,2020,139,0.015302802417368819,204.6,False,,,,,,,,,
static_kg_gcn,active,2020,140,0.014622882300890847,206.0,True,0.011597179750516391,0.022271200913927,0.05128205128205128,0.08547008547008547,0.014454935680798685,0.01830609718219775,0.0283000080008627,0.04202540297625768,khong cai thien (1/50)
static_kg_gcn,active,2020,141,0.014882911024923581,207.8,False,,,,,,,,,
static_kg_gcn,active,2020,142,0.014477364331753374,209.2,False,,,,,,,,,
static_kg_gcn,active,2020,143,0.014651998051507806,210.6,False,,,,,,,,,
static_kg_gcn,active,2020,144,0.014598364495305188,212.0,False,,,,,,,,,
static_kg_gcn,active,2020,145,0.014362381885964717,213.4,True,0.011666416644549326,0.022686622278124603,0.05128205128205128,0.08547008547008547,0.014281605241102452,0.018157961359064095,0.0283000080008627,0.04202540297625768,khong cai thien (2/50)
static_kg_gcn,active,2020,146,0.014325316079746986,215.2,False,,,,,,,,,
static_kg_gcn,active,2020,147,0.014104069632581543,216.6,False,,,,,,,,,
static_kg_gcn,active,2020,148,0.014296515754335336,218.0,False,,,,,,,,,
static_kg_gcn,active,2020,149,0.013942655268227138,219.3,False,,,,,,,,,
static_kg_gcn,active,2020,150,0.014093091349877894,220.7,True,0.01183950887963166,0.022790477619174004,0.05982905982905983,0.08974358974358974,0.014897613048015823,0.01835119734627075,0.02954644674730145,0.04241390336475807,khong cai thien (3/50)
static_kg_gcn,active,2020,151,0.013821708335348473,222.5,False,,,,,,,,,
static_kg_gcn,active,2020,152,0.013975737661182715,223.9,False,,,,,,,,,
static_kg_gcn,active,2020,153,0.01361073314722365,225.4,False,,,,,,,,,
static_kg_gcn,active,2020,154,0.013497103134198532,226.8,False,,,,,,,,,
static_kg_gcn,active,2020,155,0.01366531514404856,228.1,True,0.011989522150036349,0.023367451736115118,0.05982905982905983,0.09401709401709402,0.015585969861320357,0.019463406183193414,0.02954644674730145,0.043838404789259496,best
static_kg_gcn,active,2020,156,0.013530159110023119,229.9,False,,,,,,,,,
static_kg_gcn,active,2020,157,0.013613835699940584,231.3,False,,,,,,,,,
static_kg_gcn,active,2020,158,0.01338593399076059,232.7,False,,,,,,,,,
static_kg_gcn,active,2020,159,0.013298416245196211,234.0,False,,,,,,,,,
static_kg_gcn,active,2020,160,0.012955587736829553,235.4,True,0.012185693349796328,0.023540543971197453,0.05982905982905983,0.10256410256410256,0.015560515772432821,0.020250429625629843,0.02954644674730145,0.045797094247948957,best
static_kg_gcn,active,2020,161,0.013122284698697542,237.3,False,,,,,,,,,
static_kg_gcn,active,2020,162,0.013095171587853126,238.7,False,,,,,,,,,
static_kg_gcn,active,2020,163,0.012932847126071052,240.1,False,,,,,,,,,
static_kg_gcn,active,2020,164,0.013082132160421436,241.4,False,,,,,,,,,
static_kg_gcn,active,2020,165,0.012744029687861704,242.8,True,0.01224339076149044,0.02367901775926332,0.05982905982905983,0.09829059829059829,0.015177589370016382,0.019793091505983088,0.02954644674730145,0.0456514066022613,khong cai thien (1/50)
static_kg_gcn,active,2020,166,0.012646796947457285,244.6,False,,,,,,,,,
static_kg_gcn,active,2020,167,0.012796841188077213,246.0,False,,,,,,,,,
static_kg_gcn,active,2020,168,0.012590309455320635,247.3,False,,,,,,,,,
static_kg_gcn,active,2020,169,0.01256839877641438,248.7,False,,,,,,,,,
static_kg_gcn,active,2020,170,0.012683475787499296,250.1,True,0.012358785584878662,0.02388672844136212,0.05982905982905983,0.09829059829059829,0.015326232302765794,0.019689218913846302,0.02954644674730145,0.04526290621376092,khong cai thien (2/50)
static_kg_gcn,active,2020,171,0.012331384082260123,252.0,False,,,,,,,,,
static_kg_gcn,active,2020,172,0.012310324349375144,253.4,False,,,,,,,,,
static_kg_gcn,active,2020,173,0.01227273483313228,254.8,False,,,,,,,,,
static_kg_gcn,active,2020,174,0.012102660636998953,256.1,False,,,,,,,,,
static_kg_gcn,active,2020,175,0.012234120110319782,257.5,True,0.01249725937294453,0.023909807406039766,0.05982905982905983,0.09829059829059829,0.015955804306878325,0.020397934569530464,0.02954644674730145,0.04526290621376092,best
static_kg_gcn,active,2020,176,0.012234616264518012,259.3,False,,,,,,,,,
static_kg_gcn,active,2020,177,0.012134870970141893,260.6,False,,,,,,,,,
static_kg_gcn,active,2020,178,0.011951431430903032,262.0,False,,,,,,,,,
static_kg_gcn,active,2020,179,0.011920830597236842,263.4,False,,,,,,,,,
static_kg_gcn,active,2020,180,0.012142135821135297,264.8,True,0.012566496266977463,0.024209833946849144,0.05982905982905983,0.09829059829059829,0.01584043440918028,0.020339215137618497,0.02954644674730145,0.04526290621376092,khong cai thien (1/50)
static_kg_gcn,active,2020,181,0.011915573866844092,266.8,False,,,,,,,,,
static_kg_gcn,active,2020,182,0.01179171285488903,268.1,False,,,,,,,,,
static_kg_gcn,active,2020,183,0.011910816488072098,269.5,False,,,,,,,,,
static_kg_gcn,active,2020,184,0.01153173552159679,270.9,False,,,,,,,,,
static_kg_gcn,active,2020,185,0.011919664558568976,272.3,True,0.012647272643349219,0.02424445239386561,0.05982905982905983,0.09401709401709402,0.01584043440918028,0.02025031425497498,0.02954644674730145,0.0449958121966669,khong cai thien (2/50)
static_kg_gcn,active,2020,186,0.01159416277622379,274.1,False,,,,,,,,,
static_kg_gcn,active,2020,187,0.012023363041377313,275.4,False,,,,,,,,,
static_kg_gcn,active,2020,188,0.011291283641132415,276.8,False,,,,,,,,,
static_kg_gcn,active,2020,189,0.011416408511227775,278.2,False,,,,,,,,,
static_kg_gcn,active,2020,190,0.011429788994205565,279.6,True,0.01279728591375391,0.024521399969997346,0.05555555555555555,0.09401709401709402,0.015317967628082388,0.02012912558826338,0.028834196035050736,0.0449958121966669,khong cai thien (3/50)
static_kg_gcn,active,2020,191,0.01144399563947893,281.4,False,,,,,,,,,
static_kg_gcn,active,2020,192,0.011151253049229704,282.8,False,,,,,,,,,
static_kg_gcn,active,2020,193,0.011388392331047126,284.2,False,,,,,,,,,
static_kg_gcn,active,2020,194,0.011195708361285169,285.6,False,,,,,,,,,
static_kg_gcn,active,2020,195,0.011189454573635418,286.9,True,0.012878062290125666,0.024763729099112612,0.05982905982905983,0.09401709401709402,0.01696032121204219,0.020603777582999742,0.03310770030855501,0.0449958121966669,best
static_kg_gcn,active,2020,196,0.01124876132758146,288.7,False,,,,,,,,,
static_kg_gcn,active,2020,197,0.011054283077496174,290.1,False,,,,,,,,,
static_kg_gcn,active,2020,198,0.011138225612707194,291.5,False,,,,,,,,,
static_kg_gcn,active,2020,199,0.011108021176602607,293.0,False,,,,,,,,,
static_kg_gcn,active,2020,200,0.010888639060846502,294.3,True,0.012981917631175066,0.02499451874588906,0.05982905982905983,0.09401709401709402,0.017386465426063646,0.021000810392970644,0.03310770030855501,0.0449958121966669,best
static_kg_gcn,active,2020,201,0.011048302370283583,296.1,False,,,,,,,,,
static_kg_gcn,active,2020,202,0.010874050489308906,297.5,False,,,,,,,,,
static_kg_gcn,active,2020,203,0.011006891099332125,298.9,False,,,,,,,,,
static_kg_gcn,active,2020,204,0.010875758928361021,300.2,False,,,,,,,,,
static_kg_gcn,active,2020,205,0.010775098342458257,301.6,True,0.013097312454563288,0.02520222942798786,0.05982905982905983,0.09829059829059829,0.017433263239302794,0.020958375984057937,0.03310770030855501,0.0445506555015102,khong cai thien (1/50)
static_kg_gcn,active,2020,206,0.010892311218402203,303.4,False,,,,,,,,,
static_kg_gcn,active,2020,207,0.01056241189747927,304.8,False,,,,,,,,,
static_kg_gcn,active,2020,208,0.010606211773502853,306.2,False,,,,,,,,,
static_kg_gcn,active,2020,209,0.010549839489027053,307.6,False,,,,,,,,,
static_kg_gcn,active,2020,210,0.01049337235384999,309.0,True,0.013143470383918577,0.025225308392665506,0.05982905982905983,0.10256410256410256,0.01660163881622648,0.020936536421754977,0.03305291179222803,0.04624225094310564,khong cai thien (2/50)
static_kg_gcn,active,2020,211,0.010630541310632822,310.8,False,,,,,,,,,
static_kg_gcn,active,2020,212,0.010536181442864749,312.2,False,,,,,,,,,
static_kg_gcn,active,2020,213,0.010565187805331784,313.5,False,,,,,,,,,
static_kg_gcn,active,2020,214,0.010489251169637167,314.9,False,,,,,,,,,
static_kg_gcn,active,2020,215,0.010577169120646006,316.3,True,0.013316562619000912,0.02551379545113606,0.0641025641025641,0.10256410256410256,0.017795085162294014,0.02136312159067233,0.034532201733056433,0.04624225094310564,best
static_kg_gcn,active,2020,216,0.01041852329784802,318.2,False,,,,,,,,,
static_kg_gcn,active,2020,217,0.010254928859363825,319.6,False,,,,,,,,,
static_kg_gcn,active,2020,218,0.010287310536734184,321.0,False,,,,,,,,,
static_kg_gcn,active,2020,219,0.010332362401183483,322.3,False,,,,,,,,,
static_kg_gcn,active,2020,220,0.010047011562954834,323.7,True,0.013385799513033845,0.025721506133234862,0.06837606837606838,0.09829059829059829,0.0177095039978324,0.02066787204198925,0.035244452445307155,0.045206249907104604,khong cai thien (1/50)
static_kg_gcn,active,2020,221,0.010137099072043488,325.5,False,,,,,,,,,
static_kg_gcn,active,2020,222,0.010146112478954656,326.9,False,,,,,,,,,
static_kg_gcn,active,2020,223,0.010201280364630147,328.3,False,,,,,,,,,
static_kg_gcn,active,2020,224,0.010182616913180306,329.6,False,,,,,,,,,
static_kg_gcn,active,2020,225,0.010169593816711845,331.0,True,0.01345503640706678,0.02584844043896191,0.06837606837606838,0.10256410256410256,0.017648201945482403,0.021105403459286395,0.035244452445307155,0.04663075133160603,khong cai thien (2/50)
static_kg_gcn,active,2020,226,0.01015124533288873,333.0,False,,,,,,,,,
static_kg_gcn,active,2020,227,0.01008604332093034,334.4,False,,,,,,,,,
static_kg_gcn,active,2020,228,0.009889113884099573,335.8,False,,,,,,,,,
static_kg_gcn,active,2020,229,0.00994475907905888,337.1,False,,,,,,,,,
static_kg_gcn,active,2020,230,0.010049481290543179,338.5,True,0.013443496924727957,0.02587151940363955,0.07264957264957266,0.10256410256410256,0.017856944773193415,0.021137578660644443,0.03557816431748056,0.04663075133160603,khong cai thien (3/50)
static_kg_gcn,active,2020,231,0.009989093678735888,340.3,False,,,,,,,,,
static_kg_gcn,active,2020,232,0.009867348039251284,341.6,False,,,,,,,,,
static_kg_gcn,active,2020,233,0.00976344037112333,343.0,False,,,,,,,,,
static_kg_gcn,active,2020,234,0.009784144796050746,344.4,False,,,,,,,,,
static_kg_gcn,active,2020,235,0.009751863044106702,345.8,True,0.013674286571504402,0.026194624909126576,0.07264957264957266,0.09829059829059829,0.017346514988211676,0.020826060823041587,0.03557816431748056,0.046954501655356355,khong cai thien (4/50)
static_kg_gcn,active,2020,236,0.009640089987882239,347.7,False,,,,,,,,,
static_kg_gcn,active,2020,237,0.009752171413009264,349.1,False,,,,,,,,,
static_kg_gcn,active,2020,238,0.009649344633896379,350.5,False,,,,,,,,,
static_kg_gcn,active,2020,239,0.00962594537649735,351.9,False,,,,,,,,,
static_kg_gcn,active,2020,240,0.009753922578141951,353.2,True,0.013639668124487936,0.02646003300291949,0.07264957264957266,0.10256410256410256,0.01826619739942833,0.021699897072398517,0.03557816431748056,0.04693669538755009,best
static_kg_gcn,active,2020,241,0.009474438860585353,355.0,False,,,,,,,,,
static_kg_gcn,active,2020,242,0.00927969518181919,356.4,False,,,,,,,,,
static_kg_gcn,active,2020,243,0.009540509547275325,357.8,False,,,,,,,,,
static_kg_gcn,active,2020,244,0.009646917355884686,359.2,False,,,,,,,,,
static_kg_gcn,active,2020,245,0.009284266883842486,360.6,True,0.013801220877231447,0.026598506790985358,0.07264957264957266,0.11538461538461539,0.018284584228079038,0.022548193607386868,0.03557816431748056,0.04851806155224959,best
static_kg_gcn,active,2020,246,0.009602693079928424,362.4,False,,,,,,,,,
static_kg_gcn,active,2020,247,0.009206425575120346,363.8,False,,,,,,,,,
static_kg_gcn,active,2020,248,0.009587940944544121,365.2,False,,,,,,,,,
static_kg_gcn,active,2020,249,0.009237606244987503,366.5,False,,,,,,,,,
static_kg_gcn,active,2020,250,0.009328728977738145,367.9,True,0.013881997253603203,0.026794677990745336,0.07264957264957266,0.09829059829059829,0.017738139188674985,0.02130200129525855,0.03557816431748056,0.04675863270948741,khong cai thien (1/50)
static_kg_gcn,active,2020,251,0.009335073887083946,369.7,False,,,,,,,,,
static_kg_gcn,active,2020,252,0.009363743287605385,371.1,False,,,,,,,,,
static_kg_gcn,active,2020,253,0.009439090642582202,372.5,False,,,,,,,,,
static_kg_gcn,active,2020,254,0.009383047327148552,373.9,False,,,,,,,,,
static_kg_gcn,active,2020,255,0.009289520152409862,375.3,True,0.013997392076991426,0.02687545436711709,0.0641025641025641,0.09829059829059829,0.015897167000595732,0.02058148913892936,0.030770472009788254,0.04583594428679899,khong cai thien (2/50)
static_kg_gcn,active,2020,256,0.009219721074697113,377.1,False,,,,,,,,,
static_kg_gcn,active,2020,257,0.009313783939427663,378.4,False,,,,,,,,,
static_kg_gcn,active,2020,258,0.00916466434975752,379.8,False,,,,,,,,,
static_kg_gcn,active,2020,259,0.009090579966287784,381.1,False,,,,,,,,,
static_kg_gcn,active,2020,260,0.009089357141016271,382.5,True,0.014078168453363182,0.027002388672844137,0.06837606837606838,0.09401709401709402,0.01667145213604205,0.020046006478281735,0.03290722414654039,0.044404967855822555,khong cai thien (3/50)
static_kg_gcn,active,2020,261,0.009104132660411397,384.3,False,,,,,,,,,
static_kg_gcn,active,2020,262,0.00918021853714172,385.8,False,,,,,,,,,
static_kg_gcn,active,2020,263,0.009131966548703714,387.2,False,,,,,,,,,
static_kg_gcn,active,2020,264,0.008859042178559392,388.5,False,,,,,,,,,
static_kg_gcn,active,2020,265,0.008809780501150248,389.9,True,0.014205102759090227,0.027152401943248826,0.0641025641025641,0.10256410256410256,0.017175395669651202,0.021535617597595307,0.03082526052611523,0.04547334392419862,khong cai thien (4/50)
static_kg_gcn,active,2020,266,0.008963135637439886,391.7,False,,,,,,,,,
static_kg_gcn,active,2020,267,0.00888764717365862,393.1,False,,,,,,,,,
static_kg_gcn,active,2020,268,0.008940192316335027,394.4,False,,,,,,,,,
static_kg_gcn,active,2020,269,0.009017634457858713,395.9,False,,,,,,,,,
static_kg_gcn,active,2020,270,0.009102590124261777,397.2,True,0.014262800170784339,0.027279336248975872,0.0641025641025641,0.10256410256410256,0.01714087047754394,0.02170656228588007,0.03082526052611523,0.04590069435154905,khong cai thien (5/50)
static_kg_gcn,active,2020,271,0.009014382364190814,399.2,False,,,,,,,,,
static_kg_gcn,active,2020,272,0.008854735604510918,400.6,False,,,,,,,,,
static_kg_gcn,active,2020,273,0.008854396596086908,401.9,False,,,,,,,,,
static_kg_gcn,active,2020,274,0.008777872129136168,403.3,False,,,,,,,,,
static_kg_gcn,active,2020,275,0.008808842326703719,404.7,True,0.014308958100139628,0.02744088900171938,0.07264957264957266,0.10683760683760683,0.019467847484782214,0.022439083359471007,0.03723551693637164,0.047325195776050474,khong cai thien (6/50)
static_kg_gcn,active,2020,276,0.008865457239459506,406.5,False,,,,,,,,,
static_kg_gcn,active,2020,277,0.008750524395586393,407.8,False,,,,,,,,,
static_kg_gcn,active,2020,278,0.008840153263957389,409.2,False,,,,,,,,,
static_kg_gcn,active,2020,279,0.008856501738776763,410.6,False,,,,,,,,,
static_kg_gcn,active,2020,280,0.008743499922956826,412.0,True,0.014297418617800806,0.02742934951938056,0.07264957264957266,0.10683760683760683,0.01931879568313932,0.02282271191065558,0.03718072842004466,0.04803744648830119,best
static_kg_gcn,active,2020,281,0.008646899094362899,413.9,False,,,,,,,,,
static_kg_gcn,active,2020,282,0.00890830087130782,415.3,False,,,,,,,,,
static_kg_gcn,active,2020,283,0.008752588662500678,416.7,False,,,,,,,,,
static_kg_gcn,active,2020,284,0.008623216821033819,418.0,False,,,,,,,,,
static_kg_gcn,active,2020,285,0.008583937241654056,419.4,True,0.014482050335221961,0.02777553398954523,0.07264957264957266,0.1111111111111111,0.019461256846547467,0.022930301871231365,0.03723551693637164,0.04855706575792046,best
static_kg_gcn,active,2020,286,0.008664444943992265,421.2,False,,,,,,,,,
static_kg_gcn,active,2020,287,0.008791044026238653,422.6,False,,,,,,,,,
static_kg_gcn,active,2020,288,0.00854523563204163,424.0,False,,,,,,,,,
static_kg_gcn,active,2020,289,0.008556003171698037,425.4,False,,,,,,,,,
static_kg_gcn,active,2020,290,0.008558525698054343,426.8,True,0.014435892405866672,0.027914007777611095,0.07264957264957266,0.10256410256410256,0.01894546883890281,0.020907296014510413,0.03723551693637164,0.0429480913989461,khong cai thien (1/50)
static_kg_gcn,active,2020,291,0.008597945747309446,428.6,False,,,,,,,,,
static_kg_gcn,active,2020,292,0.00867097922661403,430.0,False,,,,,,,,,
static_kg_gcn,active,2020,293,0.008465561563912786,431.4,False,,,,,,,,,
static_kg_gcn,active,2020,294,0.008539393732223425,432.7,False,,,,,,,,,
static_kg_gcn,active,2020,295,0.008430663519703995,434.1,True,0.01457436619393254,0.02798324467164403,0.06837606837606838,0.09829059829059829,0.018645622754615104,0.02122243672299166,0.0350987647996195,0.0429480913989461,khong cai thien (2/50)
static_kg_gcn,active,2020,296,0.008525177733099295,435.9,False,,,,,,,,,
static_kg_gcn,active,2020,297,0.008496162838330084,437.3,False,,,,,,,,,
static_kg_gcn,active,2020,298,0.008557672082478313,438.7,False,,,,,,,,,
static_kg_gcn,active,2020,299,0.00846795514918185,440.1,False,,,,,,,,,
static_kg_gcn,active,2020,300,0.008299754012455297,441.5,True,0.014585905676271363,0.02808710001269343,0.07264957264957266,0.10256410256410256,0.01966106636302868,0.022273695732841447,0.03723551693637164,0.044404967855822555,khong cai thien (3/50)
static_kg_gcn,active,2020,301,0.008280163672111856,443.3,False,,,,,,,,,
static_kg_gcn,active,2020,302,0.008544377633156667,444.7,False,,,,,,,,,
static_kg_gcn,active,2020,303,0.008507860518867772,446.1,False,,,,,,,,,
static_kg_gcn,active,2020,304,0.008248827636228818,447.4,False,,,,,,,,,
static_kg_gcn,active,2020,305,0.008300587164920721,448.8,True,0.014597445158610185,0.02823711328309812,0.06837606837606838,0.10683760683760683,0.019000970337558702,0.02412890418124199,0.0350987647996195,0.05195482540568011,best
static_kg_gcn,active,2020,306,0.00831270382948209,450.6,False,,,,,,,,,
static_kg_gcn,active,2020,307,0.008344940970171827,452.0,False,,,,,,,,,
static_kg_gcn,active,2020,308,0.008231977895851924,453.5,False,,,,,,,,,
static_kg_gcn,active,2020,309,0.008196154603603045,454.9,False,,,,,,,,,
static_kg_gcn,active,2020,310,0.008366206937517781,456.2,True,0.01467822153498194,0.028364047588825166,0.07264957264957266,0.10256410256410256,0.01929685217788891,0.02378297331877074,0.03563295283380754,0.05142063737149208,khong cai thien (1/50)
static_kg_gcn,active,2020,311,0.008194801456600552,458.0,False,,,,,,,,,
static_kg_gcn,active,2020,312,0.008472326360319969,459.4,False,,,,,,,,,
static_kg_gcn,active,2020,313,0.008144528669650358,460.7,False,,,,,,,,,
static_kg_gcn,active,2020,314,0.008228648133208177,462.1,False,,,,,,,,,
static_kg_gcn,active,2020,315,0.008290506207986704,463.5,True,0.014793616358370164,0.0286409951649569,0.07264957264957266,0.10256410256410256,0.019521885406567838,0.02347804519785356,0.03531107030038654,0.04768132113217584,khong cai thien (2/50)
static_kg_gcn,active,2020,316,0.008118302667181096,465.3,False,,,,,,,,,
static_kg_gcn,active,2020,317,0.008080460655174095,466.7,False,,,,,,,,,
static_kg_gcn,active,2020,318,0.008184383148068346,468.1,False,,,,,,,,,
static_kg_gcn,active,2020,319,0.008105419196547583,469.5,False,,,,,,,,,
static_kg_gcn,active,2020,320,0.008189077041044227,470.8,True,0.014805155840708985,0.028594837235601613,0.0811965811965812,0.10256410256410256,0.02032688153176814,0.023486973027326635,0.03798201047132671,0.04821550916636387,khong cai thien (3/50)
static_kg_gcn,active,2020,321,0.008192595841876503,472.6,False,,,,,,,,,
static_kg_gcn,active,2020,322,0.007994253231424248,474.0,False,,,,,,,,,
static_kg_gcn,active,2020,323,0.008038071753568158,475.4,False,,,,,,,,,
static_kg_gcn,active,2020,324,0.008187336192680073,476.8,False,,,,,,,,,
static_kg_gcn,active,2020,325,0.008004132590749374,478.1,True,0.014805155840708985,0.0287448505060063,0.0811965811965812,0.10256410256410256,0.02064412536825212,0.023546314502061242,0.03798201047132671,0.04768132113217584,khong cai thien (4/50)
static_kg_gcn,active,2020,326,0.007972111153901647,480.1,False,,,,,,,,,
static_kg_gcn,active,2020,327,0.008092971044450382,481.5,False,,,,,,,,,
static_kg_gcn,active,2020,328,0.008032930910638657,482.9,False,,,,,,,,,
static_kg_gcn,active,2020,329,0.008269413704330009,484.2,False,,,,,,,,,
static_kg_gcn,active,2020,330,0.008057351415378338,485.6,True,0.014989787558130142,0.028952561188105103,0.0811965811965812,0.10683760683760683,0.02141037616500313,0.024415800502491335,0.03798201047132671,0.04803744648830119,best
static_kg_gcn,active,2020,331,0.007928890708821941,487.4,False,,,,,,,,,
static_kg_gcn,active,2020,332,0.007979507340173352,488.8,False,,,,,,,,,
static_kg_gcn,active,2020,333,0.008060903312570982,490.1,False,,,,,,,,,
static_kg_gcn,active,2020,334,0.007995275800218226,491.5,False,,,,,,,,,
static_kg_gcn,active,2020,335,0.008024256355407709,493.0,True,0.015012866522807786,0.028871784811733345,0.07692307692307693,0.1111111111111111,0.020438654801859676,0.024002703883997827,0.037714916454232694,0.04857163452248923,khong cai thien (1/50)
static_kg_gcn,active,2020,336,0.007958086626945346,494.9,False,,,,,,,,,
static_kg_gcn,active,2020,337,0.007775676795818753,496.3,False,,,,,,,,,
static_kg_gcn,active,2020,338,0.007773666714752907,497.6,False,,,,,,,,,
static_kg_gcn,active,2020,339,0.007928804894419519,499.0,False,,,,,,,,,
static_kg_gcn,active,2020,340,0.007777655113674034,500.4,True,0.015047484969824254,0.029079495493832146,0.07692307692307693,0.1111111111111111,0.020349501285298086,0.02359350281663542,0.038103416842733086,0.048105279889467924,khong cai thien (2/50)
static_kg_gcn,active,2020,341,0.0079512160228703,502.2,False,,,,,,,,,
static_kg_gcn,active,2020,342,0.007923039058833754,503.6,False,,,,,,,,,
static_kg_gcn,active,2020,343,0.007938272797910243,505.0,False,,,,,,,,,
static_kg_gcn,active,2020,344,0.007934155416412495,506.4,False,,,,,,,,,
static_kg_gcn,active,2020,345,0.007850969135876755,507.8,True,0.01493209014643603,0.02904487704681568,0.07692307692307693,0.11538461538461539,0.020068808330335232,0.02342693959021716,0.03783632282563907,0.04821211749630552,khong cai thien (3/50)
static_kg_gcn,active,2020,346,0.0077883555858660695,509.6,False,,,,,,,,,
static_kg_gcn,active,2020,347,0.007816740950758457,510.9,False,,,,,,,,,
static_kg_gcn,active,2020,348,0.007845642295317921,512.3,False,,,,,,,,,
static_kg_gcn,active,2020,349,0.007847971360967829,513.7,False,,,,,,,,,
static_kg_gcn,active,2020,350,0.007762626133187824,515.1,True,0.01497824807579132,0.029079495493832146,0.07264957264957266,0.10683760683760683,0.019267976324602826,0.02282254884482979,0.035699570688886934,0.047610096060950756,khong cai thien (4/50)
static_kg_gcn,active,2020,351,0.00796265014951011,516.9,False,,,,,,,,,
static_kg_gcn,active,2020,352,0.007820319179988398,518.2,False,,,,,,,,,
static_kg_gcn,active,2020,353,0.007815132211405415,519.6,False,,,,,,,,,
static_kg_gcn,active,2020,354,0.00785546373501701,521.1,False,,,,,,,,,
static_kg_gcn,active,2020,355,0.007791685528517822,522.5,True,0.01512826134619601,0.029310285140608593,0.07264957264957266,0.10256410256410256,0.019563917983471624,0.023374828872781344,0.035699570688886934,0.04866253365184989,khong cai thien (5/50)
static_kg_gcn,active,2020,356,0.007882214220140777,524.3,False,,,,,,,,,
static_kg_gcn,active,2020,357,0.007672437096642072,525.6,False,,,,,,,,,
static_kg_gcn,active,2020,358,0.007714915727245225,527.0,False,,,,,,,,,
static_kg_gcn,active,2020,359,0.007726750256275317,528.4,False,,,,,,,,,
static_kg_gcn,active,2020,360,0.0077991987913667475,529.7,True,0.015174419275551299,0.02954107478738504,0.07264957264957266,0.09829059829059829,0.018875076722630443,0.022415177154449645,0.035699570688886934,0.048128345617661855,khong cai thien (6/50)
static_kg_gcn,active,2020,361,0.00779273847029708,531.5,False,,,,,,,,,
static_kg_gcn,active,2020,362,0.007707485224087896,532.9,False,,,,,,,,,
static_kg_gcn,active,2020,363,0.007635842269414403,534.4,False,,,,,,,,,
static_kg_gcn,active,2020,364,0.007676305259135615,535.7,False,,,,,,,,,
static_kg_gcn,active,2020,365,0.007630488002195627,537.1,True,0.015347511510633634,0.029783403916500306,0.0811965811965812,0.09401709401709402,0.02016792226915862,0.02171642843617589,0.03837051085982711,0.04385484134415758,khong cai thien (7/50)
static_kg_gcn,active,2020,366,0.007626584396423909,538.9,False,,,,,,,,,
static_kg_gcn,active,2020,367,0.007599469574565526,540.3,False,,,,,,,,,
static_kg_gcn,active,2020,368,0.007587200019981094,541.6,False,,,,,,,,,
static_kg_gcn,active,2020,369,0.007683482231740251,543.0,False,,,,,,,,,
static_kg_gcn,active,2020,370,0.007474824542932655,544.4,True,0.015359050992972455,0.029818022363516772,0.07692307692307693,0.09401709401709402,0.020106067160396056,0.021490919740943623,0.03783632282563907,0.04278646527578151,khong cai thien (8/50)
static_kg_gcn,active,2020,371,0.00757689802163118,546.3,False,,,,,,,,,
static_kg_gcn,active,2020,372,0.007562025374915365,547.7,False,,,,,,,,,
static_kg_gcn,active,2020,373,0.0076838248171337015,549.1,False,,,,,,,,,
static_kg_gcn,active,2020,374,0.007454661525697207,550.4,False,,,,,,,,,
static_kg_gcn,active,2020,375,0.007452613227357744,551.8,True,0.015624459086765368,0.030025733045615573,0.0811965811965812,0.09401709401709402,0.0209993985170598,0.022135253330617558,0.03837051085982711,0.04278646527578151,khong cai thien (9/50)
static_kg_gcn,active,2020,376,0.007632600069621281,553.6,False,,,,,,,,,
static_kg_gcn,active,2020,377,0.007533995876818223,555.0,False,,,,,,,,,
static_kg_gcn,active,2020,378,0.00754224548283277,556.3,False,,,,,,,,,
static_kg_gcn,active,2020,379,0.0074910685032618185,557.7,False,,,,,,,,,
static_kg_gcn,active,2020,380,0.007511161790374648,559.1,True,0.015566761675071256,0.03001419356327675,0.07692307692307693,0.09829059829059829,0.020085532907275504,0.021780979713706065,0.03783632282563907,0.04332065330996955,khong cai thien (10/50)
static_kg_gcn,active,2020,381,0.0075931411071063605,561.0,False,,,,,,,,,
static_kg_gcn,active,2020,382,0.007597015175216009,562.4,False,,,,,,,,,
static_kg_gcn,active,2020,383,0.007515799303741891,563.8,False,,,,,,,,,
static_kg_gcn,active,2020,384,0.007459339149778414,565.2,False,,,,,,,,,
static_kg_gcn,active,2020,385,0.007414114316634282,566.5,True,0.015566761675071256,0.03021036476303673,0.07692307692307693,0.10256410256410256,0.019756241337945353,0.02181197526441348,0.03765826014757639,0.04370915369846994,khong cai thien (11/50)
static_kg_gcn,active,2020,386,0.007542809579441308,568.3,False,,,,,,,,,
static_kg_gcn,active,2020,387,0.007369799265940594,569.7,False,,,,,,,,,
static_kg_gcn,active,2020,388,0.00743805159844651,571.1,False,,,,,,,,,
static_kg_gcn,active,2020,389,0.007471107596045665,572.4,False,,,,,,,,,
static_kg_gcn,active,2020,390,0.0073659160070503665,573.9,True,0.01573985391015359,0.03040653596279671,0.07692307692307693,0.10683760683760683,0.019821359638726166,0.023125856942143436,0.03765826014757639,0.04851684600616225,khong cai thien (12/50)
static_kg_gcn,active,2020,391,0.007261833638266623,575.8,False,,,,,,,,,
static_kg_gcn,active,2020,392,0.0073022423049816845,577.1,False,,,,,,,,,
static_kg_gcn,active,2020,393,0.007605696413492402,578.5,False,,,,,,,,,
static_kg_gcn,active,2020,394,0.0074746746141405775,579.9,False,,,,,,,,,
static_kg_gcn,active,2020,395,0.007383171804474389,581.2,True,0.01577447235717006,0.030556549233201398,0.07692307692307693,0.10256410256410256,0.02051445455947105,0.02324240217198456,0.03765826014757639,0.04709234458166082,khong cai thien (13/50)
static_kg_gcn,active,2020,396,0.007242934850185108,583.0,False,,,,,,,,,
static_kg_gcn,active,2020,397,0.0073911666570937555,584.4,False,,,,,,,,,
static_kg_gcn,active,2020,398,0.007369829103012177,585.8,False,,,,,,,,,
static_kg_gcn,active,2020,399,0.00732455507362338,587.1,False,,,,,,,,,
static_kg_gcn,active,2020,400,0.007303538129696718,588.5,True,0.01588986718055828,0.030394996480457886,0.0811965811965812,0.1111111111111111,0.020366695270434824,0.024271498098037716,0.03837051085982711,0.05279035027966652,khong cai thien (14/50)
static_kg_gcn,active,2020,401,0.007368395633957133,590.3,False,,,,,,,,,
static_kg_gcn,active,2020,402,0.0072565668269382625,591.7,False,,,,,,,,,
static_kg_gcn,active,2020,403,0.007347857761877339,593.0,False,,,,,,,,,
static_kg_gcn,active,2020,404,0.007328649757836796,594.4,False,,,,,,,,,
static_kg_gcn,active,2020,405,0.007366304098864616,595.7,True,0.01599372252160768,0.03040653596279671,0.0811965811965812,0.10683760683760683,0.020660532563019324,0.023993237182003944,0.03837051085982711,0.0513658488551651,khong cai thien (15/50)
static_kg_gcn,active,2020,406,0.007302086958662227,597.5,False,,,,,,,,,
static_kg_gcn,active,2020,407,0.00725191018012518,598.8,False,,,,,,,,,
static_kg_gcn,active,2020,408,0.0073435174435739345,600.3,False,,,,,,,,,
static_kg_gcn,active,2020,409,0.007306748942377935,601.7,False,,,,,,,,,
static_kg_gcn,active,2020,410,0.007347606689312983,603.0,True,0.01605141993330179,0.030845036291671957,0.07692307692307693,0.10683760683760683,0.020689768253914293,0.024372966735281318,0.03765826014757639,0.0513658488551651,khong cai thien (16/50)
static_kg_gcn,active,2020,411,0.0072554258705320555,604.8,False,,,,,,,,,
static_kg_gcn,active,2020,412,0.007293747816338844,606.2,False,,,,,,,,,
static_kg_gcn,active,2020,413,0.007312288223462436,607.5,False,,,,,,,,,
static_kg_gcn,active,2020,414,0.00719172571255563,608.9,False,,,,,,,,,
static_kg_gcn,active,2020,415,0.007282154011297891,610.3,True,0.016074498897979437,0.03082195732699431,0.07692307692307693,0.11538461538461539,0.020740648085101974,0.02460928971277833,0.03765826014757639,0.0523123925648667,best
static_kg_gcn,active,2020,416,0.007410619876063842,612.1,False,,,,,,,,,
static_kg_gcn,active,2020,417,0.007281338551763699,613.5,False,,,,,,,,,
static_kg_gcn,active,2020,418,0.007212559666980187,614.8,False,,,,,,,,,
static_kg_gcn,active,2020,419,0.0072707014802465,616.2,False,,,,,,,,,
static_kg_gcn,active,2020,420,0.007088835365569014,617.6,True,0.016212972686045303,0.03082195732699431,0.07692307692307693,0.11538461538461539,0.020645711464747724,0.02482441564565615,0.03765826014757639,0.052846580599054734,best
static_kg_gcn,active,2020,421,0.0072389465696356126,619.4,False,,,,,,,,,
static_kg_gcn,active,2020,422,0.0071691924471381134,620.7,False,,,,,,,,,
static_kg_gcn,active,2020,423,0.007305353186921679,622.1,False,,,,,,,,,
static_kg_gcn,active,2020,424,0.007226145810151488,623.4,False,,,,,,,,,
static_kg_gcn,active,2020,425,0.007096482102918869,624.8,True,0.016109117344995903,0.030810417844655488,0.08974358974358974,0.1111111111111111,0.021814396602119118,0.024862984847165103,0.038960929213403356,0.05142207917455331,best
static_kg_gcn,active,2020,426,0.0071740428360994105,626.7,False,,,,,,,,,
static_kg_gcn,active,2020,427,0.007110493191085911,628.1,False,,,,,,,,,
static_kg_gcn,active,2020,428,0.007095443579195954,629.5,False,,,,,,,,,
static_kg_gcn,active,2020,429,0.007236730510309394,630.8,False,,,,,,,,,
static_kg_gcn,active,2020,430,0.007184030584941986,632.2,True,0.01613219630967355,0.03092581266804371,0.0811965811965812,0.10683760683760683,0.020952755639238558,0.02361923121776561,0.03819244818176442,0.04714857490104903,khong cai thien (1/50)
static_kg_gcn,active,2020,431,0.007048412974383825,634.0,False,,,,,,,,,
static_kg_gcn,active,2020,432,0.007189370624337641,635.3,False,,,,,,,,,
static_kg_gcn,active,2020,433,0.007100501193057653,636.7,False,,,,,,,,,
static_kg_gcn,active,2020,434,0.007131026106361714,638.1,False,,,,,,,,,
static_kg_gcn,active,2020,435,0.007050713205419885,639.5,True,0.016074498897979437,0.031041207491431935,0.0811965811965812,0.10256410256410256,0.0210684395222464,0.023560361892106134,0.03819244818176442,0.04709234458166082,khong cai thien (2/50)
static_kg_gcn,active,2020,436,0.0070394537749025625,641.4,False,,,,,,,,,
static_kg_gcn,active,2020,437,0.007165839074305727,642.7,False,,,,,,,,,
static_kg_gcn,active,2020,438,0.007144561852183652,644.1,False,,,,,,,,,
static_kg_gcn,active,2020,439,0.007081420119359031,645.4,False,,,,,,,,,
static_kg_gcn,active,2020,440,0.007062366702819976,646.8,True,0.01609757786265708,0.030983510079737823,0.07692307692307693,0.10683760683760683,0.020759033163716252,0.024026809089337336,0.03765826014757639,0.04851684600616225,khong cai thien (3/50)
static_kg_gcn,active,2020,441,0.007086838204693559,648.6,False,,,,,,,,,
static_kg_gcn,active,2020,442,0.007130902695978116,649.9,False,,,,,,,,,
static_kg_gcn,active,2020,443,0.007073387221198244,651.3,False,,,,,,,,,
static_kg_gcn,active,2020,444,0.00703336049650823,652.7,False,,,,,,,,,
static_kg_gcn,active,2020,445,0.007073979090404667,654.1,True,0.016120656827334726,0.031156602314820158,0.0811965811965812,0.10683760683760683,0.02102336020884242,0.023912614836144507,0.03837051085982711,0.04851684600616225,khong cai thien (4/50)
static_kg_gcn,active,2020,446,0.0070338590292930245,655.9,False,,,,,,,,,
static_kg_gcn,active,2020,447,0.00704440362463118,657.3,False,,,,,,,,,
static_kg_gcn,active,2020,448,0.006975130091634877,658.7,False,,,,,,,,,
static_kg_gcn,active,2020,449,0.007093047387608499,660.0,False,,,,,,,,,
static_kg_gcn,active,2020,450,0.007033491354713823,661.4,True,0.01618989372136766,0.03116814179715898,0.08547008547008547,0.10256410256410256,0.0207973372662932,0.023153668186033257,0.03890469889401514,0.048128345617661855,khong cai thien (5/50)
static_kg_gcn,active,2020,451,0.007018618420772323,663.1,False,,,,,,,,,
static_kg_gcn,active,2020,452,0.006985525235152512,664.5,False,,,,,,,,,
static_kg_gcn,active,2020,453,0.00698110851799819,665.9,False,,,,,,,,,
static_kg_gcn,active,2020,454,0.0070009422897795255,667.3,False,,,,,,,,,
static_kg_gcn,active,2020,455,0.007013473246607107,668.7,True,0.016166814756690014,0.03121429972651427,0.0811965811965812,0.10256410256410256,0.0205214350427019,0.023139208596138015,0.03837051085982711,0.048128345617661855,khong cai thien (6/50)
static_kg_gcn,active,2020,456,0.006942684467533525,670.4,False,,,,,,,,,
static_kg_gcn,active,2020,457,0.006876353383090311,671.8,False,,,,,,,,,
static_kg_gcn,active,2020,458,0.006920082182122024,673.2,False,,,,,,,,,
static_kg_gcn,active,2020,459,0.006962000029814258,674.5,False,,,,,,,,,
static_kg_gcn,active,2020,460,0.006915319654942709,675.9,True,0.01623605165072295,0.031341234032241316,0.0811965811965812,0.10256410256410256,0.020599628704602985,0.022772838357300835,0.03837051085982711,0.0471668071561234,khong cai thien (7/50)
static_kg_gcn,active,2020,461,0.006906088864439723,677.7,False,,,,,,,,,
static_kg_gcn,active,2020,462,0.006994919265053775,679.1,False,,,,,,,,,
static_kg_gcn,active,2020,463,0.006966780909056076,680.4,False,,,,,,,,,
static_kg_gcn,active,2020,464,0.006973654406684393,681.8,False,,,,,,,,,
static_kg_gcn,active,2020,465,0.006881145379674675,683.2,True,0.016305288544755884,0.031364312996918955,0.0811965811965812,0.10683760683760683,0.02173284107700303,0.022934229386204548,0.03837051085982711,0.04195669887583967,khong cai thien (8/50)
static_kg_gcn,active,2020,466,0.006958635024387561,685.0,False,,,,,,,,,
static_kg_gcn,active,2020,467,0.006879254325747861,686.3,False,,,,,,,,,
static_kg_gcn,active,2020,468,0.006881518114597413,687.7,False,,,,,,,,,
static_kg_gcn,active,2020,469,0.007031803748645729,689.0,False,,,,,,,,,
static_kg_gcn,active,2020,470,0.006912204931133877,690.4,True,0.016282209580078238,0.03152586574966247,0.08547008547008547,0.1111111111111111,0.020997702757910627,0.02315049806854491,0.03890469889401514,0.04676439118353199,khong cai thien (9/50)
static_kg_gcn,active,2020,471,0.006753618024819701,692.2,False,,,,,,,,,
static_kg_gcn,active,2020,472,0.0069051362149901005,693.6,False,,,,,,,,,
static_kg_gcn,active,2020,473,0.006883988223286686,695.0,False,,,,,,,,,
static_kg_gcn,active,2020,474,0.006864392634334287,696.3,False,,,,,,,,,
static_kg_gcn,active,2020,475,0.006851565123220237,697.7,True,0.016374525438788815,0.031364312996918955,0.08974358974358974,0.1111111111111111,0.021728294576430884,0.023401170570931044,0.038960929213403356,0.04623020314934395,khong cai thien (10/50)
static_kg_gcn,active,2020,476,0.006880401503381878,699.5,False,,,,,,,,,
static_kg_gcn,active,2020,477,0.006938234399923965,700.8,False,,,,,,,,,
static_kg_gcn,active,2020,478,0.006832786676512739,702.2,False,,,,,,,,,
static_kg_gcn,active,2020,479,0.0068562213533004445,703.5,False,,,,,,,,,
static_kg_gcn,active,2020,480,0.006919114821440985,704.9,True,0.01650145974451586,0.031352773514580136,0.0811965811965812,0.10683760683760683,0.021668169675502884,0.02371478622211446,0.03837051085982711,0.046187036439510575,khong cai thien (11/50)
static_kg_gcn,active,2020,481,0.006858463756562734,706.8,False,,,,,,,,,
static_kg_gcn,active,2020,482,0.0068919731996587436,708.1,False,,,,,,,,,
static_kg_gcn,active,2020,483,0.006826159791036905,709.5,False,,,,,,,,,
static_kg_gcn,active,2020,484,0.006778902894039017,710.8,False,,,,,,,,,
static_kg_gcn,active,2020,485,0.00676823833148529,712.2,True,0.016478380779838216,0.031572023679017756,0.0811965811965812,0.10683760683760683,0.021451981134855146,0.023729332723559496,0.03798201047132671,0.046187036439510575,khong cai thien (12/50)
static_kg_gcn,active,2020,486,0.006771616810864232,713.9,False,,,,,,,,,
static_kg_gcn,active,2020,487,0.006799864686284549,715.3,False,,,,,,,,,
static_kg_gcn,active,2020,488,0.006799967514965222,716.6,False,,,,,,,,,
static_kg_gcn,active,2020,489,0.00683691434329417,718.0,False,,,,,,,,,
static_kg_gcn,active,2020,490,0.00676562464234815,719.4,True,0.01650145974451586,0.03166433953772834,0.07692307692307693,0.10256410256410256,0.021421721805554617,0.023809303280782644,0.03744782243713868,0.04613080612012236,khong cai thien (13/50)
static_kg_gcn,active,2020,491,0.006818268939182411,721.1,False,,,,,,,,,
static_kg_gcn,active,2020,492,0.006916353198027308,722.5,False,,,,,,,,,
static_kg_gcn,active,2020,493,0.006769129457636164,723.9,False,,,,,,,,,
static_kg_gcn,active,2020,494,0.006809079625425731,725.2,False,,,,,,,,,
static_kg_gcn,active,2020,495,0.006862313913501826,726.6,True,0.016512999226854685,0.03174511591410009,0.0811965811965812,0.10256410256410256,0.02136572370304742,0.023455628017397655,0.03798201047132671,0.04613080612012236,khong cai thien (14/50)
static_kg_gcn,active,2020,496,0.006636403427517028,728.3,False,,,,,,,,,
static_kg_gcn,active,2020,497,0.006763898232821812,729.7,False,,,,,,,,,
static_kg_gcn,active,2020,498,0.006787136238110567,731.0,False,,,,,,,,,
static_kg_gcn,active,2020,499,0.006668176177016802,732.4,False,,,,,,,,,
static_kg_gcn,active,2020,500,0.006765132006600207,733.8,True,0.01659377560322644,0.03176819487877774,0.07692307692307693,0.10256410256410256,0.020658900443147648,0.023066831590760166,0.03744782243713868,0.04613080612012236,khong cai thien (15/50)
static_kg_gcn,active,2020,501,0.006729686376643768,735.6,False,,,,,,,,,
static_kg_gcn,active,2020,502,0.00672426545045447,736.9,False,,,,,,,,,
static_kg_gcn,active,2020,503,0.006799022568296827,738.3,False,,,,,,,,,
static_kg_gcn,active,2020,504,0.006601838782049817,739.6,False,,,,,,,,,
static_kg_gcn,active,2020,505,0.006685445234573793,740.9,True,0.016720709908953486,0.03183743177281067,0.07692307692307693,0.10683760683760683,0.021072771101502585,0.02325312280906489,0.03783632282563907,0.04617397282995574,khong cai thien (16/50)
static_kg_gcn,active,2020,506,0.006702318246943862,742.7,False,,,,,,,,,
static_kg_gcn,active,2020,507,0.006675206933089858,744.1,False,,,,,,,,,
static_kg_gcn,active,2020,508,0.006745305889306165,745.5,False,,,,,,,,,
static_kg_gcn,active,2020,509,0.006652296661458321,746.8,False,,,,,,,,,
static_kg_gcn,active,2020,510,0.006692841156461038,748.2,True,0.016663012497259374,0.0318028133257942,0.07692307692307693,0.10256410256410256,0.020179777441152177,0.02291064468577734,0.03783632282563907,0.04719918218849843,khong cai thien (17/50)
static_kg_gcn,active,2020,511,0.006778959663520939,749.9,False,,,,,,,,,
static_kg_gcn,active,2020,512,0.006690838174548229,751.3,False,,,,,,,,,
static_kg_gcn,active,2020,513,0.006683472575458089,752.6,False,,,,,,,,,
static_kg_gcn,active,2020,514,0.006621438629934961,754.0,False,,,,,,,,,
static_kg_gcn,active,2020,515,0.006592078955064979,755.3,True,0.016605315085565262,0.03175665539643892,0.0811965811965812,0.10256410256410256,0.02087529963007696,0.023066577421648,0.03926082425014049,0.04719918218849843,khong cai thien (18/50)
static_kg_gcn,active,2020,516,0.006660330381213672,757.2,False,,,,,,,,,
static_kg_gcn,active,2020,517,0.006680800322809516,758.6,False,,,,,,,,,
static_kg_gcn,active,2020,518,0.006675471405970165,759.9,False,,,,,,,,,
static_kg_gcn,active,2020,519,0.0066574495991032125,761.3,False,,,,,,,,,
static_kg_gcn,active,2020,520,0.0066564057323351845,762.6,True,0.01654761767387115,0.03183743177281067,0.08974358974358974,0.10683760683760683,0.021581881891483298,0.023680110529661836,0.03944967860566151,0.04724234889833181,khong cai thien (19/50)
static_kg_gcn,active,2020,521,0.006749759626601793,764.4,False,,,,,,,,,
static_kg_gcn,active,2020,522,0.006687427705725737,765.7,False,,,,,,,,,
static_kg_gcn,active,2020,523,0.006721659484760489,767.1,False,,,,,,,,,
static_kg_gcn,active,2020,524,0.006668160169656029,768.4,False,,,,,,,,,
static_kg_gcn,active,2020,525,0.006732019951146606,769.8,True,0.01669763094427584,0.03183743177281067,0.08974358974358974,0.10683760683760683,0.022485695040796286,0.024221726794424404,0.0398381789941619,0.04724234889833181,khong cai thien (20/50)
static_kg_gcn,active,2020,526,0.006692908865245306,771.7,False,,,,,,,,,
static_kg_gcn,active,2020,527,0.006609280353317835,773.0,False,,,,,,,,,
static_kg_gcn,active,2020,528,0.006681791888516636,774.4,False,,,,,,,,,
static_kg_gcn,active,2020,529,0.006533629960879047,775.8,False,,,,,,,,,
static_kg_gcn,active,2020,530,0.006633179805118253,777.1,True,0.016824565250002886,0.03202206349023183,0.09401709401709402,0.10683760683760683,0.02278985841971434,0.02393388414529138,0.04037236702834994,0.046530098186081094,khong cai thien (21/50)
static_kg_gcn,active,2020,531,0.006631474314717895,778.8,False,,,,,,,,,
static_kg_gcn,active,2020,532,0.006503767912035888,780.2,False,,,,,,,,,
static_kg_gcn,active,2020,533,0.006526196211830548,781.6,False,,,,,,,,,
static_kg_gcn,active,2020,534,0.006531228611422265,783.0,False,,,,,,,,,
static_kg_gcn,active,2020,535,0.006520928235663916,784.3,True,0.016916881108713464,0.032056681937248296,0.08974358974358974,0.10683760683760683,0.022974677343995876,0.024676082404549743,0.040329200318516556,0.04724234889833181,khong cai thien (22/50)
static_kg_gcn,active,2020,536,0.006568981874664647,786.1,False,,,,,,,,,
static_kg_gcn,active,2020,537,0.006648378783367226,787.4,False,,,,,,,,,
static_kg_gcn,active,2020,538,0.006572700942208872,788.8,False,,,,,,,,,
static_kg_gcn,active,2020,539,0.006618572654466781,790.1,False,,,,,,,,,
static_kg_gcn,active,2020,540,0.006627944703180124,791.5,True,0.016997657485085218,0.03229901106636356,0.08547008547008547,0.10256410256410256,0.022617153347427584,0.024832263712026098,0.039330199319515556,0.04719918218849843,khong cai thien (23/50)
static_kg_gcn,active,2020,541,0.0065520211131371376,793.2,False,,,,,,,,,
static_kg_gcn,active,2020,542,0.006618005910059667,794.6,False,,,,,,,,,
static_kg_gcn,active,2020,543,0.006556071587491293,796.0,False,,,,,,,,,
static_kg_gcn,active,2020,544,0.006578130358898324,797.3,False,,,,,,,,,
static_kg_gcn,active,2020,545,0.006580051637572318,798.7,True,0.017043815414440507,0.032414405889751786,0.08974358974358974,0.10256410256410256,0.023560843072098835,0.02512774582781968,0.040329200318516556,0.04719918218849843,best
static_kg_gcn,active,2020,546,0.00651985375385244,800.4,False,,,,,,,,,
static_kg_gcn,active,2020,547,0.006594992661996709,801.8,False,,,,,,,,,
static_kg_gcn,active,2020,548,0.006538136185091825,803.1,False,,,,,,,,,
static_kg_gcn,active,2020,549,0.006497036044937303,804.5,False,,,,,,,,,
static_kg_gcn,active,2020,550,0.006542642234942537,805.9,True,0.016928420591052287,0.03232209003104121,0.08974358974358974,0.10256410256410256,0.02324600296768546,0.02481960117760837,0.040329200318516556,0.04719918218849843,khong cai thien (1/50)
static_kg_gcn,active,2020,551,0.00655805184035906,807.6,False,,,,,,,,,
static_kg_gcn,active,2020,552,0.0066129889027523306,809.0,False,,,,,,,,,
static_kg_gcn,active,2020,553,0.006598310668175702,810.4,False,,,,,,,,,
static_kg_gcn,active,2020,554,0.006488356723558574,811.7,False,,,,,,,,,
static_kg_gcn,active,2020,555,0.0064750521169523985,813.1,True,0.0170899733437958,0.03244902433676825,0.0811965811965812,0.10256410256410256,0.021479047321696983,0.024565988707267263,0.035445195434511675,0.04719918218849843,khong cai thien (2/50)
static_kg_gcn,active,2020,556,0.006615339456131354,814.8,False,,,,,,,,,
static_kg_gcn,active,2020,557,0.006622591817929218,816.2,False,,,,,,,,,
static_kg_gcn,active,2020,558,0.006491389614042095,817.5,False,,,,,,,,,
static_kg_gcn,active,2020,559,0.006512214355139095,818.9,False,,,,,,,,,
static_kg_gcn,active,2020,560,0.006565364834077662,820.2,True,0.017020736449762864,0.03252980071314001,0.0811965811965812,0.10256410256410256,0.020308595903968347,0.023542195209649744,0.035445195434511675,0.04719918218849843,khong cai thien (3/50)
static_kg_gcn,active,2020,561,0.006482359427030439,822.1,False,,,,,,,,,
static_kg_gcn,active,2020,562,0.0064970597409460635,823.4,False,,,,,,,,,
static_kg_gcn,active,2020,563,0.006590070167553794,824.8,False,,,,,,,,,
static_kg_gcn,active,2020,564,0.0065501593491682835,826.1,False,,,,,,,,,
static_kg_gcn,active,2020,565,0.006494078019733235,827.5,True,0.017078433861456976,0.03232209003104121,0.08547008547008547,0.10256410256410256,0.02190566890213788,0.02358493231408165,0.03971869970801595,0.04648693147624772,khong cai thien (4/50)
static_kg_gcn,active,2020,566,0.006426709480516358,829.2,False,,,,,,,,,
static_kg_gcn,active,2020,567,0.006521496186794082,830.6,False,,,,,,,,,
static_kg_gcn,active,2020,568,0.006487974109446019,831.9,False,,,,,,,,,
static_kg_gcn,active,2020,569,0.006537197985496037,833.3,False,,,,,,,,,
static_kg_gcn,active,2020,570,0.006534579287840305,834.7,True,0.017170749720167553,0.03251826123080118,0.08547008547008547,0.10256410256410256,0.02177498207098469,0.02345457133595288,0.03971869970801595,0.04648693147624772,khong cai thien (5/50)
static_kg_gcn,active,2020,571,0.006470435016847816,836.6,False,,,,,,,,,
static_kg_gcn,active,2020,572,0.006494613917585789,837.9,False,,,,,,,,,
static_kg_gcn,active,2020,573,0.006388066460594503,839.3,False,,,,,,,,,
static_kg_gcn,active,2020,574,0.006359321123876556,840.6,False,,,,,,,,,
static_kg_gcn,active,2020,575,0.006396620352329429,841.9,True,0.017170749720167553,0.03261057708951177,0.0811965811965812,0.09829059829059829,0.021521334192132237,0.02325451397599463,0.039184511673827915,0.046098431087747326,khong cai thien (6/50)
static_kg_gcn,active,2020,576,0.006523964923851049,843.7,False,,,,,,,,,
static_kg_gcn,active,2020,577,0.006440497800566282,845.0,False,,,,,,,,,
static_kg_gcn,active,2020,578,0.006439733202746197,846.4,False,,,,,,,,,
static_kg_gcn,active,2020,579,0.006404274776175561,847.8,False,,,,,,,,,
static_kg_gcn,active,2020,580,0.006457805885515669,849.2,True,0.017228447131861665,0.03251826123080118,0.08547008547008547,0.09829059829059829,0.022499881852474753,0.023978585380871508,0.03971869970801595,0.046098431087747326,khong cai thien (7/50)
static_kg_gcn,active,2020,581,0.006372490424711159,850.9,False,,,,,,,,,
static_kg_gcn,active,2020,582,0.00650355293212472,852.3,False,,,,,,,,,
static_kg_gcn,active,2020,583,0.006400633799737725,853.6,False,,,,,,,,,
static_kg_gcn,active,2020,584,0.006402911758737214,855.0,False,,,,,,,,,
static_kg_gcn,active,2020,585,0.00633843668398368,856.3,True,0.01711305230847344,0.0324721033014459,0.08547008547008547,0.10256410256410256,0.022808612933775032,0.024409867607544933,0.03971869970801595,0.04648693147624772,khong cai thien (8/50)
static_kg_gcn,active,2020,586,0.006409936992051404,858.1,False,,,,,,,,,
static_kg_gcn,active,2020,587,0.006360699878415394,859.5,False,,,,,,,,,
static_kg_gcn,active,2020,588,0.006415211731538811,860.9,False,,,,,,,,,
static_kg_gcn,active,2020,589,0.006437185165965548,862.2,False,,,,,,,,,
static_kg_gcn,active,2020,590,0.006431660289594951,863.6,True,0.017032275932101687,0.03246056381910707,0.0811965811965812,0.10256410256410256,0.021990464320542788,0.024167696385675858,0.038796011285327524,0.04648693147624772,khong cai thien (9/50)
static_kg_gcn,active,2020,591,0.006397839119889854,865.3,False,,,,,,,,,
static_kg_gcn,active,2020,592,0.006359776243274981,866.7,False,,,,,,,,,
static_kg_gcn,active,2020,593,0.006383475786908204,868.0,False,,,,,,,,,
static_kg_gcn,active,2020,594,0.006365546323448759,869.4,False,,,,,,,,,
static_kg_gcn,active,2020,595,0.0063949500423400195,870.7,True,0.01710151282613462,0.03243748485442943,0.08547008547008547,0.10256410256410256,0.022400680953955605,0.024343605718885566,0.039330199319515556,0.04648693147624772,khong cai thien (10/50)
static_kg_gcn,active,2020,596,0.006456248945415359,872.5,False,,,,,,,,,
static_kg_gcn,active,2020,597,0.006476611216449917,873.9,False,,,,,,,,,
static_kg_gcn,active,2020,598,0.006368076581992994,875.3,False,,,,,,,,,
static_kg_gcn,active,2020,599,0.006419466104691233,876.6,False,,,,,,,,,
static_kg_gcn,active,2020,600,0.0063884336517286274,878.0,True,0.017320762990572242,0.032575958642495295,0.08547008547008547,0.10683760683760683,0.024184913530123663,0.027098957363266743,0.039330199319515556,0.05076043574975199,best
static_kg_gcn,active,2020,601,0.006370113078249612,879.7,False,,,,,,,,,
static_kg_gcn,active,2020,602,0.006300645930589308,881.0,False,,,,,,,,,
static_kg_gcn,active,2020,603,0.00637656822819027,882.4,False,,,,,,,,,
static_kg_gcn,active,2020,604,0.006263814438729554,883.7,False,,,,,,,,,
static_kg_gcn,active,2020,605,0.006310292344751997,885.1,True,0.01726306557887813,0.032495182266123544,0.08974358974358974,0.10683760683760683,0.023853720547621297,0.025795762826269383,0.043603703593019835,0.05076043574975199,khong cai thien (1/50)
static_kg_gcn,active,2020,606,0.006394187093290636,887.0,False,,,,,,,,,
static_kg_gcn,active,2020,607,0.0062556832353800095,888.3,False,,,,,,,,,
static_kg_gcn,active,2020,608,0.006287236151777733,889.7,False,,,,,,,,,
static_kg_gcn,active,2020,609,0.006347725410388458,891.0,False,,,,,,,,,
static_kg_gcn,active,2020,610,0.0062815747917123205,892.4,True,0.017147670755489907,0.03263365605418941,0.08547008547008547,0.11538461538461539,0.023385778489201085,0.02710661007786712,0.043069515558831796,0.05645844144775768,best
static_kg_gcn,active,2020,611,0.006319263133278434,894.1,False,,,,,,,,,
static_kg_gcn,active,2020,612,0.006428253498017097,895.5,False,,,,,,,,,
static_kg_gcn,active,2020,613,0.006194649557639769,896.8,False,,,,,,,,,
static_kg_gcn,active,2020,614,0.006433518678349351,898.2,False,,,,,,,,,
static_kg_gcn,active,2020,615,0.006335838874769074,899.6,True,0.01725152609653931,0.03261057708951177,0.07692307692307693,0.11538461538461539,0.0218262970352302,0.02689815224087484,0.0384722609615772,0.05645844144775768,khong cai thien (1/50)
static_kg_gcn,active,2020,616,0.006348079589801762,901.4,False,,,,,,,,,
static_kg_gcn,active,2020,617,0.006267193670692023,902.8,False,,,,,,,,,
static_kg_gcn,active,2020,618,0.006286468809911433,904.1,False,,,,,,,,,
static_kg_gcn,active,2020,619,0.0062782125642718446,905.5,False,,,,,,,,,
static_kg_gcn,active,2020,620,0.006323303936156339,906.8,True,0.017170749720167553,0.03259903760717294,0.07692307692307693,0.11538461538461539,0.02314984939507768,0.028240399793877827,0.0384722609615772,0.05645844144775768,best
static_kg_gcn,active,2020,621,0.006333437998008015,908.6,False,,,,,,,,,
static_kg_gcn,active,2020,622,0.006315728102153527,909.9,False,,,,,,,,,
static_kg_gcn,active,2020,623,0.006329138563480127,911.3,False,,,,,,,,,
static_kg_gcn,active,2020,624,0.006260900384544949,912.7,False,,,,,,,,,
static_kg_gcn,active,2020,625,0.006265266482420342,914.0,True,0.017286144543555777,0.03264519553652823,0.0811965811965812,0.11538461538461539,0.02375884596235369,0.02844264510222569,0.03900644899576523,0.05645844144775768,best
static_kg_gcn,active,2020,626,0.006317791550939891,915.8,False,,,,,,,,,
static_kg_gcn,active,2020,627,0.006271369705852332,917.1,False,,,,,,,,,
static_kg_gcn,active,2020,628,0.006301579677846734,918.5,False,,,,,,,,,
static_kg_gcn,active,2020,629,0.006267209711523838,919.8,False,,,,,,,,,
static_kg_gcn,active,2020,630,0.006231712393412783,921.2,True,0.017239986614200488,0.03287598518330468,0.08547008547008547,0.11538461538461539,0.023564582644066516,0.028059049839846233,0.039330199319515556,0.05645844144775768,khong cai thien (1/50)
static_kg_gcn,active,2020,631,0.006264112030204563,922.9,False,,,,,,,,,
static_kg_gcn,active,2020,632,0.006309933767335604,924.3,False,,,,,,,,,
static_kg_gcn,active,2020,633,0.006242671778080528,925.7,False,,,,,,,,,
static_kg_gcn,active,2020,634,0.006200116802216908,927.1,False,,,,,,,,,
static_kg_gcn,active,2020,635,0.006235017818029029,928.4,True,0.017239986614200488,0.03282982725394939,0.0811965811965812,0.1111111111111111,0.023426931311652417,0.027591953320795965,0.037905697895014134,0.05218493717425341,khong cai thien (2/50)
static_kg_gcn,active,2020,636,0.006249047651727235,930.1,False,,,,,,,,,
static_kg_gcn,active,2020,637,0.006235366880354345,931.5,False,,,,,,,,,
static_kg_gcn,active,2020,638,0.00619988442266912,932.9,False,,,,,,,,,
static_kg_gcn,active,2020,639,0.006286384921657186,934.2,False,,,,,,,,,
static_kg_gcn,active,2020,640,0.006218456102799624,935.6,True,0.01726306557887813,0.03294522207733761,0.08547008547008547,0.1111111111111111,0.02426541571696846,0.02764184514626197,0.03971869970801595,0.05218493717425341,khong cai thien (3/50)
static_kg_gcn,active,2020,641,0.006220780635210554,937.3,False,,,,,,,,,
static_kg_gcn,active,2020,642,0.006213349333042418,938.7,False,,,,,,,,,
static_kg_gcn,active,2020,643,0.00627270190774281,940.1,False,,,,,,,,,
static_kg_gcn,active,2020,644,0.006255160086077603,941.4,False,,,,,,,,,
static_kg_gcn,active,2020,645,0.006207860997836986,942.8,True,0.01725152609653931,0.032702892948222345,0.08547008547008547,0.1111111111111111,0.023691604283207688,0.027381297870891462,0.039330199319515556,0.05218493717425341,khong cai thien (4/50)
static_kg_gcn,active,2020,646,0.00624889935784848,944.5,False,,,,,,,,,
static_kg_gcn,active,2020,647,0.006189524768571883,945.9,False,,,,,,,,,
static_kg_gcn,active,2020,648,0.006222338477493402,947.2,False,,,,,,,,,
static_kg_gcn,active,2020,649,0.0061828670648723365,948.6,False,,,,,,,,,
static_kg_gcn,active,2020,650,0.006161564286946909,949.9,True,0.017459236778638112,0.032933682594998785,0.07692307692307693,0.1111111111111111,0.02258899250691679,0.027185129433376018,0.037371509860826095,0.05218493717425341,khong cai thien (5/50)
static_kg_gcn,active,2020,651,0.006185026551745215,951.8,False,,,,,,,,,
static_kg_gcn,active,2020,652,0.006108392895705305,953.2,False,,,,,,,,,
static_kg_gcn,active,2020,653,0.006201096880726458,954.5,False,,,,,,,,,
static_kg_gcn,active,2020,654,0.0061970715189877835,955.9,False,,,,,,,,,
static_kg_gcn,active,2020,655,0.0061808787538601756,957.2,True,0.01735538143758871,0.03304907741838701,0.08547008547008547,0.1111111111111111,0.022906470884476195,0.026612284702422093,0.03890469889401514,0.05218493717425341,khong cai thien (6/50)
static_kg_gcn,active,2020,656,0.006134840723199071,959.0,False,,,,,,,,,
static_kg_gcn,active,2020,657,0.006196288261521023,960.3,False,,,,,,,,,
static_kg_gcn,active,2020,658,0.006387845120247251,961.7,False,,,,,,,,,
static_kg_gcn,active,2020,659,0.006150556555316236,963.0,False,,,,,,,,,
static_kg_gcn,active,2020,660,0.006097465114938833,964.4,True,0.01734384195524989,0.03295676155967643,0.0811965811965812,0.1111111111111111,0.022536837279551615,0.02658778865054564,0.038294198283514526,0.05218493717425341,khong cai thien (7/50)
static_kg_gcn,active,2020,661,0.00611803782410311,966.2,False,,,,,,,,,
static_kg_gcn,active,2020,662,0.006160793036251295,967.6,False,,,,,,,,,
static_kg_gcn,active,2020,663,0.006205906164718299,968.9,False,,,,,,,,,
static_kg_gcn,active,2020,664,0.00624624358263573,970.3,False,,,,,,,,,
static_kg_gcn,active,2020,665,0.006138944083483827,971.6,True,0.017401539366944,0.03308369586540348,0.0811965811965812,0.1111111111111111,0.0230503214107175,0.027302467936843253,0.037905697895014134,0.05218493717425341,khong cai thien (8/50)
static_kg_gcn,active,2020,666,0.0062475287759820135,973.4,False,,,,,,,,,
static_kg_gcn,active,2020,667,0.006049201813380264,974.7,False,,,,,,,,,
static_kg_gcn,active,2020,668,0.006257861024715719,976.1,False,,,,,,,,,
static_kg_gcn,active,2020,669,0.006167351639797227,977.5,False,,,,,,,,,
static_kg_gcn,active,2020,670,0.0061810081965073165,978.9,True,0.017563092119687512,0.03332602499451875,0.08547008547008547,0.1111111111111111,0.024146151702618947,0.027867217168213713,0.03971869970801595,0.05289718788650413,khong cai thien (9/50)
static_kg_gcn,active,2020,671,0.00614256515957515,980.6,False,,,,,,,,,
static_kg_gcn,active,2020,672,0.006035702378536506,982.0,False,,,,,,,,,
static_kg_gcn,active,2020,673,0.00622405631613391,983.3,False,,,,,,,,,
static_kg_gcn,active,2020,674,0.006100412405344949,984.6,False,,,,,,,,,
static_kg_gcn,active,2020,675,0.00610540308972757,986.0,True,0.017424618331621643,0.033360643441535213,0.08547008547008547,0.1111111111111111,0.023871805451649988,0.027574622675113163,0.03971869970801595,0.05289718788650413,khong cai thien (10/50)
static_kg_gcn,active,2020,676,0.006091386139098161,987.7,False,,,,,,,,,
static_kg_gcn,active,2020,677,0.006113678818714131,989.1,False,,,,,,,,,
static_kg_gcn,active,2020,678,0.006142578610493064,990.5,False,,,,,,,,,
static_kg_gcn,active,2020,679,0.0060921235845645344,991.9,False,,,,,,,,,
static_kg_gcn,active,2020,680,0.006117896767564983,993.2,True,0.017482315743315754,0.03318755120645288,0.0811965811965812,0.10683760683760683,0.022686294099527576,0.02648047808542799,0.038294198283514526,0.051472686462002704,khong cai thien (11/50)
static_kg_gcn,active,2020,681,0.006058797688281886,995.0,False,,,,,,,,,
static_kg_gcn,active,2020,682,0.006148834795000521,996.3,False,,,,,,,,,
static_kg_gcn,active,2020,683,0.006095902814359042,997.7,False,,,,,,,,,
static_kg_gcn,active,2020,684,0.006027941451358149,999.0,False,,,,,,,,,
static_kg_gcn,active,2020,685,0.006189624490137479,1000.4,True,0.017528473672671043,0.033279867065163456,0.0811965811965812,0.10683760683760683,0.02290116348735331,0.026662627143334318,0.03837051085982711,0.051472686462002704,khong cai thien (12/50)
static_kg_gcn,active,2020,686,0.006111523408356814,1002.2,False,,,,,,,,,
static_kg_gcn,active,2020,687,0.006032850467591376,1003.6,False,,,,,,,,,
static_kg_gcn,active,2020,688,0.006128001452884558,1004.9,False,,,,,,,,,
static_kg_gcn,active,2020,689,0.006133138200162992,1006.3,False,,,,,,,,,
static_kg_gcn,active,2020,690,0.006137404218755615,1007.6,True,0.017643868496059267,0.0334068013708905,0.08974358974358974,0.10683760683760683,0.024412573471891314,0.026931306107872952,0.04317820316751941,0.05190003688935313,khong cai thien (13/50)
static_kg_gcn,active,2020,691,0.006130141412898107,1009.4,False,,,,,,,,,
static_kg_gcn,active,2020,692,0.006051742373879336,1010.7,False,,,,,,,,,
static_kg_gcn,active,2020,693,0.006084684576231287,1012.1,False,,,,,,,,,
static_kg_gcn,active,2020,694,0.006087322062498357,1013.4,False,,,,,,,,,
static_kg_gcn,active,2020,695,0.006049317671068998,1014.8,True,0.017724644872431024,0.03345295930024579,0.08547008547008547,0.1111111111111111,0.023129102890141817,0.027298444965025027,0.03890469889401514,0.054036789026105266,khong cai thien (14/50)
static_kg_gcn,active,2020,696,0.0059994456789386735,1016.7,False,,,,,,,,,
static_kg_gcn,active,2020,697,0.006058490468419997,1018.0,False,,,,,,,,,
static_kg_gcn,active,2020,698,0.006161024714056598,1019.4,False,,,,,,,,,
static_kg_gcn,active,2020,699,0.006106146152646438,1020.7,False,,,,,,,,,
static_kg_gcn,active,2020,700,0.0060688745480659955,1022.1,True,0.01762078953138162,0.03347603826492344,0.08547008547008547,0.1111111111111111,0.02388418332315018,0.028152927442493675,0.03890469889401514,0.054036789026105266,khong cai thien (15/50)
static_kg_gcn,active,2020,701,0.006069312409840655,1023.8,False,,,,,,,,,
static_kg_gcn,active,2020,702,0.0059931218002399565,1025.2,False,,,,,,,,,
static_kg_gcn,active,2020,703,0.006025615538294283,1026.5,False,,,,,,,,,
static_kg_gcn,active,2020,704,0.006055016729303415,1027.9,False,,,,,,,,,
static_kg_gcn,active,2020,705,0.005997905796803681,1029.3,True,0.01762078953138162,0.03349911722960108,0.08547008547008547,0.1111111111111111,0.023704387672466607,0.02800015855046657,0.03890469889401514,0.054036789026105266,khong cai thien (16/50)
static_kg_gcn,active,2020,706,0.0061383596829084576,1031.1,False,,,,,,,,,
static_kg_gcn,active,2020,707,0.006033448574825497,1032.5,False,,,,,,,,,
static_kg_gcn,active,2020,708,0.006105542495637536,1033.9,False,,,,,,,,,
static_kg_gcn,active,2020,709,0.006040315734380802,1035.3,False,,,,,,,,,
static_kg_gcn,active,2020,710,0.006081929379846356,1036.6,True,0.01755155263734869,0.03348757774726226,0.08547008547008547,0.1111111111111111,0.02359049703208261,0.02788396570947206,0.03890469889401514,0.054036789026105266,khong cai thien (17/50)
static_kg_gcn,active,2020,711,0.006027241242399465,1038.4,False,,,,,,,,,
static_kg_gcn,active,2020,712,0.006146423925625107,1039.8,False,,,,,,,,,
static_kg_gcn,active,2020,713,0.00603173896967535,1041.2,False,,,,,,,,,
static_kg_gcn,active,2020,714,0.0059249642501782865,1042.6,False,,,,,,,,,
static_kg_gcn,active,2020,715,0.006027286748939803,1043.9,True,0.01765540797839809,0.03346449878258461,0.08974358974358974,0.1111111111111111,0.02363295166974054,0.027463470543819885,0.03933204932136556,0.05360943859875484,khong cai thien (18/50)
static_kg_gcn,active,2020,716,0.005919061899164583,1045.7,False,,,,,,,,,
static_kg_gcn,active,2020,717,0.006036193917068719,1047.1,False,,,,,,,,,
static_kg_gcn,active,2020,718,0.006009076181280188,1048.5,False,,,,,,,,,
static_kg_gcn,active,2020,719,0.006013938080960741,1049.8,False,,,,,,,,,
static_kg_gcn,active,2020,720,0.005965723473351309,1051.2,True,0.017770802801786313,0.03331448551217992,0.0811965811965812,0.11538461538461539,0.023766580762015134,0.028833893921531364,0.03808561057492681,0.057170692160008404,best
static_kg_gcn,active,2020,721,0.006019453711535031,1053.0,False,,,,,,,,,
static_kg_gcn,active,2020,722,0.0060355047567633826,1054.4,False,,,,,,,,,
static_kg_gcn,active,2020,723,0.005999723952224238,1055.8,False,,,,,,,,,
static_kg_gcn,active,2020,724,0.006092017123080308,1057.2,False,,,,,,,,,
static_kg_gcn,active,2020,725,0.005988941287748347,1058.6,True,0.017724644872431024,0.03333756447685757,0.08974358974358974,0.11538461538461539,0.023232897581092152,0.02676576486564457,0.04022236271167895,0.05432168931100555,khong cai thien (1/50)
static_kg_gcn,active,2020,726,0.005983811110872424,1060.3,False,,,,,,,,,
static_kg_gcn,active,2020,727,0.005948460162404578,1061.7,False,,,,,,,,,
static_kg_gcn,active,2020,728,0.005957183038731957,1063.0,False,,,,,,,,,
static_kg_gcn,active,2020,729,0.0060105294183056095,1064.4,False,,,,,,,,,
static_kg_gcn,active,2020,730,0.005999974228674321,1065.8,True,0.017816960731141602,0.03329140654750228,0.08547008547008547,0.11538461538461539,0.022828422035495826,0.02694301553751936,0.03879786128717752,0.05432168931100555,khong cai thien (2/50)
static_kg_gcn,active,2020,731,0.006054407966286912,1067.6,False,,,,,,,,,
static_kg_gcn,active,2020,732,0.005968223775716703,1069.0,False,,,,,,,,,
static_kg_gcn,active,2020,733,0.0060016610126329105,1070.4,False,,,,,,,,,
static_kg_gcn,active,2020,734,0.005953085454997493,1071.8,False,,,,,,,,,
static_kg_gcn,active,2020,735,0.005944581201039944,1073.2,True,0.01780542124880278,0.033637591017666946,0.08974358974358974,0.11538461538461539,0.023066812630223154,0.02660100743497718,0.04022236271167895,0.05432168931100555,khong cai thien (3/50)
static_kg_gcn,active,2020,736,0.005910312255823472,1074.9,False,,,,,,,,,
static_kg_gcn,active,2020,737,0.006084147727341346,1076.3,False,,,,,,,,,
static_kg_gcn,active,2020,738,0.005924457234240416,1077.7,False,,,,,,,,,
static_kg_gcn,active,2020,739,0.006007459297456886,1079.0,False,,,,,,,,,
static_kg_gcn,active,2020,740,0.006027229345889659,1080.4,True,0.017793881766463956,0.0335106567119399,0.08974358974358974,0.1111111111111111,0.022942183751421024,0.02632207802566907,0.04022236271167895,0.05393318892250516,khong cai thien (4/50)
static_kg_gcn,active,2020,741,0.005935776198111032,1082.4,False,,,,,,,,,
static_kg_gcn,active,2020,742,0.005962437033694528,1083.8,False,,,,,,,,,
static_kg_gcn,active,2020,743,0.005961797923062693,1085.1,False,,,,,,,,,
static_kg_gcn,active,2020,744,0.005906437124015113,1086.5,False,,,,,,,,,
static_kg_gcn,active,2020,745,0.005957567987532516,1087.9,True,0.01780542124880278,0.03349911722960108,0.08974358974358974,0.11538461538461539,0.02281354253622548,0.026350314262957163,0.04022236271167895,0.05432168931100555,khong cai thien (5/50)
static_kg_gcn,active,2020,746,0.0060354760499371956,1089.7,False,,,,,,,,,
static_kg_gcn,active,2020,747,0.00593926494925704,1091.1,False,,,,,,,,,
static_kg_gcn,active,2020,748,0.0058959853732765515,1092.4,False,,,,,,,,,
static_kg_gcn,active,2020,749,0.00582724370654568,1093.8,False,,,,,,,,,
static_kg_gcn,active,2020,750,0.005885076175918179,1095.2,True,0.017897737107513356,0.03369528842936106,0.08547008547008547,0.11538461538461539,0.022555373820013516,0.026515392801184923,0.03879786128717752,0.05432168931100555,khong cai thien (6/50)
static_kg_gcn,active,2020,751,0.006003383435417806,1097.2,False,,,,,,,,,
static_kg_gcn,active,2020,752,0.00593463020763238,1098.6,False,,,,,,,,,
static_kg_gcn,active,2020,753,0.005941875415518949,1099.9,False,,,,,,,,,
static_kg_gcn,active,2020,754,0.005918947526229245,1101.3,False,,,,,,,,,
static_kg_gcn,active,2020,755,0.0058780162095372086,1102.7,True,0.017828500213480425,0.03390299911145986,0.08547008547008547,0.12393162393162394,0.022516714956365168,0.02814659586019605,0.03594885843817468,0.05880886879818504,khong cai thien (7/50)
static_kg_gcn,active,2020,756,0.00592988433510151,1104.5,False,,,,,,,,,
static_kg_gcn,active,2020,757,0.005952885582940405,1105.8,False,,,,,,,,,
static_kg_gcn,active,2020,758,0.0058704215052960106,1107.2,False,,,,,,,,,
static_kg_gcn,active,2020,759,0.005914680322614575,1108.6,False,,,,,,,,,
static_kg_gcn,active,2020,760,0.0059101287808349225,1110.1,True,0.017932355554529825,0.033776064805732815,0.08547008547008547,0.11965811965811966,0.02217811514412254,0.026726694338619454,0.03594885843817468,0.05453536452468077,khong cai thien (8/50)
static_kg_gcn,active,2020,761,0.005918034020116078,1111.9,False,,,,,,,,,
static_kg_gcn,active,2020,762,0.006053789533357367,1113.2,False,,,,,,,,,
static_kg_gcn,active,2020,763,0.005933237580339338,1114.6,False,,,,,,,,,
static_kg_gcn,active,2020,764,0.005899115275844741,1116.0,False,,,,,,,,,
static_kg_gcn,active,2020,765,0.005870307616054025,1117.3,True,0.017886197625174533,0.03404147289952573,0.08974358974358974,0.11965811965811966,0.02302188341494506,0.027399988354526183,0.03600508875756289,0.05437791963039376,khong cai thien (9/50)
static_kg_gcn,active,2020,766,0.0059071035102642114,1119.1,False,,,,,,,,,
static_kg_gcn,active,2020,767,0.005890252786500719,1120.5,False,,,,,,,,,
static_kg_gcn,active,2020,768,0.0058808522551344194,1121.9,False,,,,,,,,,
static_kg_gcn,active,2020,769,0.005915896031592935,1123.4,False,,,,,,,,,
static_kg_gcn,active,2020,770,0.005902356716157829,1124.7,True,0.017816960731141602,0.03408763082888101,0.08547008547008547,0.11965811965811966,0.022238192119128114,0.027862431858587295,0.03458058733306146,0.058262923515397656,khong cai thien (10/50)
static_kg_gcn,active,2020,771,0.0059437650813354065,1126.5,False,,,,,,,,,
static_kg_gcn,active,2020,772,0.005885153435802481,1127.9,False,,,,,,,,,
static_kg_gcn,active,2020,773,0.0059552312549264325,1129.3,False,,,,,,,,,
static_kg_gcn,active,2020,774,0.005843188681468827,1130.7,False,,,,,,,,,
static_kg_gcn,active,2020,775,0.005927377263024579,1132.0,True,0.017840039695819244,0.03421456513460806,0.08547008547008547,0.11538461538461539,0.022036749364609285,0.02683519265280602,0.03458058733306146,0.05398941924189338,khong cai thien (11/50)
static_kg_gcn,active,2020,776,0.005904582056093917,1133.8,False,,,,,,,,,
static_kg_gcn,active,2020,777,0.005904477788112421,1135.2,False,,,,,,,,,
static_kg_gcn,active,2020,778,0.005863181222029738,1136.6,False,,,,,,,,,
static_kg_gcn,active,2020,779,0.005916092396703108,1138.0,False,,,,,,,,,
static_kg_gcn,active,2020,780,0.005906517812934202,1139.4,True,0.017920816072191002,0.03430688099331864,0.0811965811965812,0.1111111111111111,0.021858605532235474,0.025991337495692404,0.033868336620810756,0.049715914968389105,khong cai thien (12/50)
static_kg_gcn,active,2020,781,0.0059077328738157,1141.2,False,,,,,,,,,
static_kg_gcn,active,2020,782,0.005831076396142854,1142.6,False,,,,,,,,,
static_kg_gcn,active,2020,783,0.0058343042028265926,1143.9,False,,,,,,,,,
static_kg_gcn,active,2020,784,0.005891817577215761,1145.3,False,,,,,,,,,
static_kg_gcn,active,2020,785,0.005818493640982074,1146.7,True,0.017978513483885114,0.03431842047565746,0.0811965811965812,0.11538461538461539,0.021569881670323164,0.026627382731342766,0.033868336620810756,0.05398941924189338,khong cai thien (13/50)
static_kg_gcn,active,2020,786,0.005890942508117286,1148.6,False,,,,,,,,,
static_kg_gcn,active,2020,787,0.005854968622391071,1150.0,False,,,,,,,,,
static_kg_gcn,active,2020,788,0.005791715775993457,1151.4,False,,,,,,,,,
static_kg_gcn,active,2020,789,0.0058478365169379,1152.7,False,,,,,,,,,
static_kg_gcn,active,2020,790,0.005860280495600642,1154.1,True,0.017978513483885114,0.03420302565226924,0.0811965811965812,0.11538461538461539,0.0221659296381329,0.026754085136008254,0.03493671268918683,0.05398941924189338,khong cai thien (14/50)
static_kg_gcn,active,2020,791,0.005821663198083337,1155.9,False,,,,,,,,,
static_kg_gcn,active,2020,792,0.005789297492037208,1157.3,False,,,,,,,,,
static_kg_gcn,active,2020,793,0.0058038118520381534,1158.7,False,,,,,,,,,
static_kg_gcn,active,2020,794,0.005786750446082189,1160.0,False,,,,,,,,,
static_kg_gcn,active,2020,795,0.00584886339895392,1161.4,True,0.017770802801786313,0.03396069652315397,0.0811965811965812,0.11965811965811966,0.0210022649248695,0.026849317809806733,0.03493671268918683,0.058262923515397656,khong cai thien (15/50)
static_kg_gcn,active,2020,796,0.005810841517718424,1163.4,False,,,,,,,,,
static_kg_gcn,active,2020,797,0.0058909224983554045,1164.8,False,,,,,,,,,
static_kg_gcn,active,2020,798,0.005832484572519241,1166.2,False,,,,,,,,,
static_kg_gcn,active,2020,799,0.0058262215492156455,1167.5,False,,,,,,,,,
static_kg_gcn,active,2020,800,0.0058540225984792275,1168.9,True,0.017943895036868645,0.03419148616993042,0.07692307692307693,0.11965811965811966,0.020266478570460433,0.026700349774933498,0.03290679815927229,0.058262923515397656,khong cai thien (16/50)
static_kg_gcn,active,2020,801,0.005849260742247198,1170.7,False,,,,,,,,,
static_kg_gcn,active,2020,802,0.005731439321777258,1172.1,False,,,,,,,,,
static_kg_gcn,active,2020,803,0.005796322954793558,1173.5,False,,,,,,,,,
static_kg_gcn,active,2020,804,0.005731761211473135,1174.9,False,,,,,,,,,
static_kg_gcn,active,2020,805,0.005829882082866633,1176.3,True,0.018093908307273334,0.03415686772291395,0.0811965811965812,0.11965811965811966,0.019855635366621202,0.026689947118689977,0.03326292351539765,0.058873424125898265,khong cai thien (17/50)
static_kg_gcn,active,2020,806,0.005799721665459352,1178.2,False,,,,,,,,,
static_kg_gcn,active,2020,807,0.005809858582519726,1179.6,False,,,,,,,,,
static_kg_gcn,active,2020,808,0.005830151286566218,1181.0,False,,,,,,,,,
static_kg_gcn,active,2020,809,0.005816295080592968,1182.3,False,,,,,,,,,
static_kg_gcn,active,2020,810,0.005911902803306055,1183.7,True,0.017943895036868645,0.03430688099331864,0.0811965811965812,0.11538461538461539,0.019199902096439583,0.025306536319439642,0.03326292351539765,0.05498842024089437,khong cai thien (18/50)
static_kg_gcn,active,2020,811,0.005866589041232976,1185.4,False,,,,,,,,,
static_kg_gcn,active,2020,812,0.005898730103201985,1186.8,False,,,,,,,,,
static_kg_gcn,active,2020,813,0.005867381645111471,1188.2,False,,,,,,,,,
static_kg_gcn,active,2020,814,0.005768610191980415,1189.6,False,,,,,,,,,
static_kg_gcn,active,2020,815,0.005819294339354147,1191.0,True,0.018001592448562757,0.03441073633436804,0.0811965811965812,0.11538461538461539,0.022677550491504456,0.028307586626172058,0.03534344533276157,0.05498842024089437,khong cai thien (19/50)
static_kg_gcn,active,2020,816,0.005749925523861733,1192.8,False,,,,,,,,,
static_kg_gcn,active,2020,817,0.005760055077301855,1194.2,False,,,,,,,,,
static_kg_gcn,active,2020,818,0.005752251623259999,1195.5,False,,,,,,,,,
static_kg_gcn,active,2020,819,0.005729846389620795,1196.9,False,,,,,,,,,
static_kg_gcn,active,2020,820,0.005793150954655582,1198.3,True,0.01807082934259569,0.034272262546302175,0.08547008547008547,0.11965811965811966,0.02239674094799476,0.027091944935882486,0.039138991891466024,0.05520209545456959,khong cai thien (20/50)
static_kg_gcn,active,2020,821,0.005793664755725579,1200.1,False,,,,,,,,,
static_kg_gcn,active,2020,822,0.005837032724868442,1201.5,False,,,,,,,,,
static_kg_gcn,active,2020,823,0.005735532172200506,1202.9,False,,,,,,,,,
static_kg_gcn,active,2020,824,0.005751915717923507,1204.3,False,,,,,,,,,
static_kg_gcn,active,2020,825,0.00575361522827147,1205.7,True,0.01801313193090158,0.03430688099331864,0.07692307692307693,0.1111111111111111,0.021009579894140144,0.02592432000654496,0.03765826014757639,0.05422317671249296,khong cai thien (21/50)
static_kg_gcn,active,2020,826,0.005741914014377844,1207.5,False,,,,,,,,,
static_kg_gcn,active,2020,827,0.005749411147043822,1208.8,False,,,,,,,,,
static_kg_gcn,active,2020,828,0.005731295413267193,1210.2,False,,,,,,,,,
static_kg_gcn,active,2020,829,0.005678560690658716,1211.6,False,,,,,,,,,
static_kg_gcn,active,2020,830,0.005791839515717405,1213.0,True,0.017920816072191002,0.03423764409928571,0.0811965811965812,0.11538461538461539,0.024208381085274188,0.029015440673309488,0.03808561057492681,0.05475736474668099,best
static_kg_gcn,active,2020,831,0.0057677940348968134,1214.8,False,,,,,,,,,
static_kg_gcn,active,2020,832,0.005802880983299617,1216.2,False,,,,,,,,,
static_kg_gcn,active,2020,833,0.005779859975655807,1217.6,False,,,,,,,,,
static_kg_gcn,active,2020,834,0.005787747930775441,1219.0,False,,,,,,,,,
static_kg_gcn,active,2020,835,0.005812644688456501,1220.3,True,0.017840039695819244,0.03426072306396335,0.07692307692307693,0.11538461538461539,0.023750142347178135,0.028745348411883295,0.03765826014757639,0.05475736474668099,khong cai thien (1/50)
static_kg_gcn,active,2020,836,0.0057518498071411385,1222.1,False,,,,,,,,,
static_kg_gcn,active,2020,837,0.005647777428415445,1223.5,False,,,,,,,,,
static_kg_gcn,active,2020,838,0.005765816524254583,1224.9,False,,,,,,,,,
static_kg_gcn,active,2020,839,0.005685583939029714,1226.2,False,,,,,,,,,
static_kg_gcn,active,2020,840,0.005766341835023152,1227.6,True,0.017943895036868645,0.0341799466875916,0.0811965811965812,0.1111111111111111,0.023808798105807497,0.02728119600699682,0.03908276157207781,0.05048386047317672,khong cai thien (2/50)
static_kg_gcn,active,2020,841,0.0057021216941877395,1229.6,False,,,,,,,,,
static_kg_gcn,active,2020,842,0.005724404687541351,1231.0,False,,,,,,,,,
static_kg_gcn,active,2020,843,0.005711675014713401,1232.4,False,,,,,,,,,
static_kg_gcn,active,2020,844,0.005713104533495727,1233.7,False,,,,,,,,,
static_kg_gcn,active,2020,845,0.00570926766030324,1235.1,True,0.018036210895579226,0.03422610461694688,0.0811965811965812,0.1111111111111111,0.023724982314685682,0.027472220928787833,0.03908276157207781,0.0508723608616771,khong cai thien (3/50)
static_kg_gcn,active,2020,846,0.005736212384831702,1236.9,False,,,,,,,,,
static_kg_gcn,active,2020,847,0.005744806607417067,1238.3,False,,,,,,,,,
static_kg_gcn,active,2020,848,0.005750140791660652,1239.6,False,,,,,,,,,
static_kg_gcn,active,2020,849,0.005707914583976141,1241.0,False,,,,,,,,,
static_kg_gcn,active,2020,850,0.005806379298428332,1242.4,True,0.018047750377918045,0.03439919685202922,0.08547008547008547,0.11965811965811966,0.02295360984240257,0.028383315947454434,0.03890469889401514,0.05941936940868565,khong cai thien (4/50)
static_kg_gcn,active,2020,851,0.005679777848013701,1244.4,False,,,,,,,,,
static_kg_gcn,active,2020,852,0.005817282869938865,1245.7,False,,,,,,,,,
static_kg_gcn,active,2020,853,0.005731701783415697,1247.1,False,,,,,,,,,
static_kg_gcn,active,2020,854,0.005720621760713829,1248.5,False,,,,,,,,,
static_kg_gcn,active,2020,855,0.005714949900782245,1249.8,True,0.01811698727195098,0.03431842047565746,0.0811965811965812,0.11965811965811966,0.020983667753889577,0.02681524223022507,0.03837051085982711,0.05941936940868565,khong cai thien (5/50)
static_kg_gcn,active,2020,856,0.005706170455744029,1251.6,False,,,,,,,,,
static_kg_gcn,active,2020,857,0.005789595094739729,1253.0,False,,,,,,,,,
static_kg_gcn,active,2020,858,0.005713644899557803,1254.3,False,,,,,,,,,
static_kg_gcn,active,2020,859,0.005755116117349473,1255.7,False,,,,,,,,,
static_kg_gcn,active,2020,860,0.005688735272049238,1257.1,True,0.01816314520130627,0.03458382856945037,0.07692307692307693,0.12393162393162394,0.020718119440707526,0.028869611896750535,0.03381210630142254,0.06369287368218993,khong cai thien (6/50)
static_kg_gcn,active,2020,861,0.005718523478732612,1259.1,False,,,,,,,,,
static_kg_gcn,active,2020,862,0.005731103246814302,1260.5,False,,,,,,,,,
static_kg_gcn,active,2020,863,0.005733893067604663,1261.8,False,,,,,,,,,
static_kg_gcn,active,2020,864,0.005727626053991832,1263.2,False,,,,,,,,,
static_kg_gcn,active,2020,865,0.005714241172633942,1264.6,True,0.018278540024694492,0.03458382856945037,0.0811965811965812,0.11538461538461539,0.021565965811295978,0.026792830407574734,0.03524169523101148,0.055145865135181375,khong cai thien (7/50)
static_kg_gcn,active,2020,866,0.005747229332346236,1266.4,False,,,,,,,,,
static_kg_gcn,active,2020,867,0.005668348389214276,1267.7,False,,,,,,,,,
static_kg_gcn,active,2020,868,0.00571438503475351,1269.2,False,,,,,,,,,
static_kg_gcn,active,2020,869,0.005706690936107771,1270.6,False,,,,,,,,,
static_kg_gcn,active,2020,870,0.005677441084934255,1272.0,True,0.018347776918727427,0.03472230235751624,0.07692307692307693,0.11965811965811966,0.02203572182374628,0.02725226547801263,0.034529444518760756,0.05412065577663868,khong cai thien (8/50)
static_kg_gcn,active,2020,871,0.005651357360466305,1273.8,False,,,,,,,,,
static_kg_gcn,active,2020,872,0.005748588712098303,1275.1,False,,,,,,,,,
static_kg_gcn,active,2020,873,0.005568787486050529,1276.5,False,,,,,,,,,
static_kg_gcn,active,2020,874,0.005614349964363322,1277.9,False,,,,,,,,,
static_kg_gcn,active,2020,875,0.005730858366218178,1279.2,True,0.01826700054235567,0.03451459167541744,0.08547008547008547,0.11965811965811966,0.023779252134988858,0.028717656866390846,0.04022745021676645,0.059490594479910716,khong cai thien (9/50)
static_kg_gcn,active,2020,876,0.005671581643117153,1281.0,False,,,,,,,,,
static_kg_gcn,active,2020,877,0.005704550666937646,1282.4,False,,,,,,,,,
static_kg_gcn,active,2020,878,0.005669990779011377,1283.8,False,,,,,,,,,
static_kg_gcn,active,2020,879,0.005652039750398041,1285.3,False,,,,,,,,,
static_kg_gcn,active,2020,880,0.00571302432300106,1286.6,True,0.018186224165983915,0.034433815299045684,0.07692307692307693,0.11965811965811966,0.0214810956426098,0.02793020573975223,0.034529444518760756,0.05906324405256029,khong cai thien (10/50)
static_kg_gcn,active,2020,881,0.005666900644906542,1288.4,False,,,,,,,,,
static_kg_gcn,active,2020,882,0.005734233710473033,1289.8,False,,,,,,,,,
static_kg_gcn,active,2020,883,0.005618883511825231,1291.2,False,,,,,,,,,
static_kg_gcn,active,2020,884,0.005649996580677524,1292.6,False,,,,,,,,,
static_kg_gcn,active,2020,885,0.0056701229424956905,1293.9,True,0.018313158471710958,0.034422275816706864,0.07692307692307693,0.10683760683760683,0.02121431180550264,0.025043271361552193,0.03391894390826015,0.04799098298029921,khong cai thien (11/50)
static_kg_gcn,active,2020,886,0.005691786406770687,1295.8,False,,,,,,,,,
static_kg_gcn,active,2020,887,0.005606461343960732,1297.2,False,,,,,,,,,
static_kg_gcn,active,2020,888,0.005677305390769849,1298.6,False,,,,,,,,,
static_kg_gcn,active,2020,889,0.005653267019741304,1299.9,False,,,,,,,,,
static_kg_gcn,active,2020,890,0.005655153541486606,1301.3,True,0.01830161898937214,0.03451459167541744,0.0811965811965812,0.10683760683760683,0.02179967712127829,0.02582533786676303,0.03495679494611118,0.05139334984420454,khong cai thien (12/50)
static_kg_gcn,active,2020,891,0.005572059178016365,1303.1,False,,,,,,,,,
static_kg_gcn,active,2020,892,0.005668147690946562,1304.5,False,,,,,,,,,
static_kg_gcn,active,2020,893,0.0056367098408589,1305.8,False,,,,,,,,,
static_kg_gcn,active,2020,894,0.00567889600994851,1307.2,False,,,,,,,,,
static_kg_gcn,active,2020,895,0.005612012428488989,1308.6,True,0.018336237436388604,0.03444535478138451,0.0811965811965812,0.11965811965811966,0.021860674032725808,0.028313577102646568,0.03495679494611118,0.059156882607737306,khong cai thien (13/50)
static_kg_gcn,active,2020,896,0.0056449201519517865,1310.6,False,,,,,,,,,
static_kg_gcn,active,2020,897,0.005658085841214879,1312.0,False,,,,,,,,,
static_kg_gcn,active,2020,898,0.005568631335304209,1313.3,False,,,,,,,,,
static_kg_gcn,active,2020,899,0.005593643449684214,1314.7,False,,,,,,,,,
static_kg_gcn,active,2020,900,0.005579849107798264,1316.1,True,0.018313158471710958,0.0345953680517892,0.08547008547008547,0.1282051282051282,0.023179564897447207,0.03036409378365868,0.039230299219615454,0.06770389115474584,best
static_kg_gcn,active,2020,901,0.005577936369693059,1317.8,False,,,,,,,,,
static_kg_gcn,active,2020,902,0.005663674265744394,1319.2,False,,,,,,,,,
static_kg_gcn,active,2020,903,0.00561856545020518,1320.6,False,,,,,,,,,
static_kg_gcn,active,2020,904,0.005611959460563527,1322.0,False,,,,,,,,,
static_kg_gcn,active,2020,905,0.005528531650214094,1323.4,True,0.018278540024694492,0.03457228908711155,0.0811965811965812,0.1282051282051282,0.022042794206872496,0.02977094086795627,0.03880294879226503,0.06871747870679494,khong cai thien (1/50)
static_kg_gcn,active,2020,906,0.005672281990769171,1325.3,False,,,,,,,,,
static_kg_gcn,active,2020,907,0.005619962043513365,1326.7,False,,,,,,,,,
static_kg_gcn,active,2020,908,0.00557740505703316,1328.1,False,,,,,,,,,
static_kg_gcn,active,2020,909,0.00563798799775518,1329.4,False,,,,,,,,,
static_kg_gcn,active,2020,910,0.005516118916282589,1330.8,True,0.018359316401066247,0.0343876573696904,0.08547008547008547,0.11965811965811966,0.022465305067631957,0.02759387696611285,0.03951519950451575,0.05945821944753568,khong cai thien (2/50)
static_kg_gcn,active,2020,911,0.005643106175225425,1332.6,False,,,,,,,,,
static_kg_gcn,active,2020,912,0.005601982551364187,1333.9,False,,,,,,,,,
static_kg_gcn,active,2020,913,0.005648893919705336,1335.3,False,,,,,,,,,
static_kg_gcn,active,2020,914,0.005597687794855927,1336.7,False,,,,,,,,,
static_kg_gcn,active,2020,915,0.005592097673914646,1338.1,True,0.018197763648322735,0.03446843374606215,0.07692307692307693,0.12393162393162394,0.020051631802266975,0.028191610368286085,0.03436410060341684,0.06378651223736694,khong cai thien (3/50)
static_kg_gcn,active,2020,916,0.005558072474993754,1340.0,False,,,,,,,,,
static_kg_gcn,active,2020,917,0.005612896194844871,1341.3,False,,,,,,,,,
static_kg_gcn,active,2020,918,0.005621933063347959,1342.7,False,,,,,,,,,
static_kg_gcn,active,2020,919,0.005612710197335079,1344.0,False,,,,,,,,,
static_kg_gcn,active,2020,920,0.0056294320726452,1345.4,True,0.01822084261300038,0.03446843374606215,0.07264957264957266,0.12393162393162394,0.019173507162060958,0.027308711052216977,0.03382991256922881,0.06373172372103995,khong cai thien (4/50)
static_kg_gcn,active,2020,921,0.005547136792081857,1347.2,False,,,,,,,,,
static_kg_gcn,active,2020,922,0.005620270096831809,1348.6,False,,,,,,,,,
static_kg_gcn,active,2020,923,0.005522049115139656,1350.0,False,,,,,,,,,
static_kg_gcn,active,2020,924,0.0055056001233852354,1351.4,False,,,,,,,,,
static_kg_gcn,active,2020,925,0.005623970907963473,1352.8,True,0.01826700054235567,0.03461844701646684,0.07692307692307693,0.11965811965811966,0.018905620685475327,0.02584705841713867,0.03436410060341684,0.05945821944753568,khong cai thien (5/50)
static_kg_gcn,active,2020,926,0.005534750090585035,1354.6,False,,,,,,,,,
static_kg_gcn,active,2020,927,0.005539634802298586,1356.0,False,,,,,,,,,
static_kg_gcn,active,2020,928,0.005565925052379609,1357.4,False,,,,,,,,,
static_kg_gcn,active,2020,929,0.005557756170603457,1358.7,False,,,,,,,,,
static_kg_gcn,active,2020,930,0.005503980890832644,1360.1,True,0.018359316401066247,0.034491512710739795,0.07692307692307693,0.12393162393162394,0.01993710840378003,0.027336367117015675,0.03436410060341684,0.060455370444686685,khong cai thien (6/50)
static_kg_gcn,active,2020,931,0.0055257557287432795,1361.9,False,,,,,,,,,
static_kg_gcn,active,2020,932,0.005649987758483012,1363.3,False,,,,,,,,,
static_kg_gcn,active,2020,933,0.005609654848875987,1364.7,False,,,,,,,,,
static_kg_gcn,active,2020,934,0.005640676452475882,1366.1,False,,,,,,,,,
static_kg_gcn,active,2020,935,0.0055534260520394745,1367.5,True,0.018393934848082716,0.03482615769856564,0.08547008547008547,0.11965811965811966,0.021319684337612596,0.02779772797044776,0.036767946757263,0.06022525867611338,khong cai thien (7/50)
static_kg_gcn,active,2020,936,0.005595853836707726,1369.2,False,,,,,,,,,
static_kg_gcn,active,2020,937,0.005537604436585321,1370.6,False,,,,,,,,,
static_kg_gcn,active,2020,938,0.0056211325802664166,1372.0,False,,,,,,,,,
static_kg_gcn,active,2020,939,0.0054992250366758515,1373.3,False,,,,,,,,,
static_kg_gcn,active,2020,940,0.005496456639844913,1374.7,True,0.01841701381276036,0.03468768391049978,0.0811965811965812,0.11965811965811966,0.02061390645138448,0.027373842180425486,0.036500852740168975,0.06022525867611338,khong cai thien (8/50)
static_kg_gcn,active,2020,941,0.005534286676887456,1376.5,False,,,,,,,,,
static_kg_gcn,active,2020,942,0.005506503964330157,1377.9,False,,,,,,,,,
static_kg_gcn,active,2020,943,0.005500993497353892,1379.3,False,,,,,,,,,
static_kg_gcn,active,2020,944,0.005515970812820964,1380.7,False,,,,,,,,,
static_kg_gcn,active,2020,945,0.005494266262794776,1382.1,True,0.01842855329509918,0.034641525981144485,0.08547008547008547,0.11965811965811966,0.0203252352170797,0.026941177303609135,0.0369282031675194,0.0607172484843425,khong cai thien (9/50)
static_kg_gcn,active,2020,946,0.005525670092592551,1383.9,False,,,,,,,,,
static_kg_gcn,active,2020,947,0.005569638346739037,1385.2,False,,,,,,,,,
static_kg_gcn,active,2020,948,0.005590584920813978,1386.6,False,,,,,,,,,
static_kg_gcn,active,2020,949,0.005566975258140185,1388.0,False,,,,,,,,,
static_kg_gcn,active,2020,950,0.005577407120109168,1389.4,True,0.01841701381276036,0.03471076287517742,0.08547008547008547,0.11538461538461539,0.02051013419763652,0.027114892620623585,0.03621595245526869,0.060503573270667285,khong cai thien (10/50)
static_kg_gcn,active,2020,951,0.005485241274580912,1391.3,False,,,,,,,,,
static_kg_gcn,active,2020,952,0.005529013733664028,1392.7,False,,,,,,,,,
static_kg_gcn,active,2020,953,0.005504470921282879,1394.0,False,,,,,,,,,
static_kg_gcn,active,2020,954,0.005624971265851511,1395.4,False,,,,,,,,,
static_kg_gcn,active,2020,955,0.005512741668647223,1396.8,True,0.018555487600826228,0.03475692080453271,0.08547008547008547,0.11538461538461539,0.02031209816682452,0.026921552961732757,0.03621595245526869,0.060503573270667285,khong cai thien (11/50)
static_kg_gcn,active,2020,956,0.005535138281837707,1398.5,False,,,,,,,,,
static_kg_gcn,active,2020,957,0.005485814619284593,1399.9,False,,,,,,,,,
static_kg_gcn,active,2020,958,0.005523392048821209,1401.3,False,,,,,,,,,
static_kg_gcn,active,2020,959,0.00556391649595655,1402.7,False,,,,,,,,,
static_kg_gcn,active,2020,960,0.005524275482572395,1404.1,True,0.018543948118487405,0.03506848682768091,0.0811965811965812,0.11965811965811966,0.02042924933501619,0.02715439229265974,0.03616116393894172,0.060170470159786396,khong cai thien (12/50)
static_kg_gcn,active,2020,961,0.005470842578265386,1406.0,False,,,,,,,,,
static_kg_gcn,active,2020,962,0.005530884611043858,1407.4,False,,,,,,,,,
static_kg_gcn,active,2020,963,0.005519256168723996,1408.7,False,,,,,,,,,
static_kg_gcn,active,2020,964,0.005487600911679153,1410.1,False,,,,,,,,,
static_kg_gcn,active,2020,965,0.005543545765336575,1411.5,True,0.018543948118487405,0.03503386838066444,0.0811965811965812,0.11538461538461539,0.02078662307450299,0.028301949454704132,0.03616116393894172,0.06456401109178887,khong cai thien (13/50)
static_kg_gcn,active,2020,966,0.005494605781532652,1413.2,False,,,,,,,,,
static_kg_gcn,active,2020,967,0.005506777027121454,1414.6,False,,,,,,,,,
static_kg_gcn,active,2020,968,0.005516676041608509,1416.0,False,,,,,,,,,
static_kg_gcn,active,2020,969,0.005474731732537303,1417.4,False,,,,,,,,,
static_kg_gcn,active,2020,970,0.005496362287347249,1418.8,True,0.018636263977197982,0.035149263204052664,0.0811965811965812,0.10683760683760683,0.02099072973766792,0.02537125063081672,0.03616116393894172,0.051568673096450884,khong cai thien (14/50)
static_kg_gcn,active,2020,971,0.0054613530706509135,1420.6,False,,,,,,,,,
static_kg_gcn,active,2020,972,0.0055398320394397715,1422.0,False,,,,,,,,,
static_kg_gcn,active,2020,973,0.0054922659126898435,1423.3,False,,,,,,,,,
static_kg_gcn,active,2020,974,0.005473707117724676,1424.7,False,,,,,,,,,
static_kg_gcn,active,2020,975,0.005458171409703285,1426.1,True,0.018555487600826228,0.03544928974486205,0.0811965811965812,0.10683760683760683,0.021132679583321153,0.025386132674277515,0.036873414651192433,0.05156867309645087,khong cai thien (15/50)
static_kg_gcn,active,2020,976,0.005468114674536688,1427.8,False,,,,,,,,,
static_kg_gcn,active,2020,977,0.0054390459129606055,1429.2,False,,,,,,,,,
static_kg_gcn,active,2020,978,0.005485255507958017,1430.6,False,,,,,,,,,
static_kg_gcn,active,2020,979,0.005492618088208358,1432.0,False,,,,,,,,,
static_kg_gcn,active,2020,980,0.005491910637504478,1433.4,True,0.01852086915380976,0.03525311854510207,0.08547008547008547,0.1111111111111111,0.02172092814935309,0.02696234622721424,0.03714050866828645,0.05623067775845554,khong cai thien (16/50)
static_kg_gcn,active,2020,981,0.0054934231550021065,1435.2,False,,,,,,,,,
static_kg_gcn,active,2020,982,0.005449807960110817,1436.6,False,,,,,,,,,
static_kg_gcn,active,2020,983,0.005482180031990697,1437.9,False,,,,,,,,,
static_kg_gcn,active,2020,984,0.005544766937864999,1439.3,False,,,,,,,,,
static_kg_gcn,active,2020,985,0.005458353809829978,1440.6,True,0.018567027083165048,0.03538005285082911,0.0811965811965812,0.11965811965811966,0.02103403176455685,0.027781113889081346,0.03660632063409842,0.060789082316860095,khong cai thien (17/50)
static_kg_gcn,active,2020,986,0.005444686610376501,1442.4,False,,,,,,,,,
static_kg_gcn,active,2020,987,0.005418688936668032,1443.8,False,,,,,,,,,
static_kg_gcn,active,2020,988,0.005431407118344413,1445.3,False,,,,,,,,,
static_kg_gcn,active,2020,989,0.00548307093811544,1446.6,False,,,,,,,,,
static_kg_gcn,active,2020,990,0.005446605913173911,1448.0,True,0.018486250706793293,0.03546082922720087,0.08547008547008547,0.11538461538461539,0.02256535439766978,0.028391813991523546,0.03902797305575083,0.06050418203195981,khong cai thien (18/50)
static_kg_gcn,active,2020,991,0.005406936743231194,1449.8,False,,,,,,,,,
static_kg_gcn,active,2020,992,0.005445845050740609,1451.2,False,,,,,,,,,
static_kg_gcn,active,2020,993,0.005520554612401014,1452.5,False,,,,,,,,,
static_kg_gcn,active,2020,994,0.00545355386080167,1453.9,False,,,,,,,,,
static_kg_gcn,active,2020,995,0.005449339109483689,1455.3,True,0.018567027083165048,0.03536851336849029,0.08974358974358974,0.11538461538461539,0.022464887428061537,0.028086432963990188,0.03956216108993887,0.06050418203195981,khong cai thien (19/50)
static_kg_gcn,active,2020,996,0.0054617853025041956,1457.2,False,,,,,,,,,
static_kg_gcn,active,2020,997,0.005449256131614225,1458.6,False,,,,,,,,,
static_kg_gcn,active,2020,998,0.005492364112628723,1460.0,False,,,,,,,,,
static_kg_gcn,active,2020,999,0.005534247600198836,1461.3,False,,,,,,,,,
static_kg_gcn,active,2020,1000,0.005461467092526505,1462.7,True,0.018567027083165048,0.03526465802744089,0.08547008547008547,0.11965811965811966,0.022731730242810666,0.02874182952234121,0.038748160275938054,0.06056041235134803,khong cai thien (20/50)
