model,cohort,seed,epoch,loss,seconds,evaluated,valid_coverage@10,valid_coverage@20,valid_hit_rate@10,valid_hit_rate@20,valid_ndcg@10,valid_ndcg@20,valid_recall@10,valid_recall@20,note
bt_dkgrec_alpha_only,active,2022,1,0.6873342737595817,1.8,False,,,,,,,,,
bt_dkgrec_alpha_only,active,2022,2,0.6781394873083288,3.2,False,,,,,,,,,
bt_dkgrec_alpha_only,active,2022,3,0.6570397348276438,4.6,False,,,,,,,,,
bt_dkgrec_alpha_only,active,2022,4,0.6172695232074207,6.0,False,,,,,,,,,
bt_dkgrec_alpha_only,active,2022,5,0.561425033148091,7.4,True,0.0034733841839855065,0.00642749166272401,0.021367521367521368,0.04700854700854701,0.005856913160443637,0.007988127299749471,0.007219551079200201,0.014031302310092232,best
bt_dkgrec_alpha_only,active,2022,6,0.4999456149747272,9.2,False,,,,,,,,,
bt_dkgrec_alpha_only,active,2022,7,0.4422783935055443,10.6,False,,,,,,,,,
bt_dkgrec_alpha_only,active,2022,8,0.39252147583213287,12.0,False,,,,,,,,,
bt_dkgrec_alpha_only,active,2022,9,0.3517393509863922,13.4,False,,,,,,,,,
bt_dkgrec_alpha_only,active,2022,10,0.3176902567917051,14.8,True,0.0037272527954395965,0.006704439238855745,0.03418803418803419,0.05128205128205128,0.00740656149064347,0.008991606883263066,0.012640097069921632,0.018149179234986705,best
bt_dkgrec_alpha_only,active,2022,11,0.2862898698321018,16.8,False,,,,,,,,,
bt_dkgrec_alpha_only,active,2022,12,0.2602835459519646,18.2,False,,,,,,,,,
bt_dkgrec_alpha_only,active,2022,13,0.23732397118447782,19.6,False,,,,,,,,,
bt_dkgrec_alpha_only,active,2022,14,0.2189509610672636,21.0,False,,,,,,,,,
bt_dkgrec_alpha_only,active,2022,15,0.19987847320344837,22.4,True,0.0045350165591571566,0.008377664177984976,0.042735042735042736,0.06837606837606838,0.009234837961989765,0.012237834291501489,0.016968389859752884,0.027832397251538053,best
bt_dkgrec_alpha_only,active,2022,16,0.18472835489181058,24.2,False,,,,,,,,,
bt_dkgrec_alpha_only,active,2022,17,0.17089048968947862,25.6,False,,,,,,,,,
bt_dkgrec_alpha_only,active,2022,18,0.15882897319458678,27.0,False,,,,,,,,,
bt_dkgrec_alpha_only,active,2022,19,0.14712333322066867,28.5,False,,,,,,,,,
bt_dkgrec_alpha_only,active,2022,20,0.13982051784819527,29.9,True,0.00526200394650296,0.009450836035495448,0.042735042735042736,0.06837606837606838,0.0093618424338567,0.012177277796207153,0.017179253557458685,0.02778923054170468,khong cai thien (1/50)
bt_dkgrec_alpha_only,active,2022,21,0.1300671976371949,31.9,False,,,,,,,,,
bt_dkgrec_alpha_only,active,2022,22,0.12245018998124288,33.3,False,,,,,,,,,
bt_dkgrec_alpha_only,active,2022,23,0.11636661062615994,34.7,False,,,,,,,,,
bt_dkgrec_alpha_only,active,2022,24,0.11036203308511512,36.1,False,,,,,,,,,
bt_dkgrec_alpha_only,active,2022,25,0.10446129991383997,37.5,True,0.006012070298526408,0.010789415986798832,0.042735042735042736,0.0641025641025641,0.00936959421203201,0.01205901478371544,0.017179253557458685,0.027733000222316465,khong cai thien (2/50)
bt_dkgrec_alpha_only,active,2022,26,0.0997802112376209,39.3,False,,,,,,,,,
bt_dkgrec_alpha_only,active,2022,27,0.09528742156122014,40.7,False,,,,,,,,,
bt_dkgrec_alpha_only,active,2022,28,0.09045831568480145,42.1,False,,,,,,,,,
bt_dkgrec_alpha_only,active,2022,29,0.08739393900810138,43.5,False,,,,,,,,,
bt_dkgrec_alpha_only,active,2022,30,0.08297565878388022,45.0,True,0.0065775049331287,0.01179335095027637,0.038461538461538464,0.0641025641025641,0.009073299539608183,0.012171909642460146,0.016645065523270653,0.027733000222316465,khong cai thien (3/50)
bt_dkgrec_alpha_only,active,2022,31,0.08060755621535134,46.8,False,,,,,,,,,
bt_dkgrec_alpha_only,active,2022,32,0.07763513463041972,48.2,False,,,,,,,,,
bt_dkgrec_alpha_only,active,2022,33,0.07414495014658364,49.5,False,,,,,,,,,
bt_dkgrec_alpha_only,active,2022,34,0.07193584606557263,50.9,False,,,,,,,,,
bt_dkgrec_alpha_only,active,2022,35,0.06933553908189084,52.3,True,0.007016005262003947,0.012785746431415087,0.038461538461538464,0.06837606837606838,0.009835305319795852,0.013722156311823766,0.016645065523270653,0.03004781503713128,best
bt_dkgrec_alpha_only,active,2022,36,0.06713368772185693,54.1,False,,,,,,,,,
bt_dkgrec_alpha_only,active,2022,37,0.06501026165163824,55.5,False,,,,,,,,,
bt_dkgrec_alpha_only,active,2022,38,0.06289183342694102,56.9,False,,,,,,,,,
bt_dkgrec_alpha_only,active,2022,39,0.061331306179786674,58.4,False,,,,,,,,,
bt_dkgrec_alpha_only,active,2022,40,0.05930950632294027,59.8,True,0.007396808179185082,0.013639668124487936,0.03418803418803419,0.05555555555555555,0.009332423684669359,0.012672650953394541,0.016705388233166012,0.028512313501629742,khong cai thien (1/50)
bt_dkgrec_alpha_only,active,2022,41,0.05726344638757567,61.6,False,,,,,,,,,
bt_dkgrec_alpha_only,active,2022,42,0.05676920818439444,62.9,False,,,,,,,,,
bt_dkgrec_alpha_only,active,2022,43,0.05449553281118825,64.3,False,,,,,,,,,
bt_dkgrec_alpha_only,active,2022,44,0.05331852557764915,65.7,False,,,,,,,,,
bt_dkgrec_alpha_only,active,2022,45,0.05198537904356275,67.1,True,0.00774299264934975,0.014539747746916073,0.03418803418803419,0.0641025641025641,0.009114263151444061,0.013550863949897102,0.016705388233166012,0.03244612897390675,khong cai thien (2/50)
bt_dkgrec_alpha_only,active,2022,46,0.050533264003693616,68.9,False,,,,,,,,,
bt_dkgrec_alpha_only,active,2022,47,0.04910952254995341,70.3,False,,,,,,,,,
bt_dkgrec_alpha_only,active,2022,48,0.047911895400371524,71.7,False,,,,,,,,,
bt_dkgrec_alpha_only,active,2022,49,0.046782272712144496,73.1,False,,,,,,,,,
bt_dkgrec_alpha_only,active,2022,50,0.04548903997930204,74.5,True,0.00814687453120853,0.015289814098939522,0.03418803418803419,0.07264957264957266,0.009294234301252698,0.014723500299923472,0.016705388233166012,0.03511706914484691,best
bt_dkgrec_alpha_only,active,2022,51,0.04470730226362821,76.3,False,,,,,,,,,
bt_dkgrec_alpha_only,active,2022,52,0.043496063607732456,77.7,False,,,,,,,,,
bt_dkgrec_alpha_only,active,2022,53,0.04355100819079322,79.0,False,,,,,,,,,
bt_dkgrec_alpha_only,active,2022,54,0.04173537867249644,80.4,False,,,,,,,,,
bt_dkgrec_alpha_only,active,2022,55,0.041342302342292594,81.8,True,0.0084930590013732,0.015762932874831236,0.038461538461538464,0.06837606837606838,0.010336007356468054,0.01477562556625565,0.01777376430154208,0.0336925677203455,best
bt_dkgrec_alpha_only,active,2022,56,0.040417402055453557,83.6,False,,,,,,,,,
bt_dkgrec_alpha_only,active,2022,57,0.039657626058366736,85.0,False,,,,,,,,,
bt_dkgrec_alpha_only,active,2022,58,0.038822342243143924,86.4,False,,,,,,,,,
bt_dkgrec_alpha_only,active,2022,59,0.03767032206593451,87.8,False,,,,,,,,,
bt_dkgrec_alpha_only,active,2022,60,0.03724987274781921,89.2,True,0.008770006577504933,0.016386064921127638,0.038461538461538464,0.07264957264957266,0.010610747078892376,0.015512745278580901,0.01777376430154208,0.03511706914484691,best
bt_dkgrec_alpha_only,active,2022,61,0.03608455062642279,91.0,False,,,,,,,,,
bt_dkgrec_alpha_only,active,2022,62,0.03528074374606816,92.4,False,,,,,,,,,
bt_dkgrec_alpha_only,active,2022,63,0.03556752840947823,93.8,False,,,,,,,,,
bt_dkgrec_alpha_only,active,2022,64,0.03436554741798585,95.2,False,,,,,,,,,
bt_dkgrec_alpha_only,active,2022,65,0.03351556400257143,96.6,True,0.008885401400893157,0.016963039038068752,0.042735042735042736,0.07692307692307693,0.011426583911393371,0.015112413901029229,0.019910516438294217,0.03176625329403107,khong cai thien (1/50)
bt_dkgrec_alpha_only,active,2022,66,0.0331059385521629,98.5,False,,,,,,,,,
bt_dkgrec_alpha_only,active,2022,67,0.03220287370193247,99.9,False,,,,,,,,,
bt_dkgrec_alpha_only,active,2022,68,0.03225169026907238,101.3,False,,,,,,,,,
bt_dkgrec_alpha_only,active,2022,69,0.03139196980575921,102.7,False,,,,,,,,,
bt_dkgrec_alpha_only,active,2022,70,0.031421952663669844,104.1,True,0.009070033118314313,0.017424618331621643,0.042735042735042736,0.07692307692307693,0.010973477124794918,0.014881595628088764,0.019910516438294217,0.03215475368253146,khong cai thien (2/50)
bt_dkgrec_alpha_only,active,2022,71,0.03058711765636537,105.9,False,,,,,,,,,
bt_dkgrec_alpha_only,active,2022,72,0.030290853934669397,107.3,False,,,,,,,,,
bt_dkgrec_alpha_only,active,2022,73,0.03016008698747072,108.7,False,,,,,,,,,
bt_dkgrec_alpha_only,active,2022,74,0.029373937860575287,110.1,False,,,,,,,,,
bt_dkgrec_alpha_only,active,2022,75,0.028890925881501172,111.5,True,0.009404678106140159,0.017897737107513356,0.04700854700854701,0.07692307692307693,0.011401938446369055,0.014825773679221962,0.02044470447248225,0.03176625329403107,khong cai thien (3/50)
bt_dkgrec_alpha_only,active,2022,76,0.02900416948284805,113.4,False,,,,,,,,,
bt_dkgrec_alpha_only,active,2022,77,0.02817901193494457,114.8,False,,,,,,,,,
bt_dkgrec_alpha_only,active,2022,78,0.027590563243899024,116.2,False,,,,,,,,,
bt_dkgrec_alpha_only,active,2022,79,0.02726165026280514,117.6,False,,,,,,,,,
bt_dkgrec_alpha_only,active,2022,80,0.027079346251668166,119.0,True,0.009600849305900137,0.018555487600826228,0.042735042735042736,0.07264957264957266,0.011366054828503712,0.014984315292393517,0.019910516438294217,0.031620565648343424,khong cai thien (4/50)
bt_dkgrec_alpha_only,active,2022,81,0.02625865800937112,120.8,False,,,,,,,,,
bt_dkgrec_alpha_only,active,2022,82,0.02622243816831566,122.2,False,,,,,,,,,
bt_dkgrec_alpha_only,active,2022,83,0.025910501724810436,123.6,False,,,,,,,,,
bt_dkgrec_alpha_only,active,2022,84,0.02521855877871816,124.9,False,,,,,,,,,
bt_dkgrec_alpha_only,active,2022,85,0.025042208097613972,126.4,True,0.00997011274074245,0.018993987929701472,0.042735042735042736,0.06837606837606838,0.011467688221004566,0.014367714752749916,0.019910516438294217,0.02980756383534161,khong cai thien (5/50)
bt_dkgrec_alpha_only,active,2022,86,0.024859286490341918,128.3,False,,,,,,,,,
bt_dkgrec_alpha_only,active,2022,87,0.024511318829048372,129.7,False,,,,,,,,,
bt_dkgrec_alpha_only,active,2022,88,0.0238824035994867,131.1,False,,,,,,,,,
bt_dkgrec_alpha_only,active,2022,89,0.023833304957376032,132.5,False,,,,,,,,,
bt_dkgrec_alpha_only,active,2022,90,0.02369110714690906,133.9,True,0.01016628394050243,0.019363251364543786,0.04700854700854701,0.0641025641025641,0.011814036234056474,0.013586495382677052,0.022047268575046353,0.02838306241084019,khong cai thien (6/50)
bt_dkgrec_alpha_only,active,2022,91,0.023471938225917314,135.7,False,,,,,,,,,
bt_dkgrec_alpha_only,active,2022,92,0.02293268184896966,137.1,False,,,,,,,,,
bt_dkgrec_alpha_only,active,2022,93,0.02298864570848756,138.5,False,,,,,,,,,
bt_dkgrec_alpha_only,active,2022,94,0.022572776427715137,139.9,False,,,,,,,,,
bt_dkgrec_alpha_only,active,2022,95,0.02253288047918988,141.3,True,0.010454770998972986,0.0198363701404355,0.042735042735042736,0.06837606837606838,0.01091664927819688,0.01370701148083879,0.019910516438294217,0.02891725044502822,khong cai thien (7/50)
bt_dkgrec_alpha_only,active,2022,96,0.021548476268417195,143.3,False,,,,,,,,,
bt_dkgrec_alpha_only,active,2022,97,0.021451236315573132,144.6,False,,,,,,,,,
bt_dkgrec_alpha_only,active,2022,98,0.021696481916950693,146.0,False,,,,,,,,,
bt_dkgrec_alpha_only,active,2022,99,0.021600524754369962,147.4,False,,,,,,,,,
bt_dkgrec_alpha_only,active,2022,100,0.020818997597965284,148.8,True,0.010685560645749432,0.02013639668124488,0.042735042735042736,0.06837606837606838,0.010724498760379847,0.013518059242698478,0.019910516438294217,0.02891725044502822,khong cai thien (8/50)
bt_dkgrec_alpha_only,active,2022,101,0.02058302808345313,150.6,False,,,,,,,,,
bt_dkgrec_alpha_only,active,2022,102,0.020630454890444246,152.0,False,,,,,,,,,
bt_dkgrec_alpha_only,active,2022,103,0.020488111851586284,153.3,False,,,,,,,,,
bt_dkgrec_alpha_only,active,2022,104,0.02011703773286938,154.8,False,,,,,,,,,
bt_dkgrec_alpha_only,active,2022,105,0.020140151604202315,156.2,True,0.01073171857510472,0.020517199598426013,0.04700854700854701,0.06837606837606838,0.011481931609884324,0.013573240149311796,0.022047268575046353,0.02891725044502822,khong cai thien (9/50)
bt_dkgrec_alpha_only,active,2022,106,0.019970925560839774,158.1,False,,,,,,,,,
bt_dkgrec_alpha_only,active,2022,107,0.020053822596263683,159.5,False,,,,,,,,,
bt_dkgrec_alpha_only,active,2022,108,0.019610041833119155,160.8,False,,,,,,,,,
bt_dkgrec_alpha_only,active,2022,109,0.01920281478299152,162.2,False,,,,,,,,,
bt_dkgrec_alpha_only,active,2022,110,0.019065964225205817,163.6,True,0.010847113398492944,0.02085184458625186,0.042735042735042736,0.07264957264957266,0.010973731263727055,0.014207625354053234,0.019910516438294217,0.030341751869529646,khong cai thien (10/50)
bt_dkgrec_alpha_only,active,2022,111,0.019408975532822968,165.4,False,,,,,,,,,
bt_dkgrec_alpha_only,active,2022,112,0.0187044853395649,166.8,False,,,,,,,,,
bt_dkgrec_alpha_only,active,2022,113,0.018062518920975778,168.1,False,,,,,,,,,
bt_dkgrec_alpha_only,active,2022,114,0.018665809532595574,169.6,False,,,,,,,,,
bt_dkgrec_alpha_only,active,2022,115,0.018263347967889754,171.0,True,0.011077903045269389,0.021140331644722416,0.04700854700854701,0.07264957264957266,0.012229280786254756,0.014799981608284288,0.022047268575046353,0.030341751869529646,khong cai thien (11/50)
bt_dkgrec_alpha_only,active,2022,116,0.017953841409183578,172.8,False,,,,,,,,,
bt_dkgrec_alpha_only,active,2022,117,0.017643228524517964,174.2,False,,,,,,,,,
bt_dkgrec_alpha_only,active,2022,118,0.018093766432111105,175.5,False,,,,,,,,,
bt_dkgrec_alpha_only,active,2022,119,0.01784029924764166,176.9,False,,,,,,,,,
bt_dkgrec_alpha_only,active,2022,120,0.017285703636223452,178.3,True,0.011170218903979968,0.021740384726341176,0.05128205128205128,0.07692307692307693,0.011971875894928567,0.014905296808377657,0.02243576896354674,0.03247850400628178,khong cai thien (12/50)
bt_dkgrec_alpha_only,active,2022,121,0.017174044015533633,180.1,False,,,,,,,,,
bt_dkgrec_alpha_only,active,2022,122,0.017205556600041843,181.5,False,,,,,,,,,
bt_dkgrec_alpha_only,active,2022,123,0.016997517585302425,182.9,False,,,,,,,,,
bt_dkgrec_alpha_only,active,2022,124,0.016789443343540874,184.3,False,,,,,,,,,
bt_dkgrec_alpha_only,active,2022,125,0.016844503724014907,185.7,True,0.011401008550756413,0.021832700585051754,0.04700854700854701,0.07692307692307693,0.01217319715392502,0.01566524548725876,0.022047268575046353,0.03286700439478217,best
bt_dkgrec_alpha_only,active,2022,126,0.016443791457346077,187.5,False,,,,,,,,,
bt_dkgrec_alpha_only,active,2022,127,0.016419701342871327,188.9,False,,,,,,,,,
bt_dkgrec_alpha_only,active,2022,128,0.01607215107236143,190.3,False,,,,,,,,,
bt_dkgrec_alpha_only,active,2022,129,0.016305039613894352,191.7,False,,,,,,,,,
bt_dkgrec_alpha_only,active,2022,130,0.015527718524120281,193.0,True,0.011504863891805814,0.022017332302472912,0.05555555555555555,0.07692307692307693,0.013134792547938394,0.015825115317939675,0.023860270388048162,0.03286700439478217,best
bt_dkgrec_alpha_only,active,2022,131,0.016008146546072067,194.8,False,,,,,,,,,
bt_dkgrec_alpha_only,active,2022,132,0.015751467998865273,196.2,False,,,,,,,,,
bt_dkgrec_alpha_only,active,2022,133,0.015636103200332447,197.7,False,,,,,,,,,
bt_dkgrec_alpha_only,active,2022,134,0.015735735587869278,199.1,False,,,,,,,,,
bt_dkgrec_alpha_only,active,2022,135,0.01542463746740677,200.5,True,0.011562561303499926,0.022225042984571713,0.05555555555555555,0.0811965811965812,0.013183090643179617,0.016700220396178196,0.023860270388048162,0.03675200827978606,best
bt_dkgrec_alpha_only,active,2022,136,0.015321326163848603,202.3,False,,,,,,,,,
bt_dkgrec_alpha_only,active,2022,137,0.015481040370824841,203.6,False,,,,,,,,,
bt_dkgrec_alpha_only,active,2022,138,0.015016923666255481,205.0,False,,,,,,,,,
bt_dkgrec_alpha_only,active,2022,139,0.014898296358546646,206.4,False,,,,,,,,,
bt_dkgrec_alpha_only,active,2022,140,0.014987427720213416,207.8,True,0.011781811467937548,0.02246737211368698,0.05555555555555555,0.0811965811965812,0.013152930874841108,0.01672490197040101,0.023860270388048162,0.03675200827978606,best
bt_dkgrec_alpha_only,active,2022,141,0.014936114946726996,209.6,False,,,,,,,,,
bt_dkgrec_alpha_only,active,2022,142,0.014878439931117484,211.0,False,,,,,,,,,
bt_dkgrec_alpha_only,active,2022,143,0.014661695315099626,212.4,False,,,,,,,,,
bt_dkgrec_alpha_only,active,2022,144,0.014695815119528003,213.9,False,,,,,,,,,
bt_dkgrec_alpha_only,active,2022,145,0.014509637417051302,215.3,True,0.011851048361970483,0.022894332960223404,0.05128205128205128,0.08974358974358974,0.012468651063815325,0.01752135979256459,0.02243576896354674,0.03960101112878891,best
bt_dkgrec_alpha_only,active,2022,146,0.014522479986051946,217.1,False,,,,,,,,,
bt_dkgrec_alpha_only,active,2022,147,0.014321323253416068,218.4,False,,,,,,,,,
bt_dkgrec_alpha_only,active,2022,148,0.014193966754295193,219.8,False,,,,,,,,,
bt_dkgrec_alpha_only,active,2022,149,0.014450163092572419,221.2,False,,,,,,,,,
bt_dkgrec_alpha_only,active,2022,150,0.013842519156151353,222.6,True,0.011966443185358704,0.023263596395065717,0.05128205128205128,0.08974358974358974,0.012648684946647734,0.017684231893509948,0.02243576896354674,0.03960101112878891,best
bt_dkgrec_alpha_only,active,2022,151,0.013868208681231665,224.4,False,,,,,,,,,
bt_dkgrec_alpha_only,active,2022,152,0.013777151206256217,225.8,False,,,,,,,,,
bt_dkgrec_alpha_only,active,2022,153,0.013809810929069967,227.2,False,,,,,,,,,
bt_dkgrec_alpha_only,active,2022,154,0.01359460371143342,228.6,False,,,,,,,,,
bt_dkgrec_alpha_only,active,2022,155,0.013406384841825254,230.0,True,0.012127995938102216,0.02342514914780923,0.05128205128205128,0.08547008547008547,0.012455074147223922,0.01707119156650111,0.02243576896354674,0.03817650970428749,khong cai thien (1/50)
bt_dkgrec_alpha_only,active,2022,156,0.013187120073890555,231.8,False,,,,,,,,,
bt_dkgrec_alpha_only,active,2022,157,0.013466076761020995,233.2,False,,,,,,,,,
bt_dkgrec_alpha_only,active,2022,158,0.013271553660528963,234.6,False,,,,,,,,,
bt_dkgrec_alpha_only,active,2022,159,0.013149068979036822,236.0,False,,,,,,,,,
bt_dkgrec_alpha_only,active,2022,160,0.01335849174692109,237.4,True,0.01213953542044104,0.023817491547329185,0.04700854700854701,0.08974358974358974,0.012180436213356094,0.018047578590170307,0.022047268575046353,0.04245001397779176,best
bt_dkgrec_alpha_only,active,2022,161,0.013188135374925716,239.3,False,,,,,,,,,
bt_dkgrec_alpha_only,active,2022,162,0.013186117337167678,240.7,False,,,,,,,,,
bt_dkgrec_alpha_only,active,2022,163,0.013038185457654219,242.1,False,,,,,,,,,
bt_dkgrec_alpha_only,active,2022,164,0.013153710497904003,243.5,False,,,,,,,,,
bt_dkgrec_alpha_only,active,2022,165,0.012701193338521533,244.9,True,0.012324167137862196,0.02384057051200683,0.05128205128205128,0.09401709401709402,0.012438743007016622,0.0183548945592688,0.02243576896354674,0.04298420201197979,best
bt_dkgrec_alpha_only,active,2022,166,0.012754484517439667,246.7,False,,,,,,,,,
bt_dkgrec_alpha_only,active,2022,167,0.012571249960311446,248.0,False,,,,,,,,,
bt_dkgrec_alpha_only,active,2022,168,0.01284043455387153,249.4,False,,,,,,,,,
bt_dkgrec_alpha_only,active,2022,169,0.012664012866524426,250.8,False,,,,,,,,,
bt_dkgrec_alpha_only,active,2022,170,0.012538881283057387,252.2,True,0.012485719890605708,0.024082899641122098,0.05128205128205128,0.08974358974358974,0.012421191084759793,0.018139787210904965,0.022702862980640757,0.04245001397779176,khong cai thien (1/50)
bt_dkgrec_alpha_only,active,2022,171,0.01264613905249914,254.1,False,,,,,,,,,
bt_dkgrec_alpha_only,active,2022,172,0.012427187733929946,255.5,False,,,,,,,,,
bt_dkgrec_alpha_only,active,2022,173,0.012313443022077394,256.9,False,,,,,,,,,
bt_dkgrec_alpha_only,active,2022,174,0.012320440611059517,258.3,False,,,,,,,,,
bt_dkgrec_alpha_only,active,2022,175,0.012170559364984313,259.7,True,0.012716509537382154,0.024429084111286768,0.05128205128205128,0.08974358974358974,0.01278838951292915,0.01758717007015466,0.026442179219956997,0.04245001397779176,khong cai thien (2/50)
bt_dkgrec_alpha_only,active,2022,176,0.01208446124971595,261.5,False,,,,,,,,,
bt_dkgrec_alpha_only,active,2022,177,0.01195621653865021,262.8,False,,,,,,,,,
bt_dkgrec_alpha_only,active,2022,178,0.011878574480839841,264.2,False,,,,,,,,,
bt_dkgrec_alpha_only,active,2022,179,0.011930454607685671,265.6,False,,,,,,,,,
bt_dkgrec_alpha_only,active,2022,180,0.011687821439986888,267.0,True,0.012843443843109198,0.024706031687418504,0.05128205128205128,0.08974358974358974,0.012932969598564175,0.017736932669702516,0.026442179219956997,0.04245001397779176,khong cai thien (3/50)
bt_dkgrec_alpha_only,active,2022,181,0.011942976789821874,268.9,False,,,,,,,,,
bt_dkgrec_alpha_only,active,2022,182,0.011839333565351431,270.4,False,,,,,,,,,
bt_dkgrec_alpha_only,active,2022,183,0.011758032732131319,271.8,False,,,,,,,,,
bt_dkgrec_alpha_only,active,2022,184,0.011889326841543788,273.1,False,,,,,,,,,
bt_dkgrec_alpha_only,active,2022,185,0.01156523274548168,274.5,True,0.012993457113513887,0.024832965993145547,0.05128205128205128,0.09401709401709402,0.012488944973710716,0.01785674387203882,0.026442179219956997,0.04387451540229318,khong cai thien (4/50)
bt_dkgrec_alpha_only,active,2022,186,0.011730359802001794,276.3,False,,,,,,,,,
bt_dkgrec_alpha_only,active,2022,187,0.011438262445314012,277.7,False,,,,,,,,,
bt_dkgrec_alpha_only,active,2022,188,0.011551035680448386,279.1,False,,,,,,,,,
bt_dkgrec_alpha_only,active,2022,189,0.011756107861039712,280.5,False,,,,,,,,,
bt_dkgrec_alpha_only,active,2022,190,0.011440846094870564,281.9,True,0.013120391419240932,0.025086834604599637,0.05982905982905983,0.08974358974358974,0.01444683913305897,0.01836751809659211,0.02911311939089717,0.04245001397779176,best
bt_dkgrec_alpha_only,active,2022,191,0.01159071891573254,283.9,False,,,,,,,,,
bt_dkgrec_alpha_only,active,2022,192,0.011227780573374011,285.3,False,,,,,,,,,
bt_dkgrec_alpha_only,active,2022,193,0.01116906032272966,286.6,False,,,,,,,,,
bt_dkgrec_alpha_only,active,2022,194,0.011244203473006786,288.0,False,,,,,,,,,
bt_dkgrec_alpha_only,active,2022,195,0.011298321941826827,289.4,True,0.013235786242629156,0.025398400627747838,0.05555555555555555,0.08974358974358974,0.014339812796036903,0.01852763895099023,0.028578931356709133,0.04245001397779176,best
bt_dkgrec_alpha_only,active,2022,196,0.010881692065387156,291.2,False,,,,,,,,,
bt_dkgrec_alpha_only,active,2022,197,0.01107460379378954,292.6,False,,,,,,,,,
bt_dkgrec_alpha_only,active,2022,198,0.010941481281281775,294.0,False,,,,,,,,,
bt_dkgrec_alpha_only,active,2022,199,0.01089244488083752,295.4,False,,,,,,,,,
bt_dkgrec_alpha_only,active,2022,200,0.010733956759929615,296.8,True,0.013270404689645623,0.025467637521780773,0.05555555555555555,0.09829059829059829,0.01459276962707461,0.020350318141520475,0.028578931356709133,0.04814801967579745,best
bt_dkgrec_alpha_only,active,2022,201,0.010902796986111131,298.8,False,,,,,,,,,
bt_dkgrec_alpha_only,active,2022,202,0.01096134922168305,300.1,False,,,,,,,,,
bt_dkgrec_alpha_only,active,2022,203,0.01071013863389005,301.5,False,,,,,,,,,
bt_dkgrec_alpha_only,active,2022,204,0.010809738581016198,302.9,False,,,,,,,,,
bt_dkgrec_alpha_only,active,2022,205,0.01075796651839342,304.3,True,0.013374260030695024,0.025536874415813707,0.05555555555555555,0.09401709401709402,0.014770812068519615,0.020277819981483456,0.028578931356709133,0.046881796187351735,khong cai thien (1/50)
bt_dkgrec_alpha_only,active,2022,206,0.010703490490099676,306.1,False,,,,,,,,,
bt_dkgrec_alpha_only,active,2022,207,0.010582495776516406,307.5,False,,,,,,,,,
bt_dkgrec_alpha_only,active,2022,208,0.010736392224829677,308.9,False,,,,,,,,,
bt_dkgrec_alpha_only,active,2022,209,0.010654143798981662,310.3,False,,,,,,,,,
bt_dkgrec_alpha_only,active,2022,210,0.010645910174203924,311.7,True,0.013478115371744424,0.02575612458025133,0.05555555555555555,0.09401709401709402,0.014822291179310781,0.020066414035826135,0.028578931356709133,0.046456424234202015,khong cai thien (2/50)
bt_dkgrec_alpha_only,active,2022,211,0.010435066526542249,313.5,False,,,,,,,,,
bt_dkgrec_alpha_only,active,2022,212,0.01056350099364924,314.9,False,,,,,,,,,
bt_dkgrec_alpha_only,active,2022,213,0.01041850065937709,316.3,False,,,,,,,,,
bt_dkgrec_alpha_only,active,2022,214,0.010266531186638056,317.7,False,,,,,,,,,
bt_dkgrec_alpha_only,active,2022,215,0.010324662975814362,319.1,True,0.013755062947876158,0.025963835262350132,0.05555555555555555,0.09829059829059829,0.014676229195930774,0.020346532233777095,0.028578931356709133,0.04788092565870344,khong cai thien (3/50)
bt_dkgrec_alpha_only,active,2022,216,0.01021843394248211,320.9,False,,,,,,,,,
bt_dkgrec_alpha_only,active,2022,217,0.010318757485428322,322.3,False,,,,,,,,,
bt_dkgrec_alpha_only,active,2022,218,0.010313397892433284,323.7,False,,,,,,,,,
bt_dkgrec_alpha_only,active,2022,219,0.010192343716880157,325.1,False,,,,,,,,,
bt_dkgrec_alpha_only,active,2022,220,0.010117695679189761,326.5,True,0.013789681394892625,0.02600999319170542,0.05555555555555555,0.09401709401709402,0.014553081500526865,0.019967204596931718,0.028578931356709133,0.04672351825129603,khong cai thien (4/50)
bt_dkgrec_alpha_only,active,2022,221,0.01039662796501036,328.3,False,,,,,,,,,
bt_dkgrec_alpha_only,active,2022,222,0.010335290525996845,329.7,False,,,,,,,,,
bt_dkgrec_alpha_only,active,2022,223,0.009812504622362654,331.1,False,,,,,,,,,
bt_dkgrec_alpha_only,active,2022,224,0.009998855627582553,332.5,False,,,,,,,,,
bt_dkgrec_alpha_only,active,2022,225,0.010107504884922585,333.9,True,0.013858918288925558,0.026102309050416,0.05982905982905983,0.09401709401709402,0.014929163527881576,0.02017817011028432,0.02911311939089717,0.046881796187351735,khong cai thien (5/50)
bt_dkgrec_alpha_only,active,2022,226,0.010013766603644805,335.7,False,,,,,,,,,
bt_dkgrec_alpha_only,active,2022,227,0.010029718397023994,337.1,False,,,,,,,,,
bt_dkgrec_alpha_only,active,2022,228,0.010058471952574926,338.5,False,,,,,,,,,
bt_dkgrec_alpha_only,active,2022,229,0.009958871992373004,339.9,False,,,,,,,,,
bt_dkgrec_alpha_only,active,2022,230,0.00973539400664581,341.3,True,0.013928155182958493,0.02636771714420891,0.05982905982905983,0.09401709401709402,0.015443792545471806,0.020658716902424244,0.02911311939089717,0.046881796187351735,best
bt_dkgrec_alpha_only,active,2022,231,0.0098196986778152,343.1,False,,,,,,,,,
bt_dkgrec_alpha_only,active,2022,232,0.009821854519847822,344.5,False,,,,,,,,,
bt_dkgrec_alpha_only,active,2022,233,0.009902722493549839,345.9,False,,,,,,,,,
bt_dkgrec_alpha_only,active,2022,234,0.009810045186697028,347.3,False,,,,,,,,,
bt_dkgrec_alpha_only,active,2022,235,0.009906740254318105,348.7,True,0.01391661570061967,0.026402335591225377,0.0641025641025641,0.09401709401709402,0.016430691418325767,0.021122053927328004,0.03053762081539859,0.046881796187351735,best
bt_dkgrec_alpha_only,active,2022,236,0.009718118036592019,350.5,False,,,,,,,,,
bt_dkgrec_alpha_only,active,2022,237,0.009670045012836767,351.9,False,,,,,,,,,
bt_dkgrec_alpha_only,active,2022,238,0.00955944397267511,353.3,False,,,,,,,,,
bt_dkgrec_alpha_only,active,2022,239,0.009473403281909622,354.7,False,,,,,,,,,
bt_dkgrec_alpha_only,active,2022,240,0.00955201926215992,356.1,True,0.014032010524007894,0.026586967308646535,0.0641025641025641,0.08974358974358974,0.01649597699065159,0.020964465080367593,0.03053762081539859,0.0463476081531637,khong cai thien (1/50)
bt_dkgrec_alpha_only,active,2022,241,0.00938749968739582,357.9,False,,,,,,,,,
bt_dkgrec_alpha_only,active,2022,242,0.009712979043075571,359.3,False,,,,,,,,,
bt_dkgrec_alpha_only,active,2022,243,0.009467976896639198,360.7,False,,,,,,,,,
bt_dkgrec_alpha_only,active,2022,244,0.009524017141858675,362.1,False,,,,,,,,,
bt_dkgrec_alpha_only,active,2022,245,0.009668212391121105,363.5,True,0.014124326382718471,0.02677159902606769,0.0641025641025641,0.08547008547008547,0.015958691488545895,0.020334860279346955,0.03053762081539859,0.046080514136069686,khong cai thien (2/50)
bt_dkgrec_alpha_only,active,2022,246,0.00941327242496473,365.3,False,,,,,,,,,
bt_dkgrec_alpha_only,active,2022,247,0.009583126806313128,366.7,False,,,,,,,,,
bt_dkgrec_alpha_only,active,2022,248,0.009456235406644196,368.2,False,,,,,,,,,
bt_dkgrec_alpha_only,active,2022,249,0.009282828515040545,369.6,False,,,,,,,,,
bt_dkgrec_alpha_only,active,2022,250,0.009299317396894297,371.0,True,0.01432049758247845,0.027048546602199425,0.05982905982905983,0.08974358974358974,0.015737560476020925,0.020848504491110538,0.030003432781210558,0.047505015560571115,khong cai thien (3/50)
bt_dkgrec_alpha_only,active,2022,251,0.009226741718000288,372.7,False,,,,,,,,,
bt_dkgrec_alpha_only,active,2022,252,0.009250681762571251,374.1,False,,,,,,,,,
bt_dkgrec_alpha_only,active,2022,253,0.009015257950453685,375.5,False,,,,,,,,,
bt_dkgrec_alpha_only,active,2022,254,0.009023027162671487,376.9,False,,,,,,,,,
bt_dkgrec_alpha_only,active,2022,255,0.00934293118782246,378.3,True,0.014389734476511384,0.027152401943248826,0.0641025641025641,0.08974358974358974,0.015742850613807733,0.02048830932589057,0.03053762081539859,0.046935214990770545,khong cai thien (4/50)
bt_dkgrec_alpha_only,active,2022,256,0.009191052850278237,380.2,False,,,,,,,,,
bt_dkgrec_alpha_only,active,2022,257,0.009088206508407408,381.6,False,,,,,,,,,
bt_dkgrec_alpha_only,active,2022,258,0.009048333901447278,383.0,False,,,,,,,,,
bt_dkgrec_alpha_only,active,2022,259,0.00924141881196837,384.4,False,,,,,,,,,
bt_dkgrec_alpha_only,active,2022,260,0.00904900520525465,385.8,True,0.014458971370544317,0.027406270554702915,0.0641025641025641,0.08974358974358974,0.015850980371735022,0.020620299955731593,0.03053762081539859,0.046935214990770545,khong cai thien (5/50)
bt_dkgrec_alpha_only,active,2022,261,0.009257460623621023,387.6,False,,,,,,,,,
bt_dkgrec_alpha_only,active,2022,262,0.009050479110391621,389.0,False,,,,,,,,,
bt_dkgrec_alpha_only,active,2022,263,0.009035698558165422,390.4,False,,,,,,,,,
bt_dkgrec_alpha_only,active,2022,264,0.008987004025087182,391.8,False,,,,,,,,,
bt_dkgrec_alpha_only,active,2022,265,0.008889221949889213,393.2,True,0.014528208264577252,0.027452428484058204,0.0641025641025641,0.08974358974358974,0.016390411714951755,0.021195797063978235,0.03053762081539859,0.047505015560571115,best
bt_dkgrec_alpha_only,active,2022,266,0.008937296755572909,395.1,False,,,,,,,,,
bt_dkgrec_alpha_only,active,2022,267,0.008960851148203136,396.6,False,,,,,,,,,
bt_dkgrec_alpha_only,active,2022,268,0.008888185923492307,398.0,False,,,,,,,,,
bt_dkgrec_alpha_only,active,2022,269,0.008916583510234877,399.3,False,,,,,,,,,
bt_dkgrec_alpha_only,active,2022,270,0.008907846912582177,400.7,True,0.01457436619393254,0.02768321813083465,0.0641025641025641,0.08974358974358974,0.016448570207220462,0.021847405714732447,0.03053762081539859,0.05035401840957396,best
bt_dkgrec_alpha_only,active,2022,271,0.0088108064334714,402.5,False,,,,,,,,,
bt_dkgrec_alpha_only,active,2022,272,0.00901683975595272,403.9,False,,,,,,,,,
bt_dkgrec_alpha_only,active,2022,273,0.008710284220409575,405.3,False,,,,,,,,,
bt_dkgrec_alpha_only,active,2022,274,0.008641070040381551,406.7,False,,,,,,,,,
bt_dkgrec_alpha_only,active,2022,275,0.008646114426615814,408.1,True,0.014666682052643118,0.027914007777611095,0.05982905982905983,0.08974358974358974,0.015367200337546684,0.02145359347692782,0.02911311939089717,0.05035401840957396,khong cai thien (1/50)
bt_dkgrec_alpha_only,active,2022,276,0.008847090008468455,410.1,False,,,,,,,,,
bt_dkgrec_alpha_only,active,2022,277,0.008735231306796773,411.5,False,,,,,,,,,
bt_dkgrec_alpha_only,active,2022,278,0.008687820498743497,412.9,False,,,,,,,,,
bt_dkgrec_alpha_only,active,2022,279,0.008745111821663681,414.3,False,,,,,,,,,
bt_dkgrec_alpha_only,active,2022,280,0.00878567084530592,415.6,True,0.01477053739369252,0.028179415871404007,0.0641025641025641,0.08547008547008547,0.0164558367709002,0.0204158713011323,0.03338662366440144,0.046080514136069686,khong cai thien (2/50)
bt_dkgrec_alpha_only,active,2022,281,0.008557245274855815,417.4,False,,,,,,,,,
bt_dkgrec_alpha_only,active,2022,282,0.00870922895059974,418.8,False,,,,,,,,,
bt_dkgrec_alpha_only,active,2022,283,0.00874855552160427,420.2,False,,,,,,,,,
bt_dkgrec_alpha_only,active,2022,284,0.008690401997160258,421.6,False,,,,,,,,,
bt_dkgrec_alpha_only,active,2022,285,0.008696557238317098,423.0,True,0.014758997911353697,0.02819095535374283,0.05982905982905983,0.08547008547008547,0.015000109577996218,0.020230927279072563,0.02911311939089717,0.04650786456342012,khong cai thien (3/50)
bt_dkgrec_alpha_only,active,2022,286,0.008631127237025556,425.0,False,,,,,,,,,
bt_dkgrec_alpha_only,active,2022,287,0.008674864049153684,426.3,False,,,,,,,,,
bt_dkgrec_alpha_only,active,2022,288,0.008627031122844587,427.7,False,,,,,,,,,
bt_dkgrec_alpha_only,active,2022,289,0.008449384053976215,429.1,False,,,,,,,,,
bt_dkgrec_alpha_only,active,2022,290,0.008650128112321383,430.5,True,0.014943629628774853,0.0284332844828581,0.05982905982905983,0.08974358974358974,0.015796665060653033,0.021443487106110982,0.02911311939089717,0.04793236598792154,khong cai thien (4/50)
bt_dkgrec_alpha_only,active,2022,291,0.008500367171454916,432.3,False,,,,,,,,,
bt_dkgrec_alpha_only,active,2022,292,0.008605184860725987,433.7,False,,,,,,,,,
bt_dkgrec_alpha_only,active,2022,293,0.008503613659440358,435.1,False,,,,,,,,,
bt_dkgrec_alpha_only,active,2022,294,0.008511130390146804,436.5,False,,,,,,,,,
bt_dkgrec_alpha_only,active,2022,295,0.008423370923018276,438.0,True,0.015116721863857187,0.02858329775326279,0.0641025641025641,0.08974358974358974,0.01658126991524506,0.021228505114730904,0.03338662366440144,0.04793236598792154,khong cai thien (5/50)
bt_dkgrec_alpha_only,active,2022,296,0.008499309415914398,439.9,False,,,,,,,,,
bt_dkgrec_alpha_only,active,2022,297,0.008353825474248375,441.3,False,,,,,,,,,
bt_dkgrec_alpha_only,active,2022,298,0.008481555656230544,442.6,False,,,,,,,,,
bt_dkgrec_alpha_only,active,2022,299,0.008465704209295575,444.0,False,,,,,,,,,
bt_dkgrec_alpha_only,active,2022,300,0.008306219148922994,445.4,True,0.01502440600514661,0.028594837235601613,0.0641025641025641,0.09401709401709402,0.016299618734803265,0.021196945169930908,0.03338662366440144,0.048644616700172255,khong cai thien (6/50)
bt_dkgrec_alpha_only,active,2022,301,0.008331329925445717,447.2,False,,,,,,,,,
bt_dkgrec_alpha_only,active,2022,302,0.008353341593973546,448.6,False,,,,,,,,,
bt_dkgrec_alpha_only,active,2022,303,0.008307559699503071,450.0,False,,,,,,,,,
bt_dkgrec_alpha_only,active,2022,304,0.00831910112638018,451.4,False,,,,,,,,,
bt_dkgrec_alpha_only,active,2022,305,0.008245875832914626,452.8,True,0.015059024452163077,0.028664074129634544,0.06837606837606838,0.09401709401709402,0.017886178807335597,0.02122333811111212,0.03766012793790572,0.0472632819855042,khong cai thien (7/50)
bt_dkgrec_alpha_only,active,2022,306,0.008251134760479048,454.7,False,,,,,,,,,
bt_dkgrec_alpha_only,active,2022,307,0.008254254981768754,456.0,False,,,,,,,,,
bt_dkgrec_alpha_only,active,2022,308,0.008263960708366658,457.4,False,,,,,,,,,
bt_dkgrec_alpha_only,active,2022,309,0.00828683263380589,458.8,False,,,,,,,,,
bt_dkgrec_alpha_only,active,2022,310,0.008226217786848965,460.2,True,0.015139800828534831,0.028883324294072168,0.0641025641025641,0.08974358974358974,0.016532877442719023,0.02091286739182236,0.03338662366440144,0.04722011527567083,khong cai thien (8/50)
bt_dkgrec_alpha_only,active,2022,311,0.008176793164586723,462.0,False,,,,,,,,,
bt_dkgrec_alpha_only,active,2022,312,0.008208475891859036,463.4,False,,,,,,,,,
bt_dkgrec_alpha_only,active,2022,313,0.008182320442798902,464.8,False,,,,,,,,,
bt_dkgrec_alpha_only,active,2022,314,0.008186566494139708,466.2,False,,,,,,,,,
bt_dkgrec_alpha_only,active,2022,315,0.00800779809569621,467.7,True,0.015312893063617166,0.028952561188105103,0.0641025641025641,0.08547008547008547,0.016975101404214862,0.02107505043443391,0.03338662366440144,0.04650786456342012,khong cai thien (9/50)
bt_dkgrec_alpha_only,active,2022,316,0.008186536773858158,469.5,False,,,,,,,,,
bt_dkgrec_alpha_only,active,2022,317,0.00806643735632921,470.9,False,,,,,,,,,
bt_dkgrec_alpha_only,active,2022,318,0.008179371382436679,472.3,False,,,,,,,,,
bt_dkgrec_alpha_only,active,2022,319,0.007963049487705133,473.6,False,,,,,,,,,
bt_dkgrec_alpha_only,active,2022,320,0.008061989547959876,475.0,True,0.015289814098939522,0.029067956011493326,0.0641025641025641,0.08974358974358974,0.01713466415869635,0.021663236263869175,0.03338662366440144,0.04793236598792154,khong cai thien (10/50)
bt_dkgrec_alpha_only,active,2022,321,0.008019530377255576,476.8,False,,,,,,,,,
bt_dkgrec_alpha_only,active,2022,322,0.008054809787824257,478.2,False,,,,,,,,,
bt_dkgrec_alpha_only,active,2022,323,0.007945664679640307,479.7,False,,,,,,,,,
bt_dkgrec_alpha_only,active,2022,324,0.00814257405464517,481.1,False,,,,,,,,,
bt_dkgrec_alpha_only,active,2022,325,0.00803696775814043,482.5,True,0.015347511510633634,0.029264127211253304,0.0641025641025641,0.08547008547008547,0.017210669233188765,0.021286066222172665,0.03338662366440144,0.04650786456342012,khong cai thien (11/50)
bt_dkgrec_alpha_only,active,2022,326,0.00796921658925248,484.3,False,,,,,,,,,
bt_dkgrec_alpha_only,active,2022,327,0.007851324277141167,485.7,False,,,,,,,,,
bt_dkgrec_alpha_only,active,2022,328,0.00801799327836654,487.1,False,,,,,,,,,
bt_dkgrec_alpha_only,active,2022,329,0.007984111364741444,488.4,False,,,,,,,,,
bt_dkgrec_alpha_only,active,2022,330,0.008081881028472094,489.8,True,0.015289814098939522,0.029391061516980347,0.0641025641025641,0.08547008547008547,0.01766110618129508,0.021602526809367074,0.03338662366440144,0.0463495866273644,khong cai thien (12/50)
bt_dkgrec_alpha_only,active,2022,331,0.00785538898227934,491.6,False,,,,,,,,,
bt_dkgrec_alpha_only,active,2022,332,0.007941053889562948,493.0,False,,,,,,,,,
bt_dkgrec_alpha_only,active,2022,333,0.007846918292458375,494.5,False,,,,,,,,,
bt_dkgrec_alpha_only,active,2022,334,0.007939861646167286,495.9,False,,,,,,,,,
bt_dkgrec_alpha_only,active,2022,335,0.007957588183024332,497.2,True,0.015428287887005388,0.029621851163756794,0.0641025641025641,0.08974358974358974,0.017741409431671486,0.02222635796772894,0.03338662366440144,0.04716345896901452,best
bt_dkgrec_alpha_only,active,2022,336,0.007887720673755086,499.0,False,,,,,,,,,
bt_dkgrec_alpha_only,active,2022,337,0.007969829231434125,500.4,False,,,,,,,,,
bt_dkgrec_alpha_only,active,2022,338,0.007874685794955373,501.8,False,,,,,,,,,
bt_dkgrec_alpha_only,active,2022,339,0.007931631828711486,503.2,False,,,,,,,,,
bt_dkgrec_alpha_only,active,2022,340,0.007924759028172811,504.6,True,0.015451366851683034,0.029598772199079148,0.0641025641025641,0.09401709401709402,0.017741409431671486,0.022218048090700514,0.03338662366440144,0.04681812529034751,khong cai thien (1/50)
bt_dkgrec_alpha_only,active,2022,341,0.007843318918182107,506.5,False,,,,,,,,,
bt_dkgrec_alpha_only,active,2022,342,0.007717804213589776,508.4,False,,,,,,,,,
bt_dkgrec_alpha_only,active,2022,343,0.007858001435010867,510.1,False,,,,,,,,,
bt_dkgrec_alpha_only,active,2022,344,0.007917692025884363,511.6,False,,,,,,,,,
bt_dkgrec_alpha_only,active,2022,345,0.007794529706042846,513.0,True,0.015578301157410079,0.029633390646095617,0.06837606837606838,0.09829059829059829,0.01909987689766466,0.02268110000490068,0.03766012793790572,0.047530376002598226,best
bt_dkgrec_alpha_only,active,2022,346,0.007834370848714573,514.8,False,,,,,,,,,
bt_dkgrec_alpha_only,active,2022,347,0.007762070272350091,516.2,False,,,,,,,,,
bt_dkgrec_alpha_only,active,2022,348,0.0077708461140650175,517.6,False,,,,,,,,,
bt_dkgrec_alpha_only,active,2022,349,0.007714570470825766,518.9,False,,,,,,,,,
bt_dkgrec_alpha_only,active,2022,350,0.007679787158639593,520.3,True,0.0154859852986995,0.02971416702246737,0.0641025641025641,0.09829059829059829,0.018494482082662966,0.022587749030833326,0.03659175186952965,0.047530376002598226,khong cai thien (1/50)
bt_dkgrec_alpha_only,active,2022,351,0.00777552894173479,522.3,False,,,,,,,,,
bt_dkgrec_alpha_only,active,2022,352,0.007820306472256372,523.7,False,,,,,,,,,
bt_dkgrec_alpha_only,active,2022,353,0.007698559710590686,525.1,False,,,,,,,,,
bt_dkgrec_alpha_only,active,2022,354,0.007733592792563627,526.4,False,,,,,,,,,
bt_dkgrec_alpha_only,active,2022,355,0.007615243128921529,527.8,True,0.015566761675071256,0.029841101328194418,0.0641025641025641,0.09401709401709402,0.018346930629730602,0.02236762868157426,0.03659175186952965,0.04749350443794888,khong cai thien (2/50)
bt_dkgrec_alpha_only,active,2022,356,0.007666625968831792,529.6,False,,,,,,,,,
bt_dkgrec_alpha_only,active,2022,357,0.007720210557395128,531.0,False,,,,,,,,,
bt_dkgrec_alpha_only,active,2022,358,0.00770623445241735,532.4,False,,,,,,,,,
bt_dkgrec_alpha_only,active,2022,359,0.0077949541109410105,533.8,False,,,,,,,,,
bt_dkgrec_alpha_only,active,2022,360,0.007591584867350843,535.2,True,0.015624459086765368,0.03001419356327675,0.0641025641025641,0.08974358974358974,0.017724066357403027,0.021374703148943578,0.03659175186952965,0.04702298730076508,khong cai thien (3/50)
bt_dkgrec_alpha_only,active,2022,361,0.00761375921088528,537.1,False,,,,,,,,,
bt_dkgrec_alpha_only,active,2022,362,0.007732398522661831,538.5,False,,,,,,,,,
bt_dkgrec_alpha_only,active,2022,363,0.007486203546902637,539.9,False,,,,,,,,,
bt_dkgrec_alpha_only,active,2022,364,0.007600884056794451,541.3,False,,,,,,,,,
bt_dkgrec_alpha_only,active,2022,365,0.007545479484059437,542.7,True,0.015716774945475947,0.030129588386664973,0.0641025641025641,0.09401709401709402,0.01761996394128717,0.0220719876765231,0.03659175186952965,0.04903311708867264,khong cai thien (4/50)
bt_dkgrec_alpha_only,active,2022,366,0.007593237184052388,544.5,False,,,,,,,,,
bt_dkgrec_alpha_only,active,2022,367,0.007504970152888466,545.8,False,,,,,,,,,
bt_dkgrec_alpha_only,active,2022,368,0.0075470665398042,547.2,False,,,,,,,,,
bt_dkgrec_alpha_only,active,2022,369,0.007553722829398158,548.6,False,,,,,,,,,
bt_dkgrec_alpha_only,active,2022,370,0.007735946692053847,550.0,True,0.015820630286525347,0.030175746316020262,0.06837606837606838,0.08974358974358974,0.01829002871063766,0.02193301568664448,0.03730400258178036,0.04760861566417122,khong cai thien (5/50)
bt_dkgrec_alpha_only,active,2022,371,0.0073951381323015515,552.0,False,,,,,,,,,
bt_dkgrec_alpha_only,active,2022,372,0.007518221592287741,553.4,False,,,,,,,,,
bt_dkgrec_alpha_only,active,2022,373,0.007613335512391638,554.7,False,,,,,,,,,
bt_dkgrec_alpha_only,active,2022,374,0.007467225110906641,556.1,False,,,,,,,,,
bt_dkgrec_alpha_only,active,2022,375,0.007386877445744215,557.5,True,0.015762932874831236,0.03030268062174731,0.0641025641025641,0.08974358974358974,0.01733401824162591,0.02132702312694582,0.03659175186952965,0.04760861566417122,khong cai thien (6/50)
bt_dkgrec_alpha_only,active,2022,376,0.007560964449133752,559.3,False,,,,,,,,,
bt_dkgrec_alpha_only,active,2022,377,0.007526757093597199,560.7,False,,,,,,,,,
bt_dkgrec_alpha_only,active,2022,378,0.007404832476685097,562.1,False,,,,,,,,,
bt_dkgrec_alpha_only,active,2022,379,0.00756934036411502,563.5,False,,,,,,,,,
bt_dkgrec_alpha_only,active,2022,380,0.007560232777210793,564.9,True,0.01584370925120299,0.030337299068763774,0.06837606837606838,0.08974358974358974,0.01773684468256661,0.021645466715716488,0.03730400258178036,0.04803596609152165,khong cai thien (7/50)
bt_dkgrec_alpha_only,active,2022,381,0.007341824926862464,566.8,False,,,,,,,,,
bt_dkgrec_alpha_only,active,2022,382,0.007336741167022006,568.2,False,,,,,,,,,
bt_dkgrec_alpha_only,active,2022,383,0.0073881934534613634,569.6,False,,,,,,,,,
bt_dkgrec_alpha_only,active,2022,384,0.007321241520683894,571.0,False,,,,,,,,,
bt_dkgrec_alpha_only,active,2022,385,0.007414059144879722,572.4,True,0.01588986718055828,0.03036037803344142,0.06837606837606838,0.08974358974358974,0.01814222317205672,0.022004443525985802,0.03730400258178036,0.04803596609152165,khong cai thien (8/50)
bt_dkgrec_alpha_only,active,2022,386,0.00736259278478634,574.2,False,,,,,,,,,
bt_dkgrec_alpha_only,active,2022,387,0.0075321216324169896,575.6,False,,,,,,,,,
bt_dkgrec_alpha_only,active,2022,388,0.007306128983306763,576.9,False,,,,,,,,,
bt_dkgrec_alpha_only,active,2022,389,0.007382742727441615,578.3,False,,,,,,,,,
bt_dkgrec_alpha_only,active,2022,390,0.007369141109301421,579.8,True,0.015866788215880636,0.030429614927474355,0.0641025641025641,0.08974358974358974,0.016696100386383642,0.02142483520655703,0.033030498308276084,0.04764746570302126,khong cai thien (9/50)
bt_dkgrec_alpha_only,active,2022,391,0.007459580630277489,581.7,False,,,,,,,,,
bt_dkgrec_alpha_only,active,2022,392,0.007444704670847958,583.1,False,,,,,,,,,
bt_dkgrec_alpha_only,active,2022,393,0.0074655591869204,584.6,False,,,,,,,,,
bt_dkgrec_alpha_only,active,2022,394,0.007403399980763846,586.0,False,,,,,,,,,
bt_dkgrec_alpha_only,active,2022,395,0.00738515564060121,587.4,True,0.01605141993330179,0.03071810198594491,0.07692307692307693,0.09401709401709402,0.01860579479166949,0.02175430028790498,0.039796880074657856,0.04898293578849135,khong cai thien (10/50)
bt_dkgrec_alpha_only,active,2022,396,0.007249156404503266,589.2,False,,,,,,,,,
bt_dkgrec_alpha_only,active,2022,397,0.007291948834437425,590.6,False,,,,,,,,,
bt_dkgrec_alpha_only,active,2022,398,0.007247312329438083,592.0,False,,,,,,,,,
bt_dkgrec_alpha_only,active,2022,399,0.007334213837984828,593.4,False,,,,,,,,,
bt_dkgrec_alpha_only,active,2022,400,0.00734465444169828,594.8,True,0.016316828027094703,0.030856575774010776,0.07692307692307693,0.10256410256410256,0.018772021928338906,0.023116295579856495,0.040509130786908557,0.054642091447647,best
bt_dkgrec_alpha_only,active,2022,401,0.007340584786303199,596.6,False,,,,,,,,,
bt_dkgrec_alpha_only,active,2022,402,0.007193315294876782,598.0,False,,,,,,,,,
bt_dkgrec_alpha_only,active,2022,403,0.0071528072063366714,599.4,False,,,,,,,,,
bt_dkgrec_alpha_only,active,2022,404,0.007400825248978184,600.7,False,,,,,,,,,
bt_dkgrec_alpha_only,active,2022,405,0.007151365940045853,602.1,True,0.016224512168384126,0.030960431115060177,0.07692307692307693,0.09829059829059829,0.01845907973691177,0.021920192853398395,0.040509130786908557,0.050407437212992776,khong cai thien (1/50)
bt_dkgrec_alpha_only,active,2022,406,0.007217405972354705,603.9,False,,,,,,,,,
bt_dkgrec_alpha_only,active,2022,407,0.007318588707888329,605.3,False,,,,,,,,,
bt_dkgrec_alpha_only,active,2022,408,0.007172895842013605,606.7,False,,,,,,,,,
bt_dkgrec_alpha_only,active,2022,409,0.007187533168281546,608.2,False,,,,,,,,,
bt_dkgrec_alpha_only,active,2022,410,0.007163005082469642,609.6,True,0.01629374906241706,0.03111044438546487,0.0811965811965812,0.09829059829059829,0.019389838524381697,0.02229134236775743,0.041933632211409985,0.050407437212992776,khong cai thien (2/50)
bt_dkgrec_alpha_only,active,2022,411,0.007134267793551329,611.3,False,,,,,,,,,
bt_dkgrec_alpha_only,active,2022,412,0.0072258989167778755,612.7,False,,,,,,,,,
bt_dkgrec_alpha_only,active,2022,413,0.0071820878263365254,614.1,False,,,,,,,,,
bt_dkgrec_alpha_only,active,2022,414,0.007084884523695986,615.5,False,,,,,,,,,
bt_dkgrec_alpha_only,active,2022,415,0.007307539206465012,616.9,True,0.016420683368144104,0.031098904903126046,0.0811965811965812,0.09829059829059829,0.019758790823383766,0.022912298785398518,0.041933632211409985,0.05079593760149316,khong cai thien (3/50)
bt_dkgrec_alpha_only,active,2022,416,0.007101476971301397,618.7,False,,,,,,,,,
bt_dkgrec_alpha_only,active,2022,417,0.0072072810484931525,620.1,False,,,,,,,,,
bt_dkgrec_alpha_only,active,2022,418,0.0070890354202455845,621.5,False,,,,,,,,,
bt_dkgrec_alpha_only,active,2022,419,0.007240233361389712,622.9,False,,,,,,,,,
bt_dkgrec_alpha_only,active,2022,420,0.0071536757676161295,624.3,True,0.01648992026217704,0.03122583920885309,0.07692307692307693,0.09829059829059829,0.019290379621221036,0.022918281991779078,0.04050913078690856,0.05063765966543744,khong cai thien (4/50)
bt_dkgrec_alpha_only,active,2022,421,0.007076570882003908,626.1,False,,,,,,,,,
bt_dkgrec_alpha_only,active,2022,422,0.007218026837341724,627.5,False,,,,,,,,,
bt_dkgrec_alpha_only,active,2022,423,0.007170828293704935,628.9,False,,,,,,,,,
bt_dkgrec_alpha_only,active,2022,424,0.00708383010680005,630.3,False,,,,,,,,,
bt_dkgrec_alpha_only,active,2022,425,0.007044741016219909,631.7,True,0.016466841297499393,0.03131815506756367,0.08547008547008547,0.09829059829059829,0.019559377444218765,0.022566445430709244,0.041488475516253294,0.05063765966543744,khong cai thien (5/50)
bt_dkgrec_alpha_only,active,2022,426,0.007072462230388639,633.5,False,,,,,,,,,
bt_dkgrec_alpha_only,active,2022,427,0.007081425433144568,634.9,False,,,,,,,,,
bt_dkgrec_alpha_only,active,2022,428,0.006986887933475729,636.3,False,,,,,,,,,
bt_dkgrec_alpha_only,active,2022,429,0.007094290828624092,637.7,False,,,,,,,,,
bt_dkgrec_alpha_only,active,2022,430,0.0072100900136902,639.1,True,0.016512999226854685,0.03112198386780369,0.0811965811965812,0.09829059829059829,0.01871537247611935,0.022263153244712695,0.04006397409175187,0.05063765966543744,khong cai thien (6/50)
bt_dkgrec_alpha_only,active,2022,431,0.007137410819545347,640.9,False,,,,,,,,,
bt_dkgrec_alpha_only,active,2022,432,0.007168264206354605,642.3,False,,,,,,,,,
bt_dkgrec_alpha_only,active,2022,433,0.007005080680958977,643.7,False,,,,,,,,,
bt_dkgrec_alpha_only,active,2022,434,0.007090984448896922,645.1,False,,,,,,,,,
bt_dkgrec_alpha_only,active,2022,435,0.006974169809242646,646.4,True,0.01654761767387115,0.03132969454990249,0.08547008547008547,0.09829059829059829,0.019397683291568518,0.02246102549291053,0.041488475516253294,0.05063765966543744,khong cai thien (7/50)
bt_dkgrec_alpha_only,active,2022,436,0.0070376157900867466,648.3,False,,,,,,,,,
bt_dkgrec_alpha_only,active,2022,437,0.007079974223829871,649.7,False,,,,,,,,,
bt_dkgrec_alpha_only,active,2022,438,0.00702271805590471,651.1,False,,,,,,,,,
bt_dkgrec_alpha_only,active,2022,439,0.006987735421680799,652.5,False,,,,,,,,,
bt_dkgrec_alpha_only,active,2022,440,0.007125263594312583,653.9,True,0.016616854567904085,0.03137585247925778,0.08547008547008547,0.09829059829059829,0.01961906091488421,0.022012923700798576,0.041488475516253294,0.049141933169710945,khong cai thien (8/50)
bt_dkgrec_alpha_only,active,2022,441,0.0070225201528093095,655.7,False,,,,,,,,,
bt_dkgrec_alpha_only,active,2022,442,0.007087916996306409,657.1,False,,,,,,,,,
bt_dkgrec_alpha_only,active,2022,443,0.0069745333624698005,658.4,False,,,,,,,,,
bt_dkgrec_alpha_only,active,2022,444,0.0069943262796156565,659.8,False,,,,,,,,,
bt_dkgrec_alpha_only,active,2022,445,0.007025675449232499,661.2,True,0.016663012497259374,0.03152586574966247,0.0811965811965812,0.09829059829059829,0.018946853036230057,0.022242780155594697,0.04006397409175187,0.05021030923808702,khong cai thien (9/50)
bt_dkgrec_alpha_only,active,2022,446,0.0068697710410347505,663.1,False,,,,,,,,,
bt_dkgrec_alpha_only,active,2022,447,0.006986579454109528,664.6,False,,,,,,,,,
bt_dkgrec_alpha_only,active,2022,448,0.007097915149411191,666.0,False,,,,,,,,,
bt_dkgrec_alpha_only,active,2022,449,0.006877946833201969,667.4,False,,,,,,,,,
bt_dkgrec_alpha_only,active,2022,450,0.006999681378258817,668.7,True,0.01654761767387115,0.031433549890951894,0.08547008547008547,0.09401709401709402,0.01980669484996662,0.021106673746212026,0.041488475516253294,0.04486842889620667,khong cai thien (10/50)
bt_dkgrec_alpha_only,active,2022,451,0.007018340899408221,670.6,False,,,,,,,,,
bt_dkgrec_alpha_only,active,2022,452,0.007044878507337945,671.9,False,,,,,,,,,
bt_dkgrec_alpha_only,active,2022,453,0.006890668480997949,673.3,False,,,,,,,,,
bt_dkgrec_alpha_only,active,2022,454,0.006824865726751605,674.7,False,,,,,,,,,
bt_dkgrec_alpha_only,active,2022,455,0.0069048738510981405,676.1,True,0.016524538709193504,0.031641260573050695,0.08974358974358974,0.09829059829059829,0.0209050952571411,0.021521627915820508,0.04362522765300543,0.045256929284707065,khong cai thien (11/50)
bt_dkgrec_alpha_only,active,2022,456,0.006914609289444319,678.0,False,,,,,,,,,
bt_dkgrec_alpha_only,active,2022,457,0.006871957845143007,679.4,False,,,,,,,,,
bt_dkgrec_alpha_only,active,2022,458,0.006931262101560742,680.8,False,,,,,,,,,
bt_dkgrec_alpha_only,active,2022,459,0.006918305228644994,682.2,False,,,,,,,,,
bt_dkgrec_alpha_only,active,2022,460,0.006881819324816299,683.6,True,0.016674551979598193,0.03177973436111656,0.08547008547008547,0.09401709401709402,0.02074466045690749,0.021372351328025483,0.04220072622850401,0.04383242786020564,khong cai thien (12/50)
bt_dkgrec_alpha_only,active,2022,461,0.006871244312713843,685.4,False,,,,,,,,,
bt_dkgrec_alpha_only,active,2022,462,0.006940904991875479,686.8,False,,,,,,,,,
bt_dkgrec_alpha_only,active,2022,463,0.006862876880756917,688.1,False,,,,,,,,,
bt_dkgrec_alpha_only,active,2022,464,0.00682089761888705,689.5,False,,,,,,,,,
bt_dkgrec_alpha_only,active,2022,465,0.006796112004185685,690.9,True,0.016766867838308774,0.03192974763152125,0.0811965811965812,0.09401709401709402,0.02026283948744671,0.02125051259730507,0.041488475516253294,0.04383242786020564,khong cai thien (13/50)
bt_dkgrec_alpha_only,active,2022,466,0.006803866682219176,692.9,False,,,,,,,,,
bt_dkgrec_alpha_only,active,2022,467,0.006852625992009124,694.3,False,,,,,,,,,
bt_dkgrec_alpha_only,active,2022,468,0.006874338687213615,695.6,False,,,,,,,,,
bt_dkgrec_alpha_only,active,2022,469,0.006789188232379603,697.0,False,,,,,,,,,
bt_dkgrec_alpha_only,active,2022,470,0.006904293227196637,698.4,True,0.016766867838308774,0.03197590556087654,0.07264957264957266,0.09401709401709402,0.019282469997612656,0.021423593194316113,0.03908462936240714,0.04383242786020564,khong cai thien (14/50)
bt_dkgrec_alpha_only,active,2022,471,0.006901801774041668,700.2,False,,,,,,,,,
bt_dkgrec_alpha_only,active,2022,472,0.006769716176890448,701.6,False,,,,,,,,,
bt_dkgrec_alpha_only,active,2022,473,0.006804286150239655,703.0,False,,,,,,,,,
bt_dkgrec_alpha_only,active,2022,474,0.0068638696616284125,704.4,False,,,,,,,,,
bt_dkgrec_alpha_only,active,2022,475,0.006707135739525079,705.8,True,0.016720709908953486,0.03209130038426476,0.07264957264957266,0.08974358974358974,0.019198022576449984,0.021123313054976882,0.03908462936240714,0.043443927471705245,khong cai thien (15/50)
bt_dkgrec_alpha_only,active,2022,476,0.006802820621479455,707.7,False,,,,,,,,,
bt_dkgrec_alpha_only,active,2022,477,0.006864652869964463,709.1,False,,,,,,,,,
bt_dkgrec_alpha_only,active,2022,478,0.006846694484415888,710.5,False,,,,,,,,,
bt_dkgrec_alpha_only,active,2022,479,0.006757259792038513,711.9,False,,,,,,,,,
bt_dkgrec_alpha_only,active,2022,480,0.006706708615656396,713.3,True,0.016766867838308774,0.03210283986660358,0.07692307692307693,0.09401709401709402,0.01960496462569377,0.022223820960133235,0.03935172337950116,0.04771743174520952,khong cai thien (16/50)
bt_dkgrec_alpha_only,active,2022,481,0.0067969676186910195,715.1,False,,,,,,,,,
bt_dkgrec_alpha_only,active,2022,482,0.006764028828371671,716.4,False,,,,,,,,,
bt_dkgrec_alpha_only,active,2022,483,0.006780089890471688,717.8,False,,,,,,,,,
bt_dkgrec_alpha_only,active,2022,484,0.006726374560980145,719.3,False,,,,,,,,,
bt_dkgrec_alpha_only,active,2022,485,0.006847391900068912,720.7,True,0.016997657485085218,0.03218361624297534,0.07692307692307693,0.09401709401709402,0.019576140486108534,0.022213613632544843,0.03935172337950116,0.04771743174520952,khong cai thien (17/50)
bt_dkgrec_alpha_only,active,2022,486,0.006784050695405244,722.6,False,,,,,,,,,
bt_dkgrec_alpha_only,active,2022,487,0.0067682612978069235,724.0,False,,,,,,,,,
bt_dkgrec_alpha_only,active,2022,488,0.006679738570385094,725.4,False,,,,,,,,,
bt_dkgrec_alpha_only,active,2022,489,0.0066773902297822384,726.8,False,,,,,,,,,
bt_dkgrec_alpha_only,active,2022,490,0.00668351644774717,728.2,True,0.016974578520407575,0.03233362951338003,0.07692307692307693,0.09401709401709402,0.01975845928137133,0.021892591500362994,0.03935172337950116,0.04456853385946953,khong cai thien (18/50)
bt_dkgrec_alpha_only,active,2022,491,0.006845334898384727,730.0,False,,,,,,,,,
bt_dkgrec_alpha_only,active,2022,492,0.006663586596629017,731.3,False,,,,,,,,,
bt_dkgrec_alpha_only,active,2022,493,0.006748329816474268,732.8,False,,,,,,,,,
bt_dkgrec_alpha_only,active,2022,494,0.0069833390606676765,734.2,False,,,,,,,,,
bt_dkgrec_alpha_only,active,2022,495,0.006774319145511504,735.6,True,0.016928420591052287,0.03231055054870238,0.07692307692307693,0.08974358974358974,0.01979880311078649,0.021235900693726856,0.04006397409175187,0.04412380315158093,khong cai thien (19/50)
bt_dkgrec_alpha_only,active,2022,496,0.006740277733153042,737.4,False,,,,,,,,,
bt_dkgrec_alpha_only,active,2022,497,0.006788915361191635,738.8,False,,,,,,,,,
bt_dkgrec_alpha_only,active,2022,498,0.0067137410538792444,740.2,False,,,,,,,,,
bt_dkgrec_alpha_only,active,2022,499,0.006734903383933783,741.6,False,,,,,,,,,
bt_dkgrec_alpha_only,active,2022,500,0.006656728191130745,742.9,True,0.017032275932101687,0.03264519553652823,0.06837606837606838,0.08974358974358974,0.019121840920322805,0.02111020582729884,0.03963860213860214,0.04412380315158093,khong cai thien (20/50)
bt_dkgrec_alpha_only,active,2022,501,0.006640828993679478,744.7,False,,,,,,,,,
bt_dkgrec_alpha_only,active,2022,502,0.006679868819951035,746.1,False,,,,,,,,,
bt_dkgrec_alpha_only,active,2022,503,0.006581827924552607,747.5,False,,,,,,,,,
bt_dkgrec_alpha_only,active,2022,504,0.006709103552769391,749.0,False,,,,,,,,,
bt_dkgrec_alpha_only,active,2022,505,0.006669004971175425,750.4,True,0.01715921023782873,0.03269135346588352,0.07692307692307693,0.09401709401709402,0.0194081394134387,0.0217836130711715,0.04122138149915928,0.04878580781358559,khong cai thien (21/50)
bt_dkgrec_alpha_only,active,2022,506,0.006726592527648566,752.2,False,,,,,,,,,
bt_dkgrec_alpha_only,active,2022,507,0.006871654686339311,753.6,False,,,,,,,,,
bt_dkgrec_alpha_only,active,2022,508,0.0067676631002101814,754.9,False,,,,,,,,,
bt_dkgrec_alpha_only,active,2022,509,0.00649278893644487,756.3,False,,,,,,,,,
bt_dkgrec_alpha_only,active,2022,510,0.006622626657202192,757.7,True,0.0171938286848452,0.03265673501886705,0.06837606837606838,0.08974358974358974,0.018489008090119052,0.020521457308778395,0.03963860213860214,0.04412380315158093,khong cai thien (22/50)
bt_dkgrec_alpha_only,active,2022,511,0.00666113695573078,759.6,False,,,,,,,,,
bt_dkgrec_alpha_only,active,2022,512,0.006603136849582198,760.9,False,,,,,,,,,
bt_dkgrec_alpha_only,active,2022,513,0.006666769164733864,762.4,False,,,,,,,,,
bt_dkgrec_alpha_only,active,2022,514,0.006710755065595795,763.8,False,,,,,,,,,
bt_dkgrec_alpha_only,active,2022,515,0.006627529578128616,765.2,True,0.01734384195524989,0.03263365605418941,0.07264957264957266,0.08974358974358974,0.018295473450326803,0.02053176049964704,0.03944075471853249,0.044512303540081316,khong cai thien (23/50)
bt_dkgrec_alpha_only,active,2022,516,0.006546552127697952,767.0,False,,,,,,,,,
bt_dkgrec_alpha_only,active,2022,517,0.006586685902944158,768.4,False,,,,,,,,,
bt_dkgrec_alpha_only,active,2022,518,0.006709445110804122,769.8,False,,,,,,,,,
bt_dkgrec_alpha_only,active,2022,519,0.006579787809395792,771.1,False,,,,,,,,,
bt_dkgrec_alpha_only,active,2022,520,0.006563559152707918,772.5,True,0.017124591790812264,0.032552879677817656,0.0811965811965812,0.08974358974358974,0.01913448906371943,0.02058215542340688,0.04122138149915928,0.044512303540081316,khong cai thien (24/50)
bt_dkgrec_alpha_only,active,2022,521,0.006546628612589679,774.3,False,,,,,,,,,
bt_dkgrec_alpha_only,active,2022,522,0.006691410065164978,775.8,False,,,,,,,,,
bt_dkgrec_alpha_only,active,2022,523,0.006645273920072473,777.2,False,,,,,,,,,
bt_dkgrec_alpha_only,active,2022,524,0.006530757750169357,778.6,False,,,,,,,,,
bt_dkgrec_alpha_only,active,2022,525,0.00659833793961828,780.0,True,0.017182289202506376,0.03254134019547883,0.0811965811965812,0.08974358974358974,0.01953294048374125,0.021160877164346434,0.04122138149915928,0.04467058147613703,khong cai thien (25/50)
bt_dkgrec_alpha_only,active,2022,526,0.00658851840214109,781.8,False,,,,,,,,,
bt_dkgrec_alpha_only,active,2022,527,0.006651033157035224,783.2,False,,,,,,,,,
bt_dkgrec_alpha_only,active,2022,528,0.006632280590423186,784.6,False,,,,,,,,,
bt_dkgrec_alpha_only,active,2022,529,0.006588612572699729,785.9,False,,,,,,,,,
bt_dkgrec_alpha_only,active,2022,530,0.006613854396934837,787.3,True,0.01726306557887813,0.03264519553652823,0.07692307692307693,0.08974358974358974,0.019352105625815495,0.020989222883620182,0.04122138149915928,0.04467058147613703,khong cai thien (26/50)
bt_dkgrec_alpha_only,active,2022,531,0.00658658951400939,789.2,False,,,,,,,,,
bt_dkgrec_alpha_only,active,2022,532,0.006580094227028505,790.6,False,,,,,,,,,
bt_dkgrec_alpha_only,active,2022,533,0.00650589465072081,792.0,False,,,,,,,,,
bt_dkgrec_alpha_only,active,2022,534,0.006578764735851129,793.4,False,,,,,,,,,
bt_dkgrec_alpha_only,active,2022,535,0.006594713386740762,794.8,True,0.017228447131861665,0.032783669324594096,0.0811965811965812,0.08974358974358974,0.019747173990866115,0.021012585944730097,0.04193363221140999,0.04467058147613703,khong cai thien (27/50)
bt_dkgrec_alpha_only,active,2022,536,0.006646225809315631,796.6,False,,,,,,,,,
bt_dkgrec_alpha_only,active,2022,537,0.006479654217349313,798.0,False,,,,,,,,,
bt_dkgrec_alpha_only,active,2022,538,0.006539649965312135,799.4,False,,,,,,,,,
bt_dkgrec_alpha_only,active,2022,539,0.00649383934694892,800.8,False,,,,,,,,,
bt_dkgrec_alpha_only,active,2022,540,0.00654992973261831,802.2,True,0.01730922350823342,0.032864445700965854,0.07692307692307693,0.09401709401709402,0.01975437753753864,0.02147348939145079,0.04086525614303392,0.04455547024991469,khong cai thien (28/50)
bt_dkgrec_alpha_only,active,2022,541,0.006671213613061056,804.1,False,,,,,,,,,
bt_dkgrec_alpha_only,active,2022,542,0.006494953545444783,805.5,False,,,,,,,,,
bt_dkgrec_alpha_only,active,2022,543,0.006412185851077883,806.9,False,,,,,,,,,
bt_dkgrec_alpha_only,active,2022,544,0.006512000860772122,808.3,False,,,,,,,,,
bt_dkgrec_alpha_only,active,2022,545,0.006615798342291067,809.7,True,0.01735538143758871,0.03289906414798232,0.07264957264957266,0.08974358974358974,0.01986889456643736,0.021704706131648075,0.0407069782069782,0.044512303540081316,khong cai thien (29/50)
bt_dkgrec_alpha_only,active,2022,546,0.0065256529019350725,811.5,False,,,,,,,,,
bt_dkgrec_alpha_only,active,2022,547,0.00650796543536669,812.9,False,,,,,,,,,
bt_dkgrec_alpha_only,active,2022,548,0.006453412155390889,814.2,False,,,,,,,,,
bt_dkgrec_alpha_only,active,2022,549,0.006449569283111651,815.6,False,,,,,,,,,
bt_dkgrec_alpha_only,active,2022,550,0.006413826623947748,817.0,True,0.017320762990572242,0.032575958642495295,0.06837606837606838,0.08974358974358974,0.01834121609171898,0.0208232135785255,0.038728504006281785,0.044512303540081316,khong cai thien (30/50)
bt_dkgrec_alpha_only,active,2022,551,0.006435879816219273,818.9,False,,,,,,,,,
bt_dkgrec_alpha_only,active,2022,552,0.006595936086532646,820.3,False,,,,,,,,,
bt_dkgrec_alpha_only,active,2022,553,0.006484302321763734,821.7,False,,,,,,,,,
bt_dkgrec_alpha_only,active,2022,554,0.006433316626931967,823.1,False,,,,,,,,,
bt_dkgrec_alpha_only,active,2022,555,0.006541405823443661,824.5,True,0.01734384195524989,0.032702892948222345,0.0641025641025641,0.08974358974358974,0.018293982510510592,0.021076264500885847,0.03857022607022607,0.044512303540081316,khong cai thien (31/50)
bt_dkgrec_alpha_only,active,2022,556,0.006424865935259165,826.3,False,,,,,,,,,
bt_dkgrec_alpha_only,active,2022,557,0.006417321897818421,827.7,False,,,,,,,,,
bt_dkgrec_alpha_only,active,2022,558,0.006460972982430908,829.1,False,,,,,,,,,
bt_dkgrec_alpha_only,active,2022,559,0.00643362440083157,830.5,False,,,,,,,,,
bt_dkgrec_alpha_only,active,2022,560,0.0063655314410368665,831.9,True,0.017332302472911065,0.03303753793604819,0.0641025641025641,0.08974358974358974,0.018398316699976026,0.021616998613072685,0.03741281866281867,0.04467058147613703,khong cai thien (32/50)
bt_dkgrec_alpha_only,active,2022,561,0.006403346887803515,833.9,False,,,,,,,,,
bt_dkgrec_alpha_only,active,2022,562,0.0064828656614746285,835.3,False,,,,,,,,,
bt_dkgrec_alpha_only,active,2022,563,0.006472389388029328,836.7,False,,,,,,,,,
bt_dkgrec_alpha_only,active,2022,564,0.006454582889098959,838.1,False,,,,,,,,,
bt_dkgrec_alpha_only,active,2022,565,0.006553958905237522,839.4,True,0.01736692091992753,0.03311831431241995,0.0641025641025641,0.09401709401709402,0.01816231070899917,0.02151171817108317,0.03741281866281867,0.04471374818597041,khong cai thien (33/50)
bt_dkgrec_alpha_only,active,2022,566,0.00641624221334711,841.3,False,,,,,,,,,
bt_dkgrec_alpha_only,active,2022,567,0.006408015036471543,842.6,False,,,,,,,,,
bt_dkgrec_alpha_only,active,2022,568,0.006463405129955215,844.0,False,,,,,,,,,
bt_dkgrec_alpha_only,active,2022,569,0.006535942989172978,845.4,False,,,,,,,,,
bt_dkgrec_alpha_only,active,2022,570,0.0063868399722851535,846.9,True,0.01747077626097693,0.03331448551217992,0.06837606837606838,0.08974358974358974,0.019118586544463988,0.02174429442465983,0.03883732008732008,0.04467058147613703,khong cai thien (34/50)
bt_dkgrec_alpha_only,active,2022,571,0.006373847051350404,848.8,False,,,,,,,,,
bt_dkgrec_alpha_only,active,2022,572,0.006417493165430255,850.2,False,,,,,,,,,
bt_dkgrec_alpha_only,active,2022,573,0.006386815135410378,851.6,False,,,,,,,,,
bt_dkgrec_alpha_only,active,2022,574,0.006472744498893942,853.0,False,,,,,,,,,
bt_dkgrec_alpha_only,active,2022,575,0.0064045019038776315,854.4,True,0.0176092500490428,0.03323370913580817,0.06837606837606838,0.08974358974358974,0.01951850919675436,0.02176084148485298,0.03883732008732008,0.0440849531127309,khong cai thien (35/50)
bt_dkgrec_alpha_only,active,2022,576,0.00634279726084732,856.2,False,,,,,,,,,
bt_dkgrec_alpha_only,active,2022,577,0.006430360971771991,857.6,False,,,,,,,,,
bt_dkgrec_alpha_only,active,2022,578,0.006308727644611069,859.0,False,,,,,,,,,
bt_dkgrec_alpha_only,active,2022,579,0.006390535514247077,860.4,False,,,,,,,,,
bt_dkgrec_alpha_only,active,2022,580,0.006381549975261898,861.9,True,0.017597710566703978,0.03325678810048581,0.0811965811965812,0.09401709401709402,0.020884117150293632,0.022993393314201784,0.041132350160127944,0.04835845738623517,khong cai thien (36/50)
bt_dkgrec_alpha_only,active,2022,581,0.006279711712938372,863.8,False,,,,,,,,,
bt_dkgrec_alpha_only,active,2022,582,0.006380164666669866,865.2,False,,,,,,,,,
bt_dkgrec_alpha_only,active,2022,583,0.006375195883264202,866.6,False,,,,,,,,,
bt_dkgrec_alpha_only,active,2022,584,0.006403675034248806,867.9,False,,,,,,,,,
bt_dkgrec_alpha_only,active,2022,585,0.006278750902816298,869.3,True,0.0176092500490428,0.03333756447685757,0.0811965811965812,0.09401709401709402,0.020016322023547098,0.022258972645242063,0.041488475516253294,0.04878580781358559,khong cai thien (37/50)
bt_dkgrec_alpha_only,active,2022,586,0.006399398925442472,871.1,False,,,,,,,,,
bt_dkgrec_alpha_only,active,2022,587,0.006322823221396202,872.5,False,,,,,,,,,
bt_dkgrec_alpha_only,active,2022,588,0.0063361765873303924,873.9,False,,,,,,,,,
bt_dkgrec_alpha_only,active,2022,589,0.006370804200197144,875.4,False,,,,,,,,,
bt_dkgrec_alpha_only,active,2022,590,0.006329295546837031,876.8,True,0.01770156590775338,0.03332602499451875,0.08547008547008547,0.08974358974358974,0.02086374258653955,0.021633486991777428,0.04258922661700439,0.04467058147613703,khong cai thien (38/50)
bt_dkgrec_alpha_only,active,2022,591,0.00630588867728606,878.6,False,,,,,,,,,
bt_dkgrec_alpha_only,active,2022,592,0.006407401595334264,880.0,False,,,,,,,,,
bt_dkgrec_alpha_only,active,2022,593,0.006403343211487605,881.4,False,,,,,,,,,
bt_dkgrec_alpha_only,active,2022,594,0.006342884834272589,882.8,False,,,,,,,,,
bt_dkgrec_alpha_only,active,2022,595,0.006328605407586446,884.2,True,0.017816960731141602,0.03349911722960108,0.08547008547008547,0.08974358974358974,0.02004588470169836,0.02103876033119945,0.04187697590475368,0.044512303540081316,khong cai thien (39/50)
bt_dkgrec_alpha_only,active,2022,596,0.00633476168653872,886.0,False,,,,,,,,,
bt_dkgrec_alpha_only,active,2022,597,0.0063471371021148,887.4,False,,,,,,,,,
bt_dkgrec_alpha_only,active,2022,598,0.00635411556614758,888.8,False,,,,,,,,,
bt_dkgrec_alpha_only,active,2022,599,0.006248445543204642,890.2,False,,,,,,,,,
bt_dkgrec_alpha_only,active,2022,600,0.006227367381871459,891.7,True,0.01775926331944749,0.03369528842936106,0.08547008547008547,0.08974358974358974,0.02011118528435591,0.021096853631913045,0.04187697590475368,0.044512303540081316,khong cai thien (40/50)
bt_dkgrec_alpha_only,active,2022,601,0.0062840550591757695,893.5,False,,,,,,,,,
bt_dkgrec_alpha_only,active,2022,602,0.0062999910447147055,894.9,False,,,,,,,,,
bt_dkgrec_alpha_only,active,2022,603,0.006248642757550576,896.3,False,,,,,,,,,
bt_dkgrec_alpha_only,active,2022,604,0.006237710733860449,897.6,False,,,,,,,,,
bt_dkgrec_alpha_only,active,2022,605,0.006270909044679073,899.0,True,0.01786311866049689,0.03368374894702224,0.07692307692307693,0.09401709401709402,0.01907186971144653,0.021947279376764408,0.03974022376800155,0.04878580781358559,khong cai thien (41/50)
bt_dkgrec_alpha_only,active,2022,606,0.0063433426114097545,900.8,False,,,,,,,,,
bt_dkgrec_alpha_only,active,2022,607,0.006278140850484186,902.2,False,,,,,,,,,
bt_dkgrec_alpha_only,active,2022,608,0.006318806505430217,903.7,False,,,,,,,,,
bt_dkgrec_alpha_only,active,2022,609,0.006322997817271075,905.1,False,,,,,,,,,
bt_dkgrec_alpha_only,active,2022,610,0.006306483506555658,906.5,True,0.017840039695819244,0.033937617558476324,0.07692307692307693,0.09401709401709402,0.01911471204740777,0.02189563177624662,0.04006397409175187,0.04878580781358559,khong cai thien (42/50)
bt_dkgrec_alpha_only,active,2022,611,0.006276263125278393,908.3,False,,,,,,,,,
bt_dkgrec_alpha_only,active,2022,612,0.006237916399626336,909.7,False,,,,,,,,,
bt_dkgrec_alpha_only,active,2022,613,0.006165894303700071,911.0,False,,,,,,,,,
bt_dkgrec_alpha_only,active,2022,614,0.006271582876065127,912.4,False,,,,,,,,,
bt_dkgrec_alpha_only,active,2022,615,0.006277767035688133,913.8,True,0.017920816072191002,0.03405301238186455,0.06837606837606838,0.09401709401709402,0.017089073707625184,0.02173235868626191,0.03365371768149546,0.04878580781358559,khong cai thien (43/50)
bt_dkgrec_alpha_only,active,2022,616,0.006226034653924691,915.6,False,,,,,,,,,
bt_dkgrec_alpha_only,active,2022,617,0.0062148625718226325,917.0,False,,,,,,,,,
bt_dkgrec_alpha_only,active,2022,618,0.006242499990812362,918.5,False,,,,,,,,,
bt_dkgrec_alpha_only,active,2022,619,0.006193059963852027,919.9,False,,,,,,,,,
bt_dkgrec_alpha_only,active,2022,620,0.006179859942889613,921.3,True,0.017782342284125133,0.033995314970170436,0.07692307692307693,0.09401709401709402,0.019376064075830233,0.02291483825648784,0.038639472667250443,0.04965633646189202,khong cai thien (44/50)
bt_dkgrec_alpha_only,active,2022,621,0.006218877357750809,923.0,False,,,,,,,,,
bt_dkgrec_alpha_only,active,2022,622,0.006155261981641108,924.4,False,,,,,,,,,
bt_dkgrec_alpha_only,active,2022,623,0.006168850851378281,925.8,False,,,,,,,,,
bt_dkgrec_alpha_only,active,2022,624,0.006340736453717044,927.2,False,,,,,,,,,
bt_dkgrec_alpha_only,active,2022,625,0.006314388237545924,928.6,True,0.017816960731141602,0.03404147289952573,0.07692307692307693,0.09829059829059829,0.018722275575197997,0.023071122014800455,0.038639472667250443,0.053502490308045866,khong cai thien (45/50)
bt_dkgrec_alpha_only,active,2022,626,0.0062479908507091396,930.4,False,,,,,,,,,
bt_dkgrec_alpha_only,active,2022,627,0.006237768824722135,931.8,False,,,,,,,,,
bt_dkgrec_alpha_only,active,2022,628,0.006211046035378369,933.2,False,,,,,,,,,
bt_dkgrec_alpha_only,active,2022,629,0.006200707703052725,934.6,False,,,,,,,,,
bt_dkgrec_alpha_only,active,2022,630,0.0061871371708126345,936.0,True,0.017816960731141602,0.03384530169976575,0.07264957264957266,0.09829059829059829,0.019186087223076086,0.023310724496225517,0.03848119473119473,0.05263196165973944,best
bt_dkgrec_alpha_only,active,2022,631,0.006137873144591442,937.8,False,,,,,,,,,
bt_dkgrec_alpha_only,active,2022,632,0.006152799635337267,939.2,False,,,,,,,,,
bt_dkgrec_alpha_only,active,2022,633,0.006139722928897016,940.6,False,,,,,,,,,
bt_dkgrec_alpha_only,active,2022,634,0.006176377629880325,942.0,False,,,,,,,,,
bt_dkgrec_alpha_only,active,2022,635,0.006065608999866413,943.4,True,0.01775926331944749,0.033776064805732815,0.07692307692307693,0.09401709401709402,0.02028037484390045,0.022737149615799482,0.04061794686794687,0.04851673532229087,khong cai thien (1/50)
bt_dkgrec_alpha_only,active,2022,636,0.006292028300940398,945.3,False,,,,,,,,,
bt_dkgrec_alpha_only,active,2022,637,0.0062311871045383225,946.7,False,,,,,,,,,
bt_dkgrec_alpha_only,active,2022,638,0.006210467271878351,948.1,False,,,,,,,,,
bt_dkgrec_alpha_only,active,2022,639,0.0061622489765048106,949.5,False,,,,,,,,,
bt_dkgrec_alpha_only,active,2022,640,0.006196100815974832,950.9,True,0.017816960731141602,0.033937617558476324,0.07692307692307693,0.09401709401709402,0.019746188283087367,0.022670137467951677,0.038639472667250443,0.04851673532229087,khong cai thien (2/50)
bt_dkgrec_alpha_only,active,2022,641,0.006165773902501164,952.7,False,,,,,,,,,
bt_dkgrec_alpha_only,active,2022,642,0.0061706510674324555,954.1,False,,,,,,,,,
bt_dkgrec_alpha_only,active,2022,643,0.006156867762512573,955.5,False,,,,,,,,,
bt_dkgrec_alpha_only,active,2022,644,0.00609931405619711,956.9,False,,,,,,,,,
bt_dkgrec_alpha_only,active,2022,645,0.0061644111780723735,958.3,True,0.017851579178158068,0.03400685445250926,0.08547008547008547,0.09401709401709402,0.02074554473863513,0.022671807320242675,0.041488475516253294,0.04851673532229087,khong cai thien (3/50)
bt_dkgrec_alpha_only,active,2022,646,0.006115114362550852,960.2,False,,,,,,,,,
bt_dkgrec_alpha_only,active,2022,647,0.006171738090135682,961.6,False,,,,,,,,,
bt_dkgrec_alpha_only,active,2022,648,0.006208934024209814,963.0,False,,,,,,,,,
bt_dkgrec_alpha_only,active,2022,649,0.0061478949264226705,964.4,False,,,,,,,,,
bt_dkgrec_alpha_only,active,2022,650,0.0060891953327083335,965.8,True,0.017886197625174533,0.03402993341718691,0.08547008547008547,0.08974358974358974,0.02127329546771083,0.021827891956698965,0.04187697590475368,0.04360220540776096,khong cai thien (4/50)
bt_dkgrec_alpha_only,active,2022,651,0.006158117643025796,967.6,False,,,,,,,,,
bt_dkgrec_alpha_only,active,2022,652,0.006151652695522366,969.0,False,,,,,,,,,
bt_dkgrec_alpha_only,active,2022,653,0.006158494889891099,970.4,False,,,,,,,,,
bt_dkgrec_alpha_only,active,2022,654,0.006151634800118911,971.8,False,,,,,,,,,
bt_dkgrec_alpha_only,active,2022,655,0.0061464758170703335,973.2,True,0.017943895036868645,0.03416840720525277,0.08547008547008547,0.09401709401709402,0.021217627103068962,0.021998839119057565,0.04187697590475368,0.04364537211759434,khong cai thien (5/50)
bt_dkgrec_alpha_only,active,2022,656,0.006155912285431081,975.2,False,,,,,,,,,
bt_dkgrec_alpha_only,active,2022,657,0.0061729054838750436,976.6,False,,,,,,,,,
bt_dkgrec_alpha_only,active,2022,658,0.00615020061308241,978.0,False,,,,,,,,,
bt_dkgrec_alpha_only,active,2022,659,0.006096502449647422,979.4,False,,,,,,,,,
bt_dkgrec_alpha_only,active,2022,660,0.006125236449732319,980.8,True,0.017978513483885114,0.034341499440335106,0.08547008547008547,0.09829059829059829,0.020790485022784033,0.02231973455206789,0.042035253840809396,0.04791887639109862,khong cai thien (6/50)
bt_dkgrec_alpha_only,active,2022,661,0.0061284857633358515,982.6,False,,,,,,,,,
bt_dkgrec_alpha_only,active,2022,662,0.0061207153624546476,984.0,False,,,,,,,,,
bt_dkgrec_alpha_only,active,2022,663,0.0060900302410334065,985.3,False,,,,,,,,,
bt_dkgrec_alpha_only,active,2022,664,0.006125783846607654,986.8,False,,,,,,,,,
bt_dkgrec_alpha_only,active,2022,665,0.006123366553394276,988.2,True,0.018082368824934515,0.03420302565226924,0.07692307692307693,0.09829059829059829,0.019456889392814026,0.02249905473282278,0.039918286446064224,0.04898725245947468,khong cai thien (7/50)
bt_dkgrec_alpha_only,active,2022,666,0.006125498613156639,990.1,False,,,,,,,,,
bt_dkgrec_alpha_only,active,2022,667,0.006078202210801702,991.5,False,,,,,,,,,
bt_dkgrec_alpha_only,active,2022,668,0.006155292972792413,992.9,False,,,,,,,,,
bt_dkgrec_alpha_only,active,2022,669,0.006082813386274214,994.3,False,,,,,,,,,
bt_dkgrec_alpha_only,active,2022,670,0.0060949354602250864,995.7,True,0.018047750377918045,0.034353038922673926,0.08547008547008547,0.10256410256410256,0.020536303326318277,0.024002950280767075,0.04026541873764096,0.053260756732978955,best
bt_dkgrec_alpha_only,active,2022,671,0.006125780755602815,997.5,False,,,,,,,,,
bt_dkgrec_alpha_only,active,2022,672,0.006020266656566318,998.9,False,,,,,,,,,
bt_dkgrec_alpha_only,active,2022,673,0.00608347837402222,1000.3,False,,,,,,,,,
bt_dkgrec_alpha_only,active,2022,674,0.006038339397238854,1001.7,False,,,,,,,,,
bt_dkgrec_alpha_only,active,2022,675,0.0061164508158063095,1003.2,True,0.018036210895579226,0.03439919685202922,0.0811965811965812,0.10256410256410256,0.019894769932324773,0.023893713760856666,0.04006397409175187,0.053260756732978955,khong cai thien (1/50)
bt_dkgrec_alpha_only,active,2022,676,0.006109706844751014,1005.1,False,,,,,,,,,
bt_dkgrec_alpha_only,active,2022,677,0.006037911773483823,1006.5,False,,,,,,,,,
bt_dkgrec_alpha_only,active,2022,678,0.0060685238727858325,1007.9,False,,,,,,,,,
bt_dkgrec_alpha_only,active,2022,679,0.006081518173610304,1009.3,False,,,,,,,,,
bt_dkgrec_alpha_only,active,2022,680,0.006128338555620025,1010.7,True,0.018105447789612157,0.03444535478138451,0.07692307692307693,0.10256410256410256,0.018418955192174263,0.024141784513169683,0.036178970206747985,0.05749109429664985,best
bt_dkgrec_alpha_only,active,2022,681,0.006027915421102761,1012.5,False,,,,,,,,,
bt_dkgrec_alpha_only,active,2022,682,0.006023594979431084,1013.9,False,,,,,,,,,
bt_dkgrec_alpha_only,active,2022,683,0.006175466417986464,1015.3,False,,,,,,,,,
bt_dkgrec_alpha_only,active,2022,684,0.00597550721640782,1016.7,False,,,,,,,,,
bt_dkgrec_alpha_only,active,2022,685,0.006088162223790978,1018.1,True,0.01826700054235567,0.03472230235751624,0.07264957264957266,0.09401709401709402,0.01798314693997148,0.022033357167923335,0.036020692270692274,0.048944085749641306,khong cai thien (1/50)
bt_dkgrec_alpha_only,active,2022,686,0.006045450379622566,1020.0,False,,,,,,,,,
bt_dkgrec_alpha_only,active,2022,687,0.0061212705730346135,1021.4,False,,,,,,,,,
bt_dkgrec_alpha_only,active,2022,688,0.005985526361235803,1022.7,False,,,,,,,,,
bt_dkgrec_alpha_only,active,2022,689,0.0060015362082171545,1024.1,False,,,,,,,,,
bt_dkgrec_alpha_only,active,2022,690,0.006021447179542962,1025.5,True,0.01826700054235567,0.03458382856945037,0.0811965811965812,0.09401709401709402,0.020059786255084987,0.02238109278043745,0.041718697968697975,0.048944085749641306,khong cai thien (2/50)
bt_dkgrec_alpha_only,active,2022,691,0.006012618388403601,1027.3,False,,,,,,,,,
bt_dkgrec_alpha_only,active,2022,692,0.0061234693111512795,1028.7,False,,,,,,,,,
bt_dkgrec_alpha_only,active,2022,693,0.006004495920233052,1030.1,False,,,,,,,,,
bt_dkgrec_alpha_only,active,2022,694,0.0060510467731108575,1031.6,False,,,,,,,,,
bt_dkgrec_alpha_only,active,2022,695,0.006008854698129283,1033.0,True,0.018209303130661558,0.03468768391049978,0.08547008547008547,0.09401709401709402,0.02118959740588417,0.023295161920043495,0.04187697590475368,0.048944085749641306,khong cai thien (3/50)
bt_dkgrec_alpha_only,active,2022,696,0.006034379877170362,1034.8,False,,,,,,,,,
bt_dkgrec_alpha_only,active,2022,697,0.006025654270911616,1036.2,False,,,,,,,,,
bt_dkgrec_alpha_only,active,2022,698,0.006043795260024621,1037.6,False,,,,,,,,,
bt_dkgrec_alpha_only,active,2022,699,0.0060724720368466895,1038.9,False,,,,,,,,,
bt_dkgrec_alpha_only,active,2022,700,0.00601364466840981,1040.3,True,0.018197763648322735,0.034699223392838596,0.08547008547008547,0.09401709401709402,0.02243641508635522,0.024301370748749523,0.042035253840809396,0.048944085749641306,best
bt_dkgrec_alpha_only,active,2022,701,0.005923566645088289,1042.1,False,,,,,,,,,
bt_dkgrec_alpha_only,active,2022,702,0.005959575831252244,1043.5,False,,,,,,,,,
bt_dkgrec_alpha_only,active,2022,703,0.0059931695807146764,1045.0,False,,,,,,,,,
bt_dkgrec_alpha_only,active,2022,704,0.005990108276074298,1046.4,False,,,,,,,,,
bt_dkgrec_alpha_only,active,2022,705,0.005967658281342698,1047.8,True,0.018151605718967446,0.034629986498805665,0.0811965811965812,0.09401709401709402,0.021860267292408638,0.02454113980893213,0.04045247448025226,0.048944085749641306,best
bt_dkgrec_alpha_only,active,2022,706,0.005979623098641923,1049.6,False,,,,,,,,,
bt_dkgrec_alpha_only,active,2022,707,0.005936604432880252,1051.0,False,,,,,,,,,
bt_dkgrec_alpha_only,active,2022,708,0.005877763710977688,1052.4,False,,,,,,,,,
bt_dkgrec_alpha_only,active,2022,709,0.006052830601273444,1053.8,False,,,,,,,,,
bt_dkgrec_alpha_only,active,2022,710,0.005970868787488012,1055.2,True,0.018024671413240403,0.03460690753412802,0.08547008547008547,0.09401709401709402,0.02092138865939686,0.02324395249289351,0.04187697590475368,0.04937143617699174,khong cai thien (1/50)
bt_dkgrec_alpha_only,active,2022,711,0.005981770537723237,1057.0,False,,,,,,,,,
bt_dkgrec_alpha_only,active,2022,712,0.0059615900690722,1058.4,False,,,,,,,,,
bt_dkgrec_alpha_only,active,2022,713,0.005937658678669275,1059.8,False,,,,,,,,,
bt_dkgrec_alpha_only,active,2022,714,0.00590168473410207,1061.2,False,,,,,,,,,
bt_dkgrec_alpha_only,active,2022,715,0.006006225937781499,1062.6,True,0.01816314520130627,0.03451459167541744,0.08547008547008547,0.09401709401709402,0.02188490361245222,0.0242512214057514,0.04187697590475368,0.04937143617699174,khong cai thien (2/50)
bt_dkgrec_alpha_only,active,2022,716,0.005974528095611475,1064.4,False,,,,,,,,,
bt_dkgrec_alpha_only,active,2022,717,0.005911145669960727,1065.8,False,,,,,,,,,
bt_dkgrec_alpha_only,active,2022,718,0.0059379527880615715,1067.2,False,,,,,,,,,
bt_dkgrec_alpha_only,active,2022,719,0.0059577609672214074,1068.6,False,,,,,,,,,
bt_dkgrec_alpha_only,active,2022,720,0.006015641281767049,1070.0,True,0.018128526754289803,0.034433815299045684,0.08547008547008547,0.09401709401709402,0.02145971568642555,0.023664030071588495,0.04187697590475368,0.04921315824093602,khong cai thien (3/50)
bt_dkgrec_alpha_only,active,2022,721,0.005917906939669402,1071.8,False,,,,,,,,,
bt_dkgrec_alpha_only,active,2022,722,0.00592996664152714,1073.2,False,,,,,,,,,
bt_dkgrec_alpha_only,active,2022,723,0.006025408415361024,1074.7,False,,,,,,,,,
bt_dkgrec_alpha_only,active,2022,724,0.005986187855103474,1076.0,False,,,,,,,,,
bt_dkgrec_alpha_only,active,2022,725,0.005971603164514915,1077.4,True,0.01832469795404978,0.03450305219307862,0.07264957264957266,0.09401709401709402,0.019128674497799255,0.023120559874775015,0.03637681762681763,0.04921315824093602,khong cai thien (4/50)
bt_dkgrec_alpha_only,active,2022,726,0.005955046464810951,1079.2,False,,,,,,,,,
bt_dkgrec_alpha_only,active,2022,727,0.005927247712258612,1080.6,False,,,,,,,,,
bt_dkgrec_alpha_only,active,2022,728,0.005940429912410181,1082.0,False,,,,,,,,,
bt_dkgrec_alpha_only,active,2022,729,0.005890184579705954,1083.4,False,,,,,,,,,
bt_dkgrec_alpha_only,active,2022,730,0.006045394459220085,1084.8,True,0.018393934848082716,0.034422275816706864,0.07692307692307693,0.09829059829059829,0.019490993114193906,0.023335148715759518,0.036535095562873335,0.0492563249507694,khong cai thien (5/50)
bt_dkgrec_alpha_only,active,2022,731,0.005939259795930211,1086.8,False,,,,,,,,,
bt_dkgrec_alpha_only,active,2022,732,0.005911866939874338,1088.2,False,,,,,,,,,
bt_dkgrec_alpha_only,active,2022,733,0.005937724992970813,1089.6,False,,,,,,,,,
bt_dkgrec_alpha_only,active,2022,734,0.0059658300206740485,1091.0,False,,,,,,,,,
bt_dkgrec_alpha_only,active,2022,735,0.005859031069236139,1092.4,True,0.018347776918727427,0.0345953680517892,0.07692307692307693,0.09829059829059829,0.01948355010846889,0.02409161386810771,0.036535095562873335,0.05348666251444029,khong cai thien (6/50)
bt_dkgrec_alpha_only,active,2022,736,0.0059549620966518335,1094.2,False,,,,,,,,,
bt_dkgrec_alpha_only,active,2022,737,0.005943672959673558,1095.6,False,,,,,,,,,
bt_dkgrec_alpha_only,active,2022,738,0.0059311038070986545,1097.0,False,,,,,,,,,
bt_dkgrec_alpha_only,active,2022,739,0.005878648714180561,1098.4,False,,,,,,,,,
bt_dkgrec_alpha_only,active,2022,740,0.005856295926180618,1099.8,True,0.01830161898937214,0.03458382856945037,0.07692307692307693,0.09401709401709402,0.019575104429864484,0.023304319346133723,0.036535095562873335,0.04921315824093602,khong cai thien (7/50)
bt_dkgrec_alpha_only,active,2022,741,0.005933339608777029,1101.7,False,,,,,,,,,
bt_dkgrec_alpha_only,active,2022,742,0.005844073204895563,1103.1,False,,,,,,,,,
bt_dkgrec_alpha_only,active,2022,743,0.005886052964665584,1104.5,False,,,,,,,,,
bt_dkgrec_alpha_only,active,2022,744,0.0058836008811168385,1105.9,False,,,,,,,,,
bt_dkgrec_alpha_only,active,2022,745,0.005910995882041281,1107.3,True,0.018463171742115647,0.03474538132219389,0.07692307692307693,0.09829059829059829,0.019642367254290256,0.023197129460338785,0.036535095562873335,0.048544074238518684,khong cai thien (8/50)
bt_dkgrec_alpha_only,active,2022,746,0.005837726450228638,1109.1,False,,,,,,,,,
bt_dkgrec_alpha_only,active,2022,747,0.005971085371848336,1110.5,False,,,,,,,,,
bt_dkgrec_alpha_only,active,2022,748,0.005914512878287794,1111.9,False,,,,,,,,,
bt_dkgrec_alpha_only,active,2022,749,0.005906238288383352,1113.3,False,,,,,,,,,
bt_dkgrec_alpha_only,active,2022,750,0.005903285939822192,1114.7,True,0.018382395365743893,0.03473384183985506,0.0811965811965812,0.1111111111111111,0.019939833992493914,0.02600652562475386,0.037603471631249406,0.0613645870590315,best
bt_dkgrec_alpha_only,active,2022,751,0.0058921428440663086,1116.6,False,,,,,,,,,
bt_dkgrec_alpha_only,active,2022,752,0.0059811933803551225,1118.0,False,,,,,,,,,
bt_dkgrec_alpha_only,active,2022,753,0.005837356836342725,1119.4,False,,,,,,,,,
bt_dkgrec_alpha_only,active,2022,754,0.005826889475537315,1120.8,False,,,,,,,,,
bt_dkgrec_alpha_only,active,2022,755,0.005948744635253728,1122.2,True,0.018463171742115647,0.03471076287517742,0.07692307692307693,0.11538461538461539,0.01956456733640487,0.02657553526745728,0.036419984336651,0.062465338159782606,best
bt_dkgrec_alpha_only,active,2022,756,0.005829527848796219,1124.0,False,,,,,,,,,
bt_dkgrec_alpha_only,active,2022,757,0.005904698122673224,1125.4,False,,,,,,,,,
bt_dkgrec_alpha_only,active,2022,758,0.005915453191028224,1126.8,False,,,,,,,,,
bt_dkgrec_alpha_only,active,2022,759,0.005783292097751148,1128.2,False,,,,,,,,,
bt_dkgrec_alpha_only,active,2022,760,0.005854886986305834,1129.6,True,0.01837085588340507,0.03468768391049978,0.0811965811965812,0.1111111111111111,0.02080766125702248,0.025804615035812446,0.04069348861015527,0.05835011182233405,khong cai thien (1/50)
bt_dkgrec_alpha_only,active,2022,761,0.005807108699607692,1131.5,False,,,,,,,,,
bt_dkgrec_alpha_only,active,2022,762,0.005860145700299256,1132.9,False,,,,,,,,,
bt_dkgrec_alpha_only,active,2022,763,0.005908424207541142,1134.3,False,,,,,,,,,
bt_dkgrec_alpha_only,active,2022,764,0.0058622949102470154,1135.7,False,,,,,,,,,
bt_dkgrec_alpha_only,active,2022,765,0.005876066253416144,1137.0,True,0.01830161898937214,0.03486077614558211,0.0811965811965812,0.1111111111111111,0.02058966400204801,0.02562269687215782,0.04149477066143733,0.059227834922279364,khong cai thien (2/50)
bt_dkgrec_alpha_only,active,2022,766,0.005857025914353797,1138.9,False,,,,,,,,,
bt_dkgrec_alpha_only,active,2022,767,0.005818711621599828,1140.2,False,,,,,,,,,
bt_dkgrec_alpha_only,active,2022,768,0.005809260322192365,1141.6,False,,,,,,,,,
bt_dkgrec_alpha_only,active,2022,769,0.0057907734300986615,1143.0,False,,,,,,,,,
bt_dkgrec_alpha_only,active,2022,770,0.005877124501817769,1144.5,True,0.018209303130661558,0.03493001303961504,0.07692307692307693,0.11538461538461539,0.020360026182636427,0.026288285869376024,0.04042639459306126,0.06038326385548607,khong cai thien (3/50)
bt_dkgrec_alpha_only,active,2022,771,0.0058325556798373476,1146.4,False,,,,,,,,,
bt_dkgrec_alpha_only,active,2022,772,0.005861745123364503,1147.8,False,,,,,,,,,
bt_dkgrec_alpha_only,active,2022,773,0.005837693339367217,1149.2,False,,,,,,,,,
bt_dkgrec_alpha_only,active,2022,774,0.00589891508191392,1150.5,False,,,,,,,,,
bt_dkgrec_alpha_only,active,2022,775,0.005875254934820075,1151.9,True,0.018290079507033315,0.03495309200429269,0.07692307692307693,0.1111111111111111,0.020545814062182713,0.025548097482498956,0.04042639459306126,0.0561097595819818,khong cai thien (4/50)
bt_dkgrec_alpha_only,active,2022,776,0.005823412453610266,1153.7,False,,,,,,,,,
bt_dkgrec_alpha_only,active,2022,777,0.005774453268480492,1155.1,False,,,,,,,,,
bt_dkgrec_alpha_only,active,2022,778,0.005830336878239615,1156.5,False,,,,,,,,,
bt_dkgrec_alpha_only,active,2022,779,0.005780079570947937,1157.9,False,,,,,,,,,
bt_dkgrec_alpha_only,active,2022,780,0.005793279314468508,1159.3,True,0.01822084261300038,0.034837697180904466,0.07692307692307693,0.11538461538461539,0.020465092292151807,0.026443919848889462,0.04042639459306126,0.06038326385548607,khong cai thien (5/50)
bt_dkgrec_alpha_only,active,2022,781,0.0058003949525363635,1161.2,False,,,,,,,,,
bt_dkgrec_alpha_only,active,2022,782,0.005800123975689887,1162.5,False,,,,,,,,,
bt_dkgrec_alpha_only,active,2022,783,0.005768999750589558,1163.9,False,,,,,,,,,
bt_dkgrec_alpha_only,active,2022,784,0.0059156333657903295,1165.3,False,,,,,,,,,
bt_dkgrec_alpha_only,active,2022,785,0.005851414217306973,1166.7,True,0.01826700054235567,0.034849236663243285,0.0811965811965812,0.11538461538461539,0.02071218585583448,0.026371199161580226,0.04058467252911697,0.06038326385548607,khong cai thien (6/50)
bt_dkgrec_alpha_only,active,2022,786,0.005785815960834243,1168.5,False,,,,,,,,,
bt_dkgrec_alpha_only,active,2022,787,0.005860614609712203,1169.9,False,,,,,,,,,
bt_dkgrec_alpha_only,active,2022,788,0.005749110443580205,1171.3,False,,,,,,,,,
bt_dkgrec_alpha_only,active,2022,789,0.005758871597719482,1172.7,False,,,,,,,,,
bt_dkgrec_alpha_only,active,2022,790,0.005784853347165479,1174.1,True,0.018232382095339204,0.03494155252195386,0.08547008547008547,0.1111111111111111,0.021562824861331854,0.025950767809090648,0.040851766546210984,0.0561097595819818,khong cai thien (7/50)
bt_dkgrec_alpha_only,active,2022,791,0.005830355257777799,1175.9,False,,,,,,,,,
bt_dkgrec_alpha_only,active,2022,792,0.005805094578044437,1177.3,False,,,,,,,,,
bt_dkgrec_alpha_only,active,2022,793,0.005812817041716325,1178.7,False,,,,,,,,,
bt_dkgrec_alpha_only,active,2022,794,0.0057099853849713385,1180.1,False,,,,,,,,,
bt_dkgrec_alpha_only,active,2022,795,0.005782571913448747,1181.5,True,0.018313158471710958,0.03508002631001973,0.0811965811965812,0.10256410256410256,0.02130269439033949,0.024495924153998917,0.04080859983637761,0.050411753883976104,khong cai thien (8/50)
bt_dkgrec_alpha_only,active,2022,796,0.0057475177651416035,1183.3,False,,,,,,,,,
bt_dkgrec_alpha_only,active,2022,797,0.005846820590628714,1184.7,False,,,,,,,,,
bt_dkgrec_alpha_only,active,2022,798,0.0057842960048570865,1186.1,False,,,,,,,,,
bt_dkgrec_alpha_only,active,2022,799,0.005750534201361561,1187.5,False,,,,,,,,,
bt_dkgrec_alpha_only,active,2022,800,0.005791658435673933,1188.9,True,0.01837085588340507,0.03506848682768091,0.08974358974358974,0.1111111111111111,0.022051028533418497,0.024725228772383038,0.04227626797071241,0.0507528844882646,khong cai thien (9/50)
bt_dkgrec_alpha_only,active,2022,801,0.005713574891745066,1190.7,False,,,,,,,,,
bt_dkgrec_alpha_only,active,2022,802,0.005780841013947513,1192.1,False,,,,,,,,,
bt_dkgrec_alpha_only,active,2022,803,0.005694854857386781,1193.5,False,,,,,,,,,
bt_dkgrec_alpha_only,active,2022,804,0.0057803361885514735,1194.9,False,,,,,,,,,
bt_dkgrec_alpha_only,active,2022,805,0.005709801026779437,1196.3,True,0.01847471122445447,0.03526465802744089,0.08547008547008547,0.09829059829059829,0.020643399677651494,0.022179850648170178,0.03800276369720814,0.041920975656355774,khong cai thien (10/50)
bt_dkgrec_alpha_only,active,2022,806,0.005832386104389032,1198.1,False,,,,,,,,,
bt_dkgrec_alpha_only,active,2022,807,0.0056914733214947265,1199.5,False,,,,,,,,,
bt_dkgrec_alpha_only,active,2022,808,0.005784003884325196,1200.9,False,,,,,,,,,
bt_dkgrec_alpha_only,active,2022,809,0.005738602846838669,1202.3,False,,,,,,,,,
bt_dkgrec_alpha_only,active,2022,810,0.005688485393095376,1203.7,True,0.018451632259776828,0.035206960615746775,0.0811965811965812,0.10256410256410256,0.020474737533051637,0.0234274726581165,0.037959596987374764,0.046423149895372114,khong cai thien (11/50)
bt_dkgrec_alpha_only,active,2022,811,0.005716588409648697,1205.5,False,,,,,,,,,
bt_dkgrec_alpha_only,active,2022,812,0.0057259629008654216,1206.9,False,,,,,,,,,
bt_dkgrec_alpha_only,active,2022,813,0.005716602051489486,1208.3,False,,,,,,,,,
bt_dkgrec_alpha_only,active,2022,814,0.005778401926395554,1209.7,False,,,,,,,,,
bt_dkgrec_alpha_only,active,2022,815,0.005679253636318322,1211.1,True,0.01847471122445447,0.03526465802744089,0.08547008547008547,0.09829059829059829,0.02148418071956976,0.023146598500630326,0.042233101260879036,0.04637998318553874,khong cai thien (12/50)
bt_dkgrec_alpha_only,active,2022,816,0.005696978467485503,1212.9,False,,,,,,,,,
bt_dkgrec_alpha_only,active,2022,817,0.00577509591952109,1214.3,False,,,,,,,,,
bt_dkgrec_alpha_only,active,2022,818,0.005770865496573448,1215.8,False,,,,,,,,,
bt_dkgrec_alpha_only,active,2022,819,0.0057670475716786,1217.2,False,,,,,,,,,
bt_dkgrec_alpha_only,active,2022,820,0.0058032857289255346,1218.6,True,0.018382395365743893,0.03528773699211853,0.0811965811965812,0.10683760683760683,0.020833285700799554,0.024983165105867032,0.037959596987374764,0.05112400459622682,khong cai thien (13/50)
bt_dkgrec_alpha_only,active,2022,821,0.005685152626894486,1220.3,False,,,,,,,,,
bt_dkgrec_alpha_only,active,2022,822,0.005760280557722868,1221.7,False,,,,,,,,,
bt_dkgrec_alpha_only,active,2022,823,0.005754804646582372,1223.1,False,,,,,,,,,
bt_dkgrec_alpha_only,active,2022,824,0.00566522835007509,1224.5,False,,,,,,,,,
bt_dkgrec_alpha_only,active,2022,825,0.005768820666762765,1225.9,True,0.018393934848082716,0.03508002631001973,0.0811965811965812,0.10683760683760683,0.020902018301511685,0.025702890314762226,0.038117874923430474,0.05511260858483081,khong cai thien (14/50)
bt_dkgrec_alpha_only,active,2022,826,0.005716999163326824,1227.8,False,,,,,,,,,
bt_dkgrec_alpha_only,active,2022,827,0.0057311273381307915,1229.2,False,,,,,,,,,
bt_dkgrec_alpha_only,active,2022,828,0.005675203729188001,1230.6,False,,,,,,,,,
bt_dkgrec_alpha_only,active,2022,829,0.005711796570709267,1232.0,False,,,,,,,,,
bt_dkgrec_alpha_only,active,2022,830,0.005704777103453485,1233.4,True,0.01842855329509918,0.035137723721713844,0.08547008547008547,0.10256410256410256,0.0226563761357188,0.025628953993854984,0.042233101260879036,0.05083910431132654,khong cai thien (15/50)
bt_dkgrec_alpha_only,active,2022,831,0.005732402742493556,1235.2,False,,,,,,,,,
bt_dkgrec_alpha_only,active,2022,832,0.005732154080938538,1236.6,False,,,,,,,,,
bt_dkgrec_alpha_only,active,2022,833,0.005621511809224354,1238.0,False,,,,,,,,,
bt_dkgrec_alpha_only,active,2022,834,0.005702536536225026,1239.4,False,,,,,,,,,
bt_dkgrec_alpha_only,active,2022,835,0.00566012286373928,1240.8,True,0.018497790189132116,0.035183881651069136,0.08547008547008547,0.10256410256410256,0.022711450591300534,0.026478458850585557,0.042233101260879036,0.05506944187499743,khong cai thien (16/50)
bt_dkgrec_alpha_only,active,2022,836,0.005643482854682987,1242.7,False,,,,,,,,,
bt_dkgrec_alpha_only,active,2022,837,0.0056517413568317855,1244.1,False,,,,,,,,,
bt_dkgrec_alpha_only,active,2022,838,0.005787782481930782,1245.5,False,,,,,,,,,
bt_dkgrec_alpha_only,active,2022,839,0.005732620374028562,1246.9,False,,,,,,,,,
bt_dkgrec_alpha_only,active,2022,840,0.005694841067666511,1248.2,True,0.018463171742115647,0.035206960615746775,0.08547008547008547,0.09829059829059829,0.02359332696050502,0.026375980470590404,0.042233101260879036,0.05079593760149316,khong cai thien (17/50)
bt_dkgrec_alpha_only,active,2022,841,0.005722724834700128,1250.0,False,,,,,,,,,
bt_dkgrec_alpha_only,active,2022,842,0.0057029167203582545,1251.4,False,,,,,,,,,
bt_dkgrec_alpha_only,active,2022,843,0.005715098356866824,1252.8,False,,,,,,,,,
bt_dkgrec_alpha_only,active,2022,844,0.005715969427371063,1254.2,False,,,,,,,,,
bt_dkgrec_alpha_only,active,2022,845,0.005649898929158004,1255.6,True,0.018486250706793293,0.03546082922720087,0.0811965811965812,0.10256410256410256,0.02337286038757952,0.026833854419777647,0.04080859983637761,0.050852167920881375,best
bt_dkgrec_alpha_only,active,2022,846,0.005721314055637511,1257.5,False,,,,,,,,,
bt_dkgrec_alpha_only,active,2022,847,0.00567358795323783,1258.9,False,,,,,,,,,
bt_dkgrec_alpha_only,active,2022,848,0.0057657996959061385,1260.3,False,,,,,,,,,
bt_dkgrec_alpha_only,active,2022,849,0.005658703081444268,1261.7,False,,,,,,,,,
bt_dkgrec_alpha_only,active,2022,850,0.00565536446717172,1263.1,True,0.018543948118487405,0.035414671297845576,0.0811965811965812,0.10256410256410256,0.02280162330799092,0.026272903722419434,0.04080859983637761,0.05083910431132654,khong cai thien (1/50)
bt_dkgrec_alpha_only,active,2022,851,0.005673464726476006,1264.9,False,,,,,,,,,
bt_dkgrec_alpha_only,active,2022,852,0.005623811818441192,1266.3,False,,,,,,,,,
bt_dkgrec_alpha_only,active,2022,853,0.005704803515830481,1267.7,False,,,,,,,,,
bt_dkgrec_alpha_only,active,2022,854,0.0056674635091738075,1269.1,False,,,,,,,,,
bt_dkgrec_alpha_only,active,2022,855,0.005635020820179475,1270.5,True,0.01857856656550387,0.035495447674217334,0.0811965811965812,0.1111111111111111,0.022607394836383816,0.028112649907923178,0.04080859983637761,0.05938611285833508,best
bt_dkgrec_alpha_only,active,2022,856,0.00563291893102212,1272.4,False,,,,,,,,,
bt_dkgrec_alpha_only,active,2022,857,0.005682892129048451,1273.8,False,,,,,,,,,
bt_dkgrec_alpha_only,active,2022,858,0.005664627019322064,1275.2,False,,,,,,,,,
bt_dkgrec_alpha_only,active,2022,859,0.005645831435008395,1276.6,False,,,,,,,,,
bt_dkgrec_alpha_only,active,2022,860,0.005673823190385104,1278.0,True,0.018601645530181517,0.035414671297845576,0.08547008547008547,0.1111111111111111,0.022701065653502342,0.027853862682424395,0.042233101260879036,0.05938611285833508,khong cai thien (1/50)
bt_dkgrec_alpha_only,active,2022,861,0.005645691383548677,1279.8,False,,,,,,,,,
bt_dkgrec_alpha_only,active,2022,862,0.005613697344423154,1281.1,False,,,,,,,,,
bt_dkgrec_alpha_only,active,2022,863,0.005683238410895609,1282.6,False,,,,,,,,,
bt_dkgrec_alpha_only,active,2022,864,0.005718064972735901,1284.0,False,,,,,,,,,
bt_dkgrec_alpha_only,active,2022,865,0.005643688619234428,1285.4,True,0.018670882424214448,0.03551852663889498,0.08547008547008547,0.10683760683760683,0.023164239861853942,0.028165673259796232,0.042233101260879036,0.059342946148501705,best
bt_dkgrec_alpha_only,active,2022,866,0.005630829858947792,1287.3,False,,,,,,,,,
bt_dkgrec_alpha_only,active,2022,867,0.005640330761521366,1288.7,False,,,,,,,,,
bt_dkgrec_alpha_only,active,2022,868,0.0056806624638260335,1290.1,False,,,,,,,,,
bt_dkgrec_alpha_only,active,2022,869,0.005609011938793425,1291.5,False,,,,,,,,,
bt_dkgrec_alpha_only,active,2022,870,0.005599683338684608,1292.9,True,0.01868242190655327,0.035414671297845576,0.0811965811965812,0.11538461538461539,0.020990264345998374,0.028522238670075778,0.037959596987374764,0.06404811752033975,best
bt_dkgrec_alpha_only,active,2022,871,0.005571279447992936,1294.7,False,,,,,,,,,
bt_dkgrec_alpha_only,active,2022,872,0.005641896961689153,1296.0,False,,,,,,,,,
bt_dkgrec_alpha_only,active,2022,873,0.005592214588506733,1297.5,False,,,,,,,,,
bt_dkgrec_alpha_only,active,2022,874,0.00562719404958382,1298.9,False,,,,,,,,,
bt_dkgrec_alpha_only,active,2022,875,0.005620028980578599,1300.3,True,0.01862472449485916,0.03540313181550676,0.0811965811965812,0.1111111111111111,0.020718252475195844,0.028009570708234583,0.037959596987374764,0.06400495081050638,khong cai thien (1/50)
bt_dkgrec_alpha_only,active,2022,876,0.005693058683981725,1302.1,False,,,,,,,,,
bt_dkgrec_alpha_only,active,2022,877,0.0056298010599605455,1303.5,False,,,,,,,,,
bt_dkgrec_alpha_only,active,2022,878,0.005605062967252851,1304.9,False,,,,,,,,,
bt_dkgrec_alpha_only,active,2022,879,0.0055706507185705875,1306.3,False,,,,,,,,,
bt_dkgrec_alpha_only,active,2022,880,0.005534670994317479,1307.7,True,0.01865934294187563,0.0355300661212338,0.0811965811965812,0.1111111111111111,0.021476331951859735,0.0286240316406656,0.037959596987374764,0.06384667287445066,best
bt_dkgrec_alpha_only,active,2022,881,0.0055923569376615965,1309.5,False,,,,,,,,,
bt_dkgrec_alpha_only,active,2022,882,0.005575829886184488,1310.9,False,,,,,,,,,
bt_dkgrec_alpha_only,active,2022,883,0.0056110590857474,1312.3,False,,,,,,,,,
bt_dkgrec_alpha_only,active,2022,884,0.005621298518975572,1313.7,False,,,,,,,,,
bt_dkgrec_alpha_only,active,2022,885,0.005642826090807015,1315.1,True,0.018636263977197982,0.03539159233316794,0.0811965811965812,0.10256410256410256,0.021426210038199774,0.02628925069659431,0.038348097375875155,0.055299664327442107,khong cai thien (1/50)
bt_dkgrec_alpha_only,active,2022,886,0.005580085969394561,1316.9,False,,,,,,,,,
bt_dkgrec_alpha_only,active,2022,887,0.0055795199267667135,1318.3,False,,,,,,,,,
bt_dkgrec_alpha_only,active,2022,888,0.005536129276477342,1319.7,False,,,,,,,,,
bt_dkgrec_alpha_only,active,2022,889,0.005694400647003032,1321.1,False,,,,,,,,,
bt_dkgrec_alpha_only,active,2022,890,0.0055766731152821014,1322.5,True,0.01876319828292503,0.03528773699211853,0.07692307692307693,0.09829059829059829,0.021719113478159958,0.026871692384276672,0.03808100335878114,0.05503257031034809,khong cai thien (2/50)
bt_dkgrec_alpha_only,active,2022,891,0.005609287376014991,1324.2,False,,,,,,,,,
bt_dkgrec_alpha_only,active,2022,892,0.005529079824390034,1325.7,False,,,,,,,,,
bt_dkgrec_alpha_only,active,2022,893,0.005551598941331033,1327.1,False,,,,,,,,,
bt_dkgrec_alpha_only,active,2022,894,0.00549745676448392,1328.5,False,,,,,,,,,
bt_dkgrec_alpha_only,active,2022,895,0.005561743399913931,1329.9,True,0.01868242190655327,0.03540313181550676,0.07692307692307693,0.10256410256410256,0.02111733267565428,0.026878565653095036,0.03769250297028075,0.055247078565792015,khong cai thien (3/50)
bt_dkgrec_alpha_only,active,2022,896,0.005526063769390543,1331.7,False,,,,,,,,,
bt_dkgrec_alpha_only,active,2022,897,0.005610987270047773,1333.1,False,,,,,,,,,
bt_dkgrec_alpha_only,active,2022,898,0.005593709722569934,1334.5,False,,,,,,,,,
bt_dkgrec_alpha_only,active,2022,899,0.005586089281432328,1335.8,False,,,,,,,,,
bt_dkgrec_alpha_only,active,2022,900,0.005570976639357039,1337.2,True,0.01872857983590856,0.03543775026252322,0.0811965811965812,0.10683760683760683,0.021634030605913727,0.02697603829744857,0.038124170068614516,0.05529024527562539,khong cai thien (4/50)
bt_dkgrec_alpha_only,active,2022,901,0.005560829810500166,1339.0,False,,,,,,,,,
bt_dkgrec_alpha_only,active,2022,902,0.005535503230540688,1340.4,False,,,,,,,,,
bt_dkgrec_alpha_only,active,2022,903,0.005559868513227291,1341.9,False,,,,,,,,,
bt_dkgrec_alpha_only,active,2022,904,0.0055771119891236285,1343.3,False,,,,,,,,,
bt_dkgrec_alpha_only,active,2022,905,0.005521148574145318,1344.7,True,0.018647803459536805,0.035495447674217334,0.07692307692307693,0.1111111111111111,0.021048887939653205,0.02742705015897712,0.03808100335878114,0.05936032642903987,khong cai thien (5/50)
bt_dkgrec_alpha_only,active,2022,906,0.005551807106832108,1346.5,False,,,,,,,,,
bt_dkgrec_alpha_only,active,2022,907,0.005589166855969673,1347.9,False,,,,,,,,,
bt_dkgrec_alpha_only,active,2022,908,0.0055624421135537705,1349.2,False,,,,,,,,,
bt_dkgrec_alpha_only,active,2022,909,0.005536066924908209,1350.6,False,,,,,,,,,
bt_dkgrec_alpha_only,active,2022,910,0.005490845368284931,1352.0,True,0.018670882424214448,0.035483908191878515,0.07692307692307693,0.10683760683760683,0.020911624925438962,0.027402245345064438,0.03769250297028075,0.059304096109651656,khong cai thien (6/50)
bt_dkgrec_alpha_only,active,2022,911,0.005548612302081774,1353.8,False,,,,,,,,,
bt_dkgrec_alpha_only,active,2022,912,0.0054952990152639155,1355.2,False,,,,,,,,,
bt_dkgrec_alpha_only,active,2022,913,0.0055950211662069305,1356.7,False,,,,,,,,,
bt_dkgrec_alpha_only,active,2022,914,0.005546388327083783,1358.1,False,,,,,,,,,
bt_dkgrec_alpha_only,active,2022,915,0.00557244350464173,1359.4,True,0.01878627724760267,0.035633921462283204,0.07692307692307693,0.10256410256410256,0.019991031976324253,0.025486910894974586,0.03769250297028075,0.055030591836147384,khong cai thien (7/50)
bt_dkgrec_alpha_only,active,2022,916,0.005545620852859738,1361.2,False,,,,,,,,,
bt_dkgrec_alpha_only,active,2022,917,0.005527553347481303,1362.6,False,,,,,,,,,
bt_dkgrec_alpha_only,active,2022,918,0.005491614561191859,1364.0,False,,,,,,,,,
bt_dkgrec_alpha_only,active,2022,919,0.005549541385048217,1365.4,False,,,,,,,,,
bt_dkgrec_alpha_only,active,2022,920,0.005513867588463247,1366.8,True,0.018751658800586206,0.0355300661212338,0.08547008547008547,0.11538461538461539,0.021631883809332973,0.02797314275535514,0.042009173953618396,0.06404811752033975,khong cai thien (8/50)
bt_dkgrec_alpha_only,active,2022,921,0.0055127228439809505,1368.7,False,,,,,,,,,
bt_dkgrec_alpha_only,active,2022,922,0.005570238916283305,1370.1,False,,,,,,,,,
bt_dkgrec_alpha_only,active,2022,923,0.005559304375175349,1371.6,False,,,,,,,,,
bt_dkgrec_alpha_only,active,2022,924,0.00543626753595661,1372.9,False,,,,,,,,,
bt_dkgrec_alpha_only,active,2022,925,0.005528246722995537,1374.3,True,0.018647803459536805,0.035483908191878515,0.0811965811965812,0.1282051282051282,0.021372824951174697,0.030568280348325913,0.04058467252911697,0.07269452309656989,best
bt_dkgrec_alpha_only,active,2022,926,0.005456568095068379,1376.1,False,,,,,,,,,
bt_dkgrec_alpha_only,active,2022,927,0.005603987058646216,1377.5,False,,,,,,,,,
bt_dkgrec_alpha_only,active,2022,928,0.005544872832520791,1378.9,False,,,,,,,,,
bt_dkgrec_alpha_only,active,2022,929,0.005516276503938943,1380.3,False,,,,,,,,,
bt_dkgrec_alpha_only,active,2022,930,0.005509301182064687,1381.7,True,0.018647803459536805,0.035633921462283204,0.08974358974358974,0.11965811965811966,0.02203402708468289,0.02832182858751161,0.0409079968655992,0.06309220209074011,khong cai thien (1/50)
bt_dkgrec_alpha_only,active,2022,931,0.0054756594483679625,1383.6,False,,,,,,,,,
bt_dkgrec_alpha_only,active,2022,932,0.005475486347398142,1385.0,False,,,,,,,,,
bt_dkgrec_alpha_only,active,2022,933,0.005487739954759335,1386.4,False,,,,,,,,,
bt_dkgrec_alpha_only,active,2022,934,0.005483074293716229,1387.8,False,,,,,,,,,
bt_dkgrec_alpha_only,active,2022,935,0.0054622848319168795,1389.1,True,0.018751658800586206,0.03566853990929967,0.09401709401709402,0.11965811965811966,0.02431006796496525,0.02859149519093941,0.04518150113910348,0.059118592853972966,khong cai thien (2/50)
bt_dkgrec_alpha_only,active,2022,936,0.005504530104955727,1391.0,False,,,,,,,,,
bt_dkgrec_alpha_only,active,2022,937,0.0054548255237087265,1392.4,False,,,,,,,,,
bt_dkgrec_alpha_only,active,2022,938,0.005501607766733968,1393.8,False,,,,,,,,,
bt_dkgrec_alpha_only,active,2022,939,0.005509303066640726,1395.2,False,,,,,,,,,
bt_dkgrec_alpha_only,active,2022,940,0.005548069825219869,1396.6,True,0.018705500871230917,0.035772395250349066,0.09401709401709402,0.12393162393162394,0.02410187173593718,0.029215220056494042,0.04656283585377152,0.06344832744686546,khong cai thien (3/50)
bt_dkgrec_alpha_only,active,2022,941,0.005546484499909636,1398.5,False,,,,,,,,,
bt_dkgrec_alpha_only,active,2022,942,0.005420417267459821,1399.9,False,,,,,,,,,
bt_dkgrec_alpha_only,active,2022,943,0.005477660763680303,1401.3,False,,,,,,,,,
bt_dkgrec_alpha_only,active,2022,944,0.0055245759782488815,1402.7,False,,,,,,,,,
bt_dkgrec_alpha_only,active,2022,945,0.005524361083054394,1404.1,True,0.018740119318247383,0.035483908191878515,0.08547008547008547,0.11965811965811966,0.021964337168025972,0.029210940904473365,0.040152579443515114,0.06447353680540815,khong cai thien (4/50)
bt_dkgrec_alpha_only,active,2022,946,0.005526818342909127,1405.8,False,,,,,,,,,
bt_dkgrec_alpha_only,active,2022,947,0.005468657942574969,1407.2,False,,,,,,,,,
bt_dkgrec_alpha_only,active,2022,948,0.005466716429276213,1408.6,False,,,,,,,,,
bt_dkgrec_alpha_only,active,2022,949,0.005551473105271527,1410.0,False,,,,,,,,,
bt_dkgrec_alpha_only,active,2022,950,0.0054670389717126,1411.4,True,0.01882089569461914,0.03558776353292791,0.0811965811965812,0.11965811965811966,0.021201520722938044,0.028885813565804042,0.038728078019013686,0.06441730648601994,khong cai thien (5/50)
bt_dkgrec_alpha_only,active,2022,951,0.0054984078932631434,1413.3,False,,,,,,,,,
bt_dkgrec_alpha_only,active,2022,952,0.005492383641750106,1414.7,False,,,,,,,,,
bt_dkgrec_alpha_only,active,2022,953,0.005506338552927858,1416.1,False,,,,,,,,,
bt_dkgrec_alpha_only,active,2022,954,0.005464726278432544,1417.5,False,,,,,,,,,
bt_dkgrec_alpha_only,active,2022,955,0.005477564056274078,1418.9,True,0.018693961388892094,0.035633921462283204,0.07692307692307693,0.11965811965811966,0.020345594905984685,0.028317812265454195,0.038569800082957975,0.06441730648601994,khong cai thien (6/50)
bt_dkgrec_alpha_only,active,2022,956,0.005442611081660855,1420.7,False,,,,,,,,,
bt_dkgrec_alpha_only,active,2022,957,0.0054608214677216715,1422.1,False,,,,,,,,,
bt_dkgrec_alpha_only,active,2022,958,0.00544002408653563,1423.5,False,,,,,,,,,
bt_dkgrec_alpha_only,active,2022,959,0.005509547669169723,1424.9,False,,,,,,,,,
bt_dkgrec_alpha_only,active,2022,960,0.005427299442060623,1426.3,True,0.018647803459536805,0.03557622405058909,0.0811965811965812,0.12393162393162394,0.0216360948338844,0.028481033277565012,0.04284330435646225,0.06446047319585331,khong cai thien (7/50)
bt_dkgrec_alpha_only,active,2022,961,0.005495791153010555,1428.3,False,,,,,,,,,
bt_dkgrec_alpha_only,active,2022,962,0.005491252368406279,1429.6,False,,,,,,,,,
bt_dkgrec_alpha_only,active,2022,963,0.00547544886581621,1431.0,False,,,,,,,,,
bt_dkgrec_alpha_only,active,2022,964,0.005468113851397305,1432.4,False,,,,,,,,,
bt_dkgrec_alpha_only,active,2022,965,0.005408530223181734,1433.8,True,0.01865934294187563,0.03544928974486205,0.07264957264957266,0.12393162393162394,0.01875004668258228,0.028601944427287303,0.0342962958094537,0.06830231037102383,khong cai thien (8/50)
bt_dkgrec_alpha_only,active,2022,966,0.005467804554436514,1435.6,False,,,,,,,,,
bt_dkgrec_alpha_only,active,2022,967,0.005420407999199295,1437.0,False,,,,,,,,,
bt_dkgrec_alpha_only,active,2022,968,0.005442661617363326,1438.4,False,,,,,,,,,
bt_dkgrec_alpha_only,active,2022,969,0.005492549342686122,1439.8,False,,,,,,,,,
bt_dkgrec_alpha_only,active,2022,970,0.005441424482237052,1441.3,True,0.018693961388892094,0.03544928974486205,0.07692307692307693,0.1282051282051282,0.020300622394742236,0.028159403614526533,0.038569800082957975,0.06429689408490578,khong cai thien (9/50)
bt_dkgrec_alpha_only,active,2022,971,0.005491266836687578,1443.1,False,,,,,,,,,
bt_dkgrec_alpha_only,active,2022,972,0.005359459316804827,1444.5,False,,,,,,,,,
bt_dkgrec_alpha_only,active,2022,973,0.005455301098300569,1445.9,False,,,,,,,,,
bt_dkgrec_alpha_only,active,2022,974,0.005340784706017314,1447.3,False,,,,,,,,,
bt_dkgrec_alpha_only,active,2022,975,0.005442291568905576,1448.7,True,0.018751658800586206,0.03543775026252322,0.07692307692307693,0.11538461538461539,0.019393518181373467,0.025682879075331844,0.038569800082957975,0.058555721677066706,khong cai thien (10/50)
bt_dkgrec_alpha_only,active,2022,976,0.005498898222019451,1450.5,False,,,,,,,,,
bt_dkgrec_alpha_only,active,2022,977,0.005408273617017202,1451.9,False,,,,,,,,,
bt_dkgrec_alpha_only,active,2022,978,0.005407921917210483,1453.3,False,,,,,,,,,
bt_dkgrec_alpha_only,active,2022,979,0.005500671128543943,1454.7,False,,,,,,,,,
bt_dkgrec_alpha_only,active,2022,980,0.005430366255823178,1456.1,True,0.01893629051800736,0.03562238197994438,0.07692307692307693,0.11538461538461539,0.019748101126792105,0.02572374523834335,0.04070655221971011,0.058555721677066706,khong cai thien (11/50)
bt_dkgrec_alpha_only,active,2022,981,0.005394769419050932,1457.9,False,,,,,,,,,
bt_dkgrec_alpha_only,active,2022,982,0.005401624565407546,1459.3,False,,,,,,,,,
bt_dkgrec_alpha_only,active,2022,983,0.005409666766237826,1460.7,False,,,,,,,,,
bt_dkgrec_alpha_only,active,2022,984,0.0054546491834867716,1462.1,False,,,,,,,,,
bt_dkgrec_alpha_only,active,2022,985,0.0053935001717416884,1463.5,True,0.01883243517695796,0.03572623732099378,0.07692307692307693,0.11538461538461539,0.019879380083361098,0.025996675348598956,0.03862603040234619,0.05814071541410722,khong cai thien (12/50)
bt_dkgrec_alpha_only,active,2022,986,0.00546629916566414,1465.3,False,,,,,,,,,
bt_dkgrec_alpha_only,active,2022,987,0.005384096110228627,1466.7,False,,,,,,,,,
bt_dkgrec_alpha_only,active,2022,988,0.0054501501050566075,1468.1,False,,,,,,,,,
bt_dkgrec_alpha_only,active,2022,989,0.005392597247103349,1469.6,False,,,,,,,,,
bt_dkgrec_alpha_only,active,2022,990,0.005455910901291802,1471.0,True,0.018878593106313252,0.03576085576801025,0.08547008547008547,0.11538461538461539,0.022441150734532987,0.027271655785759037,0.04294270138568384,0.05834216005999632,khong cai thien (13/50)
bt_dkgrec_alpha_only,active,2022,991,0.005429119316724979,1472.8,False,,,,,,,,,
bt_dkgrec_alpha_only,active,2022,992,0.005412991371269717,1474.2,False,,,,,,,,,
bt_dkgrec_alpha_only,active,2022,993,0.005459367859535487,1475.6,False,,,,,,,,,
bt_dkgrec_alpha_only,active,2022,994,0.005434094315997569,1476.9,False,,,,,,,,,
bt_dkgrec_alpha_only,active,2022,995,0.005456032513857408,1478.3,True,0.01892475103566854,0.035899329556076116,0.08974358974358974,0.1282051282051282,0.022062703839258742,0.02809199179022673,0.04308791571218472,0.06434006079473917,khong cai thien (14/50)
bt_dkgrec_alpha_only,active,2022,996,0.005403583787793748,1480.1,False,,,,,,,,,
bt_dkgrec_alpha_only,active,2022,997,0.005467410398257785,1481.6,False,,,,,,,,,
bt_dkgrec_alpha_only,active,2022,998,0.0053509261462385705,1483.0,False,,,,,,,,,
bt_dkgrec_alpha_only,active,2022,999,0.005427017898994391,1484.4,False,,,,,,,,,
bt_dkgrec_alpha_only,active,2022,1000,0.005400945473053997,1485.8,True,0.018890132588652072,0.035841632144382005,0.08547008547008547,0.13247863247863248,0.021019336758703246,0.029173039283486007,0.03881441143868044,0.06900206545674382,khong cai thien (15/50)
