model,cohort,seed,epoch,loss,seconds,evaluated,valid_coverage@10,valid_coverage@20,valid_hit_rate@10,valid_hit_rate@20,valid_ndcg@10,valid_ndcg@20,valid_recall@10,valid_recall@20,note
bt_dkgrec_alpha_only,active,2020,1,0.6873919731213657,1.6,False,,,,,,,,,
bt_dkgrec_alpha_only,active,2020,2,0.6786488015863422,3.0,False,,,,,,,,,
bt_dkgrec_alpha_only,active,2020,3,0.6589164462587364,4.3,False,,,,,,,,,
bt_dkgrec_alpha_only,active,2020,4,0.6214026686212623,5.7,False,,,,,,,,,
bt_dkgrec_alpha_only,active,2020,5,0.567230084939053,7.0,True,0.0037272527954395965,0.006865991991599257,0.017094017094017096,0.042735042735042736,0.0035843373705097123,0.007149042814289885,0.007076987340145234,0.01710279066329449,best
bt_dkgrec_alpha_only,active,2020,6,0.5063398091586284,8.8,False,,,,,,,,,
bt_dkgrec_alpha_only,active,2020,7,0.4476160335298544,10.1,False,,,,,,,,,
bt_dkgrec_alpha_only,active,2020,8,0.39690186044328557,11.5,False,,,,,,,,,
bt_dkgrec_alpha_only,active,2020,9,0.353548839906341,12.9,False,,,,,,,,,
bt_dkgrec_alpha_only,active,2020,10,0.317502817152749,14.3,True,0.004084976747943087,0.007200636979425103,0.029914529914529916,0.05555555555555555,0.006312158155945093,0.008220945265783982,0.012462034391858954,0.018355300274441076,best
bt_dkgrec_alpha_only,active,2020,11,0.28532638089196055,16.0,False,,,,,,,,,
bt_dkgrec_alpha_only,active,2020,12,0.26065456430314243,17.4,False,,,,,,,,,
bt_dkgrec_alpha_only,active,2020,13,0.23628267740702374,18.7,False,,,,,,,,,
bt_dkgrec_alpha_only,active,2020,14,0.21620909378742623,20.1,False,,,,,,,,,
bt_dkgrec_alpha_only,active,2020,15,0.1993124784298487,21.5,True,0.004938898441015936,0.00865461175411671,0.038461538461538464,0.06837606837606838,0.008341281211536178,0.011168636601659124,0.01744778937761394,0.026055162140969607,best
bt_dkgrec_alpha_only,active,2020,16,0.1826908793849536,23.3,False,,,,,,,,,
bt_dkgrec_alpha_only,active,2020,17,0.16960192890858938,24.7,False,,,,,,,,,
bt_dkgrec_alpha_only,active,2020,18,0.1567868339238236,26.1,False,,,,,,,,,
bt_dkgrec_alpha_only,active,2020,19,0.14549117613285065,27.4,False,,,,,,,,,
bt_dkgrec_alpha_only,active,2020,20,0.1365835721281236,28.8,True,0.005585109451989984,0.01016628394050243,0.038461538461538464,0.0641025641025641,0.010487741774224596,0.013641252698138283,0.018516165445990006,0.02936712795293542,best
bt_dkgrec_alpha_only,active,2020,21,0.12861259769400332,30.6,False,,,,,,,,,
bt_dkgrec_alpha_only,active,2020,22,0.1213400379938197,32.0,False,,,,,,,,,
bt_dkgrec_alpha_only,active,2020,23,0.1135458088913239,33.4,False,,,,,,,,,
bt_dkgrec_alpha_only,active,2020,24,0.10753158807209563,34.8,False,,,,,,,,,
bt_dkgrec_alpha_only,active,2020,25,0.10216659244892687,36.2,True,0.006254399427641676,0.011412548033095235,0.038461538461538464,0.06837606837606838,0.009619787414760328,0.013887337372803371,0.016537691245293584,0.03150388008968756,best
bt_dkgrec_alpha_only,active,2020,26,0.09719107148459741,38.1,False,,,,,,,,,
bt_dkgrec_alpha_only,active,2020,27,0.09218999732456624,39.5,False,,,,,,,,,
bt_dkgrec_alpha_only,active,2020,28,0.08870009507268378,40.9,False,,,,,,,,,
bt_dkgrec_alpha_only,active,2020,29,0.08480069269752694,42.2,False,,,,,,,,,
bt_dkgrec_alpha_only,active,2020,30,0.0801037576503669,43.6,True,0.006819834062243968,0.012428022478911597,0.038461538461538464,0.06837606837606838,0.009381516526410814,0.013513847296733043,0.016537691245293584,0.03146071337985418,khong cai thien (1/50)
bt_dkgrec_alpha_only,active,2020,31,0.07848809961838589,45.4,False,,,,,,,,,
bt_dkgrec_alpha_only,active,2020,32,0.07470112558004734,46.7,False,,,,,,,,,
bt_dkgrec_alpha_only,active,2020,33,0.07152824452828557,48.1,False,,,,,,,,,
bt_dkgrec_alpha_only,active,2020,34,0.06907606565239155,49.5,False,,,,,,,,,
bt_dkgrec_alpha_only,active,2020,35,0.06722170239220755,50.8,True,0.007269873873458036,0.0133627205483562,0.03418803418803419,0.06837606837606838,0.009804024444594677,0.014311828977753693,0.016494524535460207,0.031844897097371226,best
bt_dkgrec_alpha_only,active,2020,36,0.06492511862919645,52.7,False,,,,,,,,,
bt_dkgrec_alpha_only,active,2020,37,0.06265272260473152,54.1,False,,,,,,,,,
bt_dkgrec_alpha_only,active,2020,38,0.06125019601195352,55.4,False,,,,,,,,,
bt_dkgrec_alpha_only,active,2020,39,0.05940453713689049,56.8,False,,,,,,,,,
bt_dkgrec_alpha_only,active,2020,40,0.057361160681336974,58.2,True,0.007604518861283883,0.01417048431207376,0.042735042735042736,0.0641025641025641,0.010883768028972637,0.013597534516886842,0.019699652740588415,0.029708144960619094,khong cai thien (1/50)
bt_dkgrec_alpha_only,active,2020,41,0.05574238100100443,59.9,False,,,,,,,,,
bt_dkgrec_alpha_only,active,2020,42,0.053693515437560936,61.3,False,,,,,,,,,
bt_dkgrec_alpha_only,active,2020,43,0.05168179927169023,62.6,False,,,,,,,,,
bt_dkgrec_alpha_only,active,2020,44,0.05101012608480313,63.9,False,,,,,,,,,
bt_dkgrec_alpha_only,active,2020,45,0.0494209345538935,65.3,True,0.00795070333144855,0.014805155840708985,0.038461538461538464,0.05982905982905983,0.010913321506743843,0.013742016802363711,0.0196434224212002,0.02965191464123088,khong cai thien (2/50)
bt_dkgrec_alpha_only,active,2020,46,0.048438560804134605,67.1,False,,,,,,,,,
bt_dkgrec_alpha_only,active,2020,47,0.047482963039376755,68.5,False,,,,,,,,,
bt_dkgrec_alpha_only,active,2020,48,0.04668794779506016,69.8,False,,,,,,,,,
bt_dkgrec_alpha_only,active,2020,49,0.0447449196564131,71.2,False,,,,,,,,,
bt_dkgrec_alpha_only,active,2020,50,0.04437088374645727,72.5,True,0.008193032460563819,0.015451366851683034,0.042735042735042736,0.05982905982905983,0.011325441606657355,0.013945433886145553,0.019698210937527178,0.02965191464123088,khong cai thien (3/50)
bt_dkgrec_alpha_only,active,2020,51,0.043475744457258624,74.2,False,,,,,,,,,
bt_dkgrec_alpha_only,active,2020,52,0.04252503702792885,75.6,False,,,,,,,,,
bt_dkgrec_alpha_only,active,2020,53,0.04109348708956857,76.9,False,,,,,,,,,
bt_dkgrec_alpha_only,active,2020,54,0.04045633435006866,78.3,False,,,,,,,,,
bt_dkgrec_alpha_only,active,2020,55,0.03924309009022687,79.6,True,0.0084930590013732,0.01618989372136766,0.042735042735042736,0.05982905982905983,0.011351480253015201,0.01406389220612388,0.019698210937527178,0.029706703157557857,khong cai thien (4/50)
bt_dkgrec_alpha_only,active,2020,56,0.038486666661159366,81.5,False,,,,,,,,,
bt_dkgrec_alpha_only,active,2020,57,0.03851862039971471,82.8,False,,,,,,,,,
bt_dkgrec_alpha_only,active,2020,58,0.03716715334336734,84.2,False,,,,,,,,,
bt_dkgrec_alpha_only,active,2020,59,0.03682132841949426,85.5,False,,,,,,,,,
bt_dkgrec_alpha_only,active,2020,60,0.035386027719151156,86.9,True,0.00875846709516611,0.01684764421468053,0.042735042735042736,0.05982905982905983,0.011517556109610862,0.014193487225805872,0.019698210937527178,0.029706703157557857,khong cai thien (5/50)
bt_dkgrec_alpha_only,active,2020,61,0.03506659018036709,88.6,False,,,,,,,,,
bt_dkgrec_alpha_only,active,2020,62,0.034666678832648186,89.9,False,,,,,,,,,
bt_dkgrec_alpha_only,active,2020,63,0.03343435857261904,91.3,False,,,,,,,,,
bt_dkgrec_alpha_only,active,2020,64,0.03343329853637637,92.7,False,,,,,,,,,
bt_dkgrec_alpha_only,active,2020,65,0.03290725980329983,94.0,True,0.008977717259603734,0.017182289202506376,0.042735042735042736,0.05982905982905983,0.011855746418258659,0.014219297347304906,0.019752999453854152,0.029706703157557857,khong cai thien (6/50)
bt_dkgrec_alpha_only,active,2020,66,0.032581286895225325,95.8,False,,,,,,,,,
bt_dkgrec_alpha_only,active,2020,67,0.03157994088517211,97.2,False,,,,,,,,,
bt_dkgrec_alpha_only,active,2020,68,0.03135195351614499,98.5,False,,,,,,,,,
bt_dkgrec_alpha_only,active,2020,69,0.03026375972564017,99.9,False,,,,,,,,,
bt_dkgrec_alpha_only,active,2020,70,0.029759503551876065,101.2,True,0.009243125353396647,0.017840039695819244,0.042735042735042736,0.05982905982905983,0.011992595458023773,0.014366234786605998,0.019752999453854152,0.029706703157557857,best
bt_dkgrec_alpha_only,active,2020,71,0.02955093739226527,103.0,False,,,,,,,,,
bt_dkgrec_alpha_only,active,2020,72,0.029345811254918246,104.3,False,,,,,,,,,
bt_dkgrec_alpha_only,active,2020,73,0.02846635099979973,105.7,False,,,,,,,,,
bt_dkgrec_alpha_only,active,2020,74,0.028213147115767778,107.1,False,,,,,,,,,
bt_dkgrec_alpha_only,active,2020,75,0.027620145674628734,108.5,True,0.009393138623801336,0.01807082934259569,0.042735042735042736,0.05982905982905983,0.01219420416408202,0.01453111849542482,0.019752999453854152,0.029706703157557857,best
bt_dkgrec_alpha_only,active,2020,76,0.027885915752901138,110.2,False,,,,,,,,,
bt_dkgrec_alpha_only,active,2020,77,0.026721224261190356,111.6,False,,,,,,,,,
bt_dkgrec_alpha_only,active,2020,78,0.026415371243188324,112.9,False,,,,,,,,,
bt_dkgrec_alpha_only,active,2020,79,0.026842106992838562,114.3,False,,,,,,,,,
bt_dkgrec_alpha_only,active,2020,80,0.026295504200637077,115.6,True,0.009623928270577783,0.018497790189132116,0.042735042735042736,0.05555555555555555,0.012227816985984439,0.013579861332414029,0.019752999453854152,0.025433198884053584,khong cai thien (1/50)
bt_dkgrec_alpha_only,active,2020,81,0.02553218813332305,117.4,False,,,,,,,,,
bt_dkgrec_alpha_only,active,2020,82,0.025537850125770485,118.8,False,,,,,,,,,
bt_dkgrec_alpha_only,active,2020,83,0.02490319585731934,120.2,False,,,,,,,,,
bt_dkgrec_alpha_only,active,2020,84,0.024269048676345824,121.5,False,,,,,,,,,
bt_dkgrec_alpha_only,active,2020,85,0.02412925621478504,122.9,True,0.009785481023321293,0.018809356212280318,0.042735042735042736,0.05555555555555555,0.012299669731375789,0.01362997676007421,0.019752999453854152,0.025433198884053584,khong cai thien (2/50)
bt_dkgrec_alpha_only,active,2020,86,0.0244521101852579,124.7,False,,,,,,,,,
bt_dkgrec_alpha_only,active,2020,87,0.02341709546257838,126.0,False,,,,,,,,,
bt_dkgrec_alpha_only,active,2020,88,0.023414583339978538,127.4,False,,,,,,,,,
bt_dkgrec_alpha_only,active,2020,89,0.022876218111342533,128.7,False,,,,,,,,,
bt_dkgrec_alpha_only,active,2020,90,0.023096497660095142,130.1,True,0.00991241532904834,0.01932863291752732,0.042735042735042736,0.05982905982905983,0.012278155428472734,0.014569202313931192,0.019752999453854152,0.029706703157557857,best
bt_dkgrec_alpha_only,active,2020,91,0.022811153754013738,131.8,False,,,,,,,,,
bt_dkgrec_alpha_only,active,2020,92,0.02264157048439828,133.2,False,,,,,,,,,
bt_dkgrec_alpha_only,active,2020,93,0.02190223171961564,134.6,False,,,,,,,,,
bt_dkgrec_alpha_only,active,2020,94,0.02207880419529856,136.0,False,,,,,,,,,
bt_dkgrec_alpha_only,active,2020,95,0.02140211906231202,137.3,True,0.010189362905180074,0.019663277905353167,0.042735042735042736,0.0641025641025641,0.012285430597068266,0.014795511843588268,0.019752999453854152,0.030095203546058245,best
bt_dkgrec_alpha_only,active,2020,96,0.021614109836840232,139.1,False,,,,,,,,,
bt_dkgrec_alpha_only,active,2020,97,0.021197826148400066,140.4,False,,,,,,,,,
bt_dkgrec_alpha_only,active,2020,98,0.02105194296093381,141.8,False,,,,,,,,,
bt_dkgrec_alpha_only,active,2020,99,0.020638112304357952,143.1,False,,,,,,,,,
bt_dkgrec_alpha_only,active,2020,100,0.020578299005477824,144.5,True,0.010443231516634163,0.01997484392850137,0.042735042735042736,0.05982905982905983,0.012235092154579972,0.013962141344523192,0.019752999453854152,0.02621019966105436,khong cai thien (1/50)
bt_dkgrec_alpha_only,active,2020,101,0.02024651671028957,146.2,False,,,,,,,,,
bt_dkgrec_alpha_only,active,2020,102,0.0200565029736769,147.6,False,,,,,,,,,
bt_dkgrec_alpha_only,active,2020,103,0.0194939817992775,149.0,False,,,,,,,,,
bt_dkgrec_alpha_only,active,2020,104,0.01962324241584337,150.4,False,,,,,,,,,
bt_dkgrec_alpha_only,active,2020,105,0.019323322867554928,151.7,True,0.010616323751716499,0.020378725810360147,0.042735042735042736,0.06837606837606838,0.012794621015996458,0.01654679412346929,0.019752999453854152,0.034757208208062905,best
bt_dkgrec_alpha_only,active,2020,106,0.01941789373949955,153.4,False,,,,,,,,,
bt_dkgrec_alpha_only,active,2020,107,0.01912254218206815,154.8,False,,,,,,,,,
bt_dkgrec_alpha_only,active,2020,108,0.01874443763317029,156.1,False,,,,,,,,,
bt_dkgrec_alpha_only,active,2020,109,0.019082247803774044,157.5,False,,,,,,,,,
bt_dkgrec_alpha_only,active,2020,110,0.018692092760874773,158.8,True,0.01077787650446001,0.020655673386491883,0.042735042735042736,0.06837606837606838,0.013362087263724598,0.01729556921625774,0.019752999453854152,0.034757208208062905,best
bt_dkgrec_alpha_only,active,2020,111,0.018444520681793402,160.7,False,,,,,,,,,
bt_dkgrec_alpha_only,active,2020,112,0.01815304589466987,162.0,False,,,,,,,,,
bt_dkgrec_alpha_only,active,2020,113,0.01795777371692634,163.4,False,,,,,,,,,
bt_dkgrec_alpha_only,active,2020,114,0.017733634638763304,164.7,False,,,,,,,,,
bt_dkgrec_alpha_only,active,2020,115,0.017647093229287255,166.1,True,0.010881731845509411,0.020840305103913038,0.04700854700854701,0.07264957264957266,0.01283829502502174,0.016336167423024673,0.024026503727358428,0.03689396034481504,khong cai thien (1/50)
bt_dkgrec_alpha_only,active,2020,116,0.01777567246634229,167.8,False,,,,,,,,,
bt_dkgrec_alpha_only,active,2020,117,0.017351023072692394,169.2,False,,,,,,,,,
bt_dkgrec_alpha_only,active,2020,118,0.01721399532133866,170.5,False,,,,,,,,,
bt_dkgrec_alpha_only,active,2020,119,0.017201265218830794,171.9,False,,,,,,,,,
bt_dkgrec_alpha_only,active,2020,120,0.017108293180796694,173.2,True,0.011216376833335257,0.02120956853875535,0.04700854700854701,0.07692307692307693,0.01358925710358451,0.0180435455369375,0.024026503727358428,0.04116746461831932,best
bt_dkgrec_alpha_only,active,2020,121,0.01698503879491595,175.1,False,,,,,,,,,
bt_dkgrec_alpha_only,active,2020,122,0.017069893656321507,176.5,False,,,,,,,,,
bt_dkgrec_alpha_only,active,2020,123,0.016401844373277137,177.8,False,,,,,,,,,
bt_dkgrec_alpha_only,active,2020,124,0.016387933014804373,179.1,False,,,,,,,,,
bt_dkgrec_alpha_only,active,2020,125,0.01645747167180311,180.5,True,0.011320232174384657,0.021486516114887087,0.04700854700854701,0.07692307692307693,0.01361808144157434,0.01810849228659595,0.024026503727358428,0.04116746461831932,best
bt_dkgrec_alpha_only,active,2020,126,0.016316558479210368,182.2,False,,,,,,,,,
bt_dkgrec_alpha_only,active,2020,127,0.016158088623064393,183.6,False,,,,,,,,,
bt_dkgrec_alpha_only,active,2020,128,0.015909151753011583,184.9,False,,,,,,,,,
bt_dkgrec_alpha_only,active,2020,129,0.015633525778780674,186.3,False,,,,,,,,,
bt_dkgrec_alpha_only,active,2020,130,0.015586853949820406,187.7,True,0.01149332440946699,0.021740384726341176,0.04700854700854701,0.0811965811965812,0.013574193051870917,0.018546001137246824,0.024026503727358428,0.04170165265250735,best
bt_dkgrec_alpha_only,active,2020,131,0.015578975518040071,189.5,False,,,,,,,,,
bt_dkgrec_alpha_only,active,2020,132,0.01555724053222442,190.9,False,,,,,,,,,
bt_dkgrec_alpha_only,active,2020,133,0.015389455537627703,192.2,False,,,,,,,,,
bt_dkgrec_alpha_only,active,2020,134,0.015506466250623968,193.6,False,,,,,,,,,
bt_dkgrec_alpha_only,active,2020,135,0.015240536976494353,194.9,True,0.011539482338822281,0.021971174373117623,0.04700854700854701,0.0811965811965812,0.013574193051870917,0.01850963317884535,0.024026503727358428,0.04170165265250735,khong cai thien (1/50)
bt_dkgrec_alpha_only,active,2020,136,0.014564470528003512,196.7,False,,,,,,,,,
bt_dkgrec_alpha_only,active,2020,137,0.015088601232139091,198.0,False,,,,,,,,,
bt_dkgrec_alpha_only,active,2020,138,0.014778012678806771,199.4,False,,,,,,,,,
bt_dkgrec_alpha_only,active,2020,139,0.01502663114737971,200.8,False,,,,,,,,,
bt_dkgrec_alpha_only,active,2020,140,0.014408881005980156,202.2,True,0.011654877162210503,0.022201964019894067,0.04700854700854701,0.0811965811965812,0.013710917663866227,0.018647495482679806,0.024026503727358428,0.04170165265250735,best
bt_dkgrec_alpha_only,active,2020,141,0.014633583018442179,204.0,False,,,,,,,,,
bt_dkgrec_alpha_only,active,2020,142,0.014269569290020684,205.3,False,,,,,,,,,
bt_dkgrec_alpha_only,active,2020,143,0.014461474131033396,206.7,False,,,,,,,,,
bt_dkgrec_alpha_only,active,2020,144,0.014363128647626932,208.1,False,,,,,,,,,
bt_dkgrec_alpha_only,active,2020,145,0.014140205394652982,209.4,True,0.011724114056243438,0.022582766937075203,0.042735042735042736,0.08974358974358974,0.013244300556547529,0.019296612133067888,0.023868225791302714,0.043838404789259496,best
bt_dkgrec_alpha_only,active,2020,146,0.014088250384422072,211.2,False,,,,,,,,,
bt_dkgrec_alpha_only,active,2020,147,0.01388151808223371,212.5,False,,,,,,,,,
bt_dkgrec_alpha_only,active,2020,148,0.014121193530243643,213.9,False,,,,,,,,,
bt_dkgrec_alpha_only,active,2020,149,0.01375984938390448,215.3,False,,,,,,,,,
bt_dkgrec_alpha_only,active,2020,150,0.013855594296008864,216.7,True,0.011874127326648127,0.02303280674828927,0.05555555555555555,0.08974358974358974,0.014343405715882699,0.019528981751295627,0.025272942473797175,0.043838404789259496,best
bt_dkgrec_alpha_only,active,2020,151,0.013594639788711997,218.4,False,,,,,,,,,
bt_dkgrec_alpha_only,active,2020,152,0.013770444928818232,219.8,False,,,,,,,,,
bt_dkgrec_alpha_only,active,2020,153,0.01339880455001285,221.1,False,,,,,,,,,
bt_dkgrec_alpha_only,active,2020,154,0.013324411310673658,222.5,False,,,,,,,,,
bt_dkgrec_alpha_only,active,2020,155,0.013451897288183967,223.8,True,0.01213953542044104,0.02334437277143747,0.05555555555555555,0.08974358974358974,0.014567775428828141,0.019737820000675362,0.025272942473797175,0.043838404789259496,best
bt_dkgrec_alpha_only,active,2020,156,0.013318007978854574,225.6,False,,,,,,,,,
bt_dkgrec_alpha_only,active,2020,157,0.013379517901545441,226.9,False,,,,,,,,,
bt_dkgrec_alpha_only,active,2020,158,0.013185788981712276,228.3,False,,,,,,,,,
bt_dkgrec_alpha_only,active,2020,159,0.013132046030831044,229.7,False,,,,,,,,,
bt_dkgrec_alpha_only,active,2020,160,0.012738147504723778,231.0,True,0.012370325067217485,0.02358670190055274,0.05128205128205128,0.09401709401709402,0.01396076516622275,0.01984233669360243,0.02456069176154646,0.04437259282344753,best
bt_dkgrec_alpha_only,active,2020,161,0.0129729347702845,232.8,False,,,,,,,,,
bt_dkgrec_alpha_only,active,2020,162,0.012967295052374768,234.1,False,,,,,,,,,
bt_dkgrec_alpha_only,active,2020,163,0.012784171641748058,235.5,False,,,,,,,,,
bt_dkgrec_alpha_only,active,2020,164,0.012885530813594955,236.8,False,,,,,,,,,
bt_dkgrec_alpha_only,active,2020,165,0.01253516039122178,238.2,True,0.01234724610253984,0.023725175688618608,0.05982905982905983,0.09401709401709402,0.01570221192641508,0.019954392941720016,0.02954644674730145,0.04437259282344753,best
bt_dkgrec_alpha_only,active,2020,166,0.012424639150808084,239.9,False,,,,,,,,,
bt_dkgrec_alpha_only,active,2020,167,0.012604880741528901,241.3,False,,,,,,,,,
bt_dkgrec_alpha_only,active,2020,168,0.01240905437624232,242.6,False,,,,,,,,,
bt_dkgrec_alpha_only,active,2020,169,0.012336143525441448,244.0,False,,,,,,,,,
bt_dkgrec_alpha_only,active,2020,170,0.012486803092326417,245.4,True,0.012393404031895129,0.023805952064990366,0.05982905982905983,0.08974358974358974,0.016347256960963723,0.02012463036672009,0.02954644674730145,0.0434499044007591,best
bt_dkgrec_alpha_only,active,2020,171,0.0121241224698262,247.1,False,,,,,,,,,
bt_dkgrec_alpha_only,active,2020,172,0.012156937015523792,248.5,False,,,,,,,,,
bt_dkgrec_alpha_only,active,2020,173,0.012092534196089964,249.8,False,,,,,,,,,
bt_dkgrec_alpha_only,active,2020,174,0.011902703473990731,251.1,False,,,,,,,,,
bt_dkgrec_alpha_only,active,2020,175,0.012076808738261764,252.5,True,0.012520338337622174,0.024048281194105632,0.05982905982905983,0.08974358974358974,0.016183344632878963,0.020052670365688037,0.02954644674730145,0.0434499044007591,khong cai thien (1/50)
bt_dkgrec_alpha_only,active,2020,176,0.012057231832716803,254.2,False,,,,,,,,,
bt_dkgrec_alpha_only,active,2020,177,0.011969098538047479,255.6,False,,,,,,,,,
bt_dkgrec_alpha_only,active,2020,178,0.011798709191392084,257.0,False,,,,,,,,,
bt_dkgrec_alpha_only,active,2020,179,0.011756548591862058,258.4,False,,,,,,,,,
bt_dkgrec_alpha_only,active,2020,180,0.01199715611304394,259.7,True,0.012543417302299818,0.024209833946849144,0.05555555555555555,0.09829059829059829,0.015650039664671538,0.020747258081233507,0.029388168811245733,0.04583594428679899,best
bt_dkgrec_alpha_only,active,2020,181,0.011730338972401659,261.4,False,,,,,,,,,
bt_dkgrec_alpha_only,active,2020,182,0.01157642753558984,262.8,False,,,,,,,,,
bt_dkgrec_alpha_only,active,2020,183,0.011738192028313083,264.1,False,,,,,,,,,
bt_dkgrec_alpha_only,active,2020,184,0.011388411799019489,265.5,False,,,,,,,,,
bt_dkgrec_alpha_only,active,2020,185,0.011729081408877193,266.8,True,0.012647272643349219,0.02438292618193148,0.0641025641025641,0.08547008547008547,0.01709120499231357,0.019873080322601922,0.03381995102080572,0.043610160811015514,khong cai thien (1/50)
bt_dkgrec_alpha_only,active,2020,186,0.011431031731308572,268.6,False,,,,,,,,,
bt_dkgrec_alpha_only,active,2020,187,0.011840638835668348,270.0,False,,,,,,,,,
bt_dkgrec_alpha_only,active,2020,188,0.011119622239572557,271.4,False,,,,,,,,,
bt_dkgrec_alpha_only,active,2020,189,0.011273641285732274,272.7,False,,,,,,,,,
bt_dkgrec_alpha_only,active,2020,190,0.011302859811779682,274.1,True,0.012831904360770375,0.024648334275724392,0.05982905982905983,0.08974358974358974,0.016619953793305234,0.019990823603116454,0.03310770030855501,0.0439986611995159,khong cai thien (2/50)
bt_dkgrec_alpha_only,active,2020,191,0.01129164192233008,275.8,False,,,,,,,,,
bt_dkgrec_alpha_only,active,2020,192,0.011021224671030196,277.2,False,,,,,,,,,
bt_dkgrec_alpha_only,active,2020,193,0.01122159503220612,278.5,False,,,,,,,,,
bt_dkgrec_alpha_only,active,2020,194,0.011056050607670025,279.9,False,,,,,,,,,
bt_dkgrec_alpha_only,active,2020,195,0.01102476644480475,281.3,True,0.012831904360770375,0.024925281851856124,0.05982905982905983,0.08974358974358974,0.017063156974172714,0.020397737824448883,0.03310770030855501,0.0439986611995159,khong cai thien (3/50)
bt_dkgrec_alpha_only,active,2020,196,0.01107752534816361,283.1,False,,,,,,,,,
bt_dkgrec_alpha_only,active,2020,197,0.010897842042963336,284.5,False,,,,,,,,,
bt_dkgrec_alpha_only,active,2020,198,0.010980315764056578,285.9,False,,,,,,,,,
bt_dkgrec_alpha_only,active,2020,199,0.010967487539494374,287.2,False,,,,,,,,,
bt_dkgrec_alpha_only,active,2020,200,0.010752603224457348,288.6,True,0.01300499659585271,0.02524838735734315,0.05982905982905983,0.08974358974358974,0.017484884667207642,0.021108888444114838,0.03310770030855501,0.045034662235516935,best
bt_dkgrec_alpha_only,active,2020,201,0.010894660631384171,290.3,False,,,,,,,,,
bt_dkgrec_alpha_only,active,2020,202,0.010752416214292184,291.6,False,,,,,,,,,
bt_dkgrec_alpha_only,active,2020,203,0.010843774301403118,293.0,False,,,,,,,,,
bt_dkgrec_alpha_only,active,2020,204,0.010738760953656279,294.3,False,,,,,,,,,
bt_dkgrec_alpha_only,active,2020,205,0.01062218732609958,295.7,True,0.013074233489885644,0.025433019074764307,0.05982905982905983,0.08547008547008547,0.017350477691414092,0.020516074714897973,0.03310770030855501,0.043610160811015514,khong cai thien (1/50)
bt_dkgrec_alpha_only,active,2020,206,0.010756059591734826,297.6,False,,,,,,,,,
bt_dkgrec_alpha_only,active,2020,207,0.01042927951890344,298.9,False,,,,,,,,,
bt_dkgrec_alpha_only,active,2020,208,0.010436863360503854,300.3,False,,,,,,,,,
bt_dkgrec_alpha_only,active,2020,209,0.010411178250125374,301.7,False,,,,,,,,,
bt_dkgrec_alpha_only,active,2020,210,0.010358428763586978,303.0,True,0.013201167795612688,0.02549071648645842,0.05982905982905983,0.08974358974358974,0.01705041245089585,0.020274062760825298,0.03310770030855501,0.04371699841785312,khong cai thien (2/50)
bt_dkgrec_alpha_only,active,2020,211,0.010453748706806123,304.7,False,,,,,,,,,
bt_dkgrec_alpha_only,active,2020,212,0.010410419816209339,306.1,False,,,,,,,,,
bt_dkgrec_alpha_only,active,2020,213,0.010409836840755577,307.4,False,,,,,,,,,
bt_dkgrec_alpha_only,active,2020,214,0.010351187110380342,308.8,False,,,,,,,,,
bt_dkgrec_alpha_only,active,2020,215,0.010458325124145353,310.2,True,0.013224246760290333,0.02560611130984664,0.0641025641025641,0.09401709401709402,0.017606172558556527,0.02084789142186408,0.034532201733056433,0.04514149984235454,khong cai thien (3/50)
bt_dkgrec_alpha_only,active,2020,216,0.01033805902038116,312.0,False,,,,,,,,,
bt_dkgrec_alpha_only,active,2020,217,0.010108336619999684,313.4,False,,,,,,,,,
bt_dkgrec_alpha_only,active,2020,218,0.010134650632203972,314.8,False,,,,,,,,,
bt_dkgrec_alpha_only,active,2020,219,0.010162757864251245,316.1,False,,,,,,,,,
bt_dkgrec_alpha_only,active,2020,220,0.009896323717856936,317.5,True,0.01340887847771149,0.02575612458025133,0.06837606837606838,0.09401709401709402,0.019128237431263944,0.02201724322766774,0.035244452445307155,0.04514149984235454,best
bt_dkgrec_alpha_only,active,2020,221,0.010013516569418407,319.2,False,,,,,,,,,
bt_dkgrec_alpha_only,active,2020,222,0.00999690749744481,320.6,False,,,,,,,,,
bt_dkgrec_alpha_only,active,2020,223,0.01008451633590543,321.9,False,,,,,,,,,
bt_dkgrec_alpha_only,active,2020,224,0.010030174436397941,323.3,False,,,,,,,,,
bt_dkgrec_alpha_only,active,2020,225,0.010041024357081783,324.7,True,0.01345503640706678,0.025986914227027775,0.0641025641025641,0.08974358974358974,0.01752171807499499,0.020627201670719575,0.03508617450925144,0.0449958121966669,khong cai thien (1/50)
bt_dkgrec_alpha_only,active,2020,226,0.010009981301439893,326.5,False,,,,,,,,,
bt_dkgrec_alpha_only,active,2020,227,0.009923607734752357,327.9,False,,,,,,,,,
bt_dkgrec_alpha_only,active,2020,228,0.0097769405171256,329.3,False,,,,,,,,,
bt_dkgrec_alpha_only,active,2020,229,0.009824948184531598,330.6,False,,,,,,,,,
bt_dkgrec_alpha_only,active,2020,230,0.009886386636228605,332.0,True,0.013501194336422068,0.026079230085738352,0.0641025641025641,0.08974358974358974,0.01705784512952236,0.020379889549663972,0.03503138599292445,0.0449958121966669,khong cai thien (2/50)
bt_dkgrec_alpha_only,active,2020,231,0.009853467954373932,333.7,False,,,,,,,,,
bt_dkgrec_alpha_only,active,2020,232,0.00973119264135422,335.0,False,,,,,,,,,
bt_dkgrec_alpha_only,active,2020,233,0.009631962973544064,336.4,False,,,,,,,,,
bt_dkgrec_alpha_only,active,2020,234,0.00962959946371742,337.8,False,,,,,,,,,
bt_dkgrec_alpha_only,active,2020,235,0.009624715195504382,339.2,True,0.013743523465537337,0.026402335591225377,0.06837606837606838,0.08974358974358974,0.017506970036146378,0.020653221334837456,0.03518966392898017,0.0449958121966669,khong cai thien (3/50)
bt_dkgrec_alpha_only,active,2020,236,0.00951511922779268,340.9,False,,,,,,,,,
bt_dkgrec_alpha_only,active,2020,237,0.009618949070835473,342.3,False,,,,,,,,,
bt_dkgrec_alpha_only,active,2020,238,0.009511966575195678,343.6,False,,,,,,,,,
bt_dkgrec_alpha_only,active,2020,239,0.00947627071767159,345.0,False,,,,,,,,,
bt_dkgrec_alpha_only,active,2020,240,0.009633573872570175,346.4,True,0.013778141912553802,0.026425414555903023,0.07264957264957266,0.08974358974358974,0.01828764550018417,0.020764056818547802,0.03557816431748056,0.043838404789259496,khong cai thien (4/50)
bt_dkgrec_alpha_only,active,2020,241,0.009353381340484237,348.1,False,,,,,,,,,
bt_dkgrec_alpha_only,active,2020,242,0.009161944079311658,349.5,False,,,,,,,,,
bt_dkgrec_alpha_only,active,2020,243,0.009424186777700494,350.9,False,,,,,,,,,
bt_dkgrec_alpha_only,active,2020,244,0.009531488893423593,352.3,False,,,,,,,,,
bt_dkgrec_alpha_only,active,2020,245,0.009176230650548239,353.6,True,0.013858918288925558,0.026690822649695935,0.07264957264957266,0.09829059829059829,0.01837697590087495,0.02166608858294262,0.03557816431748056,0.04595735065820535,khong cai thien (5/50)
bt_dkgrec_alpha_only,active,2020,246,0.009472490796249476,355.4,False,,,,,,,,,
bt_dkgrec_alpha_only,active,2020,247,0.009075900592702597,356.7,False,,,,,,,,,
bt_dkgrec_alpha_only,active,2020,248,0.009472811204722967,358.1,False,,,,,,,,,
bt_dkgrec_alpha_only,active,2020,249,0.009120283680205968,359.4,False,,,,,,,,,
bt_dkgrec_alpha_only,active,2020,250,0.00920815325689574,360.8,True,0.014101247418040827,0.026863914884778267,0.07264957264957266,0.09829059829059829,0.018171791893491225,0.02153103919590488,0.03557816431748056,0.04622444467529937,khong cai thien (6/50)
bt_dkgrec_alpha_only,active,2020,251,0.009205085054829724,362.5,False,,,,,,,,,
bt_dkgrec_alpha_only,active,2020,252,0.009242933808438106,363.9,False,,,,,,,,,
bt_dkgrec_alpha_only,active,2020,253,0.009318483824069655,365.3,False,,,,,,,,,
bt_dkgrec_alpha_only,active,2020,254,0.00926471250006118,366.6,False,,,,,,,,,
bt_dkgrec_alpha_only,active,2020,255,0.00916082421457282,368.0,True,0.014158944829734938,0.02691007281413356,0.06837606837606838,0.09401709401709402,0.01821827153313528,0.021623611970106187,0.035043976283292526,0.045690256641111336,khong cai thien (7/50)
bt_dkgrec_alpha_only,active,2020,256,0.009097142350866174,369.7,False,,,,,,,,,
bt_dkgrec_alpha_only,active,2020,257,0.009176072399972132,371.1,False,,,,,,,,,
bt_dkgrec_alpha_only,active,2020,258,0.00902973399532419,372.4,False,,,,,,,,,
bt_dkgrec_alpha_only,active,2020,259,0.00899003452259343,373.8,False,,,,,,,,,
bt_dkgrec_alpha_only,active,2020,260,0.008989413530453228,375.1,True,0.014193563276751404,0.02722163883728176,0.06837606837606838,0.09401709401709402,0.018067511486820734,0.021345692044118236,0.035043976283292526,0.04526290621376092,khong cai thien (8/50)
bt_dkgrec_alpha_only,active,2020,261,0.008959773532600896,376.9,False,,,,,,,,,
bt_dkgrec_alpha_only,active,2020,262,0.009057392200291356,378.3,False,,,,,,,,,
bt_dkgrec_alpha_only,active,2020,263,0.009015532720810697,379.6,False,,,,,,,,,
bt_dkgrec_alpha_only,active,2020,264,0.008756183298656564,381.0,False,,,,,,,,,
bt_dkgrec_alpha_only,active,2020,265,0.008682669930315115,382.4,True,0.014251260688445516,0.027360112625347627,0.06837606837606838,0.09829059829059829,0.01824541400398452,0.02147801078444738,0.0350987647996195,0.045797094247948957,khong cai thien (9/50)
bt_dkgrec_alpha_only,active,2020,266,0.00884570658293523,384.1,False,,,,,,,,,
bt_dkgrec_alpha_only,active,2020,267,0.008763463019032063,385.5,False,,,,,,,,,
bt_dkgrec_alpha_only,active,2020,268,0.00882022945832568,386.8,False,,,,,,,,,
bt_dkgrec_alpha_only,active,2020,269,0.008914968560881538,388.2,False,,,,,,,,,
bt_dkgrec_alpha_only,active,2020,270,0.008992523069349235,389.5,True,0.014308958100139628,0.027406270554702915,0.06837606837606838,0.09829059829059829,0.01854692155513823,0.02196427322531271,0.0350987647996195,0.04622444467529937,khong cai thien (10/50)
bt_dkgrec_alpha_only,active,2020,271,0.008870158993514418,391.3,False,,,,,,,,,
bt_dkgrec_alpha_only,active,2020,272,0.008767465708580491,392.7,False,,,,,,,,,
bt_dkgrec_alpha_only,active,2020,273,0.008739901023619946,394.0,False,,,,,,,,,
bt_dkgrec_alpha_only,active,2020,274,0.008670930444150536,395.4,False,,,,,,,,,
bt_dkgrec_alpha_only,active,2020,275,0.00869028228791999,396.7,True,0.014355116029494916,0.02742934951938056,0.06837606837606838,0.09829059829059829,0.01847492567548386,0.021839906084520296,0.0350987647996195,0.04574648696049955,khong cai thien (11/50)
bt_dkgrec_alpha_only,active,2020,276,0.008759735880653872,398.4,False,,,,,,,,,
bt_dkgrec_alpha_only,active,2020,277,0.008630237271602635,399.8,False,,,,,,,,,
bt_dkgrec_alpha_only,active,2020,278,0.008711046733287132,401.1,False,,,,,,,,,
bt_dkgrec_alpha_only,active,2020,279,0.008754601095826825,402.5,False,,,,,,,,,
bt_dkgrec_alpha_only,active,2020,280,0.00864771237974136,403.8,True,0.014412813441189028,0.027567823307446428,0.07264957264957266,0.1111111111111111,0.018302458226861495,0.022006832837658304,0.03563295283380754,0.046936269400282,khong cai thien (12/50)
bt_dkgrec_alpha_only,active,2020,281,0.008519530946730577,405.7,False,,,,,,,,,
bt_dkgrec_alpha_only,active,2020,282,0.008792285522503893,407.1,False,,,,,,,,,
bt_dkgrec_alpha_only,active,2020,283,0.008657119760414073,408.4,False,,,,,,,,,
bt_dkgrec_alpha_only,active,2020,284,0.008512969672600013,409.8,False,,,,,,,,,
bt_dkgrec_alpha_only,active,2020,285,0.008482918133525337,411.2,True,0.014643603087965473,0.027810152436561694,0.07264957264957266,0.10256410256410256,0.018567078792975266,0.021478911651743322,0.03563295283380754,0.04567568787654258,khong cai thien (13/50)
bt_dkgrec_alpha_only,active,2020,286,0.008571462997922562,412.9,False,,,,,,,,,
bt_dkgrec_alpha_only,active,2020,287,0.008677661847417707,414.3,False,,,,,,,,,
bt_dkgrec_alpha_only,active,2020,288,0.008444530628795922,415.6,False,,,,,,,,,
bt_dkgrec_alpha_only,active,2020,289,0.008460455237141156,417.0,False,,,,,,,,,
bt_dkgrec_alpha_only,active,2020,290,0.008458168368977616,418.3,True,0.014689761017320764,0.028064021048015787,0.07264957264957266,0.09829059829059829,0.01899307475733376,0.02170867406642115,0.03563295283380754,0.045408593859448565,khong cai thien (14/50)
bt_dkgrec_alpha_only,active,2020,291,0.008509568998324219,420.2,False,,,,,,,,,
bt_dkgrec_alpha_only,active,2020,292,0.008585240976955838,421.6,False,,,,,,,,,
bt_dkgrec_alpha_only,active,2020,293,0.008351439863510463,422.9,False,,,,,,,,,
bt_dkgrec_alpha_only,active,2020,294,0.008459179982919927,424.3,False,,,,,,,,,
bt_dkgrec_alpha_only,active,2020,295,0.008322487579085684,425.7,True,0.014816695323047809,0.028214034318420476,0.07264957264957266,0.10256410256410256,0.019417466815605036,0.022811875458273193,0.03563295283380754,0.04722159567245037,best
bt_dkgrec_alpha_only,active,2020,296,0.008416922138699875,427.4,False,,,,,,,,,
bt_dkgrec_alpha_only,active,2020,297,0.00839143637034061,428.7,False,,,,,,,,,
bt_dkgrec_alpha_only,active,2020,298,0.00846653824115748,430.1,False,,,,,,,,,
bt_dkgrec_alpha_only,active,2020,299,0.008376515768631689,431.4,False,,,,,,,,,
bt_dkgrec_alpha_only,active,2020,300,0.00820632298713112,432.8,True,0.014897471699419565,0.028352508106486343,0.07264957264957266,0.10256410256410256,0.019666752898649248,0.023337348776045697,0.03563295283380754,0.0476489460998008,best
bt_dkgrec_alpha_only,active,2020,301,0.008190186442275274,434.7,False,,,,,,,,,
bt_dkgrec_alpha_only,active,2020,302,0.008432403134549873,436.1,False,,,,,,,,,
bt_dkgrec_alpha_only,active,2020,303,0.008396886225984506,437.4,False,,,,,,,,,
bt_dkgrec_alpha_only,active,2020,304,0.008127925091286396,438.8,False,,,,,,,,,
bt_dkgrec_alpha_only,active,2020,305,0.008199321944544258,440.1,True,0.014966708593452498,0.028514060859229855,0.07264957264957266,0.10683760683760683,0.01970148164525664,0.02414172105321675,0.03563295283380754,0.050886449337304046,best
bt_dkgrec_alpha_only,active,2020,306,0.008187334293602981,441.9,False,,,,,,,,,
bt_dkgrec_alpha_only,active,2020,307,0.008251709471821965,443.2,False,,,,,,,,,
bt_dkgrec_alpha_only,active,2020,308,0.008120415377250775,444.6,False,,,,,,,,,
bt_dkgrec_alpha_only,active,2020,309,0.008084258873072875,446.0,False,,,,,,,,,
bt_dkgrec_alpha_only,active,2020,310,0.008251297985514201,447.3,True,0.015059024452163077,0.028617916200279255,0.07264957264957266,0.10256410256410256,0.019938447007053432,0.024213805009547604,0.036021453222307924,0.05142063737149208,best
bt_dkgrec_alpha_only,active,2020,311,0.008114981525537789,449.2,False,,,,,,,,,
bt_dkgrec_alpha_only,active,2020,312,0.00837950274118449,450.5,False,,,,,,,,,
bt_dkgrec_alpha_only,active,2020,313,0.008066961985447114,451.9,False,,,,,,,,,
bt_dkgrec_alpha_only,active,2020,314,0.008126751925318554,453.2,False,,,,,,,,,
bt_dkgrec_alpha_only,active,2020,315,0.00817620896568358,454.6,True,0.01512826134619601,0.028848705847055702,0.07264957264957266,0.10683760683760683,0.01933638568991806,0.02376542928314869,0.03563295283380754,0.050886449337304046,khong cai thien (1/50)
bt_dkgrec_alpha_only,active,2020,316,0.008034377030083579,456.3,False,,,,,,,,,
bt_dkgrec_alpha_only,active,2020,317,0.007991960164874124,457.7,False,,,,,,,,,
bt_dkgrec_alpha_only,active,2020,318,0.00809463498777846,459.0,False,,,,,,,,,
bt_dkgrec_alpha_only,active,2020,319,0.008013635648986847,460.4,False,,,,,,,,,
bt_dkgrec_alpha_only,active,2020,320,0.008099716183084159,461.8,True,0.015070563934501898,0.02889486377641099,0.07692307692307693,0.10256410256410256,0.020072989457893018,0.02356545092839876,0.037769704970559675,0.05049794894880365,khong cai thien (2/50)
bt_dkgrec_alpha_only,active,2020,321,0.00810287133290602,463.5,False,,,,,,,,,
bt_dkgrec_alpha_only,active,2020,322,0.007879722242088131,464.9,False,,,,,,,,,
bt_dkgrec_alpha_only,active,2020,323,0.007933406882614876,466.3,False,,,,,,,,,
bt_dkgrec_alpha_only,active,2020,324,0.008099393723985153,467.6,False,,,,,,,,,
bt_dkgrec_alpha_only,active,2020,325,0.007906941049502292,469.0,True,0.01512826134619601,0.028917942741088633,0.07692307692307693,0.10256410256410256,0.01996189731352962,0.02339856883568455,0.037769704970559675,0.05049794894880365,khong cai thien (3/50)
bt_dkgrec_alpha_only,active,2020,326,0.00789606326744874,470.7,False,,,,,,,,,
bt_dkgrec_alpha_only,active,2020,327,0.007979385874935505,472.1,False,,,,,,,,,
bt_dkgrec_alpha_only,active,2020,328,0.00794249799555912,473.4,False,,,,,,,,,
bt_dkgrec_alpha_only,active,2020,329,0.008166317505537358,474.8,False,,,,,,,,,
bt_dkgrec_alpha_only,active,2020,330,0.007943326844347266,476.2,True,0.015197498240228943,0.029114113940848615,0.07692307692307693,0.10683760683760683,0.01962362924533467,0.023594274598674664,0.037714916454232694,0.050886449337304046,khong cai thien (4/50)
bt_dkgrec_alpha_only,active,2020,331,0.007829272685842959,478.0,False,,,,,,,,,
bt_dkgrec_alpha_only,active,2020,332,0.007905443075816497,479.3,False,,,,,,,,,
bt_dkgrec_alpha_only,active,2020,333,0.007971839701481305,480.7,False,,,,,,,,,
bt_dkgrec_alpha_only,active,2020,334,0.007906726502471019,482.0,False,,,,,,,,,
bt_dkgrec_alpha_only,active,2020,335,0.007929634974555842,483.4,True,0.015301353581278343,0.029125653423187434,0.07692307692307693,0.1111111111111111,0.01948880823376649,0.023911729293846284,0.037714916454232694,0.05231095076180546,khong cai thien (5/50)
bt_dkgrec_alpha_only,active,2020,336,0.007876665766307762,485.1,False,,,,,,,,,
bt_dkgrec_alpha_only,active,2020,337,0.00768439439832205,486.5,False,,,,,,,,,
bt_dkgrec_alpha_only,active,2020,338,0.007683534899180344,487.8,False,,,,,,,,,
bt_dkgrec_alpha_only,active,2020,339,0.007832212801528722,489.2,False,,,,,,,,,
bt_dkgrec_alpha_only,active,2020,340,0.007705056276901039,490.6,True,0.015243656169584232,0.029287206175930947,0.07692307692307693,0.1111111111111111,0.019863144932457347,0.024044687517450026,0.038103416842733086,0.05231095076180546,khong cai thien (6/50)
bt_dkgrec_alpha_only,active,2020,341,0.007848875689293435,492.3,False,,,,,,,,,
bt_dkgrec_alpha_only,active,2020,342,0.007836761136221544,493.7,False,,,,,,,,,
bt_dkgrec_alpha_only,active,2020,343,0.007857932530896576,495.0,False,,,,,,,,,
bt_dkgrec_alpha_only,active,2020,344,0.007837811006223423,496.4,False,,,,,,,,,
bt_dkgrec_alpha_only,active,2020,345,0.007769259849358699,497.7,True,0.015266735134261878,0.02929874565826977,0.07692307692307693,0.10683760683760683,0.020383810464468625,0.023957070648052803,0.03815820535906006,0.051495099945954644,khong cai thien (7/50)
bt_dkgrec_alpha_only,active,2020,346,0.007716219108710268,499.5,False,,,,,,,,,
bt_dkgrec_alpha_only,active,2020,347,0.0077345944949209315,500.9,False,,,,,,,,,
bt_dkgrec_alpha_only,active,2020,348,0.0077617804217066325,502.3,False,,,,,,,,,
bt_dkgrec_alpha_only,active,2020,349,0.007762998064630819,503.6,False,,,,,,,,,
bt_dkgrec_alpha_only,active,2020,350,0.007682498316722748,505.0,True,0.015428287887005388,0.029517995822707394,0.07264957264957266,0.1111111111111111,0.019499345332289936,0.023927762014122448,0.036021453222307924,0.05188360033445503,khong cai thien (8/50)
bt_dkgrec_alpha_only,active,2020,351,0.00787316542850737,506.7,False,,,,,,,,,
bt_dkgrec_alpha_only,active,2020,352,0.007750381477381206,508.1,False,,,,,,,,,
bt_dkgrec_alpha_only,active,2020,353,0.007717112745373269,509.5,False,,,,,,,,,
bt_dkgrec_alpha_only,active,2020,354,0.007751369808167198,510.8,False,,,,,,,,,
bt_dkgrec_alpha_only,active,2020,355,0.007689749265398926,512.2,True,0.015451366851683034,0.029818022363516772,0.07264957264957266,0.10256410256410256,0.019510578848093738,0.022913016661106227,0.03596666470598095,0.04759415758347382,khong cai thien (9/50)
bt_dkgrec_alpha_only,active,2020,356,0.007790318577579059,514.0,False,,,,,,,,,
bt_dkgrec_alpha_only,active,2020,357,0.007612849481151728,515.4,False,,,,,,,,,
bt_dkgrec_alpha_only,active,2020,358,0.0076114159869566204,516.8,False,,,,,,,,,
bt_dkgrec_alpha_only,active,2020,359,0.0076415725640674665,518.1,False,,,,,,,,,
bt_dkgrec_alpha_only,active,2020,360,0.007713652897144105,519.5,True,0.015462906334021856,0.029829561845855595,0.07264957264957266,0.09829059829059829,0.018751137932493476,0.02247068271339528,0.03596666470598095,0.04851684600616224,khong cai thien (10/50)
bt_dkgrec_alpha_only,active,2020,361,0.007731624932423072,521.2,False,,,,,,,,,
bt_dkgrec_alpha_only,active,2020,362,0.007605770920981118,522.5,False,,,,,,,,,
bt_dkgrec_alpha_only,active,2020,363,0.007545749111075762,523.9,False,,,,,,,,,
bt_dkgrec_alpha_only,active,2020,364,0.007595325065808154,525.2,False,,,,,,,,,
bt_dkgrec_alpha_only,active,2020,365,0.007513009527558133,526.6,True,0.015578301157410079,0.02995649615158264,0.07264957264957266,0.09829059829059829,0.018730096939507883,0.021879509411089848,0.03596666470598095,0.047059969549285784,khong cai thien (11/50)
bt_dkgrec_alpha_only,active,2020,366,0.007528766898195908,528.5,False,,,,,,,,,
bt_dkgrec_alpha_only,active,2020,367,0.007527654161566237,529.9,False,,,,,,,,,
bt_dkgrec_alpha_only,active,2020,368,0.007513468220440964,531.2,False,,,,,,,,,
bt_dkgrec_alpha_only,active,2020,369,0.007610195071208107,532.6,False,,,,,,,,,
bt_dkgrec_alpha_only,active,2020,370,0.007399297124806787,533.9,True,0.015670617016120658,0.030083430457309684,0.07264957264957266,0.09401709401709402,0.01900959598255896,0.02165913617921129,0.03596666470598095,0.04563546812478437,khong cai thien (12/50)
bt_dkgrec_alpha_only,active,2020,371,0.007481742625332696,535.7,False,,,,,,,,,
bt_dkgrec_alpha_only,active,2020,372,0.007477831788730652,537.1,False,,,,,,,,,
bt_dkgrec_alpha_only,active,2020,373,0.0075913722842881875,538.4,False,,,,,,,,,
bt_dkgrec_alpha_only,active,2020,374,0.007396667948406583,539.7,False,,,,,,,,,
bt_dkgrec_alpha_only,active,2020,375,0.007373657367719083,541.1,True,0.015820630286525347,0.03036037803344142,0.07264957264957266,0.09829059829059829,0.018982025559704647,0.02262073731977527,0.03596666470598095,0.04990897239828864,khong cai thien (13/50)
bt_dkgrec_alpha_only,active,2020,376,0.0075289906513455905,543.0,False,,,,,,,,,
bt_dkgrec_alpha_only,active,2020,377,0.007431760173068735,544.4,False,,,,,,,,,
bt_dkgrec_alpha_only,active,2020,378,0.00746123440773259,545.7,False,,,,,,,,,
bt_dkgrec_alpha_only,active,2020,379,0.0073810052337679125,547.1,False,,,,,,,,,
bt_dkgrec_alpha_only,active,2020,380,0.007434121346828075,548.4,True,0.01572831442781477,0.030325759586424954,0.07264957264957266,0.10683760683760683,0.019141507137373743,0.02387714465406345,0.03596666470598095,0.05225616224547848,khong cai thien (14/50)
bt_dkgrec_alpha_only,active,2020,381,0.007491542534691456,550.2,False,,,,,,,,,
bt_dkgrec_alpha_only,active,2020,382,0.0075186164558456985,551.5,False,,,,,,,,,
bt_dkgrec_alpha_only,active,2020,383,0.0074275028958711575,552.9,False,,,,,,,,,
bt_dkgrec_alpha_only,active,2020,384,0.0073673812381757535,554.2,False,,,,,,,,,
bt_dkgrec_alpha_only,active,2020,385,0.007338600556652543,555.6,True,0.015820630286525347,0.030394996480457886,0.07264957264957266,0.09829059829059829,0.018811313766747502,0.02174677497471345,0.03552150801082425,0.043709153698469935,khong cai thien (15/50)
bt_dkgrec_alpha_only,active,2020,386,0.007466711001038688,557.4,False,,,,,,,,,
bt_dkgrec_alpha_only,active,2020,387,0.007278058757856057,558.8,False,,,,,,,,,
bt_dkgrec_alpha_only,active,2020,388,0.0073444297855017,560.1,False,,,,,,,,,
bt_dkgrec_alpha_only,active,2020,389,0.007384480608423101,561.5,False,,,,,,,,,
bt_dkgrec_alpha_only,active,2020,390,0.00726355836159722,562.8,True,0.016062959415640614,0.03051039130384611,0.0811965811965812,0.10256410256410256,0.020074677182493658,0.022975624168629527,0.03819244818176442,0.04798265797197421,khong cai thien (16/50)
bt_dkgrec_alpha_only,active,2020,391,0.007190598536564008,564.6,False,,,,,,,,,
bt_dkgrec_alpha_only,active,2020,392,0.007224418669963316,565.9,False,,,,,,,,,
bt_dkgrec_alpha_only,active,2020,393,0.007499377840531798,567.3,False,,,,,,,,,
bt_dkgrec_alpha_only,active,2020,394,0.007402813700513554,568.7,False,,,,,,,,,
bt_dkgrec_alpha_only,active,2020,395,0.007298000201789473,570.0,True,0.01603988045096297,0.030775799397639022,0.0811965811965812,0.09829059829059829,0.020118504857829782,0.022395538966720068,0.03819244818176442,0.0461696561589724,khong cai thien (17/50)
bt_dkgrec_alpha_only,active,2020,396,0.007154577928627337,571.9,False,,,,,,,,,
bt_dkgrec_alpha_only,active,2020,397,0.007311602581451066,573.2,False,,,,,,,,,
bt_dkgrec_alpha_only,active,2020,398,0.007282802182329559,574.6,False,,,,,,,,,
bt_dkgrec_alpha_only,active,2020,399,0.007245468626342855,576.0,False,,,,,,,,,
bt_dkgrec_alpha_only,active,2020,400,0.00721331171739822,577.3,True,0.01614373579201237,0.0307642599153002,0.07264957264957266,0.10683760683760683,0.019143298192545618,0.023905852219600413,0.03552150801082425,0.051867661856978095,khong cai thien (18/50)
bt_dkgrec_alpha_only,active,2020,401,0.007288375745660834,579.1,False,,,,,,,,,
bt_dkgrec_alpha_only,active,2020,402,0.0071846818598795565,580.4,False,,,,,,,,,
bt_dkgrec_alpha_only,active,2020,403,0.007259774783730326,581.8,False,,,,,,,,,
bt_dkgrec_alpha_only,active,2020,404,0.007262498215185162,583.2,False,,,,,,,,,
bt_dkgrec_alpha_only,active,2020,405,0.007291248551042452,584.5,True,0.016247591133061772,0.030810417844655488,0.07692307692307693,0.10256410256410256,0.01946778104273482,0.023438238733555945,0.036055696045012284,0.05044316043247667,khong cai thien (19/50)
bt_dkgrec_alpha_only,active,2020,406,0.007234385734574909,586.3,False,,,,,,,,,
bt_dkgrec_alpha_only,active,2020,407,0.007180986969766194,587.6,False,,,,,,,,,
bt_dkgrec_alpha_only,active,2020,408,0.007271630893454437,589.0,False,,,,,,,,,
bt_dkgrec_alpha_only,active,2020,409,0.007241028769176094,590.4,False,,,,,,,,,
bt_dkgrec_alpha_only,active,2020,410,0.007275692230945923,591.8,True,0.016351446474111173,0.03092581266804371,0.07264957264957266,0.10683760683760683,0.019134446138545994,0.023991404413562033,0.03552150801082425,0.05192245037330507,khong cai thien (20/50)
bt_dkgrec_alpha_only,active,2020,411,0.007183263957480155,593.5,False,,,,,,,,,
bt_dkgrec_alpha_only,active,2020,412,0.0072058762278370955,594.9,False,,,,,,,,,
bt_dkgrec_alpha_only,active,2020,413,0.0072476704279978744,596.2,False,,,,,,,,,
bt_dkgrec_alpha_only,active,2020,414,0.007110630946422888,597.6,False,,,,,,,,,
bt_dkgrec_alpha_only,active,2020,415,0.007199974178301857,599.0,True,0.016374525438788815,0.0310758259384484,0.07692307692307693,0.10683760683760683,0.019685029283317026,0.023663212608594553,0.03765826014757639,0.051867661856978095,khong cai thien (21/50)
bt_dkgrec_alpha_only,active,2020,416,0.007344057007176951,600.8,False,,,,,,,,,
bt_dkgrec_alpha_only,active,2020,417,0.007193757403317601,602.1,False,,,,,,,,,
bt_dkgrec_alpha_only,active,2020,418,0.00712965223586413,603.5,False,,,,,,,,,
bt_dkgrec_alpha_only,active,2020,419,0.007189831492617576,604.9,False,,,,,,,,,
bt_dkgrec_alpha_only,active,2020,420,0.007010040012749006,606.2,True,0.016270670097739415,0.030995049562076646,0.0811965811965812,0.1111111111111111,0.019944430156347774,0.02456479791031269,0.03819244818176442,0.05614116613048237,best
bt_dkgrec_alpha_only,active,2020,421,0.007159376704045018,608.0,False,,,,,,,,,
bt_dkgrec_alpha_only,active,2020,422,0.00709780550374573,609.3,False,,,,,,,,,
bt_dkgrec_alpha_only,active,2020,423,0.007219151579933352,610.7,False,,,,,,,,,
bt_dkgrec_alpha_only,active,2020,424,0.007169139950335972,612.1,False,,,,,,,,,
bt_dkgrec_alpha_only,active,2020,425,0.007034508843523017,613.5,True,0.01633990699177235,0.03090273370336607,0.0811965811965812,0.11538461538461539,0.019774720215591374,0.024101749855508225,0.03819244818176442,0.052700892953367086,khong cai thien (1/50)
bt_dkgrec_alpha_only,active,2020,426,0.007091931176298365,615.3,False,,,,,,,,,
bt_dkgrec_alpha_only,active,2020,427,0.007035954329169832,616.6,False,,,,,,,,,
bt_dkgrec_alpha_only,active,2020,428,0.007022431971268523,618.0,False,,,,,,,,,
bt_dkgrec_alpha_only,active,2020,429,0.007151520770745733,619.4,False,,,,,,,,,
bt_dkgrec_alpha_only,active,2020,430,0.007104558634951921,620.7,True,0.016305288544755884,0.03112198386780369,0.0811965811965812,0.11538461538461539,0.0203122757399726,0.024164104263383966,0.03819244818176442,0.05154348554595969,khong cai thien (2/50)
bt_dkgrec_alpha_only,active,2020,431,0.006967839396104397,622.5,False,,,,,,,,,
bt_dkgrec_alpha_only,active,2020,432,0.007112482094682657,623.9,False,,,,,,,,,
bt_dkgrec_alpha_only,active,2020,433,0.007028953635638131,625.3,False,,,,,,,,,
bt_dkgrec_alpha_only,active,2020,434,0.00704738237984064,626.6,False,,,,,,,,,
bt_dkgrec_alpha_only,active,2020,435,0.006964473909108472,628.0,True,0.016386064921127638,0.031237378691191912,0.0811965811965812,0.1111111111111111,0.020431072259603132,0.02459740761643108,0.03819244818176442,0.05305744429676053,best
bt_dkgrec_alpha_only,active,2020,436,0.006965219132500404,629.8,False,,,,,,,,,
bt_dkgrec_alpha_only,active,2020,437,0.007086823154098871,631.1,False,,,,,,,,,
bt_dkgrec_alpha_only,active,2020,438,0.007059610751543489,632.5,False,,,,,,,,,
bt_dkgrec_alpha_only,active,2020,439,0.0070171473966829595,633.8,False,,,,,,,,,
bt_dkgrec_alpha_only,active,2020,440,0.006995327834838303,635.2,True,0.01629374906241706,0.031237378691191912,0.0811965811965812,0.1111111111111111,0.020544397443479634,0.02453849660432453,0.03819244818176442,0.052668943908260143,khong cai thien (1/50)
bt_dkgrec_alpha_only,active,2020,441,0.007004004829832422,637.0,False,,,,,,,,,
bt_dkgrec_alpha_only,active,2020,442,0.007049378358452652,638.4,False,,,,,,,,,
bt_dkgrec_alpha_only,active,2020,443,0.007001340341022143,639.8,False,,,,,,,,,
bt_dkgrec_alpha_only,active,2020,444,0.006960597840175278,641.1,False,,,,,,,,,
bt_dkgrec_alpha_only,active,2020,445,0.007002904182290592,642.5,True,0.016328367509433526,0.03137585247925778,0.07692307692307693,0.1111111111111111,0.020050149060905725,0.024662108004969846,0.03765826014757639,0.05571381570313194,best
bt_dkgrec_alpha_only,active,2020,446,0.006961685870320116,644.3,False,,,,,,,,,
bt_dkgrec_alpha_only,active,2020,447,0.006977972568683795,645.6,False,,,,,,,,,
bt_dkgrec_alpha_only,active,2020,448,0.00691695757619006,647.0,False,,,,,,,,,
bt_dkgrec_alpha_only,active,2020,449,0.0070130943632836645,648.4,False,,,,,,,,,
bt_dkgrec_alpha_only,active,2020,450,0.006959493604050292,649.7,True,0.016374525438788815,0.03139893144393543,0.0811965811965812,0.10683760683760683,0.019783715528073002,0.02323082928840809,0.03819244818176442,0.051495099945954644,khong cai thien (1/50)
bt_dkgrec_alpha_only,active,2020,451,0.0069422832199166505,651.6,False,,,,,,,,,
bt_dkgrec_alpha_only,active,2020,452,0.006910272715631085,653.0,False,,,,,,,,,
bt_dkgrec_alpha_only,active,2020,453,0.006898757710556199,654.3,False,,,,,,,,,
bt_dkgrec_alpha_only,active,2020,454,0.006926131091265046,655.7,False,,,,,,,,,
bt_dkgrec_alpha_only,active,2020,455,0.006952745965469833,657.0,True,0.016420683368144104,0.03131815506756367,0.0811965811965812,0.10683760683760683,0.020364378944395536,0.023717597435759585,0.03837051085982711,0.051495099945954644,khong cai thien (2/50)
bt_dkgrec_alpha_only,active,2020,456,0.006859454450836539,658.8,False,,,,,,,,,
bt_dkgrec_alpha_only,active,2020,457,0.006820556640296763,660.1,False,,,,,,,,,
bt_dkgrec_alpha_only,active,2020,458,0.0068511674473222635,661.5,False,,,,,,,,,
bt_dkgrec_alpha_only,active,2020,459,0.006892478628370333,662.8,False,,,,,,,,,
bt_dkgrec_alpha_only,active,2020,460,0.006860234778290499,664.2,True,0.016432222850482927,0.03152586574966247,0.0811965811965812,0.1111111111111111,0.020260714443403667,0.02452172355635381,0.03837051085982711,0.05571381570313194,khong cai thien (3/50)
bt_dkgrec_alpha_only,active,2020,461,0.006852678574190012,666.1,False,,,,,,,,,
bt_dkgrec_alpha_only,active,2020,462,0.0069265237270952126,667.5,False,,,,,,,,,
bt_dkgrec_alpha_only,active,2020,463,0.006898715790934661,668.8,False,,,,,,,,,
bt_dkgrec_alpha_only,active,2020,464,0.0068994664307505315,670.2,False,,,,,,,,,
bt_dkgrec_alpha_only,active,2020,465,0.006818652388158409,671.5,True,0.016409143885805284,0.03158356316135658,0.0811965811965812,0.10256410256410256,0.020782937602580282,0.02275501397824034,0.03837051085982711,0.04613080612012236,khong cai thien (4/50)
bt_dkgrec_alpha_only,active,2020,466,0.0068837587685103546,673.3,False,,,,,,,,,
bt_dkgrec_alpha_only,active,2020,467,0.006814266058683521,674.6,False,,,,,,,,,
bt_dkgrec_alpha_only,active,2020,468,0.0068009442997862156,676.0,False,,,,,,,,,
bt_dkgrec_alpha_only,active,2020,469,0.006958569603597353,677.3,False,,,,,,,,,
bt_dkgrec_alpha_only,active,2020,470,0.006844238736293684,678.7,True,0.016455301815160573,0.031572023679017756,0.0811965811965812,0.10683760683760683,0.020657608121567677,0.022788025634048744,0.03837051085982711,0.04618703643951057,khong cai thien (5/50)
bt_dkgrec_alpha_only,active,2020,471,0.006679414854163369,680.6,False,,,,,,,,,
bt_dkgrec_alpha_only,active,2020,472,0.00684211211750682,682.0,False,,,,,,,,,
bt_dkgrec_alpha_only,active,2020,473,0.0068230856593457494,683.3,False,,,,,,,,,
bt_dkgrec_alpha_only,active,2020,474,0.006780317009888756,684.6,False,,,,,,,,,
bt_dkgrec_alpha_only,active,2020,475,0.006780609296433341,686.0,True,0.016466841297499393,0.03168741850240598,0.0811965811965812,0.10683760683760683,0.02062649619606882,0.022743427587667037,0.03837051085982711,0.04618703643951057,khong cai thien (6/50)
bt_dkgrec_alpha_only,active,2020,476,0.006813271999254966,687.8,False,,,,,,,,,
bt_dkgrec_alpha_only,active,2020,477,0.006857747842144729,689.1,False,,,,,,,,,
bt_dkgrec_alpha_only,active,2020,478,0.006771143378878904,690.5,False,,,,,,,,,
bt_dkgrec_alpha_only,active,2020,479,0.0067888735489808815,691.8,False,,,,,,,,,
bt_dkgrec_alpha_only,active,2020,480,0.006844303846198592,693.2,True,0.016663012497259374,0.031722036949422446,0.0811965811965812,0.10256410256410256,0.02080135592303715,0.02290156740465527,0.03837051085982711,0.04618559463644934,khong cai thien (7/50)
bt_dkgrec_alpha_only,active,2020,481,0.006794468455067518,695.1,False,,,,,,,,,
bt_dkgrec_alpha_only,active,2020,482,0.00683621505794317,696.4,False,,,,,,,,,
bt_dkgrec_alpha_only,active,2020,483,0.006758718853880573,697.8,False,,,,,,,,,
bt_dkgrec_alpha_only,active,2020,484,0.006701978429237849,699.2,False,,,,,,,,,
bt_dkgrec_alpha_only,active,2020,485,0.006707112764136839,700.5,True,0.016663012497259374,0.031514326267323645,0.0811965811965812,0.10256410256410256,0.02145920156644803,0.02435113746046114,0.03837051085982711,0.05007059852145323,khong cai thien (8/50)
bt_dkgrec_alpha_only,active,2020,486,0.006714127675910114,702.3,False,,,,,,,,,
bt_dkgrec_alpha_only,active,2020,487,0.006719687094351054,703.6,False,,,,,,,,,
bt_dkgrec_alpha_only,active,2020,488,0.006714415034597644,705.0,False,,,,,,,,,
bt_dkgrec_alpha_only,active,2020,489,0.006779493176350191,706.4,False,,,,,,,,,
bt_dkgrec_alpha_only,active,2020,490,0.00668591023177354,707.7,True,0.01659377560322644,0.031502786784984825,0.0811965811965812,0.10256410256410256,0.02096430680651085,0.02367145051198316,0.03837051085982711,0.05001581000512624,khong cai thien (9/50)
bt_dkgrec_alpha_only,active,2020,491,0.006742951868032842,709.6,False,,,,,,,,,
bt_dkgrec_alpha_only,active,2020,492,0.00685062282172055,710.9,False,,,,,,,,,
bt_dkgrec_alpha_only,active,2020,493,0.006704063842752472,712.3,False,,,,,,,,,
bt_dkgrec_alpha_only,active,2020,494,0.006742622028044732,713.6,False,,,,,,,,,
bt_dkgrec_alpha_only,active,2020,495,0.006804621879788804,715.0,True,0.016709170426614663,0.03166433953772834,0.0811965811965812,0.10256410256410256,0.021364548781885578,0.023697306183506937,0.03798201047132671,0.04618559463644934,khong cai thien (10/50)
bt_dkgrec_alpha_only,active,2020,496,0.006563103192450687,716.7,False,,,,,,,,,
bt_dkgrec_alpha_only,active,2020,497,0.006684508844345346,718.1,False,,,,,,,,,
bt_dkgrec_alpha_only,active,2020,498,0.006715057119766123,719.4,False,,,,,,,,,
bt_dkgrec_alpha_only,active,2020,499,0.006602962947403884,720.8,False,,,,,,,,,
bt_dkgrec_alpha_only,active,2020,500,0.0066834294131413235,722.2,True,0.01675532835596995,0.03182589229047185,0.0811965811965812,0.10683760683760683,0.0200225157276666,0.023353241074726812,0.03798201047132671,0.05040431039362663,khong cai thien (11/50)
bt_dkgrec_alpha_only,active,2020,501,0.006659967058293039,724.0,False,,,,,,,,,
bt_dkgrec_alpha_only,active,2020,502,0.006669484300767714,725.3,False,,,,,,,,,
bt_dkgrec_alpha_only,active,2020,503,0.006744973957423847,726.7,False,,,,,,,,,
bt_dkgrec_alpha_only,active,2020,504,0.0065465985125956975,728.0,False,,,,,,,,,
bt_dkgrec_alpha_only,active,2020,505,0.006621799599556219,729.4,True,0.016882262661696998,0.03197590556087654,0.07692307692307693,0.10256410256410256,0.019563992202531397,0.02196321690861903,0.03765826014757639,0.04613080612012236,khong cai thien (12/50)
bt_dkgrec_alpha_only,active,2020,506,0.006634870652829269,731.2,False,,,,,,,,,
bt_dkgrec_alpha_only,active,2020,507,0.006611674652927002,732.5,False,,,,,,,,,
bt_dkgrec_alpha_only,active,2020,508,0.006678211298870126,733.9,False,,,,,,,,,
bt_dkgrec_alpha_only,active,2020,509,0.006582697006444713,735.3,False,,,,,,,,,
bt_dkgrec_alpha_only,active,2020,510,0.00661398516669044,736.6,True,0.016766867838308774,0.03177973436111656,0.07692307692307693,0.10256410256410256,0.019887115804975035,0.022369247864001456,0.03765826014757639,0.04613080612012236,khong cai thien (13/50)
bt_dkgrec_alpha_only,active,2020,511,0.006718061552286179,738.4,False,,,,,,,,,
bt_dkgrec_alpha_only,active,2020,512,0.006620984955970652,739.8,False,,,,,,,,,
bt_dkgrec_alpha_only,active,2020,513,0.006614167419829601,741.1,False,,,,,,,,,
bt_dkgrec_alpha_only,active,2020,514,0.0065586619756055654,742.5,False,,,,,,,,,
bt_dkgrec_alpha_only,active,2020,515,0.006514639520337179,743.8,True,0.016732249391292305,0.03177973436111656,0.0811965811965812,0.10683760683760683,0.019735310937746088,0.022965986505450273,0.03837051085982711,0.05040431039362663,khong cai thien (14/50)
bt_dkgrec_alpha_only,active,2020,516,0.006594848724751202,745.6,False,,,,,,,,,
bt_dkgrec_alpha_only,active,2020,517,0.006616680514459795,747.0,False,,,,,,,,,
bt_dkgrec_alpha_only,active,2020,518,0.00661484524057777,748.4,False,,,,,,,,,
bt_dkgrec_alpha_only,active,2020,519,0.006588146197118296,749.8,False,,,,,,,,,
bt_dkgrec_alpha_only,active,2020,520,0.006587367297553741,751.1,True,0.01674378887363113,0.03198744504321536,0.08547008547008547,0.1111111111111111,0.020317322937732762,0.023198979193220604,0.039795012284328524,0.05044747710346001,khong cai thien (15/50)
bt_dkgrec_alpha_only,active,2020,521,0.006661233804818825,752.9,False,,,,,,,,,
bt_dkgrec_alpha_only,active,2020,522,0.006611390499211374,754.2,False,,,,,,,,,
bt_dkgrec_alpha_only,active,2020,523,0.0066390985428005644,755.6,False,,,,,,,,,
bt_dkgrec_alpha_only,active,2020,524,0.006619706498708543,756.9,False,,,,,,,,,
bt_dkgrec_alpha_only,active,2020,525,0.00667753938044613,758.3,True,0.016813025767664063,0.03197590556087654,0.08974358974358974,0.11538461538461539,0.02108171581473228,0.024629600825466877,0.0398381789941619,0.05477576989329126,khong cai thien (16/50)
bt_dkgrec_alpha_only,active,2020,526,0.006626610371731319,760.1,False,,,,,,,,,
bt_dkgrec_alpha_only,active,2020,527,0.0065404548845022625,761.5,False,,,,,,,,,
bt_dkgrec_alpha_only,active,2020,528,0.006619071848001227,762.8,False,,,,,,,,,
bt_dkgrec_alpha_only,active,2020,529,0.006467863550787677,764.2,False,,,,,,,,,
bt_dkgrec_alpha_only,active,2020,530,0.006560399131221734,765.6,True,0.016870723179358175,0.03212591883128123,0.08547008547008547,0.10683760683760683,0.02109687302772601,0.023305857217925337,0.039795012284328524,0.04724234889833181,khong cai thien (17/50)
bt_dkgrec_alpha_only,active,2020,531,0.006574160135562706,767.3,False,,,,,,,,,
bt_dkgrec_alpha_only,active,2020,532,0.006445505577543875,768.7,False,,,,,,,,,
bt_dkgrec_alpha_only,active,2020,533,0.00646444255995663,770.0,False,,,,,,,,,
bt_dkgrec_alpha_only,active,2020,534,0.006470490618466199,771.4,False,,,,,,,,,
bt_dkgrec_alpha_only,active,2020,535,0.006459453080136156,772.7,True,0.016963039038068752,0.03216053727829769,0.0811965811965812,0.10683760683760683,0.02041933745063548,0.023993102516746332,0.03837051085982711,0.051472686462002704,khong cai thien (18/50)
bt_dkgrec_alpha_only,active,2020,536,0.006497768517176807,774.5,False,,,,,,,,,
bt_dkgrec_alpha_only,active,2020,537,0.006586174098247162,775.9,False,,,,,,,,,
bt_dkgrec_alpha_only,active,2020,538,0.006505776518518386,777.3,False,,,,,,,,,
bt_dkgrec_alpha_only,active,2020,539,0.00654400401447643,778.6,False,,,,,,,,,
bt_dkgrec_alpha_only,active,2020,540,0.006566419308058279,779.9,True,0.016997657485085218,0.0322643926193471,0.0811965811965812,0.1111111111111111,0.020897694565240443,0.024126507147038883,0.03837051085982711,0.048679913932388075,khong cai thien (19/50)
bt_dkgrec_alpha_only,active,2020,541,0.006491499550289542,781.7,False,,,,,,,,,
bt_dkgrec_alpha_only,active,2020,542,0.006559283251780669,783.0,False,,,,,,,,,
bt_dkgrec_alpha_only,active,2020,543,0.006489476079224918,784.4,False,,,,,,,,,
bt_dkgrec_alpha_only,active,2020,544,0.0065151652128411525,785.7,False,,,,,,,,,
bt_dkgrec_alpha_only,active,2020,545,0.006516078871698137,787.1,True,0.017078433861456976,0.03259903760717294,0.0811965811965812,0.10683760683760683,0.021231978117877665,0.023565666113326184,0.03837051085982711,0.046187036439510575,khong cai thien (20/50)
bt_dkgrec_alpha_only,active,2020,546,0.0064578242581941276,789.0,False,,,,,,,,,
bt_dkgrec_alpha_only,active,2020,547,0.006519036637694723,790.4,False,,,,,,,,,
bt_dkgrec_alpha_only,active,2020,548,0.006477760589499296,791.7,False,,,,,,,,,
bt_dkgrec_alpha_only,active,2020,549,0.0064337033502679134,793.1,False,,,,,,,,,
bt_dkgrec_alpha_only,active,2020,550,0.0064730947236299585,794.4,True,0.017043815414440507,0.032495182266123544,0.0811965811965812,0.10683760683760683,0.021792735308606717,0.02446760759045496,0.03837051085982711,0.047255412507886646,khong cai thien (21/50)
bt_dkgrec_alpha_only,active,2020,551,0.006495901265704025,796.2,False,,,,,,,,,
bt_dkgrec_alpha_only,active,2020,552,0.006560664486909994,797.5,False,,,,,,,,,
bt_dkgrec_alpha_only,active,2020,553,0.006540335748177746,798.9,False,,,,,,,,,
bt_dkgrec_alpha_only,active,2020,554,0.00643596577046445,800.2,False,,,,,,,,,
bt_dkgrec_alpha_only,active,2020,555,0.006411478334581334,801.6,True,0.01711305230847344,0.032506721748462364,0.0811965811965812,0.10256410256410256,0.021928309217166198,0.02397648190840696,0.03837051085982711,0.04579853605101018,khong cai thien (22/50)
bt_dkgrec_alpha_only,active,2020,556,0.006551023513980275,803.5,False,,,,,,,,,
bt_dkgrec_alpha_only,active,2020,557,0.0065486819199810625,804.9,False,,,,,,,,,
bt_dkgrec_alpha_only,active,2020,558,0.006434289732981895,806.2,False,,,,,,,,,
bt_dkgrec_alpha_only,active,2020,559,0.006460734110218026,807.6,False,,,,,,,,,
bt_dkgrec_alpha_only,active,2020,560,0.006494130429749744,808.9,True,0.017228447131861665,0.032725971912899984,0.08547008547008547,0.10256410256410256,0.020702297561183743,0.023548812489137653,0.03890469889401514,0.05001581000512624,khong cai thien (23/50)
bt_dkgrec_alpha_only,active,2020,561,0.00641966409936304,810.7,False,,,,,,,,,
bt_dkgrec_alpha_only,active,2020,562,0.006438935009911572,812.0,False,,,,,,,,,
bt_dkgrec_alpha_only,active,2020,563,0.006525314849118534,813.4,False,,,,,,,,,
bt_dkgrec_alpha_only,active,2020,564,0.006481274140757104,814.7,False,,,,,,,,,
bt_dkgrec_alpha_only,active,2020,565,0.006422991655630579,816.1,True,0.017216907649522842,0.032714432430561165,0.08547008547008547,0.10256410256410256,0.021547561478064192,0.02267909863390678,0.0425677025570188,0.04613080612012236,khong cai thien (24/50)
bt_dkgrec_alpha_only,active,2020,566,0.006369378541959395,818.0,False,,,,,,,,,
bt_dkgrec_alpha_only,active,2020,567,0.006469755104564058,819.3,False,,,,,,,,,
bt_dkgrec_alpha_only,active,2020,568,0.006428243282608814,820.7,False,,,,,,,,,
bt_dkgrec_alpha_only,active,2020,569,0.006475685090512188,822.0,False,,,,,,,,,
bt_dkgrec_alpha_only,active,2020,570,0.006476848337281282,823.4,True,0.01725152609653931,0.032852906218627034,0.0811965811965812,0.10256410256410256,0.02129061330070108,0.022702836425635337,0.042033514522830766,0.04613080612012236,khong cai thien (25/50)
bt_dkgrec_alpha_only,active,2020,571,0.0064028454575022565,825.2,False,,,,,,,,,
bt_dkgrec_alpha_only,active,2020,572,0.006431010025777128,826.5,False,,,,,,,,,
bt_dkgrec_alpha_only,active,2020,573,0.006325559977618062,827.8,False,,,,,,,,,
bt_dkgrec_alpha_only,active,2020,574,0.006307897833640782,829.2,False,,,,,,,,,
bt_dkgrec_alpha_only,active,2020,575,0.0063472515464979415,830.6,True,0.0172976840258946,0.03282982725394939,0.0811965811965812,0.10256410256410256,0.02156144776203755,0.023780391818688868,0.042033514522830766,0.05001581000512624,khong cai thien (26/50)
bt_dkgrec_alpha_only,active,2020,576,0.006463467578342098,832.5,False,,,,,,,,,
bt_dkgrec_alpha_only,active,2020,577,0.006378871655150015,833.8,False,,,,,,,,,
bt_dkgrec_alpha_only,active,2020,578,0.006382793930720065,835.2,False,,,,,,,,,
bt_dkgrec_alpha_only,active,2020,579,0.006356778196570152,836.5,False,,,,,,,,,
bt_dkgrec_alpha_only,active,2020,580,0.006375629291854527,837.9,True,0.01725152609653931,0.032922143112659966,0.0811965811965812,0.10683760683760683,0.022099293220836397,0.025822301800816468,0.042033514522830766,0.05541247886333357,best
bt_dkgrec_alpha_only,active,2020,581,0.0063055470639873275,839.6,False,,,,,,,,,
bt_dkgrec_alpha_only,active,2020,582,0.006444405145752343,841.0,False,,,,,,,,,
bt_dkgrec_alpha_only,active,2020,583,0.006342282487259619,842.3,False,,,,,,,,,
bt_dkgrec_alpha_only,active,2020,584,0.00634429434507693,843.7,False,,,,,,,,,
bt_dkgrec_alpha_only,active,2020,585,0.006294842281855988,845.1,True,0.01715921023782873,0.03287598518330468,0.0811965811965812,0.1111111111111111,0.021343201177033047,0.026791470628658227,0.038294198283514526,0.059631194620510856,best
bt_dkgrec_alpha_only,active,2020,586,0.0063591035093713225,846.9,False,,,,,,,,,
bt_dkgrec_alpha_only,active,2020,587,0.006300951123034724,848.2,False,,,,,,,,,
bt_dkgrec_alpha_only,active,2020,588,0.006357826714286723,849.6,False,,,,,,,,,
bt_dkgrec_alpha_only,active,2020,589,0.006380803192413616,850.9,False,,,,,,,,,
bt_dkgrec_alpha_only,active,2020,590,0.0063637856282641745,852.3,True,0.017066894379118153,0.032910603630321146,0.07692307692307693,0.11538461538461539,0.020440801230010925,0.02669575582074411,0.037371509860826095,0.060019695009011255,khong cai thien (1/50)
bt_dkgrec_alpha_only,active,2020,591,0.006336243684458936,854.0,False,,,,,,,,,
bt_dkgrec_alpha_only,active,2020,592,0.006310394367562139,855.4,False,,,,,,,,,
bt_dkgrec_alpha_only,active,2020,593,0.006320310659222256,856.8,False,,,,,,,,,
bt_dkgrec_alpha_only,active,2020,594,0.006313329640355803,858.2,False,,,,,,,,,
bt_dkgrec_alpha_only,active,2020,595,0.006336837613854028,859.5,True,0.017170749720167553,0.032933682594998785,0.07692307692307693,0.11965811965811966,0.020732126697691755,0.027582661290251984,0.037371509860826095,0.06149898494983965,best
bt_dkgrec_alpha_only,active,2020,596,0.006397764967433272,861.3,False,,,,,,,,,
bt_dkgrec_alpha_only,active,2020,597,0.006417111808385246,862.6,False,,,,,,,,,
bt_dkgrec_alpha_only,active,2020,598,0.006311735303491391,864.0,False,,,,,,,,,
bt_dkgrec_alpha_only,active,2020,599,0.006346084111774944,865.3,False,,,,,,,,,
bt_dkgrec_alpha_only,active,2020,600,0.006329778786849429,866.7,True,0.017286144543555777,0.03295676155967643,0.0811965811965812,0.11965811965811966,0.02298705018926511,0.029561489987409897,0.037905697895014134,0.06149898494983965,best
bt_dkgrec_alpha_only,active,2020,601,0.0063070993472356856,868.4,False,,,,,,,,,
bt_dkgrec_alpha_only,active,2020,602,0.006248417850836112,869.8,False,,,,,,,,,
bt_dkgrec_alpha_only,active,2020,603,0.00631564385653153,871.2,False,,,,,,,,,
bt_dkgrec_alpha_only,active,2020,604,0.006202639887971812,872.6,False,,,,,,,,,
bt_dkgrec_alpha_only,active,2020,605,0.00625794790651338,873.9,True,0.017378460402266354,0.03303753793604819,0.0811965811965812,0.11965811965811966,0.021757182231448905,0.028117135879956828,0.037960486411341116,0.06149898494983965,khong cai thien (1/50)
bt_dkgrec_alpha_only,active,2020,606,0.006337851510962844,875.7,False,,,,,,,,,
bt_dkgrec_alpha_only,active,2020,607,0.006195396474703256,877.0,False,,,,,,,,,
bt_dkgrec_alpha_only,active,2020,608,0.006235511264438276,878.4,False,,,,,,,,,
bt_dkgrec_alpha_only,active,2020,609,0.006297893280532361,879.7,False,,,,,,,,,
bt_dkgrec_alpha_only,active,2020,610,0.006220188751061701,881.1,True,0.017274605061216954,0.03301445897137054,0.07692307692307693,0.11965811965811966,0.022251385884299292,0.028934502083582742,0.03776001024932649,0.06149898494983965,khong cai thien (2/50)
bt_dkgrec_alpha_only,active,2020,611,0.006274412850392156,882.8,False,,,,,,,,,
bt_dkgrec_alpha_only,active,2020,612,0.006372344005679771,884.2,False,,,,,,,,,
bt_dkgrec_alpha_only,active,2020,613,0.0061353778871581915,885.6,False,,,,,,,,,
bt_dkgrec_alpha_only,active,2020,614,0.006372739236821504,887.0,False,,,,,,,,,
bt_dkgrec_alpha_only,active,2020,615,0.006272387682143358,888.4,True,0.017286144543555777,0.03308369586540348,0.07692307692307693,0.11965811965811966,0.021945362349312065,0.028794603498112064,0.03776001024932649,0.06149898494983965,khong cai thien (3/50)
bt_dkgrec_alpha_only,active,2020,616,0.006300133427846356,890.1,False,,,,,,,,,
bt_dkgrec_alpha_only,active,2020,617,0.0062012231414911995,891.4,False,,,,,,,,,
bt_dkgrec_alpha_only,active,2020,618,0.006230091418811944,892.8,False,,,,,,,,,
bt_dkgrec_alpha_only,active,2020,619,0.006224807516773657,894.2,False,,,,,,,,,
bt_dkgrec_alpha_only,active,2020,620,0.0062723480001437995,895.5,True,0.017389999884605177,0.03294522207733761,0.07692307692307693,0.11538461538461539,0.021606002324226204,0.027501135256432913,0.03758194757126381,0.05722548067633537,khong cai thien (4/50)
bt_dkgrec_alpha_only,active,2020,621,0.006274350346805639,897.3,False,,,,,,,,,
bt_dkgrec_alpha_only,active,2020,622,0.006241545441320136,898.7,False,,,,,,,,,
bt_dkgrec_alpha_only,active,2020,623,0.006282870038077157,900.0,False,,,,,,,,,
bt_dkgrec_alpha_only,active,2020,624,0.006205156091648105,901.4,False,,,,,,,,,
bt_dkgrec_alpha_only,active,2020,625,0.006205893140850433,902.8,True,0.017378460402266354,0.03303753793604819,0.08547008547008547,0.11538461538461539,0.023965523203663828,0.029068619254572364,0.03961694960626584,0.05722548067633537,khong cai thien (5/50)
bt_dkgrec_alpha_only,active,2020,626,0.006246410452069763,904.5,False,,,,,,,,,
bt_dkgrec_alpha_only,active,2020,627,0.006208051812997667,905.8,False,,,,,,,,,
bt_dkgrec_alpha_only,active,2020,628,0.006259518421843425,907.2,False,,,,,,,,,
bt_dkgrec_alpha_only,active,2020,629,0.006218249163267449,908.6,False,,,,,,,,,
bt_dkgrec_alpha_only,active,2020,630,0.006176336403192134,909.9,True,0.01730922350823342,0.0331990906887917,0.08974358974358974,0.11538461538461539,0.02408761331898813,0.02897720799750038,0.039940699930016164,0.05722548067633537,khong cai thien (6/50)
bt_dkgrec_alpha_only,active,2020,631,0.006205120208271692,911.8,False,,,,,,,,,
bt_dkgrec_alpha_only,active,2020,632,0.006246079198086408,913.2,False,,,,,,,,,
bt_dkgrec_alpha_only,active,2020,633,0.00618012233659287,914.5,False,,,,,,,,,
bt_dkgrec_alpha_only,active,2020,634,0.006136924045021784,915.9,False,,,,,,,,,
bt_dkgrec_alpha_only,active,2020,635,0.006181670417331098,917.3,True,0.01735538143758871,0.0330952353477423,0.0811965811965812,0.1111111111111111,0.022936028716335502,0.027694306917967072,0.03835792056945903,0.0529519764028311,khong cai thien (7/50)
bt_dkgrec_alpha_only,active,2020,636,0.006190932806319302,919.0,False,,,,,,,,,
bt_dkgrec_alpha_only,active,2020,637,0.0061843201451263815,920.4,False,,,,,,,,,
bt_dkgrec_alpha_only,active,2020,638,0.0061426619202775735,921.7,False,,,,,,,,,
bt_dkgrec_alpha_only,active,2020,639,0.006240803832929577,923.1,False,,,,,,,,,
bt_dkgrec_alpha_only,active,2020,640,0.006154110026346743,924.4,True,0.017436157813960466,0.033268327582824636,0.08547008547008547,0.1111111111111111,0.024044250878348782,0.02780523819216546,0.04098492319646165,0.0529519764028311,khong cai thien (8/50)
bt_dkgrec_alpha_only,active,2020,641,0.006162356736536768,926.3,False,,,,,,,,,
bt_dkgrec_alpha_only,active,2020,642,0.006158719079617203,927.7,False,,,,,,,,,
bt_dkgrec_alpha_only,active,2020,643,0.006194552406098552,929.0,False,,,,,,,,,
bt_dkgrec_alpha_only,active,2020,644,0.006190144212529222,930.4,False,,,,,,,,,
bt_dkgrec_alpha_only,active,2020,645,0.006141441498291312,931.7,True,0.017332302472911065,0.03304907741838701,0.0811965811965812,0.1111111111111111,0.0237798185726691,0.028267413590357875,0.03972763347763347,0.0529519764028311,khong cai thien (9/50)
bt_dkgrec_alpha_only,active,2020,646,0.006180623536605996,933.5,False,,,,,,,,,
bt_dkgrec_alpha_only,active,2020,647,0.0061321804708573185,934.8,False,,,,,,,,,
bt_dkgrec_alpha_only,active,2020,648,0.006165545226662209,936.2,False,,,,,,,,,
bt_dkgrec_alpha_only,active,2020,649,0.006141911118347833,937.5,False,,,,,,,,,
bt_dkgrec_alpha_only,active,2020,650,0.0061038201526314225,938.9,True,0.01734384195524989,0.03315293275943641,0.0811965811965812,0.10683760683760683,0.023984867348534257,0.02789656145464598,0.040116133866133864,0.052842399370177144,khong cai thien (10/50)
bt_dkgrec_alpha_only,active,2020,651,0.006131102956578547,940.8,False,,,,,,,,,
bt_dkgrec_alpha_only,active,2020,652,0.006055207015446906,942.1,False,,,,,,,,,
bt_dkgrec_alpha_only,active,2020,653,0.006141679105225208,943.5,False,,,,,,,,,
bt_dkgrec_alpha_only,active,2020,654,0.0061535232748995685,944.9,False,,,,,,,,,
bt_dkgrec_alpha_only,active,2020,655,0.006123148335564298,946.2,True,0.01744769729629929,0.03331448551217992,0.0811965811965812,0.10683760683760683,0.023498445488444923,0.027412564976942264,0.040116133866133864,0.052842399370177144,khong cai thien (11/50)
bt_dkgrec_alpha_only,active,2020,656,0.00607894964278592,948.0,False,,,,,,,,,
bt_dkgrec_alpha_only,active,2020,657,0.006142651809530666,949.3,False,,,,,,,,,
bt_dkgrec_alpha_only,active,2020,658,0.006318564543196397,950.7,False,,,,,,,,,
bt_dkgrec_alpha_only,active,2020,659,0.0060817879099224585,952.0,False,,,,,,,,,
bt_dkgrec_alpha_only,active,2020,660,0.006046094726504819,953.4,True,0.01747077626097693,0.03346449878258461,0.0811965811965812,0.10683760683760683,0.023746747427880185,0.02789263150290019,0.03972763347763347,0.052842399370177144,khong cai thien (12/50)
bt_dkgrec_alpha_only,active,2020,661,0.006068053386307457,955.3,False,,,,,,,,,
bt_dkgrec_alpha_only,active,2020,662,0.0061007271055343645,956.7,False,,,,,,,,,
bt_dkgrec_alpha_only,active,2020,663,0.006138984136497024,958.0,False,,,,,,,,,
bt_dkgrec_alpha_only,active,2020,664,0.006195308333907027,959.4,False,,,,,,,,,
bt_dkgrec_alpha_only,active,2020,665,0.006090638970192662,960.7,True,0.017378460402266354,0.033360643441535213,0.07692307692307693,0.1111111111111111,0.023919118219559596,0.028477218498615446,0.038691632441632436,0.05289718788650413,khong cai thien (13/50)
bt_dkgrec_alpha_only,active,2020,666,0.006195605455785142,962.5,False,,,,,,,,,
bt_dkgrec_alpha_only,active,2020,667,0.005989689813279354,963.8,False,,,,,,,,,
bt_dkgrec_alpha_only,active,2020,668,0.0062040224958001015,965.2,False,,,,,,,,,
bt_dkgrec_alpha_only,active,2020,669,0.006098197371823439,966.6,False,,,,,,,,,
bt_dkgrec_alpha_only,active,2020,670,0.0061247073730300436,967.9,True,0.0175053947079934,0.03347603826492344,0.07264957264957266,0.1111111111111111,0.02369990483671736,0.028566827108995815,0.03808113183113183,0.05289718788650413,khong cai thien (14/50)
bt_dkgrec_alpha_only,active,2020,671,0.006087980464515217,969.7,False,,,,,,,,,
bt_dkgrec_alpha_only,active,2020,672,0.005978575073878413,971.0,False,,,,,,,,,
bt_dkgrec_alpha_only,active,2020,673,0.006170672159863037,972.4,False,,,,,,,,,
bt_dkgrec_alpha_only,active,2020,674,0.006049249998164954,973.7,False,,,,,,,,,
bt_dkgrec_alpha_only,active,2020,675,0.006048708644559985,975.1,True,0.017493855225654577,0.03337218292387403,0.07264957264957266,0.1111111111111111,0.02370110783807427,0.02847371452257886,0.03808113183113183,0.05289718788650413,khong cai thien (15/50)
bt_dkgrec_alpha_only,active,2020,676,0.0060415088386259405,976.8,False,,,,,,,,,
bt_dkgrec_alpha_only,active,2020,677,0.0060639063855481784,978.2,False,,,,,,,,,
bt_dkgrec_alpha_only,active,2020,678,0.0060827159929506885,979.6,False,,,,,,,,,
bt_dkgrec_alpha_only,active,2020,679,0.0060330902018123495,980.9,False,,,,,,,,,
bt_dkgrec_alpha_only,active,2020,680,0.00606779324210656,982.3,True,0.017482315743315754,0.03332602499451875,0.07692307692307693,0.10683760683760683,0.024187632880538344,0.028242285356774487,0.038135920347458815,0.051472686462002704,khong cai thien (16/50)
bt_dkgrec_alpha_only,active,2020,681,0.006012184153988853,984.1,False,,,,,,,,,
bt_dkgrec_alpha_only,active,2020,682,0.006096510784240562,985.4,False,,,,,,,,,
bt_dkgrec_alpha_only,active,2020,683,0.006043553926853306,986.8,False,,,,,,,,,
bt_dkgrec_alpha_only,active,2020,684,0.005979735307398475,988.1,False,,,,,,,,,
bt_dkgrec_alpha_only,active,2020,685,0.006122441773957985,989.5,True,0.017528473672671043,0.0334068013708905,0.0811965811965812,0.10683760683760683,0.022476202184668267,0.02615073745428031,0.038746420957959424,0.051472686462002704,khong cai thien (17/50)
bt_dkgrec_alpha_only,active,2020,686,0.006053737047847106,991.2,False,,,,,,,,,
bt_dkgrec_alpha_only,active,2020,687,0.00598141670265708,992.6,False,,,,,,,,,
bt_dkgrec_alpha_only,active,2020,688,0.00607818987560974,994.0,False,,,,,,,,,
bt_dkgrec_alpha_only,active,2020,689,0.006083181471912765,995.3,False,,,,,,,,,
bt_dkgrec_alpha_only,active,2020,690,0.006065700623278683,996.7,True,0.017643868496059267,0.033568354123634014,0.0811965811965812,0.10683760683760683,0.023134273631380747,0.027113411449905315,0.038746420957959424,0.05208318707250332,khong cai thien (18/50)
bt_dkgrec_alpha_only,active,2020,691,0.006083848301386518,998.4,False,,,,,,,,,
bt_dkgrec_alpha_only,active,2020,692,0.005998757149406175,999.8,False,,,,,,,,,
bt_dkgrec_alpha_only,active,2020,693,0.006027152905862003,1001.2,False,,,,,,,,,
bt_dkgrec_alpha_only,active,2020,694,0.006022606661886383,1002.5,False,,,,,,,,,
bt_dkgrec_alpha_only,active,2020,695,0.005996389553611158,1003.9,True,0.017782342284125133,0.033787604288071635,0.0811965811965812,0.10683760683760683,0.024019957201523258,0.02795577723145021,0.038746420957959424,0.05208318707250332,khong cai thien (19/50)
bt_dkgrec_alpha_only,active,2020,696,0.005942349186895134,1005.6,False,,,,,,,,,
bt_dkgrec_alpha_only,active,2020,697,0.006015860129045736,1007.0,False,,,,,,,,,
bt_dkgrec_alpha_only,active,2020,698,0.00611415489341301,1008.3,False,,,,,,,,,
bt_dkgrec_alpha_only,active,2020,699,0.0060442530175757085,1009.7,False,,,,,,,,,
bt_dkgrec_alpha_only,active,2020,700,0.00600313705950284,1011.1,True,0.01770156590775338,0.033626051535328126,0.0811965811965812,0.10683760683760683,0.023861387784525626,0.027536387515321444,0.03884991037768815,0.051472686462002704,khong cai thien (20/50)
bt_dkgrec_alpha_only,active,2020,701,0.006020569216284322,1012.8,False,,,,,,,,,
bt_dkgrec_alpha_only,active,2020,702,0.005940379827435763,1014.2,False,,,,,,,,,
bt_dkgrec_alpha_only,active,2020,703,0.0059697336511812344,1015.5,False,,,,,,,,,
bt_dkgrec_alpha_only,active,2020,704,0.005995705029725724,1016.9,False,,,,,,,,,
bt_dkgrec_alpha_only,active,2020,705,0.005941566921449397,1018.2,True,0.017828500213480425,0.03352219619427872,0.0811965811965812,0.1111111111111111,0.0237220148596436,0.028657707298122708,0.03884991037768815,0.05635669134600759,khong cai thien (21/50)
bt_dkgrec_alpha_only,active,2020,706,0.006080669790358281,1020.0,False,,,,,,,,,
bt_dkgrec_alpha_only,active,2020,707,0.005976816774806713,1021.4,False,,,,,,,,,
bt_dkgrec_alpha_only,active,2020,708,0.00604241035044604,1022.7,False,,,,,,,,,
bt_dkgrec_alpha_only,active,2020,709,0.0059896997867949844,1024.1,False,,,,,,,,,
bt_dkgrec_alpha_only,active,2020,710,0.006026953449204465,1025.5,True,0.017736184354769844,0.033556814641295195,0.08547008547008547,0.11538461538461539,0.022332218962885512,0.027506976923907665,0.03890469889401514,0.05778119277050901,khong cai thien (22/50)
bt_dkgrec_alpha_only,active,2020,711,0.005991514795155901,1027.2,False,,,,,,,,,
bt_dkgrec_alpha_only,active,2020,712,0.006092374800585413,1028.6,False,,,,,,,,,
bt_dkgrec_alpha_only,active,2020,713,0.005966538361395029,1029.9,False,,,,,,,,,
bt_dkgrec_alpha_only,active,2020,714,0.005874805515632217,1031.2,False,,,,,,,,,
bt_dkgrec_alpha_only,active,2020,715,0.005982232368378414,1032.6,True,0.01780542124880278,0.03372990687637752,0.0811965811965812,0.11538461538461539,0.022108090667829816,0.027671720206554652,0.03884991037768815,0.05778119277050901,khong cai thien (23/50)
bt_dkgrec_alpha_only,active,2020,716,0.005862652475182751,1034.5,False,,,,,,,,,
bt_dkgrec_alpha_only,active,2020,717,0.005984637693946825,1035.9,False,,,,,,,,,
bt_dkgrec_alpha_only,active,2020,718,0.005953240817868566,1037.2,False,,,,,,,,,
bt_dkgrec_alpha_only,active,2020,719,0.005951412748573362,1038.6,False,,,,,,,,,
bt_dkgrec_alpha_only,active,2020,720,0.005907965442153043,1039.9,True,0.017851579178158068,0.03352219619427872,0.08974358974358974,0.11538461538461539,0.022712234659552594,0.02778513843665691,0.03933204932136556,0.05783598128683599,khong cai thien (24/50)
bt_dkgrec_alpha_only,active,2020,721,0.005959636470529255,1041.7,False,,,,,,,,,
bt_dkgrec_alpha_only,active,2020,722,0.005980234366340707,1043.0,False,,,,,,,,,
bt_dkgrec_alpha_only,active,2020,723,0.005947067540168973,1044.4,False,,,,,,,,,
bt_dkgrec_alpha_only,active,2020,724,0.006035611099269086,1045.7,False,,,,,,,,,
bt_dkgrec_alpha_only,active,2020,725,0.005941110760329128,1047.1,True,0.01786311866049689,0.033706827911699884,0.08974358974358974,0.11538461538461539,0.022811482768029363,0.027438457067890252,0.03933204932136556,0.05706894205825829,khong cai thien (25/50)
bt_dkgrec_alpha_only,active,2020,726,0.005925455868884682,1049.0,False,,,,,,,,,
bt_dkgrec_alpha_only,active,2020,727,0.005891449315431249,1050.3,False,,,,,,,,,
bt_dkgrec_alpha_only,active,2020,728,0.005895198076664098,1051.7,False,,,,,,,,,
bt_dkgrec_alpha_only,active,2020,729,0.005967026489558999,1053.1,False,,,,,,,,,
bt_dkgrec_alpha_only,active,2020,730,0.005947128091612083,1054.4,True,0.017943895036868645,0.033718367394038704,0.08974358974358974,0.12393162393162394,0.02268088732197647,0.02806144572032491,0.03933204932136556,0.05927352759617716,khong cai thien (26/50)
bt_dkgrec_alpha_only,active,2020,731,0.00599905984149112,1056.2,False,,,,,,,,,
bt_dkgrec_alpha_only,active,2020,732,0.005911045446228339,1057.5,False,,,,,,,,,
bt_dkgrec_alpha_only,active,2020,733,0.00594673764896281,1058.9,False,,,,,,,,,
bt_dkgrec_alpha_only,active,2020,734,0.005902519658399451,1060.2,False,,,,,,,,,
bt_dkgrec_alpha_only,active,2020,735,0.005895167880643165,1061.6,True,0.017943895036868645,0.03381068325274928,0.08547008547008547,0.12393162393162394,0.024448828634007186,0.030395691626798664,0.03879786128717752,0.05976377808642766,best
bt_dkgrec_alpha_only,active,2020,736,0.005860109767442711,1063.5,False,,,,,,,,,
bt_dkgrec_alpha_only,active,2020,737,0.006032092306022966,1064.9,False,,,,,,,,,
bt_dkgrec_alpha_only,active,2020,738,0.005879406404119908,1066.2,False,,,,,,,,,
bt_dkgrec_alpha_only,active,2020,739,0.005957364610505511,1067.5,False,,,,,,,,,
bt_dkgrec_alpha_only,active,2020,740,0.0059738666064886,1068.9,True,0.017955434519207468,0.033787604288071635,0.08974358974358974,0.11538461538461539,0.024989281077974313,0.029658594505832046,0.03933204932136556,0.057170692160008404,khong cai thien (1/50)
bt_dkgrec_alpha_only,active,2020,741,0.005871833513545899,1070.6,False,,,,,,,,,
bt_dkgrec_alpha_only,active,2020,742,0.005907267202275586,1072.0,False,,,,,,,,,
bt_dkgrec_alpha_only,active,2020,743,0.005901150658177694,1073.3,False,,,,,,,,,
bt_dkgrec_alpha_only,active,2020,744,0.0058507950097894485,1074.7,False,,,,,,,,,
bt_dkgrec_alpha_only,active,2020,745,0.005897085611119942,1076.1,True,0.017920816072191002,0.03390299911145986,0.08974358974358974,0.11538461538461539,0.024099498359333234,0.028997238577097097,0.03933204932136556,0.05778119277050901,khong cai thien (2/50)
bt_dkgrec_alpha_only,active,2020,746,0.005991060911142407,1078.0,False,,,,,,,,,
bt_dkgrec_alpha_only,active,2020,747,0.0058819328262389465,1079.3,False,,,,,,,,,
bt_dkgrec_alpha_only,active,2020,748,0.0058378521959715,1080.7,False,,,,,,,,,
bt_dkgrec_alpha_only,active,2020,749,0.005781442882379742,1082.1,False,,,,,,,,,
bt_dkgrec_alpha_only,active,2020,750,0.005834775411203642,1083.4,True,0.0177131053900922,0.03389145962912104,0.08974358974358974,0.12393162393162394,0.024050015277118475,0.030304957799329055,0.03933204932136556,0.06368454867386492,khong cai thien (3/50)
bt_dkgrec_alpha_only,active,2020,751,0.005942905296540417,1085.2,False,,,,,,,,,
bt_dkgrec_alpha_only,active,2020,752,0.005870319055849611,1086.5,False,,,,,,,,,
bt_dkgrec_alpha_only,active,2020,753,0.0058913905657141516,1087.9,False,,,,,,,,,
bt_dkgrec_alpha_only,active,2020,754,0.0058712108565155624,1089.3,False,,,,,,,,,
bt_dkgrec_alpha_only,active,2020,755,0.005819732812582233,1090.7,True,0.01786311866049689,0.03416840720525277,0.08547008547008547,0.11538461538461539,0.023043634575447666,0.028226731402994178,0.03505854504786129,0.05474903973835597,khong cai thien (4/50)
bt_dkgrec_alpha_only,active,2020,756,0.005872795516561231,1092.5,False,,,,,,,,,
bt_dkgrec_alpha_only,active,2020,757,0.005897026995599658,1093.9,False,,,,,,,,,
bt_dkgrec_alpha_only,active,2020,758,0.0058153563329548285,1095.3,False,,,,,,,,,
bt_dkgrec_alpha_only,active,2020,759,0.005861404568265667,1096.6,False,,,,,,,,,
bt_dkgrec_alpha_only,active,2020,760,0.005861977729338379,1098.0,True,0.017874658142835714,0.03420302565226924,0.08547008547008547,0.11965811965811966,0.023230194021197238,0.029610199573903095,0.03505854504786129,0.05941104440036064,khong cai thien (5/50)
bt_dkgrec_alpha_only,active,2020,761,0.005869046780569594,1099.7,False,,,,,,,,,
bt_dkgrec_alpha_only,active,2020,762,0.005999854925831365,1101.1,False,,,,,,,,,
bt_dkgrec_alpha_only,active,2020,763,0.005875228048837016,1102.4,False,,,,,,,,,
bt_dkgrec_alpha_only,active,2020,764,0.0058344245260306135,1103.8,False,,,,,,,,,
bt_dkgrec_alpha_only,active,2020,765,0.005813404039102103,1105.2,True,0.01796697400154629,0.0343876573696904,0.08547008547008547,0.11965811965811966,0.02357557031353527,0.029217070862720722,0.03458058733306146,0.055376920629394755,khong cai thien (6/50)
bt_dkgrec_alpha_only,active,2020,766,0.005851507983500471,1106.9,False,,,,,,,,,
bt_dkgrec_alpha_only,active,2020,767,0.005842528828004097,1108.3,False,,,,,,,,,
bt_dkgrec_alpha_only,active,2020,768,0.00583354708615242,1109.6,False,,,,,,,,,
bt_dkgrec_alpha_only,active,2020,769,0.005866029782238413,1111.0,False,,,,,,,,,
bt_dkgrec_alpha_only,active,2020,770,0.0058531273020111145,1112.4,True,0.018047750377918045,0.03439919685202922,0.08974358974358974,0.12393162393162394,0.024843849250810804,0.03059425551714001,0.03600508875756289,0.059039924292398425,best
bt_dkgrec_alpha_only,active,2020,771,0.0058864104321674805,1114.1,False,,,,,,,,,
bt_dkgrec_alpha_only,active,2020,772,0.005831841556782205,1115.5,False,,,,,,,,,
bt_dkgrec_alpha_only,active,2020,773,0.0059045337390066545,1116.9,False,,,,,,,,,
bt_dkgrec_alpha_only,active,2020,774,0.0057891858870559735,1118.2,False,,,,,,,,,
bt_dkgrec_alpha_only,active,2020,775,0.005884825821978953,1119.6,True,0.017920816072191002,0.034479973228400976,0.0811965811965812,0.11965811965811966,0.022329645212942954,0.02893477896861043,0.033868336620810756,0.05865142390389804,khong cai thien (1/50)
bt_dkgrec_alpha_only,active,2020,776,0.005855327892418975,1121.4,False,,,,,,,,,
bt_dkgrec_alpha_only,active,2020,777,0.005857023603821955,1122.7,False,,,,,,,,,
bt_dkgrec_alpha_only,active,2020,778,0.005806265114641169,1124.1,False,,,,,,,,,
bt_dkgrec_alpha_only,active,2020,779,0.005861871183192644,1125.4,False,,,,,,,,,
bt_dkgrec_alpha_only,active,2020,780,0.005859724043649578,1126.8,True,0.018024671413240403,0.0343876573696904,0.08547008547008547,0.11538461538461539,0.02181191681676983,0.026882865993916392,0.03440252465499879,0.05398941924189338,khong cai thien (2/50)
bt_dkgrec_alpha_only,active,2020,781,0.005849465074035704,1128.5,False,,,,,,,,,
bt_dkgrec_alpha_only,active,2020,782,0.005762671231333034,1129.9,False,,,,,,,,,
bt_dkgrec_alpha_only,active,2020,783,0.005792122914072514,1131.3,False,,,,,,,,,
bt_dkgrec_alpha_only,active,2020,784,0.005839579203636409,1132.7,False,,,,,,,,,
bt_dkgrec_alpha_only,active,2020,785,0.005754318472575591,1134.0,True,0.018232382095339204,0.03446843374606215,0.0811965811965812,0.11538461538461539,0.021222308850004368,0.026486268282222197,0.03424424671894308,0.05398941924189338,khong cai thien (3/50)
bt_dkgrec_alpha_only,active,2020,786,0.005831955436672529,1135.8,False,,,,,,,,,
bt_dkgrec_alpha_only,active,2020,787,0.005811825688072169,1137.1,False,,,,,,,,,
bt_dkgrec_alpha_only,active,2020,788,0.005747461548364071,1138.5,False,,,,,,,,,
bt_dkgrec_alpha_only,active,2020,789,0.005791581212874443,1139.8,False,,,,,,,,,
bt_dkgrec_alpha_only,active,2020,790,0.005828010393381831,1141.2,True,0.018036210895579226,0.034341499440335106,0.0811965811965812,0.11538461538461539,0.021457913673320995,0.026842597398763244,0.03424424671894308,0.05437791963039376,khong cai thien (4/50)
bt_dkgrec_alpha_only,active,2020,791,0.005769005374745456,1142.9,False,,,,,,,,,
bt_dkgrec_alpha_only,active,2020,792,0.005739171900940849,1144.3,False,,,,,,,,,
bt_dkgrec_alpha_only,active,2020,793,0.005752176717190011,1145.7,False,,,,,,,,,
bt_dkgrec_alpha_only,active,2020,794,0.005732808203351525,1147.0,False,,,,,,,,,
bt_dkgrec_alpha_only,active,2020,795,0.0057899747313547405,1148.4,True,0.01796697400154629,0.03415686772291395,0.07692307692307693,0.10683760683760683,0.021144172779137604,0.02520880635759613,0.03418801639955486,0.04796766322013735,khong cai thien (5/50)
bt_dkgrec_alpha_only,active,2020,796,0.005760313529826586,1150.2,False,,,,,,,,,
bt_dkgrec_alpha_only,active,2020,797,0.0058441035828003494,1151.5,False,,,,,,,,,
bt_dkgrec_alpha_only,active,2020,798,0.005786002610091448,1152.8,False,,,,,,,,,
bt_dkgrec_alpha_only,active,2020,799,0.005766912293207997,1154.2,False,,,,,,,,,
bt_dkgrec_alpha_only,active,2020,800,0.005801634705603939,1155.6,True,0.018105447789612157,0.03437611788735157,0.07692307692307693,0.11538461538461539,0.02142218857517675,0.027175014553254693,0.03518516739670586,0.0565146717671459,khong cai thien (6/50)
bt_dkgrec_alpha_only,active,2020,801,0.00580667893282316,1157.3,False,,,,,,,,,
bt_dkgrec_alpha_only,active,2020,802,0.005681144406247015,1158.7,False,,,,,,,,,
bt_dkgrec_alpha_only,active,2020,803,0.005742015912112952,1160.1,False,,,,,,,,,
bt_dkgrec_alpha_only,active,2020,804,0.005686892207340591,1161.4,False,,,,,,,,,
bt_dkgrec_alpha_only,active,2020,805,0.005777658259802519,1162.8,True,0.018209303130661558,0.03444535478138451,0.07692307692307693,0.11965811965811966,0.020568524097545726,0.027572021749212604,0.03518516739670586,0.061215526468000596,khong cai thien (7/50)
bt_dkgrec_alpha_only,active,2020,806,0.005752255520328471,1164.6,False,,,,,,,,,
bt_dkgrec_alpha_only,active,2020,807,0.005756739385976514,1165.9,False,,,,,,,,,
bt_dkgrec_alpha_only,active,2020,808,0.0057820152253061415,1167.3,False,,,,,,,,,
bt_dkgrec_alpha_only,active,2020,809,0.005767246952115953,1168.6,False,,,,,,,,,
bt_dkgrec_alpha_only,active,2020,810,0.005849274220622402,1170.0,True,0.01826700054235567,0.03452613115775626,0.0811965811965812,0.12393162393162394,0.020159274816095064,0.02690465607698788,0.03534344533276157,0.060831342750483554,khong cai thien (8/50)
bt_dkgrec_alpha_only,active,2020,811,0.0058093821755563785,1171.8,False,,,,,,,,,
bt_dkgrec_alpha_only,active,2020,812,0.005840727564995929,1173.2,False,,,,,,,,,
bt_dkgrec_alpha_only,active,2020,813,0.005815089098501986,1174.5,False,,,,,,,,,
bt_dkgrec_alpha_only,active,2020,814,0.005727435325625979,1175.9,False,,,,,,,,,
bt_dkgrec_alpha_only,active,2020,815,0.00576614796624589,1177.2,True,0.018313158471710958,0.03471076287517742,0.07692307692307693,0.11965811965811966,0.024323103057423245,0.03074546427748042,0.03518516739670586,0.0586383602943432,best
bt_dkgrec_alpha_only,active,2020,816,0.005698687169855416,1179.0,False,,,,,,,,,
bt_dkgrec_alpha_only,active,2020,817,0.005711035961993826,1180.3,False,,,,,,,,,
bt_dkgrec_alpha_only,active,2020,818,0.005701203524804271,1181.7,False,,,,,,,,,
bt_dkgrec_alpha_only,active,2020,819,0.005676156956288975,1183.1,False,,,,,,,,,
bt_dkgrec_alpha_only,active,2020,820,0.0057322395812005105,1184.4,True,0.018347776918727427,0.03466460494582213,0.0811965811965812,0.12393162393162394,0.02262222085519732,0.03021497547876796,0.035241397716094074,0.06353542878790291,khong cai thien (1/50)
bt_dkgrec_alpha_only,active,2020,821,0.005740755969716866,1186.3,False,,,,,,,,,
bt_dkgrec_alpha_only,active,2020,822,0.005784862863902522,1187.7,False,,,,,,,,,
bt_dkgrec_alpha_only,active,2020,823,0.0056996482408953044,1189.0,False,,,,,,,,,
bt_dkgrec_alpha_only,active,2020,824,0.005698084509207739,1190.4,False,,,,,,,,,
bt_dkgrec_alpha_only,active,2020,825,0.005712416990090038,1191.7,True,0.018382395365743893,0.034803078733888,0.0811965811965812,0.11965811965811966,0.02571459625170693,0.0321680698137851,0.039458671670210124,0.06309069808001432,best
bt_dkgrec_alpha_only,active,2020,826,0.0056883201663723145,1193.5,False,,,,,,,,,
bt_dkgrec_alpha_only,active,2020,827,0.005710629970766953,1194.8,False,,,,,,,,,
bt_dkgrec_alpha_only,active,2020,828,0.005687166473544616,1196.2,False,,,,,,,,,
bt_dkgrec_alpha_only,active,2020,829,0.005626666264468402,1197.5,False,,,,,,,,,
bt_dkgrec_alpha_only,active,2020,830,0.005746347774490686,1198.9,True,0.018209303130661558,0.034629986498805665,0.0811965811965812,0.11538461538461539,0.025756500867941196,0.031390563397836906,0.03819244818176442,0.05881719380651004,khong cai thien (1/50)
bt_dkgrec_alpha_only,active,2020,831,0.0057099763323967415,1200.8,False,,,,,,,,,
bt_dkgrec_alpha_only,active,2020,832,0.005742646259961376,1202.2,False,,,,,,,,,
bt_dkgrec_alpha_only,active,2020,833,0.005723075998841425,1203.5,False,,,,,,,,,
bt_dkgrec_alpha_only,active,2020,834,0.005738941543669339,1204.9,False,,,,,,,,,
bt_dkgrec_alpha_only,active,2020,835,0.005756356737776828,1206.2,True,0.01822084261300038,0.03468768391049978,0.0811965811965812,0.11965811965811966,0.024879690128819125,0.030814695143275925,0.03819244818176442,0.05941936940868565,khong cai thien (2/50)
bt_dkgrec_alpha_only,active,2020,836,0.005705994613284299,1208.0,False,,,,,,,,,
bt_dkgrec_alpha_only,active,2020,837,0.005594297723618038,1209.3,False,,,,,,,,,
bt_dkgrec_alpha_only,active,2020,838,0.005721031263963446,1210.6,False,,,,,,,,,
bt_dkgrec_alpha_only,active,2020,839,0.0056282349978148336,1212.0,False,,,,,,,,,
bt_dkgrec_alpha_only,active,2020,840,0.005722399452089426,1213.4,True,0.018140066236628626,0.034699223392838596,0.08547008547008547,0.11965811965811966,0.025248339176186033,0.030606483595200733,0.03961694960626584,0.05941936940868565,khong cai thien (3/50)
bt_dkgrec_alpha_only,active,2020,841,0.0056543847668481745,1215.3,False,,,,,,,,,
bt_dkgrec_alpha_only,active,2020,842,0.005682818660311483,1216.6,False,,,,,,,,,
bt_dkgrec_alpha_only,active,2020,843,0.005664706933726736,1218.0,False,,,,,,,,,
bt_dkgrec_alpha_only,active,2020,844,0.005657585830334116,1219.4,False,,,,,,,,,
bt_dkgrec_alpha_only,active,2020,845,0.005659920589960149,1220.7,True,0.01822084261300038,0.03458382856945037,0.08547008547008547,0.12393162393162394,0.024937163058443502,0.031454694980348905,0.03961694960626584,0.0637476621985169,khong cai thien (4/50)
bt_dkgrec_alpha_only,active,2020,846,0.0056928950367332734,1222.5,False,,,,,,,,,
bt_dkgrec_alpha_only,active,2020,847,0.0057068110316167465,1223.8,False,,,,,,,,,
bt_dkgrec_alpha_only,active,2020,848,0.005703019829147419,1225.2,False,,,,,,,,,
bt_dkgrec_alpha_only,active,2020,849,0.00565692042880494,1226.6,False,,,,,,,,,
bt_dkgrec_alpha_only,active,2020,850,0.005748814223516812,1228.0,True,0.018290079507033315,0.034629986498805665,0.08974358974358974,0.12393162393162394,0.025021918094628427,0.03103973537081485,0.040329200318516556,0.06369287368218993,khong cai thien (5/50)
bt_dkgrec_alpha_only,active,2020,851,0.005626164289343162,1229.7,False,,,,,,,,,
bt_dkgrec_alpha_only,active,2020,852,0.005763268106492547,1231.1,False,,,,,,,,,
bt_dkgrec_alpha_only,active,2020,853,0.005680945905941772,1232.4,False,,,,,,,,,
bt_dkgrec_alpha_only,active,2020,854,0.005675182556482089,1233.8,False,,,,,,,,,
bt_dkgrec_alpha_only,active,2020,855,0.005661967529789058,1235.1,True,0.018382395365743893,0.034629986498805665,0.08547008547008547,0.12393162393162394,0.024502454318891916,0.03130155786138574,0.03961694960626584,0.06582962581894206,khong cai thien (6/50)
bt_dkgrec_alpha_only,active,2020,856,0.005663742184770949,1236.9,False,,,,,,,,,
bt_dkgrec_alpha_only,active,2020,857,0.005745044639709068,1238.2,False,,,,,,,,,
bt_dkgrec_alpha_only,active,2020,858,0.005658566977848088,1239.6,False,,,,,,,,,
bt_dkgrec_alpha_only,active,2020,859,0.0057210910744183545,1240.9,False,,,,,,,,,
bt_dkgrec_alpha_only,active,2020,860,0.005643109393824823,1242.3,True,0.018451632259776828,0.03476846028687153,0.07692307692307693,0.1282051282051282,0.023949705395212344,0.03291573353392449,0.035573667785206244,0.07010313009244633,best
bt_dkgrec_alpha_only,active,2020,861,0.005672856888933839,1244.1,False,,,,,,,,,
bt_dkgrec_alpha_only,active,2020,862,0.005685632604280191,1245.4,False,,,,,,,,,
bt_dkgrec_alpha_only,active,2020,863,0.005698373326377575,1246.8,False,,,,,,,,,
bt_dkgrec_alpha_only,active,2020,864,0.0056791702728697996,1248.2,False,,,,,,,,,
bt_dkgrec_alpha_only,active,2020,865,0.00566006637947846,1249.5,True,0.01837085588340507,0.03481461821622682,0.07692307692307693,0.11538461538461539,0.022356194936990266,0.027693198250961705,0.035573667785206244,0.05621424120355744,khong cai thien (1/50)
bt_dkgrec_alpha_only,active,2020,866,0.005699381737591648,1251.3,False,,,,,,,,,
bt_dkgrec_alpha_only,active,2020,867,0.005619753901506388,1252.6,False,,,,,,,,,
bt_dkgrec_alpha_only,active,2020,868,0.005671359599169957,1254.0,False,,,,,,,,,
bt_dkgrec_alpha_only,active,2020,869,0.0056599933335249025,1255.4,False,,,,,,,,,
bt_dkgrec_alpha_only,active,2020,870,0.005624006672499292,1256.7,True,0.01840547433042154,0.034803078733888,0.0811965811965812,0.12393162393162394,0.023215641464447406,0.030622513781831003,0.035731945721261954,0.06530299195897486,khong cai thien (2/50)
bt_dkgrec_alpha_only,active,2020,871,0.005607072016656557,1258.5,False,,,,,,,,,
bt_dkgrec_alpha_only,active,2020,872,0.005696702699112103,1259.8,False,,,,,,,,,
bt_dkgrec_alpha_only,active,2020,873,0.005518300358403329,1261.2,False,,,,,,,,,
bt_dkgrec_alpha_only,active,2020,874,0.005572182827524819,1262.5,False,,,,,,,,,
bt_dkgrec_alpha_only,active,2020,875,0.005672627460823999,1263.9,True,0.01826700054235567,0.03458382856945037,0.08547008547008547,0.11965811965811966,0.02494360389343222,0.03122380952762073,0.04000544999476623,0.0656871756764919,khong cai thien (3/50)
bt_dkgrec_alpha_only,active,2020,876,0.00561984872142165,1265.6,False,,,,,,,,,
bt_dkgrec_alpha_only,active,2020,877,0.005659875460631108,1267.0,False,,,,,,,,,
bt_dkgrec_alpha_only,active,2020,878,0.005625291999205613,1268.4,False,,,,,,,,,
bt_dkgrec_alpha_only,active,2020,879,0.005612110622404919,1269.8,False,,,,,,,,,
bt_dkgrec_alpha_only,active,2020,880,0.005672273155370149,1271.2,True,0.018313158471710958,0.03456074960477273,0.07692307692307693,0.11538461538461539,0.021969627875059492,0.030001022396410178,0.03391894390826015,0.06426267425199049,khong cai thien (4/50)
bt_dkgrec_alpha_only,active,2020,881,0.005616219008633439,1272.9,False,,,,,,,,,
bt_dkgrec_alpha_only,active,2020,882,0.005681303019919571,1274.3,False,,,,,,,,,
bt_dkgrec_alpha_only,active,2020,883,0.005569938770406804,1275.6,False,,,,,,,,,
bt_dkgrec_alpha_only,active,2020,884,0.005598316209595301,1277.0,False,,,,,,,,,
bt_dkgrec_alpha_only,active,2020,885,0.0056181112913337335,1278.3,True,0.018440092777438005,0.03467614442816095,0.07692307692307693,0.1111111111111111,0.02168074263459151,0.028444525230609648,0.03391894390826015,0.059616608067462766,khong cai thien (5/50)
bt_dkgrec_alpha_only,active,2020,886,0.00564999417489114,1280.1,False,,,,,,,,,
bt_dkgrec_alpha_only,active,2020,887,0.005554021233398698,1281.5,False,,,,,,,,,
bt_dkgrec_alpha_only,active,2020,888,0.005629838209553868,1282.9,False,,,,,,,,,
bt_dkgrec_alpha_only,active,2020,889,0.005598381068393824,1284.2,False,,,,,,,,,
bt_dkgrec_alpha_only,active,2020,890,0.005603996932980894,1285.6,True,0.018347776918727427,0.03472230235751624,0.0811965811965812,0.11538461538461539,0.02292868580761428,0.0288072131496551,0.03819244818176442,0.05967283838685098,khong cai thien (6/50)
bt_dkgrec_alpha_only,active,2020,891,0.00552090554881968,1287.3,False,,,,,,,,,
bt_dkgrec_alpha_only,active,2020,892,0.005614659334997189,1288.7,False,,,,,,,,,
bt_dkgrec_alpha_only,active,2020,893,0.005595806946130567,1290.0,False,,,,,,,,,
bt_dkgrec_alpha_only,active,2020,894,0.005626534640640288,1291.4,False,,,,,,,,,
bt_dkgrec_alpha_only,active,2020,895,0.005563131032030823,1292.7,True,0.018440092777438005,0.03473384183985506,0.0811965811965812,0.11965811965811966,0.023461082232795,0.03026419066589789,0.039562161089938874,0.0639851926992053,khong cai thien (7/50)
bt_dkgrec_alpha_only,active,2020,896,0.00559067503948218,1294.6,False,,,,,,,,,
bt_dkgrec_alpha_only,active,2020,897,0.005607105383755362,1295.9,False,,,,,,,,,
bt_dkgrec_alpha_only,active,2020,898,0.0055179557373543795,1297.3,False,,,,,,,,,
bt_dkgrec_alpha_only,active,2020,899,0.005548375627684238,1298.7,False,,,,,,,,,
bt_dkgrec_alpha_only,active,2020,900,0.005534345621177979,1300.0,True,0.01850932967147094,0.03466460494582213,0.08547008547008547,0.12393162393162394,0.024074836812710873,0.03058875064577051,0.03961694960626584,0.0641988679128805,khong cai thien (8/50)
bt_dkgrec_alpha_only,active,2020,901,0.005540449646177081,1301.8,False,,,,,,,,,
bt_dkgrec_alpha_only,active,2020,902,0.005620396978355663,1303.1,False,,,,,,,,,
bt_dkgrec_alpha_only,active,2020,903,0.005566558825465144,1304.5,False,,,,,,,,,
bt_dkgrec_alpha_only,active,2020,904,0.00555504070532121,1305.9,False,,,,,,,,,
bt_dkgrec_alpha_only,active,2020,905,0.005484001094003521,1307.2,True,0.018497790189132116,0.03457228908711155,0.08547008547008547,0.11965811965811966,0.023137325643306814,0.02949205784112118,0.03961694960626584,0.06307426152511623,khong cai thien (9/50)
bt_dkgrec_alpha_only,active,2020,906,0.005630884352343621,1309.1,False,,,,,,,,,
bt_dkgrec_alpha_only,active,2020,907,0.005571861638422008,1310.5,False,,,,,,,,,
bt_dkgrec_alpha_only,active,2020,908,0.00553387316205978,1311.8,False,,,,,,,,,
bt_dkgrec_alpha_only,active,2020,909,0.005591695409063122,1313.2,False,,,,,,,,,
bt_dkgrec_alpha_only,active,2020,910,0.005469385661641318,1314.6,True,0.018440092777438005,0.034629986498805665,0.08547008547008547,0.11965811965811966,0.023026391972906853,0.02887338298481217,0.03961694960626584,0.061682135132989833,khong cai thien (10/50)
bt_dkgrec_alpha_only,active,2020,911,0.005608368239198844,1316.3,False,,,,,,,,,
bt_dkgrec_alpha_only,active,2020,912,0.005552907358974254,1317.7,False,,,,,,,,,
bt_dkgrec_alpha_only,active,2020,913,0.005599287536199529,1319.0,False,,,,,,,,,
bt_dkgrec_alpha_only,active,2020,914,0.005555651099986689,1320.4,False,,,,,,,,,
bt_dkgrec_alpha_only,active,2020,915,0.005548692540125685,1321.8,True,0.018290079507033315,0.03453767064009509,0.07264957264957266,0.1282051282051282,0.02167447295920048,0.030099654438846463,0.03787056564834343,0.06738014083099553,khong cai thien (11/50)
bt_dkgrec_alpha_only,active,2020,916,0.0055090617281085275,1323.6,False,,,,,,,,,
bt_dkgrec_alpha_only,active,2020,917,0.005567274739450968,1325.0,False,,,,,,,,,
bt_dkgrec_alpha_only,active,2020,918,0.005573404928083885,1326.3,False,,,,,,,,,
bt_dkgrec_alpha_only,active,2020,919,0.005567022015090642,1327.7,False,,,,,,,,,
bt_dkgrec_alpha_only,active,2020,920,0.005586823989721407,1329.0,True,0.018290079507033315,0.03460690753412802,0.07264957264957266,0.1282051282051282,0.020764963511700308,0.030115899098831993,0.034309312087089865,0.06806001651087121,khong cai thien (12/50)
bt_dkgrec_alpha_only,active,2020,921,0.005511257150274716,1330.8,False,,,,,,,,,
bt_dkgrec_alpha_only,active,2020,922,0.005566535735622489,1332.1,False,,,,,,,,,
bt_dkgrec_alpha_only,active,2020,923,0.005471408755513034,1333.5,False,,,,,,,,,
bt_dkgrec_alpha_only,active,2020,924,0.005464616337909264,1334.9,False,,,,,,,,,
bt_dkgrec_alpha_only,active,2020,925,0.005583959355816765,1336.3,True,0.01841701381276036,0.034629986498805665,0.07692307692307693,0.12393162393162394,0.02086338412233556,0.02921358802866703,0.03436410060341684,0.06417501262586732,khong cai thien (13/50)
bt_dkgrec_alpha_only,active,2020,926,0.005486065513440934,1338.1,False,,,,,,,,,
bt_dkgrec_alpha_only,active,2020,927,0.005488508715190964,1339.5,False,,,,,,,,,
bt_dkgrec_alpha_only,active,2020,928,0.005511568523690736,1340.9,False,,,,,,,,,
bt_dkgrec_alpha_only,active,2020,929,0.005505674883837796,1342.2,False,,,,,,,,,
bt_dkgrec_alpha_only,active,2020,930,0.005460427064353773,1343.6,True,0.018290079507033315,0.03473384183985506,0.07692307692307693,0.1282051282051282,0.021986091228029143,0.03127315011746817,0.035733813511591286,0.0691607676116223,khong cai thien (14/50)
bt_dkgrec_alpha_only,active,2020,931,0.0054826635860975685,1345.4,False,,,,,,,,,
bt_dkgrec_alpha_only,active,2020,932,0.005610919086949402,1346.7,False,,,,,,,,,
bt_dkgrec_alpha_only,active,2020,933,0.005557329708192468,1348.1,False,,,,,,,,,
bt_dkgrec_alpha_only,active,2020,934,0.005590754185312626,1349.5,False,,,,,,,,,
bt_dkgrec_alpha_only,active,2020,935,0.005513654360237043,1350.9,True,0.01832469795404978,0.034976170968970335,0.0811965811965812,0.12393162393162394,0.02191498094252424,0.03109142240933408,0.03578860202791827,0.0689470923979471,khong cai thien (15/50)
bt_dkgrec_alpha_only,active,2020,936,0.005540501156024832,1352.7,False,,,,,,,,,
bt_dkgrec_alpha_only,active,2020,937,0.005498177671990733,1354.1,False,,,,,,,,,
bt_dkgrec_alpha_only,active,2020,938,0.005574779428370406,1355.4,False,,,,,,,,,
bt_dkgrec_alpha_only,active,2020,939,0.005453131221694124,1356.8,False,,,,,,,,,
bt_dkgrec_alpha_only,active,2020,940,0.005444732538293362,1358.1,True,0.018382395365743893,0.034987710451309155,0.0811965811965812,0.11965811965811966,0.021935104162386497,0.030907461857426197,0.03578860202791827,0.06867999838085308,khong cai thien (16/50)
bt_dkgrec_alpha_only,active,2020,941,0.005486788010868263,1359.9,False,,,,,,,,,
bt_dkgrec_alpha_only,active,2020,942,0.005461014509046936,1361.3,False,,,,,,,,,
bt_dkgrec_alpha_only,active,2020,943,0.005449708004229531,1362.6,False,,,,,,,,,
bt_dkgrec_alpha_only,active,2020,944,0.005462003275499012,1364.0,False,,,,,,,,,
bt_dkgrec_alpha_only,active,2020,945,0.005450461935389146,1365.4,True,0.018336237436388604,0.034999249933647975,0.08547008547008547,0.12393162393162394,0.02196663732992731,0.03063534448570487,0.03621595245526869,0.06889230388162011,khong cai thien (17/50)
bt_dkgrec_alpha_only,active,2020,946,0.005474848615911207,1367.2,False,,,,,,,,,
bt_dkgrec_alpha_only,active,2020,947,0.005521571472432759,1368.6,False,,,,,,,,,
bt_dkgrec_alpha_only,active,2020,948,0.00553973184658534,1369.9,False,,,,,,,,,
bt_dkgrec_alpha_only,active,2020,949,0.005524510048689625,1371.3,False,,,,,,,,,
bt_dkgrec_alpha_only,active,2020,950,0.005530064419458211,1372.7,True,0.01841701381276036,0.03496463148663151,0.08547008547008547,0.1282051282051282,0.02234265642284902,0.031744723215117975,0.036604452843769085,0.07316580815512438,khong cai thien (18/50)
bt_dkgrec_alpha_only,active,2020,951,0.005439668247988474,1374.4,False,,,,,,,,,
bt_dkgrec_alpha_only,active,2020,952,0.005476635690718982,1375.8,False,,,,,,,,,
bt_dkgrec_alpha_only,active,2020,953,0.005465744179799929,1377.1,False,,,,,,,,,
bt_dkgrec_alpha_only,active,2020,954,0.00557190701742296,1378.5,False,,,,,,,,,
bt_dkgrec_alpha_only,active,2020,955,0.0054634180337996725,1379.9,True,0.01850932967147094,0.03510310527469738,0.08547008547008547,0.11965811965811966,0.021178180953806372,0.02884122675656154,0.03621595245526869,0.06461879960811584,khong cai thien (19/50)
bt_dkgrec_alpha_only,active,2020,956,0.005480776673081292,1381.6,False,,,,,,,,,
bt_dkgrec_alpha_only,active,2020,957,0.005444023962576234,1383.0,False,,,,,,,,,
bt_dkgrec_alpha_only,active,2020,958,0.005485338404494686,1384.3,False,,,,,,,,,
bt_dkgrec_alpha_only,active,2020,959,0.005503104410083737,1385.7,False,,,,,,,,,
bt_dkgrec_alpha_only,active,2020,960,0.005486585537035283,1387.1,True,0.018670882424214448,0.03529927647445735,0.0811965811965812,0.12393162393162394,0.0220185274497562,0.03095307543176286,0.03616116393894172,0.06889230388162011,khong cai thien (20/50)
bt_dkgrec_alpha_only,active,2020,961,0.005427276621806989,1388.8,False,,,,,,,,,
bt_dkgrec_alpha_only,active,2020,962,0.00547888374108874,1390.2,False,,,,,,,,,
bt_dkgrec_alpha_only,active,2020,963,0.005466844379648168,1391.5,False,,,,,,,,,
bt_dkgrec_alpha_only,active,2020,964,0.0054380571182328545,1392.9,False,,,,,,,,,
bt_dkgrec_alpha_only,active,2020,965,0.005501106012076235,1394.3,True,0.018670882424214448,0.035333894921473825,0.07692307692307693,0.1111111111111111,0.021010371131315323,0.028136477990734612,0.03402441180218958,0.05922213074990853,khong cai thien (21/50)
bt_dkgrec_alpha_only,active,2020,966,0.005444137638026532,1396.0,False,,,,,,,,,
bt_dkgrec_alpha_only,active,2020,967,0.005453511776638692,1397.4,False,,,,,,,,,
bt_dkgrec_alpha_only,active,2020,968,0.005466120655341598,1398.7,False,,,,,,,,,
bt_dkgrec_alpha_only,active,2020,969,0.005432684081519855,1400.1,False,,,,,,,,,
bt_dkgrec_alpha_only,active,2020,970,0.005438209183369421,1401.5,True,0.01871704035356974,0.035564684568250265,0.0811965811965812,0.11538461538461539,0.021874267659185997,0.029113191153807606,0.03616116393894172,0.0634956350234128,khong cai thien (22/50)
bt_dkgrec_alpha_only,active,2020,971,0.005416774731924253,1403.2,False,,,,,,,,,
bt_dkgrec_alpha_only,active,2020,972,0.0054927815446626695,1404.6,False,,,,,,,,,
bt_dkgrec_alpha_only,active,2020,973,0.0054293630135680135,1406.0,False,,,,,,,,,
bt_dkgrec_alpha_only,active,2020,974,0.005428353926965305,1407.4,False,,,,,,,,,
bt_dkgrec_alpha_only,active,2020,975,0.005413792902261568,1408.7,True,0.01865934294187563,0.03581855317970436,0.08547008547008547,0.1111111111111111,0.02249567374451129,0.027771572468839496,0.038297916075693855,0.05883363036140814,khong cai thien (23/50)
bt_dkgrec_alpha_only,active,2020,976,0.0054157323228569264,1410.5,False,,,,,,,,,
bt_dkgrec_alpha_only,active,2020,977,0.005387647862079703,1411.8,False,,,,,,,,,
bt_dkgrec_alpha_only,active,2020,978,0.005448657790119584,1413.2,False,,,,,,,,,
bt_dkgrec_alpha_only,active,2020,979,0.0054369179008864075,1414.5,False,,,,,,,,,
bt_dkgrec_alpha_only,active,2020,980,0.005444142891766489,1415.9,True,0.018693961388892094,0.03580701369736554,0.07692307692307693,0.11538461538461539,0.021221527411421717,0.028803937384964888,0.03562697590475368,0.0634956350234128,khong cai thien (24/50)
bt_dkgrec_alpha_only,active,2020,981,0.005451564177302037,1417.7,False,,,,,,,,,
bt_dkgrec_alpha_only,active,2020,982,0.005406074942458736,1419.0,False,,,,,,,,,
bt_dkgrec_alpha_only,active,2020,983,0.005439212100302598,1420.4,False,,,,,,,,,
bt_dkgrec_alpha_only,active,2020,984,0.005482187673595318,1421.8,False,,,,,,,,,
bt_dkgrec_alpha_only,active,2020,985,0.005405064567855353,1423.1,True,0.018705500871230917,0.03588779007373729,0.07692307692307693,0.11965811965811966,0.02186459877637827,0.030091415752082663,0.03562697590475368,0.06484891137668915,khong cai thien (25/50)
bt_dkgrec_alpha_only,active,2020,986,0.005406900698917915,1424.9,False,,,,,,,,,
bt_dkgrec_alpha_only,active,2020,987,0.005375700741877199,1426.2,False,,,,,,,,,
bt_dkgrec_alpha_only,active,2020,988,0.005387672527553314,1427.6,False,,,,,,,,,
bt_dkgrec_alpha_only,active,2020,989,0.005435034100952985,1428.9,False,,,,,,,,,
bt_dkgrec_alpha_only,active,2020,990,0.005394268012804687,1430.3,True,0.01871704035356974,0.03595702696777023,0.07692307692307693,0.12393162393162394,0.021638932809570285,0.03092548181267461,0.03562697590475368,0.06905119057896836,khong cai thien (26/50)
bt_dkgrec_alpha_only,active,2020,991,0.005359519644828725,1432.2,False,,,,,,,,,
bt_dkgrec_alpha_only,active,2020,992,0.005392971498604559,1433.6,False,,,,,,,,,
bt_dkgrec_alpha_only,active,2020,993,0.00548090083774036,1434.9,False,,,,,,,,,
bt_dkgrec_alpha_only,active,2020,994,0.0054087557581219275,1436.3,False,,,,,,,,,
bt_dkgrec_alpha_only,active,2020,995,0.005398914630635839,1437.6,True,0.018740119318247383,0.03578393473268789,0.07692307692307693,0.12393162393162394,0.021644199816193404,0.030951217946281244,0.03546671949449726,0.06905119057896836,khong cai thien (27/50)
bt_dkgrec_alpha_only,active,2020,996,0.0054110260950109195,1439.4,False,,,,,,,,,
bt_dkgrec_alpha_only,active,2020,997,0.005396382238588476,1440.7,False,,,,,,,,,
bt_dkgrec_alpha_only,active,2020,998,0.005447568043949317,1442.1,False,,,,,,,,,
bt_dkgrec_alpha_only,active,2020,999,0.005489805150182421,1443.4,False,,,,,,,,,
bt_dkgrec_alpha_only,active,2020,1000,0.005413933078998619,1444.8,True,0.01871704035356974,0.03566853990929967,0.07692307692307693,0.12393162393162394,0.02247140339053681,0.031943389770912475,0.03546671949449726,0.06905119057896836,khong cai thien (28/50)
