model,cohort,seed,epoch,loss,seconds,evaluated,valid_coverage@10,valid_coverage@20,valid_hit_rate@10,valid_hit_rate@20,valid_ndcg@10,valid_ndcg@20,valid_recall@10,valid_recall@20,note
lightgcn,active,2021,1,0.6786162668015894,1.1,False,,,,,,,,,
lightgcn,active,2021,2,0.6595712131578322,1.7,False,,,,,,,,,
lightgcn,active,2021,3,0.6202822484661435,2.4,False,,,,,,,,,
lightgcn,active,2021,4,0.5552583220471553,3.0,False,,,,,,,,,
lightgcn,active,2021,5,0.47606785629579557,3.7,True,0.0042465295006866,0.007696834719994461,0.029914529914529916,0.04700854700854701,0.005976650462983859,0.008116819501473879,0.007512380136649143,0.014446011058134313,best
lightgcn,active,2021,6,0.39856538182127327,4.7,False,,,,,,,,,
lightgcn,active,2021,7,0.3328134906155194,5.4,False,,,,,,,,,
lightgcn,active,2021,8,0.2808513137635145,6.0,False,,,,,,,,,
lightgcn,active,2021,9,0.241094151208526,6.7,False,,,,,,,,,
lightgcn,active,2021,10,0.21014021570755828,7.3,True,0.004719648276578313,0.008631532789439065,0.03418803418803419,0.05982905982905983,0.007919731301226399,0.010458370630962461,0.012194940374764937,0.01934161902391772,best
lightgcn,active,2021,11,0.1850031229641122,8.4,False,,,,,,,,,
lightgcn,active,2021,12,0.16322831732868354,9.0,False,,,,,,,,,
lightgcn,active,2021,13,0.1479853650382179,9.7,False,,,,,,,,,
lightgcn,active,2021,14,0.13323089090679446,10.3,False,,,,,,,,,
lightgcn,active,2021,15,0.1215469443929713,11.0,True,0.006035149263204052,0.010916350292525877,0.05128205128205128,0.0641025641025641,0.01036732081221405,0.011803812998384405,0.013188090940565073,0.01971273913187993,best
lightgcn,active,2021,16,0.11104293737716979,12.2,False,,,,,,,,,
lightgcn,active,2021,17,0.10243888040669276,12.9,False,,,,,,,,,
lightgcn,active,2021,18,0.09285242205651549,13.6,False,,,,,,,,,
lightgcn,active,2021,19,0.08716876188196401,14.3,False,,,,,,,,,
lightgcn,active,2021,20,0.08126961021408416,14.9,True,0.006992926297326302,0.012947299184158599,0.042735042735042736,0.0641025641025641,0.010068073892991058,0.011998563491881331,0.012495624970321325,0.01972580274143477,best
lightgcn,active,2021,21,0.07674354822946003,15.9,False,,,,,,,,,
lightgcn,active,2021,22,0.07153851053794483,16.6,False,,,,,,,,,
lightgcn,active,2021,23,0.06768699028921298,17.2,False,,,,,,,,,
lightgcn,active,2021,24,0.06425227350457247,17.9,False,,,,,,,,,
lightgcn,active,2021,25,0.06004246860573081,18.5,True,0.007869926955076795,0.014412813441189028,0.05128205128205128,0.0811965811965812,0.010700186500672426,0.015200082624234815,0.013722278974753107,0.03338039863287277,best
lightgcn,active,2021,26,0.05695450665866455,19.6,False,,,,,,,,,
lightgcn,active,2021,27,0.05462898917426908,20.2,False,,,,,,,,,
lightgcn,active,2021,28,0.0518652192514263,20.9,False,,,,,,,,,
lightgcn,active,2021,29,0.04971429123841592,21.5,False,,,,,,,,,
lightgcn,active,2021,30,0.047891137030734304,22.2,True,0.00825072987225793,0.015451366851683034,0.05128205128205128,0.08547008547008547,0.010186715291564527,0.015492782784502345,0.013722278974753107,0.034148879664511696,best
lightgcn,active,2021,31,0.04576695433456923,23.2,False,,,,,,,,,
lightgcn,active,2021,32,0.0436569443404538,23.9,False,,,,,,,,,
lightgcn,active,2021,33,0.04171300188678858,24.5,False,,,,,,,,,
lightgcn,active,2021,34,0.040810841612385566,25.2,False,,,,,,,,,
lightgcn,active,2021,35,0.03959592982099116,25.9,True,0.008562295895406132,0.016120656827334726,0.05555555555555555,0.0811965811965812,0.01166458966253967,0.015646666281928442,0.01799578324825738,0.03343662895226098,best
lightgcn,active,2021,36,0.037766743907813635,27.1,False,,,,,,,,,
lightgcn,active,2021,37,0.03683534992747283,27.8,False,,,,,,,,,
lightgcn,active,2021,38,0.0357022622233083,28.4,False,,,,,,,,,
lightgcn,active,2021,39,0.034621553022701854,29.1,False,,,,,,,,,
lightgcn,active,2021,40,0.03326023499880476,29.7,True,0.009046954153636667,0.016997657485085218,0.04700854700854701,0.0811965811965812,0.011254109350383975,0.0158664666725606,0.01789782802209703,0.03343662895226098,best
lightgcn,active,2021,41,0.03252123968057769,30.8,False,,,,,,,,,
lightgcn,active,2021,42,0.031555452738093695,31.4,False,,,,,,,,,
lightgcn,active,2021,43,0.03045951870637942,32.1,False,,,,,,,,,
lightgcn,active,2021,44,0.029936658829846082,32.7,False,,,,,,,,,
lightgcn,active,2021,45,0.029240385196963696,33.4,True,0.009381599141462514,0.017493855225654577,0.04700854700854701,0.07264957264957266,0.01115116182738783,0.015487564085559402,0.01789782802209703,0.03333867372610062,khong cai thien (1/50)
lightgcn,active,2021,46,0.028189667705703584,34.4,False,,,,,,,,,
lightgcn,active,2021,47,0.028329230253051996,35.1,False,,,,,,,,,
lightgcn,active,2021,48,0.027169485855603002,35.7,False,,,,,,,,,
lightgcn,active,2021,49,0.02612906919010286,36.4,False,,,,,,,,,
lightgcn,active,2021,50,0.02544472309850882,37.0,True,0.009681625682271893,0.018105447789612157,0.042735042735042736,0.07692307692307693,0.010824482395838277,0.01647655203638966,0.017841597702708812,0.0376121779996049,best
lightgcn,active,2021,51,0.025574351808639626,38.1,False,,,,,,,,,
lightgcn,active,2021,52,0.024533164854901868,38.8,False,,,,,,,,,
lightgcn,active,2021,53,0.024098388605357225,39.5,False,,,,,,,,,
lightgcn,active,2021,54,0.023986139277304152,40.2,False,,,,,,,,,
lightgcn,active,2021,55,0.022948011220296268,40.9,True,0.009900875846709517,0.018532408636148582,0.042735042735042736,0.08547008547008547,0.011024921779265997,0.0171034601195984,0.017841597702708812,0.03818953274362631,best
lightgcn,active,2021,56,0.02290700694067541,42.0,False,,,,,,,,,
lightgcn,active,2021,57,0.022327216350992652,42.6,False,,,,,,,,,
lightgcn,active,2021,58,0.021960970734880684,43.2,False,,,,,,,,,
lightgcn,active,2021,59,0.021688902518153072,43.9,False,,,,,,,,,
lightgcn,active,2021,60,0.020817267213752596,44.5,True,0.010200902387518897,0.019109382753089696,0.05128205128205128,0.0811965811965812,0.012581952870609545,0.016367710101338855,0.022171332295601302,0.03426136214878905,khong cai thien (1/50)
lightgcn,active,2021,61,0.02080780433621483,45.5,False,,,,,,,,,
lightgcn,active,2021,62,0.020043729822975653,46.2,False,,,,,,,,,
lightgcn,active,2021,63,0.020207756984831717,46.8,False,,,,,,,,,
lightgcn,active,2021,64,0.01972972747920603,47.5,False,,,,,,,,,
lightgcn,active,2021,65,0.0189576912084297,48.1,True,0.01047784996365063,0.019420948776237897,0.04700854700854701,0.0811965811965812,0.012260865317439171,0.016358388360158845,0.022115101976213088,0.03426136214878905,khong cai thien (2/50)
lightgcn,active,2021,66,0.01862473999102484,49.2,False,,,,,,,,,
lightgcn,active,2021,67,0.01868731790852642,49.8,False,,,,,,,,,
lightgcn,active,2021,68,0.018605545726166968,50.5,False,,,,,,,,,
lightgcn,active,2021,69,0.017779732893366238,51.1,False,,,,,,,,,
lightgcn,active,2021,70,0.017546386437143034,51.8,True,0.010662481681071787,0.01974405428172492,0.04700854700854701,0.08547008547008547,0.012341157670824793,0.017343912225620137,0.022115101976213088,0.038478636102905105,best
lightgcn,active,2021,71,0.01756605147435325,53.0,False,,,,,,,,,
lightgcn,active,2021,72,0.017475925212270385,53.7,False,,,,,,,,,
lightgcn,active,2021,73,0.01687407856117646,54.4,False,,,,,,,,,
lightgcn,active,2021,74,0.01658677724766696,55.0,False,,,,,,,,,
lightgcn,active,2021,75,0.016282449288909477,55.7,True,0.010870192363170588,0.020297949433988393,0.05128205128205128,0.0811965811965812,0.012819572587833854,0.016386585812138803,0.02353960340071451,0.03427296523056757,khong cai thien (1/50)
lightgcn,active,2021,76,0.01646109417308041,56.7,False,,,,,,,,,
lightgcn,active,2021,77,0.016265274587059324,57.4,False,,,,,,,,,
lightgcn,active,2021,78,0.015531109485338491,58.0,False,,,,,,,,,
lightgcn,active,2021,79,0.01614100710454263,58.7,False,,,,,,,,,
lightgcn,active,2021,80,0.015680225470876157,59.3,True,0.011147139939302322,0.020736449762863637,0.0641025641025641,0.0811965811965812,0.014338847989078286,0.016635422485055958,0.026266773891042892,0.03427296523056757,khong cai thien (2/50)
lightgcn,active,2021,81,0.015112665579942917,60.4,False,,,,,,,,,
lightgcn,active,2021,82,0.014891270841583757,61.0,False,,,,,,,,,
lightgcn,active,2021,83,0.015038068407626375,61.7,False,,,,,,,,,
lightgcn,active,2021,84,0.014306979395956156,62.3,False,,,,,,,,,
lightgcn,active,2021,85,0.014272763891802244,63.0,True,0.011239455798012901,0.020759528727541283,0.0641025641025641,0.0811965811965812,0.014088188446908385,0.01628512126647914,0.026266773891042892,0.03420513182940083,khong cai thien (3/50)
lightgcn,active,2021,86,0.014303966600769583,64.0,False,,,,,,,,,
lightgcn,active,2021,87,0.01397076589000831,64.7,False,,,,,,,,,
lightgcn,active,2021,88,0.014013459749716385,65.4,False,,,,,,,,,
lightgcn,active,2021,89,0.014229266811421542,66.1,False,,,,,,,,,
lightgcn,active,2021,90,0.013689989832421671,66.8,True,0.011424087515434058,0.02140573973851533,0.05982905982905983,0.07692307692307693,0.013871291411748705,0.0161640838526556,0.02621054357165468,0.03414890151001262,khong cai thien (4/50)
lightgcn,active,2021,91,0.01362905203611611,68.0,False,,,,,,,,,
lightgcn,active,2021,92,0.013335620703388664,68.6,False,,,,,,,,,
lightgcn,active,2021,93,0.013376713531076619,69.3,False,,,,,,,,,
lightgcn,active,2021,94,0.012950090526905818,69.9,False,,,,,,,,,
lightgcn,active,2021,95,0.013144478144707906,70.6,True,0.011643337679871682,0.021728845244002353,0.05982905982905983,0.0811965811965812,0.013996868885165529,0.016431956146153497,0.02621054357165468,0.0342036900263396,khong cai thien (5/50)
lightgcn,active,2021,96,0.012732975028044925,71.6,False,,,,,,,,,
lightgcn,active,2021,97,0.012690551219902091,72.3,False,,,,,,,,,
lightgcn,active,2021,98,0.012813841330089034,72.9,False,,,,,,,,,
lightgcn,active,2021,99,0.01227379283976079,73.6,False,,,,,,,,,
lightgcn,active,2021,100,0.012060538235800139,74.2,True,0.01168949560922697,0.022098108678844666,0.05982905982905983,0.07692307692307693,0.014036451946885796,0.016325747130856473,0.02621054357165468,0.03414890151001262,khong cai thien (6/50)
lightgcn,active,2021,101,0.012358312177353767,75.3,False,,,,,,,,,
lightgcn,active,2021,102,0.01193677570578669,75.9,False,,,,,,,,,
lightgcn,active,2021,103,0.011638033289076638,76.5,False,,,,,,,,,
lightgcn,active,2021,104,0.01189833975330421,77.2,False,,,,,,,,,
lightgcn,active,2021,105,0.011958096138740151,77.8,True,0.011827969397292838,0.02236351677263758,0.05982905982905983,0.0811965811965812,0.01430868088866687,0.016926633830889243,0.026531210558988334,0.034605235299679744,khong cai thien (7/50)
lightgcn,active,2021,106,0.011560253076814693,79.0,False,,,,,,,,,
lightgcn,active,2021,107,0.011613906536021276,79.6,False,,,,,,,,,
lightgcn,active,2021,108,0.011054746363424484,80.3,False,,,,,,,,,
lightgcn,active,2021,109,0.011062966373579643,81.1,False,,,,,,,,,
lightgcn,active,2021,110,0.01129738930827238,81.7,True,0.011977982667697527,0.02267508279578578,0.05982905982905983,0.0811965811965812,0.014224706622337885,0.017758380282282448,0.026531210558988334,0.03884975621086732,best
lightgcn,active,2021,111,0.011024150160550647,82.8,False,,,,,,,,,
lightgcn,active,2021,112,0.011248392150198407,83.4,False,,,,,,,,,
lightgcn,active,2021,113,0.010786389151241565,84.1,False,,,,,,,,,
lightgcn,active,2021,114,0.010723663917454763,84.7,False,,,,,,,,,
lightgcn,active,2021,115,0.010939555629671194,85.3,True,0.012185693349796328,0.02303280674828927,0.05982905982905983,0.08547008547008547,0.014115745362717652,0.01809463418237591,0.026531210558988334,0.0396267569878681,best
lightgcn,active,2021,116,0.010543864397133637,86.4,False,,,,,,,,,
lightgcn,active,2021,117,0.01048272319503804,87.0,False,,,,,,,,,
lightgcn,active,2021,118,0.010507259548252722,87.6,False,,,,,,,,,
lightgcn,active,2021,119,0.010391804255495558,88.3,False,,,,,,,,,
lightgcn,active,2021,120,0.010220896572259941,88.9,True,0.012404943514233952,0.023194359501032782,0.0641025641025641,0.08547008547008547,0.014790439088450735,0.018053400738409636,0.02866796269574047,0.0396267569878681,khong cai thien (1/50)
lightgcn,active,2021,121,0.010247781280771636,89.9,False,,,,,,,,,
lightgcn,active,2021,122,0.010209180106264914,90.6,False,,,,,,,,,
lightgcn,active,2021,123,0.01023497162195328,91.2,False,,,,,,,,,
lightgcn,active,2021,124,0.009928324846094181,91.9,False,,,,,,,,,
lightgcn,active,2021,125,0.009818480429285823,92.6,True,0.012578035749316286,0.023598241382891565,0.05982905982905983,0.08547008547008547,0.014049812649897468,0.01802982472538528,0.026531210558988334,0.03961515390608958,khong cai thien (2/50)
lightgcn,active,2021,126,0.009790950427406183,93.7,False,,,,,,,,,
lightgcn,active,2021,127,0.010087692756198073,94.4,False,,,,,,,,,
lightgcn,active,2021,128,0.009868228398889473,95.1,False,,,,,,,,,
lightgcn,active,2021,129,0.009837712026108223,95.8,False,,,,,,,,,
lightgcn,active,2021,130,0.00961299523939911,96.4,True,0.01279728591375391,0.023644399312246853,0.05982905982905983,0.0811965811965812,0.014375614141715376,0.01714726074585234,0.026531210558988334,0.03514296917074695,khong cai thien (3/50)
lightgcn,active,2021,131,0.009719202011287823,97.4,False,,,,,,,,,
lightgcn,active,2021,132,0.009656715210093824,98.1,False,,,,,,,,,
lightgcn,active,2021,133,0.009465863386464468,98.7,False,,,,,,,,,
lightgcn,active,2021,134,0.00941380729169767,99.4,False,,,,,,,,,
lightgcn,active,2021,135,0.008971439386664072,100.0,True,0.012843443843109198,0.024013662747089166,0.05982905982905983,0.07692307692307693,0.014344566626160946,0.017123048163162763,0.026531210558988334,0.03528541931319709,khong cai thien (4/50)
lightgcn,active,2021,136,0.009541817182799582,101.0,False,,,,,,,,,
lightgcn,active,2021,137,0.009369383075105462,101.7,False,,,,,,,,,
lightgcn,active,2021,138,0.009194949258525155,102.3,False,,,,,,,,,
lightgcn,active,2021,139,0.00910412170831833,102.9,False,,,,,,,,,
lightgcn,active,2021,140,0.008880837580655828,103.6,True,0.012993457113513887,0.02424445239386561,0.05982905982905983,0.07692307692307693,0.014673224453418836,0.017477533095345416,0.026531210558988334,0.03528541931319709,khong cai thien (5/50)
lightgcn,active,2021,141,0.009052862420326362,104.6,False,,,,,,,,,
lightgcn,active,2021,142,0.008701199787522292,105.3,False,,,,,,,,,
lightgcn,active,2021,143,0.0085842411306966,106.0,False,,,,,,,,,
lightgcn,active,2021,144,0.008579247890018247,106.7,False,,,,,,,,,
lightgcn,active,2021,145,0.008903487256935431,107.4,True,0.013085772972224467,0.024325228770237368,0.05982905982905983,0.0811965811965812,0.01445724621275956,0.018222965682808342,0.026531210558988334,0.039558923586701364,best
lightgcn,active,2021,146,0.00888461098951413,108.6,False,,,,,,,,,
lightgcn,active,2021,147,0.008799171329586412,109.2,False,,,,,,,,,
lightgcn,active,2021,148,0.008512282310765536,109.8,False,,,,,,,,,
lightgcn,active,2021,149,0.00862102307399218,110.5,False,,,,,,,,,
lightgcn,active,2021,150,0.008493047931046603,111.1,True,0.0132588652073068,0.02445216307596441,0.05982905982905983,0.08547008547008547,0.014901719641105263,0.01978424766719466,0.026531210558988334,0.043832427860205636,best
lightgcn,active,2021,151,0.008208486566399914,112.2,False,,,,,,,,,
lightgcn,active,2021,152,0.008518605741595952,112.8,False,,,,,,,,,
lightgcn,active,2021,153,0.00850730775189463,113.4,False,,,,,,,,,
lightgcn,active,2021,154,0.008385980374764916,114.1,False,,,,,,,,,
lightgcn,active,2021,155,0.008493900634371197,114.7,True,0.01335118106601738,0.024856044957823193,0.05982905982905983,0.08547008547008547,0.014522366493736885,0.01917385558089393,0.026531210558988334,0.04340507743285521,khong cai thien (1/50)
lightgcn,active,2021,156,0.008229166159454819,115.7,False,,,,,,,,,
lightgcn,active,2021,157,0.008037834285410356,116.4,False,,,,,,,,,
lightgcn,active,2021,158,0.008313249898311038,117.0,False,,,,,,,,,
lightgcn,active,2021,159,0.008072113213678027,117.7,False,,,,,,,,,
lightgcn,active,2021,160,0.00815767217563951,118.3,True,0.013489654854083245,0.025075295122260817,0.05555555555555555,0.08974358974358974,0.014310543403604235,0.020417101897266546,0.026264116541894318,0.04810593213370991,best
lightgcn,active,2021,161,0.007781741108363325,119.5,False,,,,,,,,,
lightgcn,active,2021,162,0.00810604899431229,120.2,False,,,,,,,,,
lightgcn,active,2021,163,0.007858685654631648,120.8,False,,,,,,,,,
lightgcn,active,2021,164,0.007801563926469997,121.5,False,,,,,,,,,
lightgcn,active,2021,165,0.00760388045373548,122.2,True,0.013489654854083245,0.02538686114540902,0.05982905982905983,0.08547008547008547,0.013897922884218313,0.018321812864911753,0.026531210558988334,0.043016577044354826,khong cai thien (1/50)
lightgcn,active,2021,166,0.007854893146166364,123.2,False,,,,,,,,,
lightgcn,active,2021,167,0.00778677303958113,123.9,False,,,,,,,,,
lightgcn,active,2021,168,0.007588184007513059,124.5,False,,,,,,,,,
lightgcn,active,2021,169,0.0076967156875527454,125.2,False,,,,,,,,,
lightgcn,active,2021,170,0.0074927008096681525,125.8,True,0.013628128642149113,0.025398400627747838,0.05982905982905983,0.08547008547008547,0.013947251369661087,0.018552756681238305,0.026531210558988334,0.04340507743285521,khong cai thien (2/50)
lightgcn,active,2021,171,0.007570706837319011,126.8,False,,,,,,,,,
lightgcn,active,2021,172,0.007551972609564966,127.5,False,,,,,,,,,
lightgcn,active,2021,173,0.007427389326341999,128.1,False,,,,,,,,,
lightgcn,active,2021,174,0.007357857739062008,128.8,False,,,,,,,,,
lightgcn,active,2021,175,0.007461290884995755,129.4,True,0.013847378806586737,0.025721506133234862,0.0641025641025641,0.08547008547008547,0.01418275149331508,0.01862744573749397,0.026919710947488722,0.04340507743285521,khong cai thien (3/50)
lightgcn,active,2021,176,0.007738935321800282,130.5,False,,,,,,,,,
lightgcn,active,2021,177,0.007286011863036655,131.1,False,,,,,,,,,
lightgcn,active,2021,178,0.007306529704517924,131.7,False,,,,,,,,,
lightgcn,active,2021,179,0.007426299061572863,132.4,False,,,,,,,,,
lightgcn,active,2021,180,0.007349161025154659,133.1,True,0.013881997253603203,0.02587151940363955,0.0641025641025641,0.08974358974358974,0.013976961838361378,0.018576055136952704,0.026919710947488722,0.04345986594918219,khong cai thien (4/50)
lightgcn,active,2021,181,0.007174729153582174,134.3,False,,,,,,,,,
lightgcn,active,2021,182,0.007190032639838643,135.0,False,,,,,,,,,
lightgcn,active,2021,183,0.007245055135708121,135.7,False,,,,,,,,,
lightgcn,active,2021,184,0.0071981561031566315,136.3,False,,,,,,,,,
lightgcn,active,2021,185,0.007010864001284247,137.0,True,0.013985852594652603,0.02616000646211011,0.0641025641025641,0.08974358974358974,0.013702371035631473,0.018503452059852918,0.026919710947488722,0.04388721637653262,khong cai thien (5/50)
lightgcn,active,2021,186,0.007095129691157488,138.0,False,,,,,,,,,
lightgcn,active,2021,187,0.0069429450376626385,138.6,False,,,,,,,,,
lightgcn,active,2021,188,0.007046769869262721,139.3,False,,,,,,,,,
lightgcn,active,2021,189,0.007068657063984102,139.9,False,,,,,,,,,
lightgcn,active,2021,190,0.007235565058810059,140.6,True,0.014124326382718471,0.026298480250175976,0.05982905982905983,0.08974358974358974,0.013209892024767146,0.018077824740027736,0.026531210558988334,0.04345986594918219,khong cai thien (6/50)
lightgcn,active,2021,191,0.006969729873235027,141.6,False,,,,,,,,,
lightgcn,active,2021,192,0.006842175198468829,142.2,False,,,,,,,,,
lightgcn,active,2021,193,0.007173481901364208,142.9,False,,,,,,,,,
lightgcn,active,2021,194,0.006955127594330638,143.5,False,,,,,,,,,
lightgcn,active,2021,195,0.006756127572190603,144.2,True,0.014205102759090227,0.026540809379291246,0.05982905982905983,0.09401709401709402,0.013354483832745262,0.01852461462356399,0.026531210558988334,0.04372695996627621,khong cai thien (7/50)
lightgcn,active,2021,196,0.006864716385976468,145.2,False,,,,,,,,,
lightgcn,active,2021,197,0.00684005865186361,145.9,False,,,,,,,,,
lightgcn,active,2021,198,0.006968877370635542,146.6,False,,,,,,,,,
lightgcn,active,2021,199,0.006667452701848814,147.3,False,,,,,,,,,
lightgcn,active,2021,200,0.006608547155602671,147.9,True,0.014285879135461983,0.026679283167357112,0.05982905982905983,0.09401709401709402,0.013731540192448717,0.0191507922263699,0.026531210558988334,0.04415431039362663,khong cai thien (8/50)
lightgcn,active,2021,201,0.006502687389639085,149.1,False,,,,,,,,,
lightgcn,active,2021,202,0.006768041421468377,149.7,False,,,,,,,,,
lightgcn,active,2021,203,0.006615441809523216,150.3,False,,,,,,,,,
lightgcn,active,2021,204,0.0067992245543261375,151.0,False,,,,,,,,,
lightgcn,active,2021,205,0.006524387567979252,151.6,True,0.014332037064817272,0.026748520061390047,0.05982905982905983,0.09829059829059829,0.014053583426807278,0.02025728443758,0.026309210336988114,0.04800046423978048,khong cai thien (9/50)
lightgcn,active,2021,206,0.006655460793869033,152.6,False,,,,,,,,,
lightgcn,active,2021,207,0.006475091925479856,153.2,False,,,,,,,,,
lightgcn,active,2021,208,0.006769461452377837,153.9,False,,,,,,,,,
lightgcn,active,2021,209,0.006704837295916275,154.5,False,,,,,,,,,
lightgcn,active,2021,210,0.006526781437605056,155.1,True,0.014447431888205495,0.026956230743488848,0.05982905982905983,0.09401709401709402,0.014289834013939982,0.020091124648755017,0.026309210336988114,0.04734486983418607,khong cai thien (10/50)
lightgcn,active,2021,211,0.006544964986859499,156.1,False,,,,,,,,,
lightgcn,active,2021,212,0.006609354314309018,156.7,False,,,,,,,,,
lightgcn,active,2021,213,0.00628946616223005,157.4,False,,,,,,,,,
lightgcn,active,2021,214,0.006402387970505701,158.0,False,,,,,,,,,
lightgcn,active,2021,215,0.006624554869200435,158.6,True,0.014482050335221961,0.027002388672844137,0.05982905982905983,0.08974358974358974,0.014460622914600886,0.019334598956505633,0.026309210336988114,0.0430713655606818,khong cai thien (11/50)
lightgcn,active,2021,216,0.006251693880547965,159.7,False,,,,,,,,,
lightgcn,active,2021,217,0.006323423882985839,160.4,False,,,,,,,,,
lightgcn,active,2021,218,0.006505610978022688,161.1,False,,,,,,,,,
lightgcn,active,2021,219,0.00652425077793244,161.8,False,,,,,,,,,
lightgcn,active,2021,220,0.0063837534482989655,162.4,True,0.014412813441189028,0.02708316504921589,0.05982905982905983,0.08974358974358974,0.014239163364996954,0.019180732450114753,0.026309210336988114,0.04372882775660554,khong cai thien (12/50)
lightgcn,active,2021,221,0.0061998059439239165,163.4,False,,,,,,,,,
lightgcn,active,2021,222,0.006590028454680313,164.0,False,,,,,,,,,
lightgcn,active,2021,223,0.006206894144352592,164.6,False,,,,,,,,,
lightgcn,active,2021,224,0.006133591452171471,165.3,False,,,,,,,,,
lightgcn,active,2021,225,0.006149664915072212,165.9,True,0.014551287229254896,0.027256257284298226,0.05982905982905983,0.09401709401709402,0.014518685917292074,0.019586661227426597,0.026309210336988114,0.043995921773699556,khong cai thien (13/50)
lightgcn,active,2021,226,0.006119316920138005,166.9,False,,,,,,,,,
lightgcn,active,2021,227,0.005985354960594964,167.5,False,,,,,,,,,
lightgcn,active,2021,228,0.006102073297585166,168.2,False,,,,,,,,,
lightgcn,active,2021,229,0.005953313800797253,168.8,False,,,,,,,,,
lightgcn,active,2021,230,0.0060103675467879395,169.4,True,0.014632063605626652,0.027360112625347627,0.05982905982905983,0.09829059829059829,0.014372468709501141,0.02047102127868798,0.026309210336988114,0.04826942604720383,best
lightgcn,active,2021,231,0.006268292046497157,170.4,False,,,,,,,,,
lightgcn,active,2021,232,0.006234290287384421,171.0,False,,,,,,,,,
lightgcn,active,2021,233,0.00613051354155359,171.7,False,,,,,,,,,
lightgcn,active,2021,234,0.005977628097899304,172.3,False,,,,,,,,,
lightgcn,active,2021,235,0.006007878931149832,173.0,True,0.01467822153498194,0.027394731072364092,0.0641025641025641,0.09829059829059829,0.015948766863857534,0.02190873005435205,0.03058271461049239,0.052664336692114476,best
lightgcn,active,2021,236,0.005994441232210314,174.2,False,,,,,,,,,
lightgcn,active,2021,237,0.006009651659146769,174.9,False,,,,,,,,,
lightgcn,active,2021,238,0.005795650666477757,175.5,False,,,,,,,,,
lightgcn,active,2021,239,0.006015061942896125,176.1,False,,,,,,,,,
lightgcn,active,2021,240,0.005983934469320734,176.7,True,0.014782076876031341,0.027556283825107605,0.0641025641025641,0.09401709401709402,0.01627141363247429,0.02020445724720412,0.03058271461049239,0.043995921773699556,khong cai thien (1/50)
lightgcn,active,2021,241,0.006097756788430003,177.7,False,,,,,,,,,
lightgcn,active,2021,242,0.005900829764852237,178.4,False,,,,,,,,,
lightgcn,active,2021,243,0.005980951677108095,179.0,False,,,,,,,,,
lightgcn,active,2021,244,0.00585075820675935,179.6,False,,,,,,,,,
lightgcn,active,2021,245,0.005844432861357692,180.3,True,0.014862853252403097,0.027533204860429962,0.05982905982905983,0.08974358974358974,0.015987351719819857,0.019994722172463956,0.030194214221992,0.04372882775660554,khong cai thien (2/50)
lightgcn,active,2021,246,0.0058410302994346165,181.3,False,,,,,,,,,
lightgcn,active,2021,247,0.006033673746761196,181.9,False,,,,,,,,,
lightgcn,active,2021,248,0.005963681163625103,182.5,False,,,,,,,,,
lightgcn,active,2021,249,0.005702162413035611,183.1,False,,,,,,,,,
lightgcn,active,2021,250,0.005842671138418987,183.8,True,0.014955169111113675,0.027602441754462893,0.05982905982905983,0.09401709401709402,0.015780131403682358,0.02084841334091057,0.030194214221992,0.048086275864053646,khong cai thien (3/50)
lightgcn,active,2021,251,0.005714601682708815,184.7,False,,,,,,,,,
lightgcn,active,2021,252,0.005825490524258522,185.4,False,,,,,,,,,
lightgcn,active,2021,253,0.005871154837529825,186.1,False,,,,,,,,,
lightgcn,active,2021,254,0.005954976830365859,186.7,False,,,,,,,,,
lightgcn,active,2021,255,0.00595663106577655,187.4,True,0.015116721863857187,0.0280178631186605,0.05982905982905983,0.09829059829059829,0.01625250270934428,0.021699731889355953,0.030194214221992,0.048696776474554254,khong cai thien (4/50)
lightgcn,active,2021,256,0.005654564369071539,188.6,False,,,,,,,,,
lightgcn,active,2021,257,0.005534835883479554,189.2,False,,,,,,,,,
lightgcn,active,2021,258,0.005873985215320853,189.9,False,,,,,,,,,
lightgcn,active,2021,259,0.005641206413227482,190.5,False,,,,,,,,,
lightgcn,active,2021,260,0.0058550045319098395,191.2,True,0.015001327040468965,0.0280178631186605,0.05982905982905983,0.10256410256410256,0.016409439948920267,0.022418723556079406,0.030194214221992,0.05012127789905568,best
lightgcn,active,2021,261,0.0057919945310413515,192.2,False,,,,,,,,,
lightgcn,active,2021,262,0.005496615229324526,192.8,False,,,,,,,,,
lightgcn,active,2021,263,0.005787770394167068,193.5,False,,,,,,,,,
lightgcn,active,2021,264,0.005674854095684854,194.1,False,,,,,,,,,
lightgcn,active,2021,265,0.0055134796259998665,194.8,True,0.015082103416840721,0.028179415871404007,0.05982905982905983,0.10256410256410256,0.016170835030346137,0.022207259847879655,0.030194214221992,0.05012127789905568,khong cai thien (1/50)
lightgcn,active,2021,266,0.00564424091451414,195.8,False,,,,,,,,,
lightgcn,active,2021,267,0.005655666475141651,196.4,False,,,,,,,,,
lightgcn,active,2021,268,0.005740320363173265,197.1,False,,,,,,,,,
lightgcn,active,2021,269,0.005540417164506901,197.7,False,,,,,,,,,
lightgcn,active,2021,270,0.005523374491033911,198.4,True,0.015151340310873654,0.028317889659469877,0.05982905982905983,0.10256410256410256,0.015722207228155344,0.02187477939109502,0.030194214221992,0.05012127789905568,khong cai thien (2/50)
lightgcn,active,2021,271,0.005679221452604791,199.6,False,,,,,,,,,
lightgcn,active,2021,272,0.005399039088920551,200.3,False,,,,,,,,,
lightgcn,active,2021,273,0.005531055417169089,201.0,False,,,,,,,,,
lightgcn,active,2021,274,0.0056552551523270595,201.7,False,,,,,,,,,
lightgcn,active,2021,275,0.005463246904403017,202.3,True,0.015105182381518365,0.0283294291418087,0.05982905982905983,0.10256410256410256,0.015792744526766597,0.022000773903881974,0.030194214221992,0.05012127789905568,khong cai thien (3/50)
lightgcn,active,2021,276,0.005630220337048953,203.4,False,,,,,,,,,
lightgcn,active,2021,277,0.005394887630351682,204.0,False,,,,,,,,,
lightgcn,active,2021,278,0.005546189520812748,204.7,False,,,,,,,,,
lightgcn,active,2021,279,0.005616225812082685,205.3,False,,,,,,,,,
lightgcn,active,2021,280,0.0054768805833150256,206.0,True,0.015151340310873654,0.02858329775326279,0.0641025641025641,0.10256410256410256,0.0165711336340137,0.022013081714756362,0.032330966358744134,0.05012127789905568,khong cai thien (4/50)
lightgcn,active,2021,281,0.005352183495364455,207.0,False,,,,,,,,,
lightgcn,active,2021,282,0.0056908568426120255,207.6,False,,,,,,,,,
lightgcn,active,2021,283,0.005588889561969585,208.3,False,,,,,,,,,
lightgcn,active,2021,284,0.005411935261952792,208.9,False,,,,,,,,,
lightgcn,active,2021,285,0.005417788946566601,209.6,True,0.015301353581278343,0.028594837235601613,0.07264957264957266,0.10256410256410256,0.01829221645892269,0.021968073061968817,0.03687156464934243,0.049230964508742286,khong cai thien (5/50)
lightgcn,active,2021,286,0.005522233090520297,210.6,False,,,,,,,,,
lightgcn,active,2021,287,0.005430188346581717,211.3,False,,,,,,,,,
lightgcn,active,2021,288,0.005417302559007209,211.9,False,,,,,,,,,
lightgcn,active,2021,289,0.005564864427699451,212.6,False,,,,,,,,,
lightgcn,active,2021,290,0.005344669697631712,213.3,True,0.015359050992972455,0.02873331102366748,0.07692307692307693,0.10683760683760683,0.017883382787682853,0.022110614395023754,0.033698811476589256,0.049943215220993,khong cai thien (6/50)
lightgcn,active,2021,291,0.005345466096243722,214.5,False,,,,,,,,,
lightgcn,active,2021,292,0.005322956880993542,215.2,False,,,,,,,,,
lightgcn,active,2021,293,0.00534271703939519,215.8,False,,,,,,,,,
lightgcn,active,2021,294,0.005215410039762949,216.5,False,,,,,,,,,
lightgcn,active,2021,295,0.005212674963934571,217.1,True,0.015474445816360679,0.028779468953022767,0.07264957264957266,0.10683760683760683,0.017331787368028394,0.022032774463714416,0.03298656076433854,0.049943215220993,khong cai thien (7/50)
lightgcn,active,2021,296,0.005521936755551919,218.2,False,,,,,,,,,
lightgcn,active,2021,297,0.005324106509351577,218.8,False,,,,,,,,,
lightgcn,active,2021,298,0.0054387926202638095,219.4,False,,,,,,,,,
lightgcn,active,2021,299,0.005310943902615219,220.1,False,,,,,,,,,
lightgcn,active,2021,300,0.005325516735590265,220.7,True,0.015497524781038323,0.02894102170576628,0.07692307692307693,0.10256410256410256,0.017794055923468704,0.021758641763100377,0.033698811476589256,0.04851871379649158,khong cai thien (8/50)
lightgcn,active,2021,301,0.005277974528406238,221.7,False,,,,,,,,,
lightgcn,active,2021,302,0.005495857404995264,222.4,False,,,,,,,,,
lightgcn,active,2021,303,0.005174786581328579,223.0,False,,,,,,,,,
lightgcn,active,2021,304,0.005183742557226569,223.7,False,,,,,,,,,
lightgcn,active,2021,305,0.005312327571622696,224.3,True,0.015555222192732435,0.028929482223427457,0.06837606837606838,0.10683760683760683,0.01733850816460405,0.022307421042372808,0.032719466747244526,0.049943215220993,khong cai thien (9/50)
lightgcn,active,2021,306,0.005198298054003656,225.4,False,,,,,,,,,
lightgcn,active,2021,307,0.005331957411686443,226.0,False,,,,,,,,,
lightgcn,active,2021,308,0.005114263190493075,226.7,False,,,,,,,,,
lightgcn,active,2021,309,0.005225470666413068,227.4,False,,,,,,,,,
lightgcn,active,2021,310,0.005197408302685067,228.1,True,0.015624459086765368,0.029010258599799214,0.0811965811965812,0.1111111111111111,0.01921662399342938,0.022850819475510566,0.03765970195063762,0.0503879459288816,best
lightgcn,active,2021,311,0.005315393757922735,229.2,False,,,,,,,,,
lightgcn,active,2021,312,0.00511086943199682,229.8,False,,,,,,,,,
lightgcn,active,2021,313,0.005405717744122875,230.5,False,,,,,,,,,
lightgcn,active,2021,314,0.005222828442163548,231.2,False,,,,,,,,,
lightgcn,active,2021,315,0.005211337819667592,231.8,True,0.01573985391015359,0.029333364105286235,0.07264957264957266,0.1111111111111111,0.018711599960210584,0.022968016153035266,0.0369929710207488,0.0503879459288816,best
lightgcn,active,2021,316,0.005191640894318902,232.9,False,,,,,,,,,
lightgcn,active,2021,317,0.005112998492321555,233.5,False,,,,,,,,,
lightgcn,active,2021,318,0.005141184837987993,234.2,False,,,,,,,,,
lightgcn,active,2021,319,0.005060822842998525,234.8,False,,,,,,,,,
lightgcn,active,2021,320,0.005178479215181005,235.4,True,0.0157975513218477,0.029437219446335636,0.07692307692307693,0.11538461538461539,0.019262152280870505,0.023446224550128156,0.03704920134013701,0.05043111263871498,best
lightgcn,active,2021,321,0.00509582860918895,236.4,False,,,,,,,,,
lightgcn,active,2021,322,0.005032830907623007,237.1,False,,,,,,,,,
lightgcn,active,2021,323,0.005059571068465647,237.7,False,,,,,,,,,
lightgcn,active,2021,324,0.005097543493338659,238.3,False,,,,,,,,,
lightgcn,active,2021,325,0.005086487792802329,239.0,True,0.01584370925120299,0.029517995822707394,0.07264957264957266,0.11538461538461539,0.018786954187610134,0.023188312516113047,0.0369929710207488,0.05043111263871498,khong cai thien (1/50)
lightgcn,active,2021,326,0.005208088206847649,240.2,False,,,,,,,,,
lightgcn,active,2021,327,0.005096266858979434,240.9,False,,,,,,,,,
lightgcn,active,2021,328,0.005047874390201787,241.5,False,,,,,,,,,
lightgcn,active,2021,329,0.005149594101098077,242.2,False,,,,,,,,,
lightgcn,active,2021,330,0.005126302288560677,242.8,True,0.0159014066628971,0.02965646961077326,0.07692307692307693,0.10256410256410256,0.018892412882578938,0.021511477636307764,0.037603471631249406,0.04556719001163446,khong cai thien (2/50)
lightgcn,active,2021,331,0.005006878188522895,243.9,False,,,,,,,,,
lightgcn,active,2021,332,0.005090739640196746,244.5,False,,,,,,,,,
lightgcn,active,2021,333,0.004912610868519599,245.1,False,,,,,,,,,
lightgcn,active,2021,334,0.005092879970433133,245.8,False,,,,,,,,,
lightgcn,active,2021,335,0.005168869762070358,246.4,True,0.015970643556930036,0.02974878546948384,0.07264957264957266,0.10256410256410256,0.01857693429360958,0.021579354370741315,0.0369929710207488,0.045834284028728474,khong cai thien (3/50)
lightgcn,active,2021,336,0.005089890961902997,247.4,False,,,,,,,,,
lightgcn,active,2021,337,0.004914406417064421,248.1,False,,,,,,,,,
lightgcn,active,2021,338,0.004955342196669462,248.7,False,,,,,,,,,
lightgcn,active,2021,339,0.005057718841408417,249.4,False,,,,,,,,,
lightgcn,active,2021,340,0.005131878630604605,250.0,True,0.015866788215880636,0.029841101328194418,0.07264957264957266,0.10256410256410256,0.018470839275773282,0.022304642633358754,0.0369929710207488,0.05006462159239937,khong cai thien (4/50)
lightgcn,active,2021,341,0.005002692536285976,251.0,False,,,,,,,,,
lightgcn,active,2021,342,0.00514546466277894,251.6,False,,,,,,,,,
lightgcn,active,2021,343,0.0050317708966675255,252.3,False,,,,,,,,,
lightgcn,active,2021,344,0.0050195031420160125,253.0,False,,,,,,,,,
lightgcn,active,2021,345,0.00506330136161837,253.6,True,0.016005262003946502,0.029841101328194418,0.06837606837606838,0.10683760683760683,0.01726925698300804,0.023309263897445958,0.032719466747244526,0.05433812586590365,khong cai thien (5/50)
lightgcn,active,2021,346,0.0048595916790113575,254.8,False,,,,,,,,,
lightgcn,active,2021,347,0.0050012791187028826,255.4,False,,,,,,,,,
lightgcn,active,2021,348,0.004870060240673191,256.1,False,,,,,,,,,
lightgcn,active,2021,349,0.004943878168498726,256.7,False,,,,,,,,,
lightgcn,active,2021,350,0.004930779288779872,257.3,True,0.016016801486285325,0.030118048904326154,0.07264957264957266,0.10256410256410256,0.0184718575236887,0.022401341155332145,0.0369929710207488,0.05006462159239937,khong cai thien (6/50)
lightgcn,active,2021,351,0.005055536161401613,258.3,False,,,,,,,,,
lightgcn,active,2021,352,0.004974834471748996,259.0,False,,,,,,,,,
lightgcn,active,2021,353,0.004805850643050791,259.6,False,,,,,,,,,
lightgcn,active,2021,354,0.0049796126458960645,260.2,False,,,,,,,,,
lightgcn,active,2021,355,0.00498868560823854,260.9,True,0.016178354239028837,0.03010650942198733,0.06837606837606838,0.10256410256410256,0.01734825518699855,0.022422881993471717,0.032719466747244526,0.05006462159239937,khong cai thien (7/50)
lightgcn,active,2021,356,0.004768779779726285,261.9,False,,,,,,,,,
lightgcn,active,2021,357,0.005030118525934154,262.5,False,,,,,,,,,
lightgcn,active,2021,358,0.004866961601622321,263.1,False,,,,,,,,,
lightgcn,active,2021,359,0.0050195682400589305,263.8,False,,,,,,,,,
lightgcn,active,2021,360,0.0049103581272843195,264.4,True,0.016282209580078238,0.030094969939648508,0.06837606837606838,0.10256410256410256,0.017333378021636415,0.022327101667430974,0.032719466747244526,0.05006462159239937,khong cai thien (8/50)
lightgcn,active,2021,361,0.004845999658803072,265.5,False,,,,,,,,,
lightgcn,active,2021,362,0.004929335410993685,266.1,False,,,,,,,,,
lightgcn,active,2021,363,0.004847034741049903,266.8,False,,,,,,,,,
lightgcn,active,2021,364,0.004963252180130728,267.5,False,,,,,,,,,
lightgcn,active,2021,365,0.004680483691053439,268.1,True,0.016224512168384126,0.030094969939648508,0.06837606837606838,0.09829059829059829,0.0173085471082269,0.021343915251947603,0.032719466747244526,0.0457911173188951,khong cai thien (9/50)
lightgcn,active,2021,366,0.004707142266311659,269.2,False,,,,,,,,,
lightgcn,active,2021,367,0.004862304821890578,269.8,False,,,,,,,,,
lightgcn,active,2021,368,0.0047776101042348125,270.4,False,,,,,,,,,
lightgcn,active,2021,369,0.004825760072924726,271.1,False,,,,,,,,,
lightgcn,active,2021,370,0.004808160390750332,271.7,True,0.01639760440346646,0.030164206833681442,0.06837606837606838,0.09829059829059829,0.017270383855029114,0.021318553990362223,0.032719466747244526,0.0457911173188951,khong cai thien (10/50)
lightgcn,active,2021,371,0.004789696072521088,272.7,False,,,,,,,,,
lightgcn,active,2021,372,0.004964246943315547,273.4,False,,,,,,,,,
lightgcn,active,2021,373,0.004951019431472926,274.0,False,,,,,,,,,
lightgcn,active,2021,374,0.004855825767703457,274.6,False,,,,,,,,,
lightgcn,active,2021,375,0.004823188509035349,275.3,True,0.01614373579201237,0.030291141139408485,0.06837606837606838,0.10256410256410256,0.018404663309456937,0.02271008365201668,0.036725877003654775,0.05022289952845508,khong cai thien (11/50)
lightgcn,active,2021,376,0.004632886341080178,276.3,False,,,,,,,,,
lightgcn,active,2021,377,0.004650162669853436,276.9,False,,,,,,,,,
lightgcn,active,2021,378,0.004831316676101532,277.5,False,,,,,,,,,
lightgcn,active,2021,379,0.0048238685700997316,278.2,False,,,,,,,,,
lightgcn,active,2021,380,0.004824614397993412,278.8,True,0.016212972686045303,0.030487312339168463,0.06837606837606838,0.10256410256410256,0.01862307097205918,0.023635165683921846,0.036725877003654775,0.05396221576777132,best
lightgcn,active,2021,381,0.004717321010709123,280.0,False,,,,,,,,,
lightgcn,active,2021,382,0.004645255885697396,280.7,False,,,,,,,,,
lightgcn,active,2021,383,0.004803478191867204,281.3,False,,,,,,,,,
lightgcn,active,2021,384,0.004658269174469818,282.0,False,,,,,,,,,
lightgcn,active,2021,385,0.004707268315362858,282.6,True,0.016328367509433526,0.030545009750862575,0.06837606837606838,0.09829059829059829,0.018339839234369118,0.022218082749437568,0.036725877003654775,0.04953043355821134,khong cai thien (1/50)
lightgcn,active,2021,386,0.004714280358437869,283.6,False,,,,,,,,,
lightgcn,active,2021,387,0.004735361739952047,284.3,False,,,,,,,,,
lightgcn,active,2021,388,0.004723791504345979,284.9,False,,,,,,,,,
lightgcn,active,2021,389,0.004710886254417462,285.5,False,,,,,,,,,
lightgcn,active,2021,390,0.00477827567502264,286.1,True,0.016466841297499393,0.030810417844655488,0.06837606837606838,0.10683760683760683,0.0189450492115209,0.023239294628722942,0.036725877003654775,0.05033171560949339,khong cai thien (2/50)
lightgcn,active,2021,391,0.004656169514640245,287.2,False,,,,,,,,,
lightgcn,active,2021,392,0.0046592709180958165,287.8,False,,,,,,,,,
lightgcn,active,2021,393,0.004726139189155472,288.4,False,,,,,,,,,
lightgcn,active,2021,394,0.004642025838467559,289.1,False,,,,,,,,,
lightgcn,active,2021,395,0.0047044540661364,289.7,True,0.016536078191532327,0.0307642599153002,0.06837606837606838,0.10683760683760683,0.01889175726903914,0.02318236972977377,0.036725877003654775,0.05033171560949339,khong cai thien (3/50)
lightgcn,active,2021,396,0.004650624328987909,290.7,False,,,,,,,,,
lightgcn,active,2021,397,0.0047328444856804056,291.3,False,,,,,,,,,
lightgcn,active,2021,398,0.004741662625837353,292.0,False,,,,,,,,,
lightgcn,active,2021,399,0.004616636036149308,292.7,False,,,,,,,,,
lightgcn,active,2021,400,0.004541094228509436,293.4,True,0.016512999226854685,0.030729641468283733,0.06837606837606838,0.10256410256410256,0.018223159761216835,0.022274713151774393,0.036725877003654775,0.04979752757530535,khong cai thien (4/50)
lightgcn,active,2021,401,0.004569174011460134,294.5,False,,,,,,,,,
lightgcn,active,2021,402,0.004571477698638848,295.1,False,,,,,,,,,
lightgcn,active,2021,403,0.004574538261454249,295.8,False,,,,,,,,,
lightgcn,active,2021,404,0.004543680610618026,296.4,False,,,,,,,,,
lightgcn,active,2021,405,0.004631854544154143,297.0,True,0.01648992026217704,0.0306604045742508,0.07264957264957266,0.10683760683760683,0.01856760403087475,0.022585564764429147,0.0369929710207488,0.05033171560949339,khong cai thien (5/50)
lightgcn,active,2021,406,0.004620022390170409,298.0,False,,,,,,,,,
lightgcn,active,2021,407,0.0047105229295933936,298.7,False,,,,,,,,,
lightgcn,active,2021,408,0.004623497619741498,299.3,False,,,,,,,,,
lightgcn,active,2021,409,0.004541805458130846,299.9,False,,,,,,,,,
lightgcn,active,2021,410,0.004588991961516251,300.6,True,0.016582236120887616,0.03067194405658962,0.07692307692307693,0.10256410256410256,0.018548640756114194,0.021356070009406657,0.037260065037842814,0.04605821133598911,khong cai thien (6/50)
lightgcn,active,2021,411,0.004648497410782337,301.6,False,,,,,,,,,
lightgcn,active,2021,412,0.004621490516881238,302.2,False,,,,,,,,,
lightgcn,active,2021,413,0.004632048646079288,302.8,False,,,,,,,,,
lightgcn,active,2021,414,0.00465025901922065,303.4,False,,,,,,,,,
lightgcn,active,2021,415,0.004638986961283413,304.0,True,0.01654761767387115,0.030960431115060177,0.07692307692307693,0.10256410256410256,0.018797285262941006,0.021652394071880125,0.037260065037842814,0.04605821133598911,khong cai thien (7/50)
lightgcn,active,2021,416,0.004858442729793658,305.1,False,,,,,,,,,
lightgcn,active,2021,417,0.004596654387911742,305.8,False,,,,,,,,,
lightgcn,active,2021,418,0.004648768916949449,306.5,False,,,,,,,,,
lightgcn,active,2021,419,0.004512284738183703,307.1,False,,,,,,,,,
lightgcn,active,2021,420,0.00458373702430704,307.8,True,0.016536078191532327,0.03100658904441547,0.07264957264957266,0.10256410256410256,0.018775996010055963,0.021834306328055338,0.037151248956804515,0.046216489272044824,khong cai thien (8/50)
lightgcn,active,2021,421,0.004617649917028346,308.8,False,,,,,,,,,
lightgcn,active,2021,422,0.004595846260411805,309.4,False,,,,,,,,,
lightgcn,active,2021,423,0.004601916599813058,310.0,False,,,,,,,,,
lightgcn,active,2021,424,0.004535072311831528,310.6,False,,,,,,,,,
lightgcn,active,2021,425,0.0046227455691395586,311.3,True,0.016582236120887616,0.031052746973770758,0.07264957264957266,0.10683760683760683,0.01884748165313473,0.02186310702457833,0.0375397493453049,0.046271277788371805,khong cai thien (9/50)
lightgcn,active,2021,426,0.004552470836182627,312.3,False,,,,,,,,,
lightgcn,active,2021,427,0.004643008551175775,312.9,False,,,,,,,,,
lightgcn,active,2021,428,0.0046669497958031665,313.6,False,,,,,,,,,
lightgcn,active,2021,429,0.004478183323307236,314.2,False,,,,,,,,,
lightgcn,active,2021,430,0.004380687667961629,314.8,True,0.01659377560322644,0.030914273185704888,0.07692307692307693,0.10683760683760683,0.01974229513005592,0.023446364669547522,0.03786349966905522,0.0504899935455491,khong cai thien (10/50)
lightgcn,active,2021,431,0.004565125185315765,315.8,False,,,,,,,,,
lightgcn,active,2021,432,0.004532594466632515,316.4,False,,,,,,,,,
lightgcn,active,2021,433,0.0045038181416506,317.1,False,,,,,,,,,
lightgcn,active,2021,434,0.004624311525685969,317.7,False,,,,,,,,,
lightgcn,active,2021,435,0.0045066022745889325,318.4,True,0.01665147301492055,0.03090273370336607,0.07264957264957266,0.10256410256410256,0.019382410580166726,0.022940779406584504,0.0375397493453049,0.04987949293504849,khong cai thien (11/50)
lightgcn,active,2021,436,0.004659705419055927,319.5,False,,,,,,,,,
lightgcn,active,2021,437,0.00453166872156583,320.2,False,,,,,,,,,
lightgcn,active,2021,438,0.004567182675585224,320.8,False,,,,,,,,,
lightgcn,active,2021,439,0.0044716431300027325,321.5,False,,,,,,,,,
lightgcn,active,2021,440,0.004504651536827062,322.1,True,0.016813025767664063,0.031041207491431935,0.07264957264957266,0.10256410256410256,0.01871940647360667,0.023275974178072784,0.03364215516993295,0.04987949293504849,khong cai thien (12/50)
lightgcn,active,2021,441,0.004468797854765429,323.2,False,,,,,,,,,
lightgcn,active,2021,442,0.004503539225978481,323.8,False,,,,,,,,,
lightgcn,active,2021,443,0.004461443513449091,324.4,False,,,,,,,,,
lightgcn,active,2021,444,0.004631707461504157,325.0,False,,,,,,,,,
lightgcn,active,2021,445,0.004534935257032445,325.7,True,0.016824565250002886,0.0310758259384484,0.07692307692307693,0.10256410256410256,0.017668630007848782,0.021682063014749012,0.03396590549368327,0.04692873998429554,khong cai thien (13/50)
lightgcn,active,2021,446,0.004467963671511422,326.7,False,,,,,,,,,
lightgcn,active,2021,447,0.004430038249849307,327.3,False,,,,,,,,,
lightgcn,active,2021,448,0.004581163401240481,328.0,False,,,,,,,,,
lightgcn,active,2021,449,0.004551580077229324,328.6,False,,,,,,,,,
lightgcn,active,2021,450,0.004439538780728788,329.3,True,0.01680148628532524,0.03101812852675429,0.07692307692307693,0.10256410256410256,0.01802839840631558,0.022535299813183876,0.03435440588218366,0.05077687230465009,khong cai thien (14/50)
lightgcn,active,2021,451,0.004487960693357631,330.3,False,,,,,,,,,
lightgcn,active,2021,452,0.004473359280893487,331.0,False,,,,,,,,,
lightgcn,active,2021,453,0.004455304731190266,331.7,False,,,,,,,,,
lightgcn,active,2021,454,0.004415776582208899,332.3,False,,,,,,,,,
lightgcn,active,2021,455,0.004520903892797237,333.0,True,0.016778407320647597,0.031237378691191912,0.0641025641025641,0.10256410256410256,0.015931013686399518,0.022213680991473233,0.02871305649083427,0.05034952187729966,khong cai thien (15/50)
lightgcn,active,2021,456,0.0043826930866951,334.2,False,,,,,,,,,
lightgcn,active,2021,457,0.004439306772516475,334.8,False,,,,,,,,,
lightgcn,active,2021,458,0.004460927910708254,335.4,False,,,,,,,,,
lightgcn,active,2021,459,0.004512784740255329,336.1,False,,,,,,,,,
lightgcn,active,2021,460,0.004437461502866093,336.7,True,0.016928420591052287,0.031145062832481335,0.06837606837606838,0.10256410256410256,0.017050004578798534,0.02211387185658784,0.03298656076433854,0.05034952187729966,khong cai thien (16/50)
lightgcn,active,2021,461,0.004368694961164145,337.8,False,,,,,,,,,
lightgcn,active,2021,462,0.0045094020697317,338.4,False,,,,,,,,,
lightgcn,active,2021,463,0.004475837185733484,339.1,False,,,,,,,,,
lightgcn,active,2021,464,0.0044263091288267616,339.7,False,,,,,,,,,
lightgcn,active,2021,465,0.004301875964150938,340.3,True,0.016859183697019352,0.031202760244175447,0.07264957264957266,0.10256410256410256,0.017567302406710804,0.022563757566017032,0.033698811476589256,0.05077687230465009,khong cai thien (17/50)
lightgcn,active,2021,466,0.004307759647012276,341.4,False,,,,,,,,,
lightgcn,active,2021,467,0.004357874826857969,342.0,False,,,,,,,,,
lightgcn,active,2021,468,0.004393210930697581,342.6,False,,,,,,,,,
lightgcn,active,2021,469,0.00439204285646617,343.3,False,,,,,,,,,
lightgcn,active,2021,470,0.0044128201416288315,343.9,True,0.016824565250002886,0.031156602314820158,0.07264957264957266,0.10256410256410256,0.017678520689409546,0.022660201700970432,0.033698811476589256,0.05077687230465009,khong cai thien (18/50)
lightgcn,active,2021,471,0.0044356327665040374,345.1,False,,,,,,,,,
lightgcn,active,2021,472,0.0043700556817349275,345.8,False,,,,,,,,,
lightgcn,active,2021,473,0.0044623676700941,346.5,False,,,,,,,,,
lightgcn,active,2021,474,0.004471370325195935,347.2,False,,,,,,,,,
lightgcn,active,2021,475,0.0044446991808530486,347.8,True,0.016824565250002886,0.03111044438546487,0.07264957264957266,0.10256410256410256,0.0174383052461076,0.02157450155569868,0.033698811476589256,0.04657120143231255,khong cai thien (19/50)
lightgcn,active,2021,476,0.004322401791206965,348.9,False,,,,,,,,,
lightgcn,active,2021,477,0.00426983610522738,349.5,False,,,,,,,,,
lightgcn,active,2021,478,0.004365125363670204,350.2,False,,,,,,,,,
lightgcn,active,2021,479,0.004221876066177569,350.8,False,,,,,,,,,
lightgcn,active,2021,480,0.004451108617919102,351.5,True,0.016893802144035817,0.031283536620547205,0.07264957264957266,0.10256410256410256,0.01724286328470394,0.021428907732890256,0.033698811476589256,0.04657120143231255,khong cai thien (20/50)
lightgcn,active,2021,481,0.004488070873263235,352.5,False,,,,,,,,,
lightgcn,active,2021,482,0.004406555239588239,353.2,False,,,,,,,,,
lightgcn,active,2021,483,0.004308006642812797,353.8,False,,,,,,,,,
lightgcn,active,2021,484,0.004376367867205253,354.4,False,,,,,,,,,
lightgcn,active,2021,485,0.004455124568437276,355.1,True,0.016916881108713464,0.031491247302646005,0.07692307692307693,0.10256410256410256,0.017917890183029434,0.02186343697089829,0.03396590549368327,0.04657120143231255,khong cai thien (21/50)
lightgcn,active,2021,486,0.004418714427233822,356.1,False,,,,,,,,,
lightgcn,active,2021,487,0.0042905406284897765,356.7,False,,,,,,,,,
lightgcn,active,2021,488,0.004380065334579727,357.4,False,,,,,,,,,
lightgcn,active,2021,489,0.004299404963522738,358.1,False,,,,,,,,,
lightgcn,active,2021,490,0.004376869069186182,358.8,True,0.017020736449762864,0.031502786784984825,0.07264957264957266,0.10683760683760683,0.017915500534047276,0.02202319210951775,0.03408731186508964,0.04662598994863952,khong cai thien (22/50)
lightgcn,active,2021,491,0.004233211324496713,360.0,False,,,,,,,,,
lightgcn,active,2021,492,0.004268816931169564,360.7,False,,,,,,,,,
lightgcn,active,2021,493,0.004396507173940083,361.3,False,,,,,,,,,
lightgcn,active,2021,494,0.004461042598841508,361.9,False,,,,,,,,,
lightgcn,active,2021,495,0.004263367876136463,362.6,True,0.016939960073391106,0.0313873919615966,0.06837606837606838,0.10256410256410256,0.01832195625694874,0.02264563277879718,0.033375061152838933,0.046558156547472786,khong cai thien (23/50)
lightgcn,active,2021,496,0.004271950196529301,363.6,False,,,,,,,,,
lightgcn,active,2021,497,0.004347197717840114,364.3,False,,,,,,,,,
lightgcn,active,2021,498,0.004285590111694307,364.9,False,,,,,,,,,
lightgcn,active,2021,499,0.004374524934026769,365.6,False,,,,,,,,,
lightgcn,active,2021,500,0.004399032732184377,366.2,True,0.017020736449762864,0.031352773514580136,0.06837606837606838,0.10683760683760683,0.0176972143035001,0.02228841849223171,0.033375061152838933,0.0468252505645668,khong cai thien (24/50)
lightgcn,active,2021,501,0.004308814607500019,367.3,False,,,,,,,,,
lightgcn,active,2021,502,0.004346497139357439,367.9,False,,,,,,,,,
lightgcn,active,2021,503,0.004471025136730049,368.6,False,,,,,,,,,
lightgcn,active,2021,504,0.0043048480307609676,369.2,False,,,,,,,,,
lightgcn,active,2021,505,0.004342234809034669,369.9,True,0.01700919696742404,0.031572023679017756,0.0811965811965812,0.1111111111111111,0.01957857949127957,0.023364040272185735,0.034409194398510645,0.04689308396573354,khong cai thien (25/50)
lightgcn,active,2021,506,0.0044109027500647555,370.9,False,,,,,,,,,
lightgcn,active,2021,507,0.0042804364182843,371.6,False,,,,,,,,,
lightgcn,active,2021,508,0.004298352506264412,372.3,False,,,,,,,,,
lightgcn,active,2021,509,0.004377783362999885,373.0,False,,,,,,,,,
lightgcn,active,2021,510,0.004259595319125399,373.7,True,0.016974578520407575,0.03162972109071187,0.0811965811965812,0.09829059829059829,0.019665466555137175,0.02314989394924914,0.034020694010010254,0.04594765593697218,khong cai thien (26/50)
lightgcn,active,2021,511,0.004269849507354812,374.9,False,,,,,,,,,
lightgcn,active,2021,512,0.004221742082250125,375.5,False,,,,,,,,,
lightgcn,active,2021,513,0.004260068607599032,376.2,False,,,,,,,,,
lightgcn,active,2021,514,0.004280791209086663,376.8,False,,,,,,,,,
lightgcn,active,2021,515,0.0043752790910331655,377.4,True,0.017020736449762864,0.03167587902006716,0.08547008547008547,0.09829059829059829,0.0193307009723524,0.022495732674981766,0.03444804443736068,0.04594765593697218,khong cai thien (27/50)
lightgcn,active,2021,516,0.004326653168655067,378.5,False,,,,,,,,,
lightgcn,active,2021,517,0.004223492634288017,379.1,False,,,,,,,,,
lightgcn,active,2021,518,0.0041838026543956075,379.7,False,,,,,,,,,
lightgcn,active,2021,519,0.004232606237345548,380.4,False,,,,,,,,,
lightgcn,active,2021,520,0.004280727687971245,381.0,True,0.017066894379118153,0.03167587902006716,0.07692307692307693,0.09829059829059829,0.017367791886714154,0.021795831951777547,0.030404762616301078,0.04594765593697218,khong cai thien (28/50)
lightgcn,active,2021,521,0.004362636039158626,382.1,False,,,,,,,,,
lightgcn,active,2021,522,0.00434541303299354,382.7,False,,,,,,,,,
lightgcn,active,2021,523,0.004287577595934926,383.3,False,,,,,,,,,
lightgcn,active,2021,524,0.004259260709596427,384.0,False,,,,,,,,,
lightgcn,active,2021,525,0.00427387410535601,384.6,True,0.0169861180027464,0.03181435280813303,0.08547008547008547,0.09829059829059829,0.01961215727666764,0.021920049444074604,0.03866676019453797,0.04594765593697218,khong cai thien (29/50)
lightgcn,active,2021,526,0.004357325621185405,385.8,False,,,,,,,,,
lightgcn,active,2021,527,0.004197684785659422,386.5,False,,,,,,,,,
lightgcn,active,2021,528,0.004214709757088597,387.1,False,,,,,,,,,
lightgcn,active,2021,529,0.004231282956968465,387.8,False,,,,,,,,,
lightgcn,active,2021,530,0.004209724974919805,388.4,True,0.016928420591052287,0.03196436607853772,0.0811965811965812,0.10683760683760683,0.019319447012399744,0.02264549731490941,0.03850848225848226,0.04753750127681752,khong cai thien (30/50)
lightgcn,active,2021,531,0.004211845406510818,389.4,False,,,,,,,,,
lightgcn,active,2021,532,0.0042847550350577045,390.1,False,,,,,,,,,
lightgcn,active,2021,533,0.004243209442604025,390.7,False,,,,,,,,,
lightgcn,active,2021,534,0.004226547634841363,391.3,False,,,,,,,,,
lightgcn,active,2021,535,0.004223767721783161,392.0,True,0.016824565250002886,0.0318028133257942,0.08974358974358974,0.10683760683760683,0.020258151278176574,0.02306066724101389,0.03872154871086495,0.04753750127681752,khong cai thien (31/50)
lightgcn,active,2021,536,0.0042417186807233945,393.0,False,,,,,,,,,
lightgcn,active,2021,537,0.004154988372837202,393.6,False,,,,,,,,,
lightgcn,active,2021,538,0.004147638531702589,394.2,False,,,,,,,,,
lightgcn,active,2021,539,0.004211061173896485,394.9,False,,,,,,,,,
lightgcn,active,2021,540,0.004308324159011169,395.5,True,0.016974578520407575,0.03175665539643892,0.07264957264957266,0.1111111111111111,0.0178297505649662,0.023248560174821017,0.033820217847995625,0.051811005550321795,khong cai thien (32/50)
lightgcn,active,2021,541,0.004135274143308732,396.5,False,,,,,,,,,
lightgcn,active,2021,542,0.0042145339754560505,397.1,False,,,,,,,,,
lightgcn,active,2021,543,0.004165868228945999,397.8,False,,,,,,,,,
lightgcn,active,2021,544,0.0042254169248961086,398.4,False,,,,,,,,,
lightgcn,active,2021,545,0.004175321293500406,399.1,True,0.016882262661696998,0.031722036949422446,0.07264957264957266,0.11538461538461539,0.017223932601504784,0.022760824632168466,0.033698811476589256,0.051154985157459296,khong cai thien (33/50)
lightgcn,active,2021,546,0.0042220215691046725,400.3,False,,,,,,,,,
lightgcn,active,2021,547,0.004243641099573754,401.0,False,,,,,,,,,
lightgcn,active,2021,548,0.004192443017558495,401.6,False,,,,,,,,,
lightgcn,active,2021,549,0.004196815908988947,402.2,False,,,,,,,,,
lightgcn,active,2021,550,0.004302677949594956,402.9,True,0.017043815414440507,0.03187205021982714,0.07264957264957266,0.11538461538461539,0.01778022334346855,0.023049965418720526,0.03408731186508964,0.051154985157459296,khong cai thien (34/50)
lightgcn,active,2021,551,0.004160545449592485,403.9,False,,,,,,,,,
lightgcn,active,2021,552,0.004194632922276126,404.5,False,,,,,,,,,
lightgcn,active,2021,553,0.0042313474910978715,405.2,False,,,,,,,,,
lightgcn,active,2021,554,0.00419377289567584,405.8,False,,,,,,,,,
lightgcn,active,2021,555,0.004119884994060333,406.4,True,0.017136131273151087,0.03188358970216596,0.07692307692307693,0.1111111111111111,0.018148128029032193,0.022774672144634796,0.03435440588218366,0.05067284621378189,khong cai thien (35/50)
lightgcn,active,2021,556,0.004135749297526344,407.5,False,,,,,,,,,
lightgcn,active,2021,557,0.004201370468523349,408.1,False,,,,,,,,,
lightgcn,active,2021,558,0.004246407349485561,408.7,False,,,,,,,,,
lightgcn,active,2021,559,0.004120082847813532,409.3,False,,,,,,,,,
lightgcn,active,2021,560,0.004138016051137892,410.0,True,0.01726306557887813,0.032068221419587116,0.06837606837606838,0.10683760683760683,0.01745604891709652,0.02272298338915463,0.031950559728337505,0.05040431039362663,khong cai thien (36/50)
lightgcn,active,2021,561,0.004184280522498715,411.0,False,,,,,,,,,
lightgcn,active,2021,562,0.004177676383437924,411.7,False,,,,,,,,,
lightgcn,active,2021,563,0.00416910519632316,412.4,False,,,,,,,,,
lightgcn,active,2021,564,0.004278080375856532,413.1,False,,,,,,,,,
lightgcn,active,2021,565,0.004100015077616957,413.8,True,0.01715921023782873,0.032137458313620054,0.07264957264957266,0.10256410256410256,0.017120787706740474,0.021163219596737105,0.03221765374543152,0.04613080612012236,khong cai thien (37/50)
lightgcn,active,2021,566,0.004154222874121928,414.9,False,,,,,,,,,
lightgcn,active,2021,567,0.004174077696191595,415.6,False,,,,,,,,,
lightgcn,active,2021,568,0.004110789335858803,416.2,False,,,,,,,,,
lightgcn,active,2021,569,0.004138512278586213,416.8,False,,,,,,,,,
lightgcn,active,2021,570,0.004124189225457637,417.5,True,0.017401539366944,0.03209130038426476,0.07692307692307693,0.09829059829059829,0.018402952058815012,0.021624412330772228,0.03435440588218366,0.046076017603795386,khong cai thien (38/50)
lightgcn,active,2021,571,0.004249002943565395,418.5,False,,,,,,,,,
lightgcn,active,2021,572,0.0041070433922762795,419.1,False,,,,,,,,,
lightgcn,active,2021,573,0.004150276485801047,419.8,False,,,,,,,,,
lightgcn,active,2021,574,0.00414692123966611,420.4,False,,,,,,,,,
lightgcn,active,2021,575,0.004108424248516157,421.0,True,0.017286144543555777,0.03224131365466945,0.07692307692307693,0.10256410256410256,0.018518861172806534,0.02272603551018584,0.03435440588218366,0.05034952187729966,khong cai thien (39/50)
lightgcn,active,2021,576,0.004183135707267461,422.0,False,,,,,,,,,
lightgcn,active,2021,577,0.004201585216417661,422.7,False,,,,,,,,,
lightgcn,active,2021,578,0.00417676311290021,423.3,False,,,,,,,,,
lightgcn,active,2021,579,0.0041740375940660795,424.0,False,,,,,,,,,
lightgcn,active,2021,580,0.004155528197376424,424.6,True,0.017239986614200488,0.03227593210168592,0.07692307692307693,0.10256410256410256,0.018580868740923982,0.023040508192145127,0.03435440588218366,0.05077687230465009,khong cai thien (40/50)
lightgcn,active,2021,581,0.0041467358495178176,425.8,False,,,,,,,,,
lightgcn,active,2021,582,0.004175015845967023,426.5,False,,,,,,,,,
lightgcn,active,2021,583,0.004132233499028229,427.1,False,,,,,,,,,
lightgcn,active,2021,584,0.004120945631540406,427.8,False,,,,,,,,,
lightgcn,active,2021,585,0.0041419446617464925,428.5,True,0.017332302472911065,0.032356708478057675,0.0811965811965812,0.10256410256410256,0.021392131439678125,0.02462872953401997,0.038239409767187545,0.05006462159239937,best
lightgcn,active,2021,586,0.004077023765234175,429.5,False,,,,,,,,,
lightgcn,active,2021,587,0.004077271914820167,430.2,False,,,,,,,,,
lightgcn,active,2021,588,0.004119835243653817,430.8,False,,,,,,,,,
lightgcn,active,2021,589,0.004198344182373149,431.5,False,,,,,,,,,
lightgcn,active,2021,590,0.004163507813590837,432.1,True,0.017286144543555777,0.03233362951338003,0.0811965811965812,0.10256410256410256,0.021862660385311556,0.025386249156797974,0.038239409767187545,0.05077687230465009,best
lightgcn,active,2021,591,0.004144595008360672,433.2,False,,,,,,,,,
lightgcn,active,2021,592,0.00406452293405098,433.8,False,,,,,,,,,
lightgcn,active,2021,593,0.004074323893963711,434.4,False,,,,,,,,,
lightgcn,active,2021,594,0.004079563424690932,435.1,False,,,,,,,,,
lightgcn,active,2021,595,0.004119653109681684,435.7,True,0.017239986614200488,0.0324721033014459,0.07692307692307693,0.10256410256410256,0.020586595128672055,0.025705944617085558,0.03396590549368327,0.05148912301690079,best
lightgcn,active,2021,596,0.004127734710720284,436.7,False,,,,,,,,,
lightgcn,active,2021,597,0.004068520618276199,437.4,False,,,,,,,,,
lightgcn,active,2021,598,0.004023879129512125,438.0,False,,,,,,,,,
lightgcn,active,2021,599,0.0040533896596784014,438.7,False,,,,,,,,,
lightgcn,active,2021,600,0.0040534835956546845,439.4,True,0.01730922350823342,0.0324721033014459,0.0811965811965812,0.10256410256410256,0.020429138222502113,0.02432392936460831,0.038239409767187545,0.05148912301690079,khong cai thien (1/50)
lightgcn,active,2021,601,0.00417940659780346,440.6,False,,,,,,,,,
lightgcn,active,2021,602,0.00413647886771608,441.3,False,,,,,,,,,
lightgcn,active,2021,603,0.004192799448883339,441.9,False,,,,,,,,,
lightgcn,active,2021,604,0.004150070109915719,442.6,False,,,,,,,,,
lightgcn,active,2021,605,0.004079615458406481,443.2,True,0.017401539366944,0.032356708478057675,0.0811965811965812,0.10683760683760683,0.019779411028534342,0.023809055534800477,0.038239409767187545,0.051556956418067526,khong cai thien (2/50)
lightgcn,active,2021,606,0.004118187171820742,444.2,False,,,,,,,,,
lightgcn,active,2021,607,0.004044955219167058,444.8,False,,,,,,,,,
lightgcn,active,2021,608,0.004105147009800808,445.5,False,,,,,,,,,
lightgcn,active,2021,609,0.004087212489942628,446.1,False,,,,,,,,,
lightgcn,active,2021,610,0.004079335026417956,446.8,True,0.0175053947079934,0.032414405889751786,0.0811965811965812,0.10683760683760683,0.020034763487696842,0.024053181952243083,0.038239409767187545,0.051556956418067526,khong cai thien (3/50)
lightgcn,active,2021,611,0.0041381754758579555,447.8,False,,,,,,,,,
lightgcn,active,2021,612,0.004158860707303147,448.4,False,,,,,,,,,
lightgcn,active,2021,613,0.0040996443419269715,449.1,False,,,,,,,,,
lightgcn,active,2021,614,0.004041411756980684,449.7,False,,,,,,,,,
lightgcn,active,2021,615,0.0040220023683827134,450.3,True,0.017528473672671043,0.03251826123080118,0.08547008547008547,0.10683760683760683,0.019690954820782158,0.023466898108152574,0.03830724316835428,0.051556956418067526,khong cai thien (4/50)
lightgcn,active,2021,616,0.0040579071070904965,451.4,False,,,,,,,,,
lightgcn,active,2021,617,0.004116894713759299,452.0,False,,,,,,,,,
lightgcn,active,2021,618,0.004103425138501918,452.7,False,,,,,,,,,
lightgcn,active,2021,619,0.004165864605107903,453.4,False,,,,,,,,,
lightgcn,active,2021,620,0.0040370448190694685,454.1,True,0.017436157813960466,0.032564419160156476,0.08547008547008547,0.10683760683760683,0.020250275697011325,0.024039414062274615,0.03830724316835428,0.051556956418067526,khong cai thien (5/50)
lightgcn,active,2021,621,0.004006207000295154,455.2,False,,,,,,,,,
lightgcn,active,2021,622,0.004021058764362906,455.8,False,,,,,,,,,
lightgcn,active,2021,623,0.004106953139526206,456.4,False,,,,,,,,,
lightgcn,active,2021,624,0.004120993288696402,457.1,False,,,,,,,,,
lightgcn,active,2021,625,0.0041180998384122754,457.7,True,0.017482315743315754,0.03269135346588352,0.08547008547008547,0.10683760683760683,0.020337349371752668,0.023822134040421376,0.03830724316835428,0.050844705705816826,khong cai thien (6/50)
lightgcn,active,2021,626,0.004080657480694757,458.8,False,,,,,,,,,
lightgcn,active,2021,627,0.004070089130952826,459.4,False,,,,,,,,,
lightgcn,active,2021,628,0.004029351419885769,460.0,False,,,,,,,,,
lightgcn,active,2021,629,0.004016304641242939,460.7,False,,,,,,,,,
lightgcn,active,2021,630,0.004008788001170377,461.3,True,0.017378460402266354,0.032725971912899984,0.07692307692307693,0.1111111111111111,0.018762814183016435,0.02462805863658148,0.03396590549368327,0.0551182099793211,khong cai thien (7/50)
lightgcn,active,2021,631,0.0040370212458185175,462.3,False,,,,,,,,,
lightgcn,active,2021,632,0.003991053512761336,463.0,False,,,,,,,,,
lightgcn,active,2021,633,0.004008976011747313,463.6,False,,,,,,,,,
lightgcn,active,2021,634,0.004084379700985942,464.3,False,,,,,,,,,
lightgcn,active,2021,635,0.0040526232892033765,464.9,True,0.017378460402266354,0.03259903760717294,0.07692307692307693,0.10683760683760683,0.019002789548055576,0.02370958176604115,0.03396590549368327,0.05041735527846639,khong cai thien (8/50)
lightgcn,active,2021,636,0.004058011412175195,466.1,False,,,,,,,,,
lightgcn,active,2021,637,0.004108270520585993,466.8,False,,,,,,,,,
lightgcn,active,2021,638,0.0040646993948928265,467.5,False,,,,,,,,,
lightgcn,active,2021,639,0.004070819228329879,468.1,False,,,,,,,,,
lightgcn,active,2021,640,0.004007075678778434,468.8,True,0.017459236778638112,0.03266827450120587,0.08547008547008547,0.10683760683760683,0.019571933041838074,0.023457102510861274,0.03545824031935143,0.05041735527846639,khong cai thien (9/50)
lightgcn,active,2021,641,0.004007676165973822,469.8,False,,,,,,,,,
lightgcn,active,2021,642,0.004088881063134332,470.4,False,,,,,,,,,
lightgcn,active,2021,643,0.004053645833036601,471.1,False,,,,,,,,,
lightgcn,active,2021,644,0.004061064701811125,471.8,False,,,,,,,,,
lightgcn,active,2021,645,0.003970315552363815,472.4,True,0.017389999884605177,0.03264519553652823,0.08547008547008547,0.10683760683760683,0.019446719060598642,0.023560354220177968,0.03545824031935143,0.050844705705816826,khong cai thien (10/50)
lightgcn,active,2021,646,0.004063160594148381,473.4,False,,,,,,,,,
lightgcn,active,2021,647,0.004001076861331625,474.1,False,,,,,,,,,
lightgcn,active,2021,648,0.004062628297596141,474.7,False,,,,,,,,,
lightgcn,active,2021,649,0.003970483005973293,475.4,False,,,,,,,,,
lightgcn,active,2021,650,0.004021236817796516,476.0,True,0.017436157813960466,0.032725971912899984,0.0811965811965812,0.1111111111111111,0.018950640477317413,0.024130221842989696,0.03403373889485001,0.05182405043516154,khong cai thien (11/50)
lightgcn,active,2021,651,0.003994346739637585,477.0,False,,,,,,,,,
lightgcn,active,2021,652,0.004032526713482417,477.7,False,,,,,,,,,
lightgcn,active,2021,653,0.004027647037864286,478.4,False,,,,,,,,,
lightgcn,active,2021,654,0.004027541557798855,479.0,False,,,,,,,,,
lightgcn,active,2021,655,0.003997705676469945,479.7,True,0.017563092119687512,0.03273751139523881,0.0811965811965812,0.10683760683760683,0.019583923544051838,0.024574173452812546,0.0343932559210337,0.05211234239012018,khong cai thien (12/50)
lightgcn,active,2021,656,0.003963801466826829,480.9,False,,,,,,,,,
lightgcn,active,2021,657,0.0040062179718087804,481.6,False,,,,,,,,,
lightgcn,active,2021,658,0.004117852249245565,482.2,False,,,,,,,,,
lightgcn,active,2021,659,0.003952576423663631,482.9,False,,,,,,,,,
lightgcn,active,2021,660,0.00397533427372418,483.5,True,0.0176092500490428,0.03276059035991646,0.08547008547008547,0.10683760683760683,0.020276540370915693,0.02466993778241927,0.03581775734553513,0.05211234239012018,khong cai thien (13/50)
lightgcn,active,2021,661,0.0039144261466752175,484.5,False,,,,,,,,,
lightgcn,active,2021,662,0.004038353462191658,485.1,False,,,,,,,,,
lightgcn,active,2021,663,0.0039635137445922786,485.8,False,,,,,,,,,
lightgcn,active,2021,664,0.003943177415087258,486.4,False,,,,,,,,,
lightgcn,active,2021,665,0.004042166179488772,487.1,True,0.017597710566703978,0.032564419160156476,0.0811965811965812,0.1111111111111111,0.01997982574725425,0.025630482062804594,0.03565947940947941,0.05638584666362445,khong cai thien (14/50)
lightgcn,active,2021,666,0.004050745236556071,488.1,False,,,,,,,,,
lightgcn,active,2021,667,0.003983978072064342,488.7,False,,,,,,,,,
lightgcn,active,2021,668,0.0040255296239820465,489.4,False,,,,,,,,,
lightgcn,active,2021,669,0.003955985205780041,490.0,False,,,,,,,,,
lightgcn,active,2021,670,0.003937450225746984,490.6,True,0.01747077626097693,0.032414405889751786,0.08547008547008547,0.10683760683760683,0.019412975048664693,0.023952073569650588,0.03565750093527871,0.05211234239012018,khong cai thien (15/50)
lightgcn,active,2021,671,0.003968467711718946,491.7,False,,,,,,,,,
lightgcn,active,2021,672,0.004049732376663381,492.4,False,,,,,,,,,
lightgcn,active,2021,673,0.003996226246008606,493.1,False,,,,,,,,,
lightgcn,active,2021,674,0.003943176154792147,493.8,False,,,,,,,,,
lightgcn,active,2021,675,0.003967620250994153,494.5,True,0.01765540797839809,0.032506721748462364,0.0811965811965812,0.10256410256410256,0.01859280889314635,0.02365230839660742,0.033681005208782984,0.051845248373026155,khong cai thien (16/50)
lightgcn,active,2021,676,0.003935815827455638,495.6,False,,,,,,,,,
lightgcn,active,2021,677,0.003943104280991754,496.3,False,,,,,,,,,
lightgcn,active,2021,678,0.003932990396027292,496.9,False,,,,,,,,,
lightgcn,active,2021,679,0.004023150794624562,497.6,False,,,,,,,,,
lightgcn,active,2021,680,0.003990728757884413,498.2,True,0.017666947460736913,0.03244902433676825,0.0811965811965812,0.10256410256410256,0.01843642708096611,0.023553496494064945,0.033681005208782984,0.051845248373026155,khong cai thien (17/50)
lightgcn,active,2021,681,0.0040467534428803905,499.2,False,,,,,,,,,
lightgcn,active,2021,682,0.0039770480936142626,499.9,False,,,,,,,,,
lightgcn,active,2021,683,0.004012537838488061,500.5,False,,,,,,,,,
lightgcn,active,2021,684,0.00395250656174878,501.2,False,,,,,,,,,
lightgcn,active,2021,685,0.0040299521422566134,501.8,True,0.017643868496059267,0.03251826123080118,0.08547008547008547,0.10256410256410256,0.019375873606067615,0.023805692710494306,0.03581775734553513,0.051845248373026155,khong cai thien (18/50)
lightgcn,active,2021,686,0.003938176222829323,502.9,False,,,,,,,,,
lightgcn,active,2021,687,0.0039641481007636125,503.5,False,,,,,,,,,
lightgcn,active,2021,688,0.004009596460438235,504.1,False,,,,,,,,,
lightgcn,active,2021,689,0.003962352755868018,504.7,False,,,,,,,,,
lightgcn,active,2021,690,0.003961086552557029,505.4,True,0.017678486943075732,0.03258749812483412,0.08547008547008547,0.09829059829059829,0.020476184304365815,0.024048162959011608,0.03581775734553513,0.05013399666177444,khong cai thien (19/50)
lightgcn,active,2021,691,0.0038755099265376874,506.5,False,,,,,,,,,
lightgcn,active,2021,692,0.003942498515845075,507.2,False,,,,,,,,,
lightgcn,active,2021,693,0.003975618911174539,507.8,False,,,,,,,,,
lightgcn,active,2021,694,0.0039426879200955495,508.5,False,,,,,,,,,
lightgcn,active,2021,695,0.004009498708625127,509.1,True,0.017770802801786313,0.03263365605418941,0.08547008547008547,0.09401709401709402,0.02098778465151117,0.02357180948779913,0.03581775734553513,0.04586049238827017,khong cai thien (20/50)
lightgcn,active,2021,696,0.004001018575418356,510.1,False,,,,,,,,,
lightgcn,active,2021,697,0.0039047298939456757,510.7,False,,,,,,,,,
lightgcn,active,2021,698,0.003984115964117657,511.4,False,,,,,,,,,
lightgcn,active,2021,699,0.003912131402876421,512.0,False,,,,,,,,,
lightgcn,active,2021,700,0.0040052035997237955,512.6,True,0.01786311866049689,0.03273751139523881,0.0811965811965812,0.08974358974358974,0.020793595239720783,0.0239817647255349,0.03565947940947941,0.046624902874902875,khong cai thien (21/50)
lightgcn,active,2021,701,0.003979517011847043,513.6,False,,,,,,,,,
lightgcn,active,2021,702,0.0039001668172538246,514.3,False,,,,,,,,,
lightgcn,active,2021,703,0.003938017915586924,514.9,False,,,,,,,,,
lightgcn,active,2021,704,0.0039142495362941305,515.5,False,,,,,,,,,
lightgcn,active,2021,705,0.003942142970914367,516.1,True,0.017920816072191002,0.03294522207733761,0.0811965811965812,0.08974358974358974,0.02022143273618605,0.0234053464191116,0.03565947940947941,0.046624902874902875,khong cai thien (22/50)
lightgcn,active,2021,706,0.003908970418205804,517.1,False,,,,,,,,,
lightgcn,active,2021,707,0.003962533029893835,517.8,False,,,,,,,,,
lightgcn,active,2021,708,0.003946735191744454,518.4,False,,,,,,,,,
lightgcn,active,2021,709,0.0038667366276289275,519.1,False,,,,,,,,,
lightgcn,active,2021,710,0.003946282541120502,519.8,True,0.017955434519207468,0.03281828777161057,0.0811965811965812,0.09401709401709402,0.020728138588231387,0.024982013893602453,0.03565947940947941,0.05107646982646983,khong cai thien (23/50)
lightgcn,active,2021,711,0.0039284346358249705,521.0,False,,,,,,,,,
lightgcn,active,2021,712,0.003911018004945376,521.6,False,,,,,,,,,
lightgcn,active,2021,713,0.003960651295132957,522.2,False,,,,,,,,,
lightgcn,active,2021,714,0.003943176869279375,522.9,False,,,,,,,,,
lightgcn,active,2021,715,0.003914932918366428,523.5,True,0.017990052966223934,0.03282982725394939,0.0811965811965812,0.09401709401709402,0.02042849755041515,0.024245248247889647,0.03565947940947941,0.050008093758093765,khong cai thien (24/50)
lightgcn,active,2021,716,0.003969001001174962,524.5,False,,,,,,,,,
lightgcn,active,2021,717,0.003975225171549376,525.1,False,,,,,,,,,
lightgcn,active,2021,718,0.003926414219094164,525.8,False,,,,,,,,,
lightgcn,active,2021,719,0.003940941392642528,526.4,False,,,,,,,,,
lightgcn,active,2021,720,0.003887861669360026,527.0,True,0.018082368824934515,0.032910603630321146,0.08547008547008547,0.08974358974358974,0.021677034691186387,0.023378201631922148,0.03993298368298368,0.04573458948458949,khong cai thien (25/50)
lightgcn,active,2021,721,0.0038520563055074873,528.0,False,,,,,,,,,
lightgcn,active,2021,722,0.0039371990293765495,528.6,False,,,,,,,,,
lightgcn,active,2021,723,0.003947062640134593,529.3,False,,,,,,,,,
lightgcn,active,2021,724,0.0038091477676149843,529.9,False,,,,,,,,,
lightgcn,active,2021,725,0.0038908879182644944,530.5,True,0.018128526754289803,0.0329913800066929,0.08547008547008547,0.08974358974358974,0.0222502887012836,0.023417526885383833,0.040321484071484066,0.04502233877233877,khong cai thien (26/50)
lightgcn,active,2021,726,0.003926838837774822,531.6,False,,,,,,,,,
lightgcn,active,2021,727,0.003913567267676535,532.2,False,,,,,,,,,
lightgcn,active,2021,728,0.003949186290242245,532.9,False,,,,,,,,,
lightgcn,active,2021,729,0.003945473774231691,533.5,False,,,,,,,,,
lightgcn,active,2021,730,0.0038634336225277094,534.2,True,0.018128526754289803,0.033060616900725835,0.07692307692307693,0.09401709401709402,0.021015836084415547,0.02334685197510362,0.037917637917637914,0.04518061670839449,khong cai thien (27/50)
lightgcn,active,2021,731,0.0038590484723645606,535.2,False,,,,,,,,,
lightgcn,active,2021,732,0.003906959412079411,535.9,False,,,,,,,,,
lightgcn,active,2021,733,0.003951065568633166,536.5,False,,,,,,,,,
lightgcn,active,2021,734,0.003977399717200796,537.1,False,,,,,,,,,
lightgcn,active,2021,735,0.003911593466379881,537.7,True,0.018151605718967446,0.03296830104201526,0.07692307692307693,0.09401709401709402,0.020911355710209648,0.023136955904590736,0.037917637917637914,0.04518061670839449,khong cai thien (28/50)
lightgcn,active,2021,736,0.0038820182188026527,538.7,False,,,,,,,,,
lightgcn,active,2021,737,0.003948344830659362,539.3,False,,,,,,,,,
lightgcn,active,2021,738,0.003824543587743391,540.0,False,,,,,,,,,
lightgcn,active,2021,739,0.003916691475404238,540.6,False,,,,,,,,,
lightgcn,active,2021,740,0.0038902635526201737,541.2,True,0.018197763648322735,0.03310677483008112,0.07692307692307693,0.08974358974358974,0.020259547160040997,0.02296084640357975,0.03752913752913753,0.04609071484071484,khong cai thien (29/50)
lightgcn,active,2021,741,0.003914868763710373,542.2,False,,,,,,,,,
lightgcn,active,2021,742,0.003867169570649919,542.8,False,,,,,,,,,
lightgcn,active,2021,743,0.0039029464429162267,543.5,False,,,,,,,,,
lightgcn,active,2021,744,0.003952186810907719,544.1,False,,,,,,,,,
lightgcn,active,2021,745,0.0038596888419259985,544.8,True,0.01826700054235567,0.03316447224177523,0.08547008547008547,0.09401709401709402,0.02077723116602632,0.02316902187999707,0.03785246186561976,0.04614694516010306,khong cai thien (30/50)
lightgcn,active,2021,746,0.003965812908159539,545.9,False,,,,,,,,,
lightgcn,active,2021,747,0.003972811157164882,546.6,False,,,,,,,,,
lightgcn,active,2021,748,0.0038623231189683226,547.3,False,,,,,,,,,
lightgcn,active,2021,749,0.0038878194654369206,548.0,False,,,,,,,,,
lightgcn,active,2021,750,0.0038449101563863006,548.6,True,0.018174684683645092,0.03310677483008112,0.0811965811965812,0.10256410256410256,0.02071864779018899,0.024845783174714864,0.037796231546231546,0.05129097808191375,khong cai thien (31/50)
lightgcn,active,2021,751,0.003901792441235399,549.6,False,,,,,,,,,
lightgcn,active,2021,752,0.003856762878224776,550.3,False,,,,,,,,,
lightgcn,active,2021,753,0.0038826056278270862,550.9,False,,,,,,,,,
lightgcn,active,2021,754,0.003913982814950537,551.6,False,,,,,,,,,
lightgcn,active,2021,755,0.0038430606945199725,552.2,True,0.018151605718967446,0.03311831431241995,0.0811965811965812,0.10256410256410256,0.021077944900966705,0.026058201778414312,0.037796231546231546,0.05550825203602981,best
lightgcn,active,2021,756,0.0038440215809403926,553.3,False,,,,,,,,,
lightgcn,active,2021,757,0.0038406311234291963,553.9,False,,,,,,,,,
lightgcn,active,2021,758,0.0038598172192882327,554.6,False,,,,,,,,,
lightgcn,active,2021,759,0.0038908183454327886,555.2,False,,,,,,,,,
lightgcn,active,2021,760,0.0038936550345981557,555.8,True,0.017932355554529825,0.03294522207733761,0.0811965811965812,0.10256410256410256,0.021087575452661825,0.02610200038646874,0.037796231546231546,0.05550825203602981,best
lightgcn,active,2021,761,0.0038735245751059474,556.9,False,,,,,,,,,
lightgcn,active,2021,762,0.0038948837865844846,557.5,False,,,,,,,,,
lightgcn,active,2021,763,0.0038507469264039596,558.2,False,,,,,,,,,
lightgcn,active,2021,764,0.003844918447770531,558.9,False,,,,,,,,,
lightgcn,active,2021,765,0.003915028301238886,559.6,True,0.017990052966223934,0.0330952353477423,0.0811965811965812,0.10256410256410256,0.02144017983960447,0.025761836262373515,0.03818473193473193,0.05443987596765375,khong cai thien (1/50)
lightgcn,active,2021,766,0.00377724457177356,560.8,False,,,,,,,,,
lightgcn,active,2021,767,0.0038809135547816466,561.4,False,,,,,,,,,
lightgcn,active,2021,768,0.0038826064590537714,562.1,False,,,,,,,,,
lightgcn,active,2021,769,0.003823552726840803,562.7,False,,,,,,,,,
lightgcn,active,2021,770,0.003867323577263297,563.4,True,0.018047750377918045,0.03323370913580817,0.0811965811965812,0.09401709401709402,0.021929665558324905,0.02505210143644682,0.03818473193473193,0.050008093758093765,khong cai thien (2/50)
lightgcn,active,2021,771,0.0038944950318504827,564.4,False,,,,,,,,,
lightgcn,active,2021,772,0.0038121047792349524,565.1,False,,,,,,,,,
lightgcn,active,2021,773,0.003836695099573085,565.7,False,,,,,,,,,
lightgcn,active,2021,774,0.0038334433918106783,566.3,False,,,,,,,,,
lightgcn,active,2021,775,0.0038186234833206953,567.0,True,0.018047750377918045,0.033279867065163456,0.0811965811965812,0.09401709401709402,0.021595689545713472,0.024264062388864967,0.03818473193473193,0.046859195872353765,khong cai thien (3/50)
lightgcn,active,2021,776,0.003906758482797132,568.0,False,,,,,,,,,
lightgcn,active,2021,777,0.003791690293069953,568.6,False,,,,,,,,,
lightgcn,active,2021,778,0.003938956129490664,569.3,False,,,,,,,,,
lightgcn,active,2021,779,0.00378824554669031,569.9,False,,,,,,,,,
lightgcn,active,2021,780,0.0038140649504884404,570.6,True,0.018082368824934515,0.03318755120645288,0.08547008547008547,0.09829059829059829,0.021598458905008652,0.024195262955924328,0.038240962254120145,0.047017473808409475,khong cai thien (4/50)
lightgcn,active,2021,781,0.003800501471452265,571.7,False,,,,,,,,,
lightgcn,active,2021,782,0.0038385574580253614,572.4,False,,,,,,,,,
lightgcn,active,2021,783,0.003873598483872188,573.0,False,,,,,,,,,
lightgcn,active,2021,784,0.0038107772707203225,573.7,False,,,,,,,,,
lightgcn,active,2021,785,0.003875597963923106,574.4,True,0.018082368824934515,0.03338372240621286,0.08547008547008547,0.09829059829059829,0.0216118311887885,0.024430569028400316,0.038240962254120145,0.0477297245206602,khong cai thien (5/50)
lightgcn,active,2021,786,0.0038175568044644965,575.5,False,,,,,,,,,
lightgcn,active,2021,787,0.003903595882817661,576.1,False,,,,,,,,,
lightgcn,active,2021,788,0.0038397008842221267,576.7,False,,,,,,,,,
lightgcn,active,2021,789,0.0038332015257463367,577.4,False,,,,,,,,,
lightgcn,active,2021,790,0.003843667384681223,578.0,True,0.018174684683645092,0.033268327582824636,0.08547008547008547,0.09829059829059829,0.02190695057263416,0.02432799280124817,0.038279812292970186,0.046661348452284125,khong cai thien (6/50)
lightgcn,active,2021,791,0.0038224187424620365,579.0,False,,,,,,,,,
lightgcn,active,2021,792,0.0038186919480999613,579.7,False,,,,,,,,,
lightgcn,active,2021,793,0.003912045620570337,580.3,False,,,,,,,,,
lightgcn,active,2021,794,0.0037945123418724014,580.9,False,,,,,,,,,
lightgcn,active,2021,795,0.003835683056065799,581.6,True,0.018278540024694492,0.03339526188855168,0.08974358974358974,0.09829059829059829,0.022736805494677628,0.024784055012698234,0.04037771439087228,0.0477297245206602,khong cai thien (7/50)
lightgcn,active,2021,796,0.003861740433508043,582.6,False,,,,,,,,,
lightgcn,active,2021,797,0.003792170749652488,583.3,False,,,,,,,,,
lightgcn,active,2021,798,0.003882917014493594,583.9,False,,,,,,,,,
lightgcn,active,2021,799,0.0038547483913076164,584.5,False,,,,,,,,,
lightgcn,active,2021,800,0.0038401807507441976,585.2,True,0.01822084261300038,0.03339526188855168,0.0811965811965812,0.09401709401709402,0.021645129036198214,0.02436388563977655,0.03396745798061587,0.04345622024715592,khong cai thien (8/50)
lightgcn,active,2021,801,0.0038258062457858792,586.3,False,,,,,,,,,
lightgcn,active,2021,802,0.0038871781713804487,587.0,False,,,,,,,,,
lightgcn,active,2021,803,0.003942708749755455,587.6,False,,,,,,,,,
lightgcn,active,2021,804,0.0037892705931138757,588.3,False,,,,,,,,,
lightgcn,active,2021,805,0.003756141846221269,588.9,True,0.01811698727195098,0.03333756447685757,0.0811965811965812,0.09401709401709402,0.021711530194277878,0.024251202051217453,0.03357895759211549,0.04238784417877985,khong cai thien (9/50)
lightgcn,active,2021,806,0.0038031688575307335,589.9,False,,,,,,,,,
lightgcn,active,2021,807,0.003809230984880566,590.6,False,,,,,,,,,
lightgcn,active,2021,808,0.003811275690540347,591.2,False,,,,,,,,,
lightgcn,active,2021,809,0.003794632464875448,591.8,False,,,,,,,,,
lightgcn,active,2021,810,0.0038696104359004636,592.5,True,0.018140066236628626,0.03347603826492344,0.0811965811965812,0.08974358974358974,0.0214874284666959,0.02380455469242814,0.03357895759211549,0.042229566242724136,khong cai thien (10/50)
lightgcn,active,2021,811,0.0037905120842894936,593.5,False,,,,,,,,,
lightgcn,active,2021,812,0.003833612983801413,594.2,False,,,,,,,,,
lightgcn,active,2021,813,0.0038140286172851185,594.8,False,,,,,,,,,
lightgcn,active,2021,814,0.0037818667472836478,595.4,False,,,,,,,,,
lightgcn,active,2021,815,0.003759170716970462,596.1,True,0.018209303130661558,0.033418340853229325,0.0811965811965812,0.09401709401709402,0.021103371257971425,0.023677151717139102,0.03357895759211549,0.04238784417877985,khong cai thien (11/50)
lightgcn,active,2021,816,0.003811111808194599,597.1,False,,,,,,,,,
lightgcn,active,2021,817,0.0038308463490277843,597.7,False,,,,,,,,,
lightgcn,active,2021,818,0.003714406146096481,598.4,False,,,,,,,,,
lightgcn,active,2021,819,0.003800310421037968,599.0,False,,,,,,,,,
lightgcn,active,2021,820,0.003824539130485521,599.7,True,0.018093908307273334,0.03334910395919639,0.0811965811965812,0.09401709401709402,0.02051910354533439,0.023565768580291437,0.03357895759211549,0.04345622024715592,khong cai thien (12/50)
lightgcn,active,2021,821,0.003829391801491492,600.8,False,,,,,,,,,
lightgcn,active,2021,822,0.003811675878311359,601.4,False,,,,,,,,,
lightgcn,active,2021,823,0.0038086786192335037,602.1,False,,,,,,,,,
lightgcn,active,2021,824,0.003852174941729565,602.7,False,,,,,,,,,
lightgcn,active,2021,825,0.00379680497133576,603.3,True,0.018174684683645092,0.03332602499451875,0.0811965811965812,0.09401709401709402,0.021195129408465446,0.023813108846269148,0.03357895759211549,0.04238784417877985,khong cai thien (13/50)
lightgcn,active,2021,826,0.0037130887324300127,604.4,False,,,,,,,,,
lightgcn,active,2021,827,0.003748046764770697,605.0,False,,,,,,,,,
lightgcn,active,2021,828,0.003789237453457244,605.7,False,,,,,,,,,
lightgcn,active,2021,829,0.003799413181667765,606.3,False,,,,,,,,,
lightgcn,active,2021,830,0.0037216722568424714,606.9,True,0.018174684683645092,0.03323370913580817,0.0811965811965812,0.09829059829059829,0.02119914524893863,0.02493546557540174,0.03357895759211549,0.046661348452284125,khong cai thien (14/50)
lightgcn,active,2021,831,0.0038171904582259327,607.9,False,,,,,,,,,
lightgcn,active,2021,832,0.0037725980449303115,608.5,False,,,,,,,,,
lightgcn,active,2021,833,0.0036982508059258917,609.2,False,,,,,,,,,
lightgcn,active,2021,834,0.0037454679109479366,609.8,False,,,,,,,,,
lightgcn,active,2021,835,0.003763208403777027,610.4,True,0.01822084261300038,0.03344141981790697,0.08547008547008547,0.09829059829059829,0.022156415384846497,0.02473701578433583,0.03785246186561976,0.046661348452284125,khong cai thien (15/50)
lightgcn,active,2021,836,0.0038208691626026915,611.6,False,,,,,,,,,
lightgcn,active,2021,837,0.0038271841127397845,612.2,False,,,,,,,,,
lightgcn,active,2021,838,0.0038125798442991314,612.9,False,,,,,,,,,
lightgcn,active,2021,839,0.0038167791757329136,613.6,False,,,,,,,,,
lightgcn,active,2021,840,0.0038452120848487107,614.2,True,0.018243921577678027,0.0333029460298411,0.08547008547008547,0.09829059829059829,0.022434871325162822,0.024993317471744474,0.03785246186561976,0.046661348452284125,khong cai thien (16/50)
lightgcn,active,2021,841,0.003718923316811556,615.2,False,,,,,,,,,
lightgcn,active,2021,842,0.0037831697715648466,615.9,False,,,,,,,,,
lightgcn,active,2021,843,0.003797176600343974,616.5,False,,,,,,,,,
lightgcn,active,2021,844,0.003752536549400274,617.1,False,,,,,,,,,
lightgcn,active,2021,845,0.003813682814598009,617.8,True,0.01832469795404978,0.033556814641295195,0.08547008547008547,0.09401709401709402,0.021652718926368657,0.02395001376130865,0.03416458595552163,0.04238784417877985,khong cai thien (17/50)
lightgcn,active,2021,846,0.0037796022614823848,618.8,False,,,,,,,,,
lightgcn,active,2021,847,0.0037363513215193564,619.4,False,,,,,,,,,
lightgcn,active,2021,848,0.003731355629758367,620.0,False,,,,,,,,,
lightgcn,active,2021,849,0.00378074789618408,620.7,False,,,,,,,,,
lightgcn,active,2021,850,0.0038170968189097567,621.3,True,0.018290079507033315,0.0334068013708905,0.08974358974358974,0.09401709401709402,0.022598426630552414,0.023972839537241976,0.03801073980167548,0.04238784417877985,khong cai thien (18/50)
lightgcn,active,2021,851,0.0037477368978872387,622.3,False,,,,,,,,,
lightgcn,active,2021,852,0.003804654810197201,622.9,False,,,,,,,,,
lightgcn,active,2021,853,0.0037740978126778015,623.5,False,,,,,,,,,
lightgcn,active,2021,854,0.003816571857794048,624.2,False,,,,,,,,,
lightgcn,active,2021,855,0.0038045443720358335,624.8,True,0.018336237436388604,0.03375298584105517,0.08974358974358974,0.10256410256410256,0.02242785961255466,0.02625272271325524,0.03801073980167548,0.05200322879416447,best
lightgcn,active,2021,856,0.0037486566383177844,626.0,False,,,,,,,,,
lightgcn,active,2021,857,0.003688284359691818,626.7,False,,,,,,,,,
lightgcn,active,2021,858,0.0038218546308145173,627.3,False,,,,,,,,,
lightgcn,active,2021,859,0.003794058232209825,627.9,False,,,,,,,,,
lightgcn,active,2021,860,0.003726341833556225,628.6,True,0.01830161898937214,0.033776064805732815,0.08974358974358974,0.09829059829059829,0.022422099414092542,0.02501401945179871,0.03839924019017586,0.0477297245206602,khong cai thien (1/50)
lightgcn,active,2021,861,0.0037408098804520536,629.6,False,,,,,,,,,
lightgcn,active,2021,862,0.0037830275620090595,630.2,False,,,,,,,,,
lightgcn,active,2021,863,0.0037334410999025,630.9,False,,,,,,,,,
lightgcn,active,2021,864,0.0037148937232847844,631.5,False,,,,,,,,,
lightgcn,active,2021,865,0.0037691352639895137,632.2,True,0.01830161898937214,0.03372990687637752,0.0811965811965812,0.09829059829059829,0.0213193582661159,0.025209113109199585,0.0337372355281712,0.0477297245206602,khong cai thien (2/50)
lightgcn,active,2021,866,0.003770676425095356,633.2,False,,,,,,,,,
lightgcn,active,2021,867,0.0037755827149696087,633.8,False,,,,,,,,,
lightgcn,active,2021,868,0.0037702815568201884,634.5,False,,,,,,,,,
lightgcn,active,2021,869,0.0037448692587197198,635.1,False,,,,,,,,,
lightgcn,active,2021,870,0.003761128237450681,635.8,True,0.018243921577678027,0.03368374894702224,0.08547008547008547,0.09829059829059829,0.022271800513159,0.02505264435339758,0.03801073980167547,0.0477297245206602,khong cai thien (3/50)
lightgcn,active,2021,871,0.003690538182657872,636.8,False,,,,,,,,,
lightgcn,active,2021,872,0.0037907637132547673,637.5,False,,,,,,,,,
lightgcn,active,2021,873,0.0037806203026925222,638.1,False,,,,,,,,,
lightgcn,active,2021,874,0.0037947774590840777,638.8,False,,,,,,,,,
lightgcn,active,2021,875,0.0037602358700068697,639.5,True,0.018243921577678027,0.03360297257065048,0.08974358974358974,0.10256410256410256,0.022613028906280166,0.025963998623753384,0.03975899154992722,0.05200322879416447,khong cai thien (4/50)
lightgcn,active,2021,876,0.003726567378445778,640.7,False,,,,,,,,,
lightgcn,active,2021,877,0.003727443753604579,641.3,False,,,,,,,,,
lightgcn,active,2021,878,0.003726150732553757,642.0,False,,,,,,,,,
lightgcn,active,2021,879,0.0038085390216926213,642.6,False,,,,,,,,,
lightgcn,active,2021,880,0.003752527443317985,643.3,True,0.01830161898937214,0.03374144635871635,0.07692307692307693,0.09829059829059829,0.01991384875861491,0.025013670514010735,0.034360880888658664,0.051946998474776254,khong cai thien (5/50)
lightgcn,active,2021,881,0.0037155714367003295,644.3,False,,,,,,,,,
lightgcn,active,2021,882,0.0037439343250655443,644.9,False,,,,,,,,,
lightgcn,active,2021,883,0.0037627981568725596,645.6,False,,,,,,,,,
lightgcn,active,2021,884,0.003688237203185384,646.2,False,,,,,,,,,
lightgcn,active,2021,885,0.003736512590696184,646.9,True,0.018382395365743893,0.03375298584105517,0.0811965811965812,0.09829059829059829,0.02016347148874525,0.025015693819013616,0.034749381277159055,0.051946998474776254,khong cai thien (6/50)
lightgcn,active,2021,886,0.0037754901338855123,647.9,False,,,,,,,,,
lightgcn,active,2021,887,0.003754805542495857,648.5,False,,,,,,,,,
lightgcn,active,2021,888,0.0037445451061468584,649.2,False,,,,,,,,,
lightgcn,active,2021,889,0.003753597997045102,649.8,False,,,,,,,,,
lightgcn,active,2021,890,0.003782870693166341,650.4,True,0.018382395365743893,0.033926078076137504,0.0811965811965812,0.09829059829059829,0.020678422355025535,0.025231636923107967,0.03513788166565944,0.051946998474776254,khong cai thien (7/50)
lightgcn,active,2021,891,0.003765752351577829,651.6,False,,,,,,,,,
lightgcn,active,2021,892,0.0037591432143753898,652.2,False,,,,,,,,,
lightgcn,active,2021,893,0.0037512615232281107,652.9,False,,,,,,,,,
lightgcn,active,2021,894,0.003710403206296834,653.6,False,,,,,,,,,
lightgcn,active,2021,895,0.0037318160468872634,654.3,True,0.018486250706793293,0.033776064805732815,0.08547008547008547,0.09829059829059829,0.021628702987727382,0.02550481642744083,0.03620625773403551,0.05151964804742583,khong cai thien (8/50)
lightgcn,active,2021,896,0.003769072889946967,655.3,False,,,,,,,,,
lightgcn,active,2021,897,0.003745345209672291,655.9,False,,,,,,,,,
lightgcn,active,2021,898,0.003737064542980463,656.5,False,,,,,,,,,
lightgcn,active,2021,899,0.0037133468841015617,657.2,False,,,,,,,,,
lightgcn,active,2021,900,0.0036838645690175985,657.8,True,0.018590106047842694,0.033776064805732815,0.0811965811965812,0.10683760683760683,0.020966032045701796,0.026801415273832847,0.03513788166565944,0.05721765374543153,best
lightgcn,active,2021,901,0.003769543745701061,658.8,False,,,,,,,,,
lightgcn,active,2021,902,0.0037234715891599633,659.5,False,,,,,,,,,
lightgcn,active,2021,903,0.0037642611669091914,660.1,False,,,,,,,,,
lightgcn,active,2021,904,0.0037795258764152843,660.7,False,,,,,,,,,
lightgcn,active,2021,905,0.0037090552033890462,661.4,True,0.018497790189132116,0.03387992014678221,0.0811965811965812,0.10683760683760683,0.020915214275834773,0.027190784995850186,0.03513788166565944,0.05803350456128235,best
lightgcn,active,2021,906,0.0037704351301030992,662.4,False,,,,,,,,,
lightgcn,active,2021,907,0.0037957069834177156,663.1,False,,,,,,,,,
lightgcn,active,2021,908,0.0038084748100484377,663.7,False,,,,,,,,,
lightgcn,active,2021,909,0.003691837425819257,664.4,False,,,,,,,,,
lightgcn,active,2021,910,0.003759705361148551,665.1,True,0.018486250706793293,0.03375298584105517,0.0811965811965812,0.10683760683760683,0.020942219884095746,0.0271272936304622,0.03513788166565944,0.05803350456128235,khong cai thien (1/50)
lightgcn,active,2021,911,0.003758664605045002,666.3,False,,,,,,,,,
lightgcn,active,2021,912,0.003748564383990147,666.9,False,,,,,,,,,
lightgcn,active,2021,913,0.0037338095061872057,667.6,False,,,,,,,,,
lightgcn,active,2021,914,0.003765026746552667,668.2,False,,,,,,,,,
lightgcn,active,2021,915,0.003697077764058378,668.9,True,0.01857856656550387,0.03367220946468341,0.0811965811965812,0.10683760683760683,0.021137321042047203,0.026868637226569722,0.03513788166565944,0.056965128492906275,khong cai thien (2/50)
lightgcn,active,2021,916,0.0037620161614296344,669.9,False,,,,,,,,,
lightgcn,active,2021,917,0.0036914124961291623,670.5,False,,,,,,,,,
lightgcn,active,2021,918,0.0037178929175498377,671.1,False,,,,,,,,,
lightgcn,active,2021,919,0.0037028965352020023,671.8,False,,,,,,,,,
lightgcn,active,2021,920,0.003677072805850878,672.4,True,0.01841701381276036,0.03372990687637752,0.0811965811965812,0.10256410256410256,0.021526010413392603,0.026359566163191458,0.03513788166565944,0.052691624219402,khong cai thien (3/50)
lightgcn,active,2021,921,0.0037174098332099733,673.4,False,,,,,,,,,
lightgcn,active,2021,922,0.0036301536808162147,674.1,False,,,,,,,,,
lightgcn,active,2021,923,0.0037436635694313982,674.7,False,,,,,,,,,
lightgcn,active,2021,924,0.003755505178791662,675.4,False,,,,,,,,,
lightgcn,active,2021,925,0.0037101876391987462,676.0,True,0.018451632259776828,0.033926078076137504,0.0811965811965812,0.1111111111111111,0.02125431702334564,0.028063034743021232,0.03513788166565944,0.06123863276641055,best
lightgcn,active,2021,926,0.003706102144014197,677.0,False,,,,,,,,,
lightgcn,active,2021,927,0.0037520381094470496,677.7,False,,,,,,,,,
lightgcn,active,2021,928,0.0037353796970872135,678.3,False,,,,,,,,,
lightgcn,active,2021,929,0.0037350940943099067,679.0,False,,,,,,,,,
lightgcn,active,2021,930,0.003662757398961376,679.7,True,0.018382395365743893,0.03368374894702224,0.0811965811965812,0.10683760683760683,0.021206680563158133,0.027555415867948733,0.03513788166565944,0.05803350456128235,khong cai thien (1/50)
lightgcn,active,2021,931,0.0036750677485494995,680.8,False,,,,,,,,,
lightgcn,active,2021,932,0.003779640868872961,681.5,False,,,,,,,,,
lightgcn,active,2021,933,0.003657727005581674,682.1,False,,,,,,,,,
lightgcn,active,2021,934,0.003678351890943317,682.7,False,,,,,,,,,
lightgcn,active,2021,935,0.00367921109655593,683.4,True,0.018451632259776828,0.03386838066444339,0.0811965811965812,0.11965811965811966,0.02154915372168586,0.029712841834185825,0.03513788166565944,0.06622099608210719,best
lightgcn,active,2021,936,0.0036798058004424506,684.4,False,,,,,,,,,
lightgcn,active,2021,937,0.0036492859893850955,685.0,False,,,,,,,,,
lightgcn,active,2021,938,0.0037005031075870672,685.7,False,,,,,,,,,
lightgcn,active,2021,939,0.003718126937077581,686.3,False,,,,,,,,,
lightgcn,active,2021,940,0.0036812854547459864,687.0,True,0.018440092777438005,0.033776064805732815,0.0811965811965812,0.10683760683760683,0.021007078903466307,0.027183331653357398,0.03513788166565944,0.057606154133931914,khong cai thien (1/50)
lightgcn,active,2021,941,0.003712380482604982,688.0,False,,,,,,,,,
lightgcn,active,2021,942,0.003733132785569691,688.6,False,,,,,,,,,
lightgcn,active,2021,943,0.003667762218468879,689.3,False,,,,,,,,,
lightgcn,active,2021,944,0.0037320017706977174,689.9,False,,,,,,,,,
lightgcn,active,2021,945,0.0037435037210497694,690.5,True,0.018382395365743893,0.033787604288071635,0.0811965811965812,0.10683760683760683,0.0213437234225096,0.027323020552438376,0.03513788166565944,0.05721765374543153,khong cai thien (2/50)
lightgcn,active,2021,946,0.0036992578201928846,691.7,False,,,,,,,,,
lightgcn,active,2021,947,0.003697963002878083,692.4,False,,,,,,,,,
lightgcn,active,2021,948,0.003666983119549321,693.1,False,,,,,,,,,
lightgcn,active,2021,949,0.00364350768144046,693.7,False,,,,,,,,,
lightgcn,active,2021,950,0.003657873405086755,694.4,True,0.018451632259776828,0.03364913050000577,0.0811965811965812,0.10683760683760683,0.0212719274079947,0.027210486426155034,0.03513788166565944,0.05721765374543153,khong cai thien (3/50)
lightgcn,active,2021,951,0.0037274112818101958,695.4,False,,,,,,,,,
lightgcn,active,2021,952,0.003647285456081375,696.1,False,,,,,,,,,
lightgcn,active,2021,953,0.003727579845862903,696.7,False,,,,,,,,,
lightgcn,active,2021,954,0.003719373132534722,697.3,False,,,,,,,,,
lightgcn,active,2021,955,0.00371863969266024,697.9,True,0.01850932967147094,0.03389145962912104,0.0811965811965812,0.10683760683760683,0.021050261075329996,0.02718085798838205,0.03513788166565944,0.05721765374543153,khong cai thien (4/50)
lightgcn,active,2021,956,0.003668989534915279,699.0,False,,,,,,,,,
lightgcn,active,2021,957,0.0037103098471627126,699.6,False,,,,,,,,,
lightgcn,active,2021,958,0.0036792106887655242,700.2,False,,,,,,,,,
lightgcn,active,2021,959,0.00369265484678875,700.9,False,,,,,,,,,
lightgcn,active,2021,960,0.003640643671761574,701.5,True,0.01837085588340507,0.033995314970170436,0.08547008547008547,0.10683760683760683,0.022384325425292537,0.02742091205259655,0.03941138593916371,0.05721765374543153,khong cai thien (5/50)
lightgcn,active,2021,961,0.003653325512418594,702.5,False,,,,,,,,,
lightgcn,active,2021,962,0.003709268243837182,703.2,False,,,,,,,,,
lightgcn,active,2021,963,0.003680801803600676,703.8,False,,,,,,,,,
lightgcn,active,2021,964,0.003753117385838302,704.5,False,,,,,,,,,
lightgcn,active,2021,965,0.0037163043475254374,705.2,True,0.01842855329509918,0.0339722360054928,0.08547008547008547,0.10683760683760683,0.023116399217983256,0.027949810314751862,0.040123636651414434,0.057645004172781955,khong cai thien (6/50)
lightgcn,active,2021,966,0.0037528450317365694,706.3,False,,,,,,,,,
lightgcn,active,2021,967,0.003745108475840665,707.0,False,,,,,,,,,
lightgcn,active,2021,968,0.0036858442897739433,707.7,False,,,,,,,,,
lightgcn,active,2021,969,0.0037336024235433353,708.3,False,,,,,,,,,
lightgcn,active,2021,970,0.003627144934439639,709.0,True,0.01841701381276036,0.03400685445250926,0.08547008547008547,0.10683760683760683,0.023877021200907084,0.028683795951906777,0.040123636651414434,0.057645004172781955,khong cai thien (7/50)
lightgcn,active,2021,971,0.003600340057073397,710.0,False,,,,,,,,,
lightgcn,active,2021,972,0.003725510740240398,710.6,False,,,,,,,,,
lightgcn,active,2021,973,0.0037005637348595604,711.3,False,,,,,,,,,
lightgcn,active,2021,974,0.0037310795707110288,711.9,False,,,,,,,,,
lightgcn,active,2021,975,0.0036566398384931956,712.5,True,0.01841701381276036,0.033937617558476324,0.0811965811965812,0.10683760683760683,0.022230483700012047,0.02825163022382671,0.03585013237791016,0.057645004172781955,khong cai thien (8/50)
lightgcn,active,2021,976,0.0036529014730950233,713.5,False,,,,,,,,,
lightgcn,active,2021,977,0.0037187989394274583,714.2,False,,,,,,,,,
lightgcn,active,2021,978,0.0036132579281689947,714.8,False,,,,,,,,,
lightgcn,active,2021,979,0.003643145984394129,715.4,False,,,,,,,,,
lightgcn,active,2021,980,0.003619445973347906,716.1,True,0.018359316401066247,0.03401839393484808,0.08547008547008547,0.10256410256410256,0.023289080337738872,0.02743078149283837,0.040123636651414434,0.05429418832196611,khong cai thien (9/50)
lightgcn,active,2021,981,0.0036441772590707455,717.1,False,,,,,,,,,
lightgcn,active,2021,982,0.0036443456914139792,717.8,False,,,,,,,,,
lightgcn,active,2021,983,0.0036838691392356406,718.5,False,,,,,,,,,
lightgcn,active,2021,984,0.003627083400823717,719.1,False,,,,,,,,,
lightgcn,active,2021,985,0.0036151939549799073,719.8,True,0.018451632259776828,0.033983775487831616,0.08974358974358974,0.10256410256410256,0.024964087296072267,0.028010596145756985,0.0411920127197905,0.053193437221215,khong cai thien (10/50)
lightgcn,active,2021,986,0.0036825061977324236,721.0,False,,,,,,,,,
lightgcn,active,2021,987,0.0036857211989376566,721.7,False,,,,,,,,,
lightgcn,active,2021,988,0.0036847004985405126,722.3,False,,,,,,,,,
lightgcn,active,2021,989,0.003620392810449773,722.9,False,,,,,,,,,
lightgcn,active,2021,990,0.0036730129421795265,723.6,True,0.018347776918727427,0.03389145962912104,0.08974358974358974,0.10683760683760683,0.0242277729374681,0.028386060767848775,0.0411920127197905,0.05746694149471928,khong cai thien (11/50)
lightgcn,active,2021,991,0.003670285299901972,724.6,False,,,,,,,,,
lightgcn,active,2021,992,0.0036404658301196664,725.2,False,,,,,,,,,
lightgcn,active,2021,993,0.003702077514220106,725.9,False,,,,,,,,,
lightgcn,active,2021,994,0.003594765601320439,726.5,False,,,,,,,,,
lightgcn,active,2021,995,0.003658655073364028,727.1,True,0.018359316401066247,0.03400685445250926,0.08974358974358974,0.10683760683760683,0.02451124140917953,0.028495878641708598,0.0411920127197905,0.05693275346053124,khong cai thien (12/50)
lightgcn,active,2021,996,0.0036542667829136074,728.1,False,,,,,,,,,
lightgcn,active,2021,997,0.0036170005341092295,728.8,False,,,,,,,,,
lightgcn,active,2021,998,0.003610093884461143,729.4,False,,,,,,,,,
lightgcn,active,2021,999,0.0036828208387590117,730.1,False,,,,,,,,,
lightgcn,active,2021,1000,0.003622640999554246,730.7,True,0.018486250706793293,0.03390299911145986,0.09401709401709402,0.10683760683760683,0.023762546000614358,0.02668036616514984,0.041248243039178706,0.05271547950641518,khong cai thien (13/50)
