model,cohort,seed,epoch,loss,seconds,evaluated,valid_coverage@10,valid_coverage@20,valid_hit_rate@10,valid_hit_rate@20,valid_ndcg@10,valid_ndcg@20,valid_recall@10,valid_recall@20,note
bt_dkgrec_time_only,active,2020,1,0.6905093601003685,1.8,False,,,,,,,,,
bt_dkgrec_time_only,active,2020,2,0.6865735353092756,3.2,False,,,,,,,,,
bt_dkgrec_time_only,active,2020,3,0.6794747594975763,4.6,False,,,,,,,,,
bt_dkgrec_time_only,active,2020,4,0.6664552384225474,6.0,False,,,,,,,,,
bt_dkgrec_time_only,active,2020,5,0.6454698807989679,7.4,True,0.004108055712620732,0.007708374202333283,0.02564102564102564,0.042735042735042736,0.007513887248796677,0.009627775901137208,0.01506828379298015,0.022005287659808578,best
bt_dkgrec_time_only,active,2020,6,0.6167298689364248,9.2,False,,,,,,,,,
bt_dkgrec_time_only,active,2020,7,0.5820149748576426,10.6,False,,,,,,,,,
bt_dkgrec_time_only,active,2020,8,0.5443103610804262,12.0,False,,,,,,,,,
bt_dkgrec_time_only,active,2020,9,0.5060258226713057,13.3,False,,,,,,,,,
bt_dkgrec_time_only,active,2020,10,0.468495640658821,14.8,True,0.0034733841839855065,0.0066352023448228116,0.038461538461538464,0.04700854700854701,0.010064633554408415,0.01073380533577091,0.021065273258255714,0.02270212168997594,best
bt_dkgrec_time_only,active,2020,11,0.4327043635178388,16.7,False,,,,,,,,,
bt_dkgrec_time_only,active,2020,12,0.4007286497082926,18.1,False,,,,,,,,,
bt_dkgrec_time_only,active,2020,13,0.3698427997576145,19.5,False,,,,,,,,,
bt_dkgrec_time_only,active,2020,14,0.3426641212120381,20.9,False,,,,,,,,,
bt_dkgrec_time_only,active,2020,15,0.31782243201177607,22.3,True,0.004084976747943087,0.007581439896606239,0.038461538461538464,0.05555555555555555,0.010284966665400862,0.01185481709815456,0.021065273258255714,0.02657633389752148,best
bt_dkgrec_time_only,active,2020,16,0.29435704845319166,24.2,False,,,,,,,,,
bt_dkgrec_time_only,active,2020,17,0.27426245587795484,25.6,False,,,,,,,,,
bt_dkgrec_time_only,active,2020,18,0.25515003705666894,27.0,False,,,,,,,,,
bt_dkgrec_time_only,active,2020,19,0.23759993853204583,28.4,False,,,,,,,,,
bt_dkgrec_time_only,active,2020,20,0.2229005462163569,29.9,True,0.004731187758917135,0.008816164506860222,0.038461538461538464,0.05982905982905983,0.012119673130827823,0.01436694085072724,0.021065273258255714,0.030913509068029987,best
bt_dkgrec_time_only,active,2020,21,0.20901242439987813,31.8,False,,,,,,,,,
bt_dkgrec_time_only,active,2020,22,0.19668147649019924,33.2,False,,,,,,,,,
bt_dkgrec_time_only,active,2020,23,0.18474906134278435,34.6,False,,,,,,,,,
bt_dkgrec_time_only,active,2020,24,0.17452563379771366,36.0,False,,,,,,,,,
bt_dkgrec_time_only,active,2020,25,0.16506123458423905,37.4,True,0.00526200394650296,0.009877796882031872,0.038461538461538464,0.05982905982905983,0.013905245736829165,0.016385216637545538,0.0210090429388675,0.02986156955455201,best
bt_dkgrec_time_only,active,2020,26,0.1568012105530207,39.2,False,,,,,,,,,
bt_dkgrec_time_only,active,2020,27,0.14821437505927523,40.6,False,,,,,,,,,
bt_dkgrec_time_only,active,2020,28,0.14169938842461824,42.0,False,,,,,,,,,
bt_dkgrec_time_only,active,2020,29,0.1354088533889442,43.4,False,,,,,,,,,
bt_dkgrec_time_only,active,2020,30,0.12825545503674346,44.9,True,0.0057582016870723176,0.010800955469137655,0.03418803418803419,0.05555555555555555,0.012737661129366244,0.015149613285298647,0.01994066687049143,0.027668587098411662,khong cai thien (1/50)
bt_dkgrec_time_only,active,2020,31,0.12444934203845014,46.7,False,,,,,,,,,
bt_dkgrec_time_only,active,2020,32,0.1185013258185708,48.0,False,,,,,,,,,
bt_dkgrec_time_only,active,2020,33,0.1134839888117515,49.4,False,,,,,,,,,
bt_dkgrec_time_only,active,2020,34,0.10929247435632611,50.8,False,,,,,,,,,
bt_dkgrec_time_only,active,2020,35,0.10564330751183558,52.2,True,0.006219780980625209,0.01179335095027637,0.03418803418803419,0.0641025641025641,0.012508091359144309,0.0156704499423621,0.01994066687049143,0.02948421765335845,khong cai thien (2/50)
bt_dkgrec_time_only,active,2020,36,0.10183283117424173,54.0,False,,,,,,,,,
bt_dkgrec_time_only,active,2020,37,0.09804010078623167,55.4,False,,,,,,,,,
bt_dkgrec_time_only,active,2020,38,0.09528034454835883,56.8,False,,,,,,,,,
bt_dkgrec_time_only,active,2020,39,0.09252029843668866,58.3,False,,,,,,,,,
bt_dkgrec_time_only,active,2020,40,0.08895963878372275,59.7,True,0.006669820791839278,0.01260111471399393,0.038461538461538464,0.0641025641025641,0.012692174824460759,0.0156917255717036,0.020652917582742143,0.02948421765335845,khong cai thien (3/50)
bt_dkgrec_time_only,active,2020,41,0.08655731202111124,61.4,False,,,,,,,,,
bt_dkgrec_time_only,active,2020,42,0.08326944841148799,62.8,False,,,,,,,,,
bt_dkgrec_time_only,active,2020,43,0.08082945451444365,64.2,False,,,,,,,,,
bt_dkgrec_time_only,active,2020,44,0.07919420930684308,65.6,False,,,,,,,,,
bt_dkgrec_time_only,active,2020,45,0.07656968586513616,67.0,True,0.006981386814987479,0.013431957442389134,0.042735042735042736,0.05982905982905983,0.013804716871046282,0.016147384294294076,0.021834963074279314,0.02942798733397024,khong cai thien (4/50)
bt_dkgrec_time_only,active,2020,46,0.07471262650332113,68.7,False,,,,,,,,,
bt_dkgrec_time_only,active,2020,47,0.07291341167007238,70.1,False,,,,,,,,,
bt_dkgrec_time_only,active,2020,48,0.07178949533769585,71.5,False,,,,,,,,,
bt_dkgrec_time_only,active,2020,49,0.06885145354129342,72.9,False,,,,,,,,,
bt_dkgrec_time_only,active,2020,50,0.0677271300578816,74.3,True,0.007281413355796859,0.013870457771264381,0.042735042735042736,0.0641025641025641,0.01509287199025788,0.01725678081762211,0.023916926694704473,0.02953900616968543,best
bt_dkgrec_time_only,active,2020,51,0.06647773621340235,76.1,False,,,,,,,,,
bt_dkgrec_time_only,active,2020,52,0.06489772284684268,77.5,False,,,,,,,,,
bt_dkgrec_time_only,active,2020,53,0.06283461805474598,78.9,False,,,,,,,,,
bt_dkgrec_time_only,active,2020,54,0.061792121643960383,80.2,False,,,,,,,,,
bt_dkgrec_time_only,active,2020,55,0.06010149070193697,81.6,True,0.007535281967250949,0.014458971370544317,0.04700854700854701,0.05555555555555555,0.015258296803386976,0.016866622324696916,0.02397171521103145,0.02943960914046384,khong cai thien (1/50)
bt_dkgrec_time_only,active,2020,56,0.05882377887018856,83.4,False,,,,,,,,,
bt_dkgrec_time_only,active,2020,57,0.058546402074362916,84.8,False,,,,,,,,,
bt_dkgrec_time_only,active,2020,58,0.05682666948268673,86.2,False,,,,,,,,,
bt_dkgrec_time_only,active,2020,59,0.05598811109683207,87.7,False,,,,,,,,,
bt_dkgrec_time_only,active,2020,60,0.053825173993978556,89.0,True,0.00793916384910973,0.015105182381518365,0.05128205128205128,0.05982905982905983,0.01654934294906967,0.017110230956079064,0.028245219484535723,0.02949583945985205,khong cai thien (2/50)
bt_dkgrec_time_only,active,2020,61,0.05341439364627214,90.8,False,,,,,,,,,
bt_dkgrec_time_only,active,2020,62,0.0525684399098368,92.2,False,,,,,,,,,
bt_dkgrec_time_only,active,2020,63,0.0509838590506237,93.6,False,,,,,,,,,
bt_dkgrec_time_only,active,2020,64,0.05057415385659558,95.0,False,,,,,,,,,
bt_dkgrec_time_only,active,2020,65,0.04996995172004492,96.4,True,0.008216111425241463,0.015762932874831236,0.04700854700854701,0.05982905982905983,0.015497745969064636,0.0172185715648429,0.02397171521103145,0.02949583945985205,khong cai thien (3/50)
bt_dkgrec_time_only,active,2020,66,0.0494412334679219,98.2,False,,,,,,,,,
bt_dkgrec_time_only,active,2020,67,0.04764639929431888,99.6,False,,,,,,,,,
bt_dkgrec_time_only,active,2020,68,0.04719354320016709,101.0,False,,,,,,,,,
bt_dkgrec_time_only,active,2020,69,0.04603925441179519,102.4,False,,,,,,,,,
bt_dkgrec_time_only,active,2020,70,0.04525539953289494,103.8,True,0.008469980036695553,0.01615527527435119,0.04700854700854701,0.05555555555555555,0.015977299060568512,0.017307850965382617,0.02397171521103145,0.02943960914046384,best
bt_dkgrec_time_only,active,2020,71,0.044763092713350744,105.6,False,,,,,,,,,
bt_dkgrec_time_only,active,2020,72,0.04414073337807477,107.0,False,,,,,,,,,
bt_dkgrec_time_only,active,2020,73,0.04304531299011659,108.4,False,,,,,,,,,
bt_dkgrec_time_only,active,2020,74,0.04250786991604228,109.8,False,,,,,,,,,
bt_dkgrec_time_only,active,2020,75,0.04206348293345982,111.2,True,0.008746927612827289,0.016478380779838216,0.04700854700854701,0.05555555555555555,0.01609311551399024,0.017247368998828564,0.02397171521103145,0.029384820624136863,khong cai thien (1/50)
bt_dkgrec_time_only,active,2020,76,0.041945206238898226,113.1,False,,,,,,,,,
bt_dkgrec_time_only,active,2020,77,0.040654087534921314,114.5,False,,,,,,,,,
bt_dkgrec_time_only,active,2020,78,0.04019308404889259,115.9,False,,,,,,,,,
bt_dkgrec_time_only,active,2020,79,0.04029761719799541,117.3,False,,,,,,,,,
bt_dkgrec_time_only,active,2020,80,0.03958415437351965,118.7,True,0.008862322436215512,0.017182289202506376,0.04700854700854701,0.05555555555555555,0.016308659272226404,0.01760152400245242,0.02397171521103145,0.02943960914046384,best
bt_dkgrec_time_only,active,2020,81,0.03853149427868754,120.6,False,,,,,,,,,
bt_dkgrec_time_only,active,2020,82,0.038341864746503335,121.9,False,,,,,,,,,
bt_dkgrec_time_only,active,2020,83,0.0378079289164642,123.3,False,,,,,,,,,
bt_dkgrec_time_only,active,2020,84,0.03673191992266773,124.7,False,,,,,,,,,
bt_dkgrec_time_only,active,2020,85,0.036370908002985945,126.1,True,0.009185427941702535,0.017597710566703978,0.04700854700854701,0.05982905982905983,0.01620675752908281,0.017742483764795834,0.02397171521103145,0.029973797174651876,best
bt_dkgrec_time_only,active,2020,86,0.036843917698288355,128.1,False,,,,,,,,,
bt_dkgrec_time_only,active,2020,87,0.03574097155686043,129.5,False,,,,,,,,,
bt_dkgrec_time_only,active,2020,88,0.03542590365169848,130.9,False,,,,,,,,,
bt_dkgrec_time_only,active,2020,89,0.03475619426467535,132.2,False,,,,,,,,,
bt_dkgrec_time_only,active,2020,90,0.034693391489332544,133.6,True,0.009485454482511915,0.018001592448562757,0.04700854700854701,0.05982905982905983,0.016271960600790034,0.017796237449950975,0.02397171521103145,0.029973797174651876,best
bt_dkgrec_time_only,active,2020,91,0.03442749405326358,135.4,False,,,,,,,,,
bt_dkgrec_time_only,active,2020,92,0.03389282811943823,136.8,False,,,,,,,,,
bt_dkgrec_time_only,active,2020,93,0.03297429243601241,138.2,False,,,,,,,,,
bt_dkgrec_time_only,active,2020,94,0.03304067808163032,139.6,False,,,,,,,,,
bt_dkgrec_time_only,active,2020,95,0.032423842949258125,141.0,True,0.009727783611627183,0.01832469795404978,0.05128205128205128,0.05982905982905983,0.016568987382281717,0.017830962352723963,0.024505903245219483,0.030077286594380612,best
bt_dkgrec_time_only,active,2020,96,0.032435311137410536,142.9,False,,,,,,,,,
bt_dkgrec_time_only,active,2020,97,0.03184068848323545,144.4,False,,,,,,,,,
bt_dkgrec_time_only,active,2020,98,0.03174969594826259,145.8,False,,,,,,,,,
bt_dkgrec_time_only,active,2020,99,0.03125625372032146,147.1,False,,,,,,,,,
bt_dkgrec_time_only,active,2020,100,0.03122038272227323,148.5,True,0.009947033776064805,0.01865934294187563,0.04700854700854701,0.0641025641025641,0.016243588490327088,0.018967923640675847,0.02397171521103145,0.03440557938421186,best
bt_dkgrec_time_only,active,2020,101,0.030865181979339334,150.4,False,,,,,,,,,
bt_dkgrec_time_only,active,2020,102,0.03027286093289005,151.8,False,,,,,,,,,
bt_dkgrec_time_only,active,2020,103,0.02991843903085443,153.2,False,,,,,,,,,
bt_dkgrec_time_only,active,2020,104,0.029730312124794215,154.6,False,,,,,,,,,
bt_dkgrec_time_only,active,2020,105,0.02960222931145287,156.0,True,0.010039349634775385,0.019097843270750873,0.04700854700854701,0.0641025641025641,0.016295067601118256,0.019070180742935147,0.02397171521103145,0.03440557938421186,best
bt_dkgrec_time_only,active,2020,106,0.029290956544292833,158.0,False,,,,,,,,,
bt_dkgrec_time_only,active,2020,107,0.029095673483237397,159.4,False,,,,,,,,,
bt_dkgrec_time_only,active,2020,108,0.02857445216792878,160.8,False,,,,,,,,,
bt_dkgrec_time_only,active,2020,109,0.02865691196615321,162.2,False,,,,,,,,,
bt_dkgrec_time_only,active,2020,110,0.02812532677980054,163.6,True,0.010050889117114206,0.01937479084688261,0.05128205128205128,0.06837606837606838,0.016490850540175038,0.019375855142293372,0.024505903245219483,0.03526028023891272,best
bt_dkgrec_time_only,active,2020,111,0.02788260354956192,165.4,False,,,,,,,,,
bt_dkgrec_time_only,active,2020,112,0.02762190625218651,166.8,False,,,,,,,,,
bt_dkgrec_time_only,active,2020,113,0.02717543177558825,168.2,False,,,,,,,,,
bt_dkgrec_time_only,active,2020,114,0.02713257728538418,169.6,False,,,,,,,,,
bt_dkgrec_time_only,active,2020,115,0.02681625608876146,171.0,True,0.010235520834535362,0.01982483065809668,0.05128205128205128,0.06837606837606838,0.017451865429294923,0.019545980574287924,0.028245219484535723,0.03526028023891272,best
bt_dkgrec_time_only,active,2020,116,0.02703975080741704,173.0,False,,,,,,,,,
bt_dkgrec_time_only,active,2020,117,0.02620232113450015,174.4,False,,,,,,,,,
bt_dkgrec_time_only,active,2020,118,0.026185661452525728,175.8,False,,,,,,,,,
bt_dkgrec_time_only,active,2020,119,0.026175545327815162,177.2,False,,,,,,,,,
bt_dkgrec_time_only,active,2020,120,0.025925287555236202,178.6,True,0.010420152551956519,0.02018255461060017,0.05128205128205128,0.06837606837606838,0.017502998631628654,0.01959703972002942,0.028245219484535723,0.03526028023891272,best
bt_dkgrec_time_only,active,2020,121,0.025756742192170733,180.4,False,,,,,,,,,
bt_dkgrec_time_only,active,2020,122,0.02566707630942391,181.8,False,,,,,,,,,
bt_dkgrec_time_only,active,2020,123,0.024902512557931553,183.1,False,,,,,,,,,
bt_dkgrec_time_only,active,2020,124,0.025062514043724584,184.6,False,,,,,,,,,
bt_dkgrec_time_only,active,2020,125,0.024968135268495385,186.0,True,0.010581705304700031,0.020574897010120125,0.05128205128205128,0.07264957264957266,0.016197659066544936,0.018123520018259825,0.0283000080008627,0.035636190337045036,khong cai thien (1/50)
bt_dkgrec_time_only,active,2020,126,0.024571750185485818,187.9,False,,,,,,,,,
bt_dkgrec_time_only,active,2020,127,0.024391794798848673,189.3,False,,,,,,,,,
bt_dkgrec_time_only,active,2020,128,0.02444054704137503,190.7,False,,,,,,,,,
bt_dkgrec_time_only,active,2020,129,0.024232023680267317,192.1,False,,,,,,,,,
bt_dkgrec_time_only,active,2020,130,0.02381141738130545,193.5,True,0.01073171857510472,0.020828765621574215,0.05128205128205128,0.07692307692307693,0.016171356777620712,0.01832444327392817,0.0283000080008627,0.03602469072554543,khong cai thien (2/50)
bt_dkgrec_time_only,active,2020,131,0.023768188069305092,195.3,False,,,,,,,,,
bt_dkgrec_time_only,active,2020,132,0.02360018732740918,196.6,False,,,,,,,,,
bt_dkgrec_time_only,active,2020,133,0.02333776695052678,198.1,False,,,,,,,,,
bt_dkgrec_time_only,active,2020,134,0.023353540979914125,199.5,False,,,,,,,,,
bt_dkgrec_time_only,active,2020,135,0.02313469195517857,200.9,True,0.0110317451159141,0.021013397338995373,0.05128205128205128,0.07692307692307693,0.01792418479027712,0.020203280941857832,0.0283000080008627,0.036594491295346,best
bt_dkgrec_time_only,active,2020,136,0.022516006362955848,202.7,False,,,,,,,,,
bt_dkgrec_time_only,active,2020,137,0.022902225873968167,204.1,False,,,,,,,,,
bt_dkgrec_time_only,active,2020,138,0.022575976718746418,205.5,False,,,,,,,,,
bt_dkgrec_time_only,active,2020,139,0.022851107603949063,206.9,False,,,,,,,,,
bt_dkgrec_time_only,active,2020,140,0.02218345001672269,208.2,True,0.011147139939302322,0.021244186985771817,0.05128205128205128,0.07692307692307693,0.0176883793622111,0.020110744229141428,0.0283000080008627,0.036594491295346,khong cai thien (1/50)
bt_dkgrec_time_only,active,2020,141,0.02236963568832368,210.0,False,,,,,,,,,
bt_dkgrec_time_only,active,2020,142,0.021971853967270593,211.4,False,,,,,,,,,
bt_dkgrec_time_only,active,2020,143,0.021929787628542287,212.8,False,,,,,,,,,
bt_dkgrec_time_only,active,2020,144,0.021880824415531113,214.3,False,,,,,,,,,
bt_dkgrec_time_only,active,2020,145,0.02176514815985868,215.7,True,0.011297153209707013,0.021417279220854152,0.05555555555555555,0.0811965811965812,0.018001004957534747,0.020553940339326726,0.028834196035050736,0.03760747008610257,best
bt_dkgrec_time_only,active,2020,146,0.021419448097467642,217.5,False,,,,,,,,,
bt_dkgrec_time_only,active,2020,147,0.02135338127467855,218.9,False,,,,,,,,,
bt_dkgrec_time_only,active,2020,148,0.021501683123146834,220.3,False,,,,,,,,,
bt_dkgrec_time_only,active,2020,149,0.02104746608300046,221.7,False,,,,,,,,,
bt_dkgrec_time_only,active,2020,150,0.021029848963350615,223.1,True,0.01148178492712817,0.021728845244002353,0.05128205128205128,0.0811965811965812,0.017820270504836935,0.020682672605044278,0.0283000080008627,0.03760747008610257,best
bt_dkgrec_time_only,active,2020,151,0.020770261390974227,224.9,False,,,,,,,,,
bt_dkgrec_time_only,active,2020,152,0.020961822344753824,226.3,False,,,,,,,,,
bt_dkgrec_time_only,active,2020,153,0.02056619307791209,227.7,False,,,,,,,,,
bt_dkgrec_time_only,active,2020,154,0.020418677059868256,229.2,False,,,,,,,,,
bt_dkgrec_time_only,active,2020,155,0.020460489308654465,230.5,True,0.011701035091565792,0.022248121949249355,0.05555555555555555,0.0811965811965812,0.016938960597829365,0.019478196416874434,0.028834196035050736,0.03760747008610257,khong cai thien (1/50)
bt_dkgrec_time_only,active,2020,156,0.020305583873673455,232.3,False,,,,,,,,,
bt_dkgrec_time_only,active,2020,157,0.020313179960728494,233.7,False,,,,,,,,,
bt_dkgrec_time_only,active,2020,158,0.0201488870149939,235.1,False,,,,,,,,,
bt_dkgrec_time_only,active,2020,159,0.01982120554354626,236.5,False,,,,,,,,,
bt_dkgrec_time_only,active,2020,160,0.0195924926610474,237.9,True,0.01179335095027637,0.022409674701992868,0.05555555555555555,0.0811965811965812,0.01681077572178777,0.01967814773674843,0.028834196035050736,0.0381416581202906,khong cai thien (2/50)
bt_dkgrec_time_only,active,2020,161,0.019781584201314734,239.7,False,,,,,,,,,
bt_dkgrec_time_only,active,2020,162,0.019736676431820244,241.1,False,,,,,,,,,
bt_dkgrec_time_only,active,2020,163,0.01938139805828266,242.5,False,,,,,,,,,
bt_dkgrec_time_only,active,2020,164,0.019594349390355308,243.9,False,,,,,,,,,
bt_dkgrec_time_only,active,2020,165,0.019210984004719444,245.3,True,0.011966443185358704,0.022640464348769315,0.05555555555555555,0.08547008547008547,0.016824094592493146,0.02019828004074384,0.028834196035050736,0.03956615954479202,khong cai thien (3/50)
bt_dkgrec_time_only,active,2020,166,0.01920081685152806,247.1,False,,,,,,,,,
bt_dkgrec_time_only,active,2020,167,0.01896421714381473,248.5,False,,,,,,,,,
bt_dkgrec_time_only,active,2020,168,0.018990205375277618,249.8,False,,,,,,,,,
bt_dkgrec_time_only,active,2020,169,0.01890247832093697,251.2,False,,,,,,,,,
bt_dkgrec_time_only,active,2020,170,0.018946815210125267,252.6,True,0.012035680079391639,0.022940490889578693,0.05555555555555555,0.08974358974358974,0.018380407692716583,0.022743236234109034,0.028834196035050736,0.04383966381829629,best
bt_dkgrec_time_only,active,2020,171,0.018769530243781002,254.5,False,,,,,,,,,
bt_dkgrec_time_only,active,2020,172,0.018667088534562126,255.9,False,,,,,,,,,
bt_dkgrec_time_only,active,2020,173,0.01846420417648152,257.3,False,,,,,,,,,
bt_dkgrec_time_only,active,2020,174,0.018332317871759034,258.7,False,,,,,,,,,
bt_dkgrec_time_only,active,2020,175,0.018471945012298534,260.0,True,0.012185693349796328,0.023263596395065717,0.05555555555555555,0.08547008547008547,0.018987796618660475,0.023075076225243293,0.028834196035050736,0.0434511634297959,best
bt_dkgrec_time_only,active,2020,176,0.01836738329084219,261.8,False,,,,,,,,,
bt_dkgrec_time_only,active,2020,177,0.01825784059396889,263.2,False,,,,,,,,,
bt_dkgrec_time_only,active,2020,178,0.017908272891986595,264.6,False,,,,,,,,,
bt_dkgrec_time_only,active,2020,179,0.017948317718570653,266.0,False,,,,,,,,,
bt_dkgrec_time_only,active,2020,180,0.018223069667723767,267.3,True,0.012335706620201017,0.023494386041842164,0.05555555555555555,0.0811965811965812,0.019039428393537054,0.022162067698218584,0.028834196035050736,0.03917765915629163,khong cai thien (1/50)
bt_dkgrec_time_only,active,2020,181,0.018125370701677152,269.3,False,,,,,,,,,
bt_dkgrec_time_only,active,2020,182,0.01785680437847298,270.7,False,,,,,,,,,
bt_dkgrec_time_only,active,2020,183,0.017900848589910083,272.1,False,,,,,,,,,
bt_dkgrec_time_only,active,2020,184,0.01757031568548197,273.5,False,,,,,,,,,
bt_dkgrec_time_only,active,2020,185,0.017768494624685934,274.9,True,0.012370325067217485,0.023794412582651542,0.05555555555555555,0.08547008547008547,0.019530480552999246,0.02264465042978506,0.028834196035050736,0.03903197151060399,khong cai thien (2/50)
bt_dkgrec_time_only,active,2020,186,0.017481997352919495,276.7,False,,,,,,,,,
bt_dkgrec_time_only,active,2020,187,0.017888715657244838,278.1,False,,,,,,,,,
bt_dkgrec_time_only,active,2020,188,0.017161888828817903,279.4,False,,,,,,,,,
bt_dkgrec_time_only,active,2020,189,0.017255773507821467,280.8,False,,,,,,,,,
bt_dkgrec_time_only,active,2020,190,0.017296790449096492,282.2,True,0.012335706620201017,0.02378287310031272,0.05555555555555555,0.0811965811965812,0.018999056235239346,0.021706641411623154,0.028834196035050736,0.03760747008610257,khong cai thien (3/50)
bt_dkgrec_time_only,active,2020,191,0.017295614381989222,284.2,False,,,,,,,,,
bt_dkgrec_time_only,active,2020,192,0.01702474972419621,285.6,False,,,,,,,,,
bt_dkgrec_time_only,active,2020,193,0.017238880924619945,287.0,False,,,,,,,,,
bt_dkgrec_time_only,active,2020,194,0.017023983810440003,288.3,False,,,,,,,,,
bt_dkgrec_time_only,active,2020,195,0.016952687420076166,289.7,True,0.012404943514233952,0.024048281194105632,0.05555555555555555,0.08974358974358974,0.01905068239035516,0.023260575421270573,0.028834196035050736,0.04330547578410826,best
bt_dkgrec_time_only,active,2020,196,0.016996259423106057,291.5,False,,,,,,,,,
bt_dkgrec_time_only,active,2020,197,0.016697523116534895,292.9,False,,,,,,,,,
bt_dkgrec_time_only,active,2020,198,0.01670298581775818,294.3,False,,,,,,,,,
bt_dkgrec_time_only,active,2020,199,0.01658671578067129,295.7,False,,,,,,,,,
bt_dkgrec_time_only,active,2020,200,0.01653346179758985,297.1,True,0.012543417302299818,0.024313689287898545,0.05555555555555555,0.08974358974358974,0.018778812976592812,0.02334717914506873,0.028834196035050736,0.04383966381829629,best
bt_dkgrec_time_only,active,2020,201,0.01663811969532949,299.0,False,,,,,,,,,
bt_dkgrec_time_only,active,2020,202,0.016406541997924885,300.4,False,,,,,,,,,
bt_dkgrec_time_only,active,2020,203,0.016549273313000473,301.8,False,,,,,,,,,
bt_dkgrec_time_only,active,2020,204,0.016373166957930556,303.2,False,,,,,,,,,
bt_dkgrec_time_only,active,2020,205,0.016277234504887512,304.6,True,0.012612654196332753,0.024394465664270303,0.05555555555555555,0.08547008547008547,0.01905668345553436,0.02303002961708781,0.028834196035050736,0.0424507749294074,khong cai thien (1/50)
bt_dkgrec_time_only,active,2020,206,0.01631629736912161,306.4,False,,,,,,,,,
bt_dkgrec_time_only,active,2020,207,0.015991311576981363,307.7,False,,,,,,,,,
bt_dkgrec_time_only,active,2020,208,0.016076064058245805,309.1,False,,,,,,,,,
bt_dkgrec_time_only,active,2020,209,0.016158173624138863,310.6,False,,,,,,,,,
bt_dkgrec_time_only,active,2020,210,0.015881428999211657,312.0,True,0.012739588502059798,0.024648334275724392,0.05555555555555555,0.0811965811965812,0.01955400783907477,0.022904726707243705,0.028834196035050736,0.04102627350490598,khong cai thien (2/50)
bt_dkgrec_time_only,active,2020,211,0.01601111494964426,313.9,False,,,,,,,,,
bt_dkgrec_time_only,active,2020,212,0.01595015326123008,315.3,False,,,,,,,,,
bt_dkgrec_time_only,active,2020,213,0.015972088569509036,316.7,False,,,,,,,,,
bt_dkgrec_time_only,active,2020,214,0.015765839337945686,318.1,False,,,,,,,,,
bt_dkgrec_time_only,active,2020,215,0.015885928944321146,319.4,True,0.012924220219480954,0.02474065013443497,0.05982905982905983,0.07692307692307693,0.020478563480150792,0.02289775151242353,0.03041697539560787,0.040637773116405596,khong cai thien (3/50)
bt_dkgrec_time_only,active,2020,216,0.015740833670281656,321.3,False,,,,,,,,,
bt_dkgrec_time_only,active,2020,217,0.01558946233701561,322.6,False,,,,,,,,,
bt_dkgrec_time_only,active,2020,218,0.015621616700211567,324.1,False,,,,,,,,,
bt_dkgrec_time_only,active,2020,219,0.015526528484250273,325.5,False,,,,,,,,,
bt_dkgrec_time_only,active,2020,220,0.015368070775904396,326.9,True,0.012866522807786843,0.025086834604599637,0.0641025641025641,0.0811965811965812,0.02108333982317915,0.023130244467232577,0.034532201733056433,0.04206227454090702,khong cai thien (4/50)
bt_dkgrec_time_only,active,2020,221,0.0152926325685263,328.7,False,,,,,,,,,
bt_dkgrec_time_only,active,2020,222,0.015301499521362633,330.1,False,,,,,,,,,
bt_dkgrec_time_only,active,2020,223,0.015344593200605076,331.5,False,,,,,,,,,
bt_dkgrec_time_only,active,2020,224,0.015397514301254162,332.9,False,,,,,,,,,
bt_dkgrec_time_only,active,2020,225,0.01532516089726674,334.3,True,0.013178088830935044,0.02524838735734315,0.0641025641025641,0.08547008547008547,0.02166016727509061,0.02368460054164161,0.034690479669112144,0.04291697539560787,best
bt_dkgrec_time_only,active,2020,226,0.01526517174866256,336.1,False,,,,,,,,,
bt_dkgrec_time_only,active,2020,227,0.015157109204186048,337.5,False,,,,,,,,,
bt_dkgrec_time_only,active,2020,228,0.015059138465261442,338.9,False,,,,,,,,,
bt_dkgrec_time_only,active,2020,229,0.015058666529238632,340.3,False,,,,,,,,,
bt_dkgrec_time_only,active,2020,230,0.015217905332665574,341.7,True,0.0132588652073068,0.025340703216053726,0.05982905982905983,0.0811965811965812,0.02030030046943676,0.02328912178068589,0.03041697539560787,0.04238278736141984,khong cai thien (1/50)
bt_dkgrec_time_only,active,2020,231,0.01504091122659487,343.5,False,,,,,,,,,
bt_dkgrec_time_only,active,2020,232,0.014995985943579457,344.9,False,,,,,,,,,
bt_dkgrec_time_only,active,2020,233,0.014826579243977539,346.3,False,,,,,,,,,
bt_dkgrec_time_only,active,2020,234,0.01503780276362738,347.7,False,,,,,,,,,
bt_dkgrec_time_only,active,2020,235,0.014776348294267817,349.1,True,0.013443496924727957,0.02565226923920193,0.05982905982905983,0.0811965811965812,0.020832687163907477,0.023303513643179875,0.03041697539560787,0.0402460352246677,khong cai thien (2/50)
bt_dkgrec_time_only,active,2020,236,0.01468199047354827,350.9,False,,,,,,,,,
bt_dkgrec_time_only,active,2020,237,0.014745530339794278,352.3,False,,,,,,,,,
bt_dkgrec_time_only,active,2020,238,0.01478462573286146,353.7,False,,,,,,,,,
bt_dkgrec_time_only,active,2020,239,0.01462256203501871,355.1,False,,,,,,,,,
bt_dkgrec_time_only,active,2020,240,0.014594033447266895,356.5,True,0.013547352265777357,0.025998453709366598,0.05982905982905983,0.0811965811965812,0.021099393368356905,0.023434522176525713,0.03041697539560787,0.03992552240415488,khong cai thien (3/50)
bt_dkgrec_time_only,active,2020,241,0.014410397294487322,358.3,False,,,,,,,,,
bt_dkgrec_time_only,active,2020,242,0.014265436757064546,359.7,False,,,,,,,,,
bt_dkgrec_time_only,active,2020,243,0.014425015213490544,361.1,False,,,,,,,,,
bt_dkgrec_time_only,active,2020,244,0.014617186943956082,362.5,False,,,,,,,,,
bt_dkgrec_time_only,active,2020,245,0.014268601388009892,363.9,True,0.01361658915981029,0.026067690603399533,0.05982905982905983,0.08974358974358974,0.020640964195069254,0.023568457338701942,0.03041697539560787,0.04149247397110645,khong cai thien (4/50)
bt_dkgrec_time_only,active,2020,246,0.014500026326590566,365.7,False,,,,,,,,,
bt_dkgrec_time_only,active,2020,247,0.014268735013682235,367.1,False,,,,,,,,,
bt_dkgrec_time_only,active,2020,248,0.014503371575062906,368.6,False,,,,,,,,,
bt_dkgrec_time_only,active,2020,249,0.014125168112943527,370.0,False,,,,,,,,,
bt_dkgrec_time_only,active,2020,250,0.014185353183194147,371.4,True,0.013743523465537337,0.026125388015093644,0.05982905982905983,0.08974358974358974,0.02034313679546979,0.023455010394224297,0.03041697539560787,0.04149247397110645,khong cai thien (5/50)
bt_dkgrec_time_only,active,2020,251,0.014098005092893646,373.2,False,,,,,,,,,
bt_dkgrec_time_only,active,2020,252,0.014228640584263099,374.5,False,,,,,,,,,
bt_dkgrec_time_only,active,2020,253,0.014215106521887495,375.9,False,,,,,,,,,
bt_dkgrec_time_only,active,2020,254,0.014074273871787222,377.3,False,,,,,,,,,
bt_dkgrec_time_only,active,2020,255,0.014141149529152037,378.7,True,0.013778141912553802,0.02636771714420891,0.05982905982905983,0.09401709401709402,0.020145619066253062,0.0245453582416011,0.03041697539560787,0.04630016627879876,best
bt_dkgrec_time_only,active,2020,256,0.014101485377217504,380.5,False,,,,,,,,,
bt_dkgrec_time_only,active,2020,257,0.014095806445737298,381.9,False,,,,,,,,,
bt_dkgrec_time_only,active,2020,258,0.014014723043336277,383.4,False,,,,,,,,,
bt_dkgrec_time_only,active,2020,259,0.013804469380884293,384.7,False,,,,,,,,,
bt_dkgrec_time_only,active,2020,260,0.01383984652570298,386.1,True,0.013928155182958493,0.026736980579051224,0.05982905982905983,0.10256410256410256,0.018323908595572716,0.023875441341237896,0.030258697459552158,0.05042798290661538,khong cai thien (1/50)
bt_dkgrec_time_only,active,2020,261,0.01379780392837164,387.9,False,,,,,,,,,
bt_dkgrec_time_only,active,2020,262,0.013906706557626335,389.3,False,,,,,,,,,
bt_dkgrec_time_only,active,2020,263,0.013852737790142407,390.7,False,,,,,,,,,
bt_dkgrec_time_only,active,2020,264,0.013576929694504797,392.1,False,,,,,,,,,
bt_dkgrec_time_only,active,2020,265,0.013420410741462128,393.5,True,0.014043550006346715,0.02680621747308416,0.05982905982905983,0.10683760683760683,0.01832388575455996,0.025110498296962068,0.030258697459552158,0.05416729914593162,best
bt_dkgrec_time_only,active,2020,266,0.013627934896894872,395.4,False,,,,,,,,,
bt_dkgrec_time_only,active,2020,267,0.013565534588149384,396.8,False,,,,,,,,,
bt_dkgrec_time_only,active,2020,268,0.013714290408271965,398.2,False,,,,,,,,,
bt_dkgrec_time_only,active,2020,269,0.01361652215571359,399.6,False,,,,,,,,,
bt_dkgrec_time_only,active,2020,270,0.013647181342152377,401.0,True,0.014205102759090227,0.02680621747308416,0.05982905982905983,0.08974358974358974,0.01852483519728873,0.022830383295157144,0.030258697459552158,0.04437708935572183,khong cai thien (1/50)
bt_dkgrec_time_only,active,2020,271,0.013622888513377271,402.8,False,,,,,,,,,
bt_dkgrec_time_only,active,2020,272,0.013415727668405474,404.1,False,,,,,,,,,
bt_dkgrec_time_only,active,2020,273,0.013464746861110691,405.5,False,,,,,,,,,
bt_dkgrec_time_only,active,2020,274,0.013360650536741108,406.9,False,,,,,,,,,
bt_dkgrec_time_only,active,2020,275,0.013361368093263193,408.3,True,0.014262800170784339,0.026944691261150025,0.05982905982905983,0.08974358974358974,0.018385322059424218,0.023160547152560763,0.030258697459552158,0.04651384149247397,khong cai thien (2/50)
bt_dkgrec_time_only,active,2020,276,0.013378584291703197,410.2,False,,,,,,,,,
bt_dkgrec_time_only,active,2020,277,0.0133305009462691,411.6,False,,,,,,,,,
bt_dkgrec_time_only,active,2020,278,0.013417218486202975,413.0,False,,,,,,,,,
bt_dkgrec_time_only,active,2020,279,0.013383426272527013,414.4,False,,,,,,,,,
bt_dkgrec_time_only,active,2020,280,0.013324444990542809,415.8,True,0.014205102759090227,0.027175480907926472,0.05982905982905983,0.09829059829059829,0.018394309390254476,0.024841816874467595,0.030258697459552158,0.054526662005294484,khong cai thien (3/50)
bt_dkgrec_time_only,active,2020,281,0.013152690464431184,417.6,False,,,,,,,,,
bt_dkgrec_time_only,active,2020,282,0.013406515721511164,418.9,False,,,,,,,,,
bt_dkgrec_time_only,active,2020,283,0.013252456945572894,420.3,False,,,,,,,,,
bt_dkgrec_time_only,active,2020,284,0.013156283133446061,421.7,False,,,,,,,,,
bt_dkgrec_time_only,active,2020,285,0.013123511768005346,423.1,True,0.014389734476511384,0.027406270554702915,0.05982905982905983,0.09829059829059829,0.01871484210809118,0.024525017151644138,0.03041697539560787,0.05117584615447863,khong cai thien (4/50)
bt_dkgrec_time_only,active,2020,286,0.013143952744082463,425.1,False,,,,,,,,,
bt_dkgrec_time_only,active,2020,287,0.013230485701513276,426.5,False,,,,,,,,,
bt_dkgrec_time_only,active,2020,288,0.013054219554470553,427.9,False,,,,,,,,,
bt_dkgrec_time_only,active,2020,289,0.013005827147926977,429.3,False,,,,,,,,,
bt_dkgrec_time_only,active,2020,290,0.0130077401125962,430.6,True,0.014343576547156095,0.027602441754462893,0.05982905982905983,0.09829059829059829,0.019059232856324954,0.02511577384580885,0.03041697539560787,0.05171003418866667,best
bt_dkgrec_time_only,active,2020,291,0.01302783093369316,432.4,False,,,,,,,,,
bt_dkgrec_time_only,active,2020,292,0.013133202282860202,433.8,False,,,,,,,,,
bt_dkgrec_time_only,active,2020,293,0.012832520235671123,435.2,False,,,,,,,,,
bt_dkgrec_time_only,active,2020,294,0.012899368879311196,436.6,False,,,,,,,,,
bt_dkgrec_time_only,active,2020,295,0.012867703765255699,438.0,True,0.01457436619393254,0.027856310365916986,0.05982905982905983,0.09401709401709402,0.018870910906359683,0.024380843886126973,0.030258697459552158,0.049751344729977214,khong cai thien (1/50)
bt_dkgrec_time_only,active,2020,296,0.01291828347618928,440.0,False,,,,,,,,,
bt_dkgrec_time_only,active,2020,297,0.012955275835996332,441.3,False,,,,,,,,,
bt_dkgrec_time_only,active,2020,298,0.012920844654372649,442.7,False,,,,,,,,,
bt_dkgrec_time_only,active,2020,299,0.012688020906930629,444.1,False,,,,,,,,,
bt_dkgrec_time_only,active,2020,300,0.012694030713408192,445.5,True,0.014528208264577252,0.027925547259949918,0.05982905982905983,0.10683760683760683,0.018698035697139972,0.025312324239346436,0.03041697539560787,0.052686141414773895,best
bt_dkgrec_time_only,active,2020,301,0.012617355504815578,447.3,False,,,,,,,,,
bt_dkgrec_time_only,active,2020,302,0.012986820894073627,448.7,False,,,,,,,,,
bt_dkgrec_time_only,active,2020,303,0.01282251108329198,450.1,False,,,,,,,,,
bt_dkgrec_time_only,active,2020,304,0.01266838845672323,451.5,False,,,,,,,,,
bt_dkgrec_time_only,active,2020,305,0.012565977607658825,452.9,True,0.014608984640949008,0.028167876389065188,0.06837606837606838,0.10683760683760683,0.02113025059562787,0.025808187152711045,0.03896398394261642,0.05322032944896193,best
bt_dkgrec_time_only,active,2020,306,0.012674747216460162,454.8,False,,,,,,,,,
bt_dkgrec_time_only,active,2020,307,0.012627996452739319,456.2,False,,,,,,,,,
bt_dkgrec_time_only,active,2020,308,0.012590254185120749,457.6,False,,,,,,,,,
bt_dkgrec_time_only,active,2020,309,0.0125799135939043,459.0,False,,,,,,,,,
bt_dkgrec_time_only,active,2020,310,0.012729137158077422,460.4,True,0.014666682052643118,0.028456363447535743,0.05982905982905983,0.10256410256410256,0.019752691111365853,0.02532266179774387,0.034079979058611536,0.051831440560073036,khong cai thien (1/50)
bt_dkgrec_time_only,active,2020,311,0.012509080868831781,462.2,False,,,,,,,,,
bt_dkgrec_time_only,active,2020,312,0.01284253339295251,463.6,False,,,,,,,,,
bt_dkgrec_time_only,active,2020,313,0.012462879483839827,465.0,False,,,,,,,,,
bt_dkgrec_time_only,active,2020,314,0.012396336792456235,466.4,False,,,,,,,,,
bt_dkgrec_time_only,active,2020,315,0.012570022926093065,467.8,True,0.01482823480538663,0.028617916200279255,0.0641025641025641,0.10256410256410256,0.02139022140464383,0.02611458377701905,0.038353483332115815,0.052976129204761684,best
bt_dkgrec_time_only,active,2020,316,0.012371866838379311,469.6,False,,,,,,,,,
bt_dkgrec_time_only,active,2020,317,0.01236338937370661,471.0,False,,,,,,,,,
bt_dkgrec_time_only,active,2020,318,0.012309505671682932,472.4,False,,,,,,,,,
bt_dkgrec_time_only,active,2020,319,0.012323319748482007,473.8,False,,,,,,,,,
bt_dkgrec_time_only,active,2020,320,0.01236075154240274,475.1,True,0.014851313770064274,0.028721771541328656,0.0641025641025641,0.10256410256410256,0.021185496844320976,0.02576714658130738,0.038353483332115815,0.05236562859426107,khong cai thien (1/50)
bt_dkgrec_time_only,active,2020,321,0.012381436244922696,476.9,False,,,,,,,,,
bt_dkgrec_time_only,active,2020,322,0.012284391767824575,478.3,False,,,,,,,,,
bt_dkgrec_time_only,active,2020,323,0.012262335995588507,479.8,False,,,,,,,,,
bt_dkgrec_time_only,active,2020,324,0.012364039389121478,481.2,False,,,,,,,,,
bt_dkgrec_time_only,active,2020,325,0.012281081338009255,482.6,True,0.014943629628774853,0.02875638998834512,0.0641025641025641,0.09829059829059829,0.021158454012699553,0.025317599855555522,0.038353483332115815,0.05094112716975965,khong cai thien (2/50)
bt_dkgrec_time_only,active,2020,326,0.012192060342049161,484.4,False,,,,,,,,,
bt_dkgrec_time_only,active,2020,327,0.012313578872599385,485.8,False,,,,,,,,,
bt_dkgrec_time_only,active,2020,328,0.012238322255523456,487.2,False,,,,,,,,,
bt_dkgrec_time_only,active,2020,329,0.012389796454518206,488.6,False,,,,,,,,,
bt_dkgrec_time_only,active,2020,330,0.012193812127867396,490.0,True,0.014966708593452498,0.028779468953022767,0.0641025641025641,0.10256410256410256,0.021404116224392592,0.025984675973078682,0.038353483332115815,0.052406328634961113,khong cai thien (3/50)
bt_dkgrec_time_only,active,2020,331,0.012060777642253166,491.8,False,,,,,,,,,
bt_dkgrec_time_only,active,2020,332,0.012150142213485222,493.3,False,,,,,,,,,
bt_dkgrec_time_only,active,2020,333,0.01218821847670579,494.7,False,,,,,,,,,
bt_dkgrec_time_only,active,2020,334,0.012200595359003202,496.1,False,,,,,,,,,
bt_dkgrec_time_only,active,2020,335,0.012224128291913324,497.5,True,0.015093642899179542,0.02904487704681568,0.0641025641025641,0.10256410256410256,0.021438878295006437,0.025919495639077157,0.038353483332115815,0.05201782824646072,khong cai thien (4/50)
bt_dkgrec_time_only,active,2020,336,0.012043757042758287,499.3,False,,,,,,,,,
bt_dkgrec_time_only,active,2020,337,0.011953771672543374,500.7,False,,,,,,,,,
bt_dkgrec_time_only,active,2020,338,0.011904325506809855,502.0,False,,,,,,,,,
bt_dkgrec_time_only,active,2020,339,0.012059455219166963,503.4,False,,,,,,,,,
bt_dkgrec_time_only,active,2020,340,0.011934022867004556,504.8,True,0.015047484969824254,0.02899871911746039,0.0641025641025641,0.10256410256410256,0.020810189440063267,0.025378553513205185,0.038353483332115815,0.05187214060077308,khong cai thien (5/50)
bt_dkgrec_time_only,active,2020,341,0.01198303951649901,506.6,False,,,,,,,,,
bt_dkgrec_time_only,active,2020,342,0.01194623794088273,508.0,False,,,,,,,,,
bt_dkgrec_time_only,active,2020,343,0.012023314178712052,509.5,False,,,,,,,,,
bt_dkgrec_time_only,active,2020,344,0.01200221196822302,510.9,False,,,,,,,,,
bt_dkgrec_time_only,active,2020,345,0.011953515730880193,512.3,True,0.015197498240228943,0.02886024532939452,0.06837606837606838,0.10256410256410256,0.021216343572443338,0.025731668694786523,0.03880570600656071,0.05225879098742347,khong cai thien (6/50)
bt_dkgrec_time_only,active,2020,346,0.011923602630632227,514.1,False,,,,,,,,,
bt_dkgrec_time_only,active,2020,347,0.011902665887094554,515.5,False,,,,,,,,,
bt_dkgrec_time_only,active,2020,348,0.01192801423289625,516.9,False,,,,,,,,,
bt_dkgrec_time_only,active,2020,349,0.011871916729940608,518.3,False,,,,,,,,,
bt_dkgrec_time_only,active,2020,350,0.011992162150089905,519.7,True,0.015093642899179542,0.029079495493832146,0.0641025641025641,0.10683760683760683,0.02016640999706647,0.025483834746899327,0.034690479669112144,0.052151953380585855,khong cai thien (7/50)
bt_dkgrec_time_only,active,2020,351,0.012018816380659623,521.5,False,,,,,,,,,
bt_dkgrec_time_only,active,2020,352,0.011828356617645848,522.9,False,,,,,,,,,
bt_dkgrec_time_only,active,2020,353,0.011789578443776705,524.3,False,,,,,,,,,
bt_dkgrec_time_only,active,2020,354,0.011884467014474813,525.7,False,,,,,,,,,
bt_dkgrec_time_only,active,2020,355,0.011790307431910521,527.1,True,0.015151340310873654,0.02934490358762506,0.06837606837606838,0.10256410256410256,0.020746347817608757,0.02575897029558406,0.035078980057612535,0.052050203278835756,khong cai thien (8/50)
bt_dkgrec_time_only,active,2020,356,0.011904828784712685,528.9,False,,,,,,,,,
bt_dkgrec_time_only,active,2020,357,0.01172159497851283,530.3,False,,,,,,,,,
bt_dkgrec_time_only,active,2020,358,0.011760405423414466,531.7,False,,,,,,,,,
bt_dkgrec_time_only,active,2020,359,0.011676680139952461,533.1,False,,,,,,,,,
bt_dkgrec_time_only,active,2020,360,0.011815937289210841,534.5,True,0.015243656169584232,0.029391061516980347,0.0641025641025641,0.10683760683760683,0.020200799584229292,0.026659442137027225,0.03446847944711193,0.05792627165490413,best
bt_dkgrec_time_only,active,2020,361,0.011747473292210906,536.4,False,,,,,,,,,
bt_dkgrec_time_only,active,2020,362,0.011666977359247712,537.8,False,,,,,,,,,
bt_dkgrec_time_only,active,2020,363,0.01160722616327629,539.2,False,,,,,,,,,
bt_dkgrec_time_only,active,2020,364,0.011665771718303899,540.6,False,,,,,,,,,
bt_dkgrec_time_only,active,2020,365,0.011550965979318678,542.0,True,0.015439827369344211,0.02950645634036857,0.0641025641025641,0.1111111111111111,0.019849444265276565,0.02690314987280957,0.03431020151105621,0.05860614733477982,best
bt_dkgrec_time_only,active,2020,366,0.011584819961413606,543.8,False,,,,,,,,,
bt_dkgrec_time_only,active,2020,367,0.011580075198539765,545.2,False,,,,,,,,,
bt_dkgrec_time_only,active,2020,368,0.01156386847698954,546.5,False,,,,,,,,,
bt_dkgrec_time_only,active,2020,369,0.01164260293007449,547.9,False,,,,,,,,,
bt_dkgrec_time_only,active,2020,370,0.011428385496621216,549.3,True,0.015601380122087723,0.029725706504806194,0.0641025641025641,0.1111111111111111,0.019911831464428403,0.026602413218135952,0.03431020151105621,0.05753777126640375,khong cai thien (1/50)
bt_dkgrec_time_only,active,2020,371,0.011492632099837892,551.2,False,,,,,,,,,
bt_dkgrec_time_only,active,2020,372,0.011496970387699557,552.7,False,,,,,,,,,
bt_dkgrec_time_only,active,2020,373,0.011716362546626002,554.0,False,,,,,,,,,
bt_dkgrec_time_only,active,2020,374,0.01141193464787678,555.4,False,,,,,,,,,
bt_dkgrec_time_only,active,2020,375,0.011379777126007466,556.8,True,0.015682156498459478,0.029887259257549707,0.0641025641025641,0.1111111111111111,0.019037149647288542,0.026661409572016438,0.030303791254645957,0.057395321123953603,khong cai thien (2/50)
bt_dkgrec_time_only,active,2020,376,0.011550603248991827,558.6,False,,,,,,,,,
bt_dkgrec_time_only,active,2020,377,0.011492061019937619,560.0,False,,,,,,,,,
bt_dkgrec_time_only,active,2020,378,0.011500996098097993,561.4,False,,,,,,,,,
bt_dkgrec_time_only,active,2020,379,0.011347749515554603,562.8,False,,,,,,,,,
bt_dkgrec_time_only,active,2020,380,0.011470215635937349,564.2,True,0.01563599856910419,0.030141127869003796,0.06837606837606838,0.10683760683760683,0.01995415970094798,0.026722358045839483,0.034577295528150226,0.05760575883439131,khong cai thien (3/50)
bt_dkgrec_time_only,active,2020,381,0.011478822230183398,566.1,False,,,,,,,,,
bt_dkgrec_time_only,active,2020,382,0.011443179710991519,567.5,False,,,,,,,,,
bt_dkgrec_time_only,active,2020,383,0.011430567705339182,568.9,False,,,,,,,,,
bt_dkgrec_time_only,active,2020,384,0.011351348287738301,570.3,False,,,,,,,,,
bt_dkgrec_time_only,active,2020,385,0.011347801729498844,571.7,True,0.0155898406397489,0.03021036476303673,0.06837606837606838,0.1111111111111111,0.020640138486025163,0.02844158542222669,0.03083797928883399,0.05864175987039235,best
bt_dkgrec_time_only,active,2020,386,0.011538800983380487,573.5,False,,,,,,,,,
bt_dkgrec_time_only,active,2020,387,0.011279412248199066,574.8,False,,,,,,,,,
bt_dkgrec_time_only,active,2020,388,0.011403180354892866,576.2,False,,,,,,,,,
bt_dkgrec_time_only,active,2020,389,0.011301857322209194,577.6,False,,,,,,,,,
bt_dkgrec_time_only,active,2020,390,0.011238760413713331,579.0,True,0.015786011839508878,0.030452693892151998,0.07264957264957266,0.1111111111111111,0.020007572050313838,0.02711042807178078,0.035056695046011284,0.059030260258892735,khong cai thien (1/50)
bt_dkgrec_time_only,active,2020,391,0.011165866798439821,581.0,False,,,,,,,,,
bt_dkgrec_time_only,active,2020,392,0.011177247408688832,582.4,False,,,,,,,,,
bt_dkgrec_time_only,active,2020,393,0.011519329220551464,583.7,False,,,,,,,,,
bt_dkgrec_time_only,active,2020,394,0.011410245346481971,585.1,False,,,,,,,,,
bt_dkgrec_time_only,active,2020,395,0.011251796046485069,586.5,True,0.015866788215880636,0.030325759586424954,0.07692307692307693,0.11538461538461539,0.022842266127668917,0.029319910037271937,0.039543265771898255,0.06330376453239701,best
bt_dkgrec_time_only,active,2020,396,0.011193531774856444,588.3,False,,,,,,,,,
bt_dkgrec_time_only,active,2020,397,0.011228264666557776,589.7,False,,,,,,,,,
bt_dkgrec_time_only,active,2020,398,0.011182431249816643,591.1,False,,,,,,,,,
bt_dkgrec_time_only,active,2020,399,0.011190195670342008,592.5,False,,,,,,,,,
bt_dkgrec_time_only,active,2020,400,0.011215413261661563,593.9,True,0.015855248733541813,0.030452693892151998,0.07692307692307693,0.1111111111111111,0.022791188502184694,0.028050509250422136,0.039543265771898255,0.0584960722247047,khong cai thien (1/50)
bt_dkgrec_time_only,active,2020,401,0.011213660773319239,595.8,False,,,,,,,,,
bt_dkgrec_time_only,active,2020,402,0.011060779433086082,597.2,False,,,,,,,,,
bt_dkgrec_time_only,active,2020,403,0.01118291869214607,598.6,False,,,,,,,,,
bt_dkgrec_time_only,active,2020,404,0.011159684042890285,600.0,False,,,,,,,,,
bt_dkgrec_time_only,active,2020,405,0.011186067073433396,601.4,True,0.01587832769821946,0.03046423337449082,0.07264957264957266,0.10256410256410256,0.020345689936310297,0.02589685589011205,0.035111483562338265,0.05315419188282436,khong cai thien (2/50)
bt_dkgrec_time_only,active,2020,406,0.011143613363235499,603.2,False,,,,,,,,,
bt_dkgrec_time_only,active,2020,407,0.01107867715453942,604.6,False,,,,,,,,,
bt_dkgrec_time_only,active,2020,408,0.011224395850109937,606.0,False,,,,,,,,,
bt_dkgrec_time_only,active,2020,409,0.011046781506726224,607.4,False,,,,,,,,,
bt_dkgrec_time_only,active,2020,410,0.011158835368945932,608.8,True,0.016109117344995903,0.030741180950622556,0.07264957264957266,0.09829059829059829,0.020463712163465705,0.025154100277786792,0.035111483562338265,0.05066131438994687,khong cai thien (3/50)
bt_dkgrec_time_only,active,2020,411,0.011135813879438643,610.7,False,,,,,,,,,
bt_dkgrec_time_only,active,2020,412,0.011044466702857832,612.0,False,,,,,,,,,
bt_dkgrec_time_only,active,2020,413,0.011095276840772807,613.4,False,,,,,,,,,
bt_dkgrec_time_only,active,2020,414,0.011007507958773229,614.8,False,,,,,,,,,
bt_dkgrec_time_only,active,2020,415,0.011098889440046644,616.2,True,0.016166814756690014,0.030741180950622556,0.07264957264957266,0.10256410256410256,0.020153260302100292,0.025335589723346295,0.035111483562338265,0.05208581581444829,khong cai thien (4/50)
bt_dkgrec_time_only,active,2020,416,0.011207837410647367,618.0,False,,,,,,,,,
bt_dkgrec_time_only,active,2020,417,0.010997597805297793,619.4,False,,,,,,,,,
bt_dkgrec_time_only,active,2020,418,0.010986656564574386,620.8,False,,,,,,,,,
bt_dkgrec_time_only,active,2020,419,0.011008197324750767,622.2,False,,,,,,,,,
bt_dkgrec_time_only,active,2020,420,0.010873747282082541,623.6,True,0.016224512168384126,0.03082195732699431,0.0811965811965812,0.10256410256410256,0.02090192164761901,0.02557181344994252,0.036149334600189306,0.05208581581444829,khong cai thien (5/50)
bt_dkgrec_time_only,active,2020,421,0.011023281675004023,625.4,False,,,,,,,,,
bt_dkgrec_time_only,active,2020,422,0.01094973867112529,626.8,False,,,,,,,,,
bt_dkgrec_time_only,active,2020,423,0.01109937122464798,628.2,False,,,,,,,,,
bt_dkgrec_time_only,active,2020,424,0.010948404605670127,629.6,False,,,,,,,,,
bt_dkgrec_time_only,active,2020,425,0.010830065911132477,631.0,True,0.016351446474111173,0.030856575774010776,0.0811965811965812,0.10256410256410256,0.021293984442097555,0.026039209892174963,0.03775189870275341,0.054934818663451145,khong cai thien (6/50)
bt_dkgrec_time_only,active,2020,426,0.010970207980605775,632.8,False,,,,,,,,,
bt_dkgrec_time_only,active,2020,427,0.010798805646260833,634.2,False,,,,,,,,,
bt_dkgrec_time_only,active,2020,428,0.010888927192641562,635.6,False,,,,,,,,,
bt_dkgrec_time_only,active,2020,429,0.01099767520616507,637.0,False,,,,,,,,,
bt_dkgrec_time_only,active,2020,430,0.011004474793348998,638.4,True,0.01618989372136766,0.030914273185704888,0.07692307692307693,0.10256410256410256,0.021318161805252273,0.02605753208640525,0.037482826211458695,0.054934818663451145,khong cai thien (7/50)
bt_dkgrec_time_only,active,2020,431,0.010746762053425124,640.2,False,,,,,,,,,
bt_dkgrec_time_only,active,2020,432,0.010859236737449459,641.6,False,,,,,,,,,
bt_dkgrec_time_only,active,2020,433,0.010878157114353674,643.0,False,,,,,,,,,
bt_dkgrec_time_only,active,2020,434,0.01090616462319858,644.4,False,,,,,,,,,
bt_dkgrec_time_only,active,2020,435,0.010759685668308013,645.7,True,0.01625913061540059,0.030971970597399,0.08547008547008547,0.10683760683760683,0.023709201822614493,0.027076255930808906,0.04602983475846724,0.05920832293695542,khong cai thien (8/50)
bt_dkgrec_time_only,active,2020,436,0.010740960937042868,647.6,False,,,,,,,,,
bt_dkgrec_time_only,active,2020,437,0.010917755958931732,649.0,False,,,,,,,,,
bt_dkgrec_time_only,active,2020,438,0.010857433988878704,650.4,False,,,,,,,,,
bt_dkgrec_time_only,active,2020,439,0.010881389988672854,651.8,False,,,,,,,,,
bt_dkgrec_time_only,active,2020,440,0.010846712540062219,653.2,True,0.016166814756690014,0.031145062832481335,0.0811965811965812,0.10683760683760683,0.024637825021633773,0.02866773854249901,0.04526105621191091,0.05920832293695542,khong cai thien (9/50)
bt_dkgrec_time_only,active,2020,441,0.010821970960214375,655.0,False,,,,,,,,,
bt_dkgrec_time_only,active,2020,442,0.010788799933969277,656.3,False,,,,,,,,,
bt_dkgrec_time_only,active,2020,443,0.010767259971084173,657.7,False,,,,,,,,,
bt_dkgrec_time_only,active,2020,444,0.010704857896134278,659.1,False,,,,,,,,,
bt_dkgrec_time_only,active,2020,445,0.010737402554550598,660.5,True,0.016178354239028837,0.0310758259384484,0.0811965811965812,0.1111111111111111,0.024640346872294792,0.02894619102309075,0.04526105621191091,0.06006302379165627,khong cai thien (10/50)
bt_dkgrec_time_only,active,2020,446,0.010754982524689878,662.4,False,,,,,,,,,
bt_dkgrec_time_only,active,2020,447,0.010783381402660688,663.8,False,,,,,,,,,
bt_dkgrec_time_only,active,2020,448,0.01070418766582785,665.2,False,,,,,,,,,
bt_dkgrec_time_only,active,2020,449,0.010652097088493764,666.6,False,,,,,,,,,
bt_dkgrec_time_only,active,2020,450,0.0107754300583512,668.0,True,0.01623605165072295,0.0311796812794978,0.0811965811965812,0.1111111111111111,0.026137115625351662,0.030202296256435706,0.04526105621191091,0.05945252318115566,best
bt_dkgrec_time_only,active,2020,451,0.010681606950894342,669.7,False,,,,,,,,,
bt_dkgrec_time_only,active,2020,452,0.010662712673017475,671.1,False,,,,,,,,,
bt_dkgrec_time_only,active,2020,453,0.010640990290097761,672.5,False,,,,,,,,,
bt_dkgrec_time_only,active,2020,454,0.0106869446806593,673.9,False,,,,,,,,,
bt_dkgrec_time_only,active,2020,455,0.010618314830981824,675.3,True,0.016351446474111173,0.031295076102886024,0.0811965811965812,0.1111111111111111,0.023669971037181825,0.028557315092304417,0.04159805254890725,0.05945252318115566,khong cai thien (1/50)
bt_dkgrec_time_only,active,2020,456,0.010653516714339235,677.2,False,,,,,,,,,
bt_dkgrec_time_only,active,2020,457,0.010577481016256274,678.6,False,,,,,,,,,
bt_dkgrec_time_only,active,2020,458,0.01053379445828765,680.0,False,,,,,,,,,
bt_dkgrec_time_only,active,2020,459,0.010617092869667815,681.4,False,,,,,,,,,
bt_dkgrec_time_only,active,2020,460,0.010627689103091953,682.8,True,0.016351446474111173,0.03127199713820838,0.0811965811965812,0.11538461538461539,0.023466955330533463,0.028860154215496404,0.041543264032580275,0.06016477389340637,khong cai thien (2/50)
bt_dkgrec_time_only,active,2020,461,0.010578529695829245,684.6,False,,,,,,,,,
bt_dkgrec_time_only,active,2020,462,0.010655480414047543,686.0,False,,,,,,,,,
bt_dkgrec_time_only,active,2020,463,0.010653800733830465,687.4,False,,,,,,,,,
bt_dkgrec_time_only,active,2020,464,0.01058357951991259,688.8,False,,,,,,,,,
bt_dkgrec_time_only,active,2020,465,0.010519164787454124,690.2,True,0.016247591133061772,0.03145662885562954,0.07264957264957266,0.11538461538461539,0.02304964540811544,0.030349720564005665,0.033154533421627434,0.059630585859218335,best
bt_dkgrec_time_only,active,2020,466,0.010610815748011508,692.1,False,,,,,,,,,
bt_dkgrec_time_only,active,2020,467,0.010530294464319466,693.5,False,,,,,,,,,
bt_dkgrec_time_only,active,2020,468,0.010508234694997197,694.9,False,,,,,,,,,
bt_dkgrec_time_only,active,2020,469,0.010614970104418676,696.3,False,,,,,,,,,
bt_dkgrec_time_only,active,2020,470,0.010509097171664034,697.7,True,0.01639760440346646,0.03141047092627425,0.07692307692307693,0.10683760683760683,0.024668521358901678,0.02853443659438859,0.037428037695131706,0.05108357731220979,khong cai thien (1/50)
bt_dkgrec_time_only,active,2020,471,0.010369825089465358,699.5,False,,,,,,,,,
bt_dkgrec_time_only,active,2020,472,0.010488622873103908,700.9,False,,,,,,,,,
bt_dkgrec_time_only,active,2020,473,0.010452843862805768,702.2,False,,,,,,,,,
bt_dkgrec_time_only,active,2020,474,0.010535277500688313,703.7,False,,,,,,,,,
bt_dkgrec_time_only,active,2020,475,0.010390823376522338,705.1,True,0.016328367509433526,0.03153740523200129,0.07264957264957266,0.1111111111111111,0.023556211954172325,0.029581746213842543,0.033154533421627434,0.05535708158571406,khong cai thien (2/50)
bt_dkgrec_time_only,active,2020,476,0.010504378290807477,707.0,False,,,,,,,,,
bt_dkgrec_time_only,active,2020,477,0.010534199106130307,708.4,False,,,,,,,,,
bt_dkgrec_time_only,active,2020,478,0.010607711963063645,709.8,False,,,,,,,,,
bt_dkgrec_time_only,active,2020,479,0.010440326833444672,711.2,False,,,,,,,,,
bt_dkgrec_time_only,active,2020,480,0.0104746693044644,712.6,True,0.01650145974451586,0.03160664212603423,0.07264957264957266,0.10256410256410256,0.024750915794777114,0.02908602845802345,0.0370943258229583,0.05396819269682517,khong cai thien (3/50)
bt_dkgrec_time_only,active,2020,481,0.010439439257210545,714.4,False,,,,,,,,,
bt_dkgrec_time_only,active,2020,482,0.010517149998171148,715.8,False,,,,,,,,,
bt_dkgrec_time_only,active,2020,483,0.01039704518602961,717.2,False,,,,,,,,,
bt_dkgrec_time_only,active,2020,484,0.01036541096729157,718.6,False,,,,,,,,,
bt_dkgrec_time_only,active,2020,485,0.01034280469572713,720.0,True,0.01639760440346646,0.03174511591410009,0.07692307692307693,0.1111111111111111,0.024388282852946735,0.030314683142580717,0.037269759759076,0.0590963978250303,khong cai thien (4/50)
bt_dkgrec_time_only,active,2020,486,0.010445719146756587,721.9,False,,,,,,,,,
bt_dkgrec_time_only,active,2020,487,0.010364572982471907,723.3,False,,,,,,,,,
bt_dkgrec_time_only,active,2020,488,0.010407234719155705,724.7,False,,,,,,,,,
bt_dkgrec_time_only,active,2020,489,0.010429560034564975,726.1,False,,,,,,,,,
bt_dkgrec_time_only,active,2020,490,0.010370434657239755,727.5,True,0.016455301815160573,0.03166433953772834,0.0811965811965812,0.11538461538461539,0.026087585017824756,0.0316289244424789,0.04159805254890725,0.06336990209853458,best
bt_dkgrec_time_only,active,2020,491,0.010464346655455696,729.2,False,,,,,,,,,
bt_dkgrec_time_only,active,2020,492,0.010478654756940653,730.6,False,,,,,,,,,
bt_dkgrec_time_only,active,2020,493,0.010353856153965087,732.0,False,,,,,,,,,
bt_dkgrec_time_only,active,2020,494,0.010377929037528539,733.4,False,,,,,,,,,
bt_dkgrec_time_only,active,2020,495,0.010405804704762866,734.9,True,0.01648992026217704,0.03182589229047185,0.0811965811965812,0.1111111111111111,0.026000749415318544,0.030580171729926935,0.04159805254890725,0.0590963978250303,khong cai thien (1/50)
bt_dkgrec_time_only,active,2020,496,0.010169593239869684,736.8,False,,,,,,,,,
bt_dkgrec_time_only,active,2020,497,0.01038129455751735,738.2,False,,,,,,,,,
bt_dkgrec_time_only,active,2020,498,0.010357906914643784,739.6,False,,,,,,,,,
bt_dkgrec_time_only,active,2020,499,0.010248582807846272,740.9,False,,,,,,,,,
bt_dkgrec_time_only,active,2020,500,0.010348164872037848,742.3,True,0.016455301815160573,0.03194128711386007,0.0811965811965812,0.1111111111111111,0.026334091833139495,0.03126900110239438,0.04175633048496297,0.06045476168339417,khong cai thien (2/50)
bt_dkgrec_time_only,active,2020,501,0.010254139510213226,744.1,False,,,,,,,,,
bt_dkgrec_time_only,active,2020,502,0.010307112685441959,745.5,False,,,,,,,,,
bt_dkgrec_time_only,active,2020,503,0.01039831360108689,746.9,False,,,,,,,,,
bt_dkgrec_time_only,active,2020,504,0.010139302721410424,748.3,False,,,,,,,,,
bt_dkgrec_time_only,active,2020,505,0.010212017491448665,749.7,True,0.01669763094427584,0.032056681937248296,0.0811965811965812,0.1111111111111111,0.02747851325104208,0.03172027579551892,0.04541933414796663,0.06045476168339417,best
bt_dkgrec_time_only,active,2020,506,0.010187452351206027,751.6,False,,,,,,,,,
bt_dkgrec_time_only,active,2020,507,0.01022903584875148,752.9,False,,,,,,,,,
bt_dkgrec_time_only,active,2020,508,0.01026505596559255,754.3,False,,,,,,,,,
bt_dkgrec_time_only,active,2020,509,0.010255544525801326,755.7,False,,,,,,,,,
bt_dkgrec_time_only,active,2020,510,0.010207418575095054,757.1,True,0.016686091461937017,0.03202206349023183,0.08547008547008547,0.1111111111111111,0.02780584987511221,0.032203163025801264,0.046789047056141064,0.0634055146341471,best
bt_dkgrec_time_only,active,2020,511,0.010308607683257785,758.9,False,,,,,,,,,
bt_dkgrec_time_only,active,2020,512,0.010219192124004413,760.3,False,,,,,,,,,
bt_dkgrec_time_only,active,2020,513,0.010259293826350149,761.7,False,,,,,,,,,
bt_dkgrec_time_only,active,2020,514,0.010152055020957654,763.1,False,,,,,,,,,
bt_dkgrec_time_only,active,2020,515,0.010118078592978495,764.5,True,0.016732249391292305,0.03216053727829769,0.08547008547008547,0.11538461538461539,0.027856457429658546,0.03264294341794818,0.04690755785841256,0.06483001605864853,best
bt_dkgrec_time_only,active,2020,516,0.010162911750607947,766.3,False,,,,,,,,,
bt_dkgrec_time_only,active,2020,517,0.010194094952798582,767.7,False,,,,,,,,,
bt_dkgrec_time_only,active,2020,518,0.010166029330039267,769.1,False,,,,,,,,,
bt_dkgrec_time_only,active,2020,519,0.010116471841878966,770.5,False,,,,,,,,,
bt_dkgrec_time_only,active,2020,520,0.01015643132583679,771.9,True,0.01684764421468053,0.03212591883128123,0.08547008547008547,0.11538461538461539,0.028119557866556445,0.03348852679051341,0.04690755785841256,0.06767901890765138,best
bt_dkgrec_time_only,active,2020,521,0.010250814867140207,773.6,False,,,,,,,,,
bt_dkgrec_time_only,active,2020,522,0.010198502491733161,775.0,False,,,,,,,,,
bt_dkgrec_time_only,active,2020,523,0.01023172926142559,776.5,False,,,,,,,,,
bt_dkgrec_time_only,active,2020,524,0.010163779643349299,777.9,False,,,,,,,,,
bt_dkgrec_time_only,active,2020,525,0.010302627288466116,779.3,True,0.016766867838308774,0.03196436607853772,0.08547008547008547,0.11538461538461539,0.028037699140813884,0.03248941796374524,0.04690755785841256,0.06180295053158301,khong cai thien (1/50)
bt_dkgrec_time_only,active,2020,526,0.010209027384130395,781.1,False,,,,,,,,,
bt_dkgrec_time_only,active,2020,527,0.010106581049801886,782.5,False,,,,,,,,,
bt_dkgrec_time_only,active,2020,528,0.01019182818022624,783.8,False,,,,,,,,,
bt_dkgrec_time_only,active,2020,529,0.010015080935694877,785.2,False,,,,,,,,,
bt_dkgrec_time_only,active,2020,530,0.010152254513375876,786.6,True,0.01695149955572993,0.03228747158402474,0.08974358974358974,0.1111111111111111,0.029771370135655967,0.03258193630625978,0.0513024685033232,0.06037844910708158,khong cai thien (2/50)
bt_dkgrec_time_only,active,2020,531,0.010167351742973813,788.4,False,,,,,,,,,
bt_dkgrec_time_only,active,2020,532,0.010018972918849229,789.9,False,,,,,,,,,
bt_dkgrec_time_only,active,2020,533,0.01005718668008434,791.3,False,,,,,,,,,
bt_dkgrec_time_only,active,2020,534,0.01001395009727231,792.7,False,,,,,,,,,
bt_dkgrec_time_only,active,2020,535,0.010003156780591025,794.1,True,0.017066894379118153,0.03224131365466945,0.09401709401709402,0.11965811965811966,0.02980775347276569,0.03405981805022971,0.051569562520417216,0.06668695541558789,best
bt_dkgrec_time_only,active,2020,536,0.009981248010159503,795.9,False,,,,,,,,,
bt_dkgrec_time_only,active,2020,537,0.010187042320428866,797.3,False,,,,,,,,,
bt_dkgrec_time_only,active,2020,538,0.009958832690398517,798.7,False,,,,,,,,,
bt_dkgrec_time_only,active,2020,539,0.01002372997227165,800.0,False,,,,,,,,,
bt_dkgrec_time_only,active,2020,540,0.0100907864715114,801.4,True,0.016916881108713464,0.032425945372090606,0.08547008547008547,0.11965811965811966,0.029187565915735507,0.03360433796742623,0.05057056152141622,0.06591817686903156,khong cai thien (1/50)
bt_dkgrec_time_only,active,2020,541,0.010012346367927505,803.3,False,,,,,,,,,
bt_dkgrec_time_only,active,2020,542,0.010066977094250742,804.7,False,,,,,,,,,
bt_dkgrec_time_only,active,2020,543,0.009972522117594605,806.1,False,,,,,,,,,
bt_dkgrec_time_only,active,2020,544,0.009964338390013216,807.5,False,,,,,,,,,
bt_dkgrec_time_only,active,2020,545,0.010042398444488279,808.9,True,0.017032275932101687,0.03262211657185059,0.08547008547008547,0.11538461538461539,0.028165461766364253,0.03323726459151459,0.046724407675262376,0.06472826595689844,khong cai thien (2/50)
bt_dkgrec_time_only,active,2020,546,0.009950012987143864,810.7,False,,,,,,,,,
bt_dkgrec_time_only,active,2020,547,0.010093824687752793,812.1,False,,,,,,,,,
bt_dkgrec_time_only,active,2020,548,0.010069191678349937,813.5,False,,,,,,,,,
bt_dkgrec_time_only,active,2020,549,0.009950513823205375,814.8,False,,,,,,,,,
bt_dkgrec_time_only,active,2020,550,0.010023024525021185,816.2,True,0.0170899733437958,0.03261057708951177,0.0811965811965812,0.11965811965811966,0.026836025795987213,0.033208333325384164,0.042412053362908056,0.06609623954709425,khong cai thien (3/50)
bt_dkgrec_time_only,active,2020,551,0.010062814027188552,818.2,False,,,,,,,,,
bt_dkgrec_time_only,active,2020,552,0.010036346091147352,819.6,False,,,,,,,,,
bt_dkgrec_time_only,active,2020,553,0.010062069231177702,821.0,False,,,,,,,,,
bt_dkgrec_time_only,active,2020,554,0.009902833763176971,822.4,False,,,,,,,,,
bt_dkgrec_time_only,active,2020,555,0.009886087891703753,823.8,True,0.017078433861456976,0.032714432430561165,0.0811965811965812,0.11965811965811966,0.0257772202031612,0.03323831697035731,0.038672737123591816,0.06670674015759485,khong cai thien (4/50)
bt_dkgrec_time_only,active,2020,556,0.01008183970200768,825.6,False,,,,,,,,,
bt_dkgrec_time_only,active,2020,557,0.010062167839389742,827.0,False,,,,,,,,,
bt_dkgrec_time_only,active,2020,558,0.00989977499275431,828.4,False,,,,,,,,,
bt_dkgrec_time_only,active,2020,559,0.009914093517177211,829.7,False,,,,,,,,,
bt_dkgrec_time_only,active,2020,560,0.010026165319986282,831.2,True,0.01711305230847344,0.0326798139835447,0.07692307692307693,0.11965811965811966,0.02329083310871416,0.031412340089291606,0.03828423673509144,0.06670674015759485,khong cai thien (5/50)
bt_dkgrec_time_only,active,2020,561,0.009872415309582435,833.1,False,,,,,,,,,
bt_dkgrec_time_only,active,2020,562,0.009935119043906865,834.5,False,,,,,,,,,
bt_dkgrec_time_only,active,2020,563,0.010030013393582836,835.9,False,,,,,,,,,
bt_dkgrec_time_only,active,2020,564,0.00993955507583916,837.2,False,,,,,,,,,
bt_dkgrec_time_only,active,2020,565,0.00993725025127027,838.6,True,0.017228447131861665,0.032714432430561165,0.07692307692307693,0.11965811965811966,0.02436331835184301,0.0312052946934568,0.04202355297440767,0.06609623954709425,khong cai thien (6/50)
bt_dkgrec_time_only,active,2020,566,0.00982826682282595,840.4,False,,,,,,,,,
bt_dkgrec_time_only,active,2020,567,0.00994118081395791,841.8,False,,,,,,,,,
bt_dkgrec_time_only,active,2020,568,0.009874625893450622,843.2,False,,,,,,,,,
bt_dkgrec_time_only,active,2020,569,0.009915029284007483,844.6,False,,,,,,,,,
bt_dkgrec_time_only,active,2020,570,0.00993082423316448,846.0,True,0.01710151282613462,0.032864445700965854,0.08547008547008547,0.11965811965811966,0.02614444554205524,0.03132653547362477,0.046776456765773,0.06532920031851656,khong cai thien (7/50)
bt_dkgrec_time_only,active,2020,571,0.009879808080373285,847.9,False,,,,,,,,,
bt_dkgrec_time_only,active,2020,572,0.009853618767279701,849.3,False,,,,,,,,,
bt_dkgrec_time_only,active,2020,573,0.009795696135285269,850.7,False,,,,,,,,,
bt_dkgrec_time_only,active,2020,574,0.009776285777144286,852.1,False,,,,,,,,,
bt_dkgrec_time_only,active,2020,575,0.009810167715983007,853.5,True,0.017147670755489907,0.0329913800066929,0.08974358974358974,0.11965811965811966,0.028037556809947378,0.032920095044077086,0.04716495715427339,0.06532920031851656,khong cai thien (8/50)
bt_dkgrec_time_only,active,2020,576,0.00991769567863504,855.3,False,,,,,,,,,
bt_dkgrec_time_only,active,2020,577,0.009803283567832043,856.7,False,,,,,,,,,
bt_dkgrec_time_only,active,2020,578,0.009833160252284128,858.1,False,,,,,,,,,
bt_dkgrec_time_only,active,2020,579,0.009772872655833592,859.5,False,,,,,,,,,
bt_dkgrec_time_only,active,2020,580,0.009855980604602467,860.9,True,0.017239986614200488,0.032933682594998785,0.08974358974358974,0.11965811965811966,0.02791580429105042,0.0328324685840959,0.04716495715427339,0.06532920031851656,khong cai thien (9/50)
bt_dkgrec_time_only,active,2020,581,0.009798911908089994,862.8,False,,,,,,,,,
bt_dkgrec_time_only,active,2020,582,0.009910827492750893,864.2,False,,,,,,,,,
bt_dkgrec_time_only,active,2020,583,0.009782166097526718,865.6,False,,,,,,,,,
bt_dkgrec_time_only,active,2020,584,0.00981546484340507,866.9,False,,,,,,,,,
bt_dkgrec_time_only,active,2020,585,0.00973413841153131,868.3,True,0.017032275932101687,0.03304907741838701,0.09401709401709402,0.11965811965811966,0.029355222429738433,0.03316723945521955,0.05143846142777767,0.06532920031851656,khong cai thien (10/50)
bt_dkgrec_time_only,active,2020,586,0.009794629547784787,870.1,False,,,,,,,,,
bt_dkgrec_time_only,active,2020,587,0.00977359331466159,871.5,False,,,,,,,,,
bt_dkgrec_time_only,active,2020,588,0.009767955575166357,872.9,False,,,,,,,,,
bt_dkgrec_time_only,active,2020,589,0.00986278361460513,874.4,False,,,,,,,,,
bt_dkgrec_time_only,active,2020,590,0.00985570455041027,875.8,True,0.017066894379118153,0.03308369586540348,0.08974358974358974,0.11965811965811966,0.030654716805526144,0.03422005154167595,0.05090427339358963,0.061910396899713144,best
bt_dkgrec_time_only,active,2020,591,0.009767425830827119,877.7,False,,,,,,,,,
bt_dkgrec_time_only,active,2020,592,0.009754381825880882,879.1,False,,,,,,,,,
bt_dkgrec_time_only,active,2020,593,0.009749887210648778,880.5,False,,,,,,,,,
bt_dkgrec_time_only,active,2020,594,0.009739872496191487,881.9,False,,,,,,,,,
bt_dkgrec_time_only,active,2020,595,0.009756607561593663,883.3,True,0.017182289202506376,0.03300291948903172,0.08547008547008547,0.12393162393162394,0.02966735362459494,0.0345302044843995,0.04663076912008536,0.06229889728821353,best
bt_dkgrec_time_only,active,2020,596,0.009844090988028754,885.1,False,,,,,,,,,
bt_dkgrec_time_only,active,2020,597,0.009795025004387097,886.4,False,,,,,,,,,
bt_dkgrec_time_only,active,2020,598,0.009716640233623362,887.9,False,,,,,,,,,
bt_dkgrec_time_only,active,2020,599,0.009798464884987436,889.3,False,,,,,,,,,
bt_dkgrec_time_only,active,2020,600,0.009815756880369696,890.7,True,0.017378460402266354,0.03316447224177523,0.08547008547008547,0.12393162393162394,0.02841589116291575,0.034189203268037434,0.04289145288076912,0.06229889728821353,khong cai thien (1/50)
bt_dkgrec_time_only,active,2020,601,0.009666758552867477,892.5,False,,,,,,,,,
bt_dkgrec_time_only,active,2020,602,0.009632755206206623,893.9,False,,,,,,,,,
bt_dkgrec_time_only,active,2020,603,0.009764693320131197,895.3,False,,,,,,,,,
bt_dkgrec_time_only,active,2020,604,0.009614290315834037,896.7,False,,,,,,,,,
bt_dkgrec_time_only,active,2020,605,0.009674686629781461,898.1,True,0.017459236778638112,0.03332602499451875,0.08974358974358974,0.1282051282051282,0.029806367273796455,0.0355994284695378,0.04716495715427339,0.06710658959590583,best
bt_dkgrec_time_only,active,2020,606,0.009725668485990345,899.9,False,,,,,,,,,
bt_dkgrec_time_only,active,2020,607,0.009631559220849508,901.2,False,,,,,,,,,
bt_dkgrec_time_only,active,2020,608,0.009639688310649817,902.7,False,,,,,,,,,
bt_dkgrec_time_only,active,2020,609,0.009662761598619037,904.1,False,,,,,,,,,
bt_dkgrec_time_only,active,2020,610,0.009581987892284215,905.5,True,0.017459236778638112,0.03337218292387403,0.08547008547008547,0.12393162393162394,0.029557008969559043,0.03440365090409567,0.04663076912008536,0.06229889728821353,khong cai thien (1/50)
bt_dkgrec_time_only,active,2020,611,0.00967714833130796,907.3,False,,,,,,,,,
bt_dkgrec_time_only,active,2020,612,0.009726408203634792,908.7,False,,,,,,,,,
bt_dkgrec_time_only,active,2020,613,0.00952765679430527,910.1,False,,,,,,,,,
bt_dkgrec_time_only,active,2020,614,0.009725414242338921,911.5,False,,,,,,,,,
bt_dkgrec_time_only,active,2020,615,0.009644593983999411,912.9,True,0.017320762990572242,0.03345295930024579,0.0811965811965812,0.12393162393162394,0.027958882000149423,0.034938123713531805,0.04235726484658109,0.06639433888365513,khong cai thien (2/50)
bt_dkgrec_time_only,active,2020,616,0.00968454741505015,914.7,False,,,,,,,,,
bt_dkgrec_time_only,active,2020,617,0.0096167666296041,916.1,False,,,,,,,,,
bt_dkgrec_time_only,active,2020,618,0.009604650809064733,917.5,False,,,,,,,,,
bt_dkgrec_time_only,active,2020,619,0.009587109724755568,918.9,False,,,,,,,,,
bt_dkgrec_time_only,active,2020,620,0.00965980926171757,920.3,True,0.01726306557887813,0.0333029460298411,0.08547008547008547,0.1282051282051282,0.02782942175068736,0.03532355395905377,0.041075213564529804,0.06781884030815655,khong cai thien (3/50)
bt_dkgrec_time_only,active,2020,621,0.009629839332254744,922.1,False,,,,,,,,,
bt_dkgrec_time_only,active,2020,622,0.009625053181020218,923.5,False,,,,,,,,,
bt_dkgrec_time_only,active,2020,623,0.009590841371094741,924.9,False,,,,,,,,,
bt_dkgrec_time_only,active,2020,624,0.009653448024755646,926.2,False,,,,,,,,,
bt_dkgrec_time_only,active,2020,625,0.00951862563313914,927.6,True,0.017320762990572242,0.03354527515895637,0.08547008547008547,0.11965811965811966,0.028213868447087485,0.034379666824894434,0.04321196570128194,0.06600583849515473,khong cai thien (4/50)
bt_dkgrec_time_only,active,2020,626,0.009555733538333543,929.4,False,,,,,,,,,
bt_dkgrec_time_only,active,2020,627,0.009598154265246185,930.9,False,,,,,,,,,
bt_dkgrec_time_only,active,2020,628,0.009596033769793528,932.3,False,,,,,,,,,
bt_dkgrec_time_only,active,2020,629,0.009567229946510764,933.7,False,,,,,,,,,
bt_dkgrec_time_only,active,2020,630,0.009489230406743423,935.1,True,0.01720536816718402,0.03367220946468341,0.08547008547008547,0.13247863247863248,0.028248156280210403,0.035040137399758135,0.04321196570128194,0.0679677654570817,khong cai thien (5/50)
bt_dkgrec_time_only,active,2020,631,0.00949791741789197,936.9,False,,,,,,,,,
bt_dkgrec_time_only,active,2020,632,0.009641097310248344,938.2,False,,,,,,,,,
bt_dkgrec_time_only,active,2020,633,0.00956205322960249,939.6,False,,,,,,,,,
bt_dkgrec_time_only,active,2020,634,0.009517204016391894,941.0,False,,,,,,,,,
bt_dkgrec_time_only,active,2020,635,0.009543797676714032,942.4,True,0.017228447131861665,0.033556814641295195,0.08974358974358974,0.13247863247863248,0.028596938989641392,0.035338464317678606,0.04374615373546997,0.06835626584558209,khong cai thien (6/50)
bt_dkgrec_time_only,active,2020,636,0.00957130864578165,944.2,False,,,,,,,,,
bt_dkgrec_time_only,active,2020,637,0.009558260070217374,945.6,False,,,,,,,,,
bt_dkgrec_time_only,active,2020,638,0.009415373076944063,947.0,False,,,,,,,,,
bt_dkgrec_time_only,active,2020,639,0.009580598535020114,948.4,False,,,,,,,,,
bt_dkgrec_time_only,active,2020,640,0.00950940264355926,949.8,True,0.01725152609653931,0.03337218292387403,0.08974358974358974,0.13247863247863248,0.029010784732752103,0.036601589927544545,0.04374615373546997,0.07201926950858575,best
bt_dkgrec_time_only,active,2020,641,0.009513474733420995,951.6,False,,,,,,,,,
bt_dkgrec_time_only,active,2020,642,0.009489691476484093,953.0,False,,,,,,,,,
bt_dkgrec_time_only,active,2020,643,0.009529434025509199,954.4,False,,,,,,,,,
bt_dkgrec_time_only,active,2020,644,0.009493586960875055,955.8,False,,,,,,,,,
bt_dkgrec_time_only,active,2020,645,0.009474468978399908,957.2,True,0.0172976840258946,0.03348757774726226,0.08547008547008547,0.13247863247863248,0.027540451379929002,0.036387730355672665,0.0394726494619657,0.07201926950858575,khong cai thien (1/50)
bt_dkgrec_time_only,active,2020,646,0.009528197963286173,959.1,False,,,,,,,,,
bt_dkgrec_time_only,active,2020,647,0.009452869902581717,960.5,False,,,,,,,,,
bt_dkgrec_time_only,active,2020,648,0.009532190358171669,961.9,False,,,,,,,,,
bt_dkgrec_time_only,active,2020,649,0.009493902347459929,963.3,False,,,,,,,,,
bt_dkgrec_time_only,active,2020,650,0.00939859731437663,964.7,True,0.017436157813960466,0.03359143308831166,0.08974358974358974,0.12393162393162394,0.02934780576910539,0.0348519277554061,0.04374615373546997,0.06347226096157721,khong cai thien (2/50)
bt_dkgrec_time_only,active,2020,651,0.009423085920891083,966.5,False,,,,,,,,,
bt_dkgrec_time_only,active,2020,652,0.009398273118029347,967.9,False,,,,,,,,,
bt_dkgrec_time_only,active,2020,653,0.009421438119837826,969.3,False,,,,,,,,,
bt_dkgrec_time_only,active,2020,654,0.009457383070573847,970.7,False,,,,,,,,,
bt_dkgrec_time_only,active,2020,655,0.009474928990676309,972.1,True,0.017424618331621643,0.033637591017666946,0.08974358974358974,0.12393162393162394,0.029486835160341014,0.03453036203654515,0.04413465412397036,0.061946009435325675,khong cai thien (3/50)
bt_dkgrec_time_only,active,2020,656,0.009359349435697504,974.0,False,,,,,,,,,
bt_dkgrec_time_only,active,2020,657,0.009439955990236943,975.4,False,,,,,,,,,
bt_dkgrec_time_only,active,2020,658,0.009609689240947579,976.8,False,,,,,,,,,
bt_dkgrec_time_only,active,2020,659,0.009383291705412366,978.2,False,,,,,,,,,
bt_dkgrec_time_only,active,2020,660,0.00933066560021868,979.6,True,0.017643868496059267,0.03383376221742693,0.09401709401709402,0.1282051282051282,0.02997708781235278,0.03591142482143572,0.04395982894914519,0.06621951370882995,khong cai thien (4/50)
bt_dkgrec_time_only,active,2020,661,0.009375582852225154,981.4,False,,,,,,,,,
bt_dkgrec_time_only,active,2020,662,0.009407898158834577,982.8,False,,,,,,,,,
bt_dkgrec_time_only,active,2020,663,0.009447641389878159,984.2,False,,,,,,,,,
bt_dkgrec_time_only,active,2020,664,0.00950975897663188,985.6,False,,,,,,,,,
bt_dkgrec_time_only,active,2020,665,0.009407864125588455,987.0,True,0.0176092500490428,0.03381068325274928,0.09401709401709402,0.13247863247863248,0.029886354137506274,0.03703162301699361,0.04395982894914519,0.07120526869458495,best
bt_dkgrec_time_only,active,2020,666,0.009442776968816586,988.9,False,,,,,,,,,
bt_dkgrec_time_only,active,2020,667,0.0093063285280581,990.3,False,,,,,,,,,
bt_dkgrec_time_only,active,2020,668,0.009507938641051032,991.7,False,,,,,,,,,
bt_dkgrec_time_only,active,2020,669,0.009432669113347867,993.1,False,,,,,,,,,
bt_dkgrec_time_only,active,2020,670,0.009435442141072309,994.4,True,0.017540013155009866,0.03386838066444339,0.08974358974358974,0.1282051282051282,0.030587002794538264,0.037337704675476584,0.04413465412397036,0.07059476808408434,best
bt_dkgrec_time_only,active,2020,671,0.009460067816657014,996.2,False,,,,,,,,,
bt_dkgrec_time_only,active,2020,672,0.009250152692140197,997.6,False,,,,,,,,,
bt_dkgrec_time_only,active,2020,673,0.009434480205403656,999.0,False,,,,,,,,,
bt_dkgrec_time_only,active,2020,674,0.009343688894681235,1000.4,False,,,,,,,,,
bt_dkgrec_time_only,active,2020,675,0.009327696213719656,1001.8,True,0.017574631602026332,0.03375298584105517,0.08547008547008547,0.12393162393162394,0.029532033526601647,0.036446851222654404,0.043033903023219265,0.06703351452283077,khong cai thien (1/50)
bt_dkgrec_time_only,active,2020,676,0.009354787375743754,1003.8,False,,,,,,,,,
bt_dkgrec_time_only,active,2020,677,0.00933049703743493,1005.1,False,,,,,,,,,
bt_dkgrec_time_only,active,2020,678,0.00936343525552818,1006.5,False,,,,,,,,,
bt_dkgrec_time_only,active,2020,679,0.009307316114628325,1007.9,False,,,,,,,,,
bt_dkgrec_time_only,active,2020,680,0.009324586621913657,1009.3,True,0.0176092500490428,0.03390299911145986,0.08547008547008547,0.12393162393162394,0.029141524663195733,0.03580623945413017,0.04342240341171966,0.06705442982152383,khong cai thien (2/50)
bt_dkgrec_time_only,active,2020,681,0.009253700898699783,1011.1,False,,,,,,,,,
bt_dkgrec_time_only,active,2020,682,0.009385787437591902,1012.5,False,,,,,,,,,
bt_dkgrec_time_only,active,2020,683,0.009290136642474097,1013.9,False,,,,,,,,,
bt_dkgrec_time_only,active,2020,684,0.009271187749657376,1015.3,False,,,,,,,,,
bt_dkgrec_time_only,active,2020,685,0.00942521376165607,1016.8,True,0.0176092500490428,0.033983775487831616,0.08547008547008547,0.1282051282051282,0.029220804215120865,0.035912543930426456,0.043178203167519406,0.06710982709914333,khong cai thien (3/50)
bt_dkgrec_time_only,active,2020,686,0.009316667857857605,1018.7,False,,,,,,,,,
bt_dkgrec_time_only,active,2020,687,0.009232375496307933,1020.1,False,,,,,,,,,
bt_dkgrec_time_only,active,2020,688,0.009287383795967876,1021.4,False,,,,,,,,,
bt_dkgrec_time_only,active,2020,689,0.009306053571329905,1022.8,False,,,,,,,,,
bt_dkgrec_time_only,active,2020,690,0.00932415130540032,1024.2,True,0.017816960731141602,0.034122249275897486,0.08974358974358974,0.1282051282051282,0.029566741490158605,0.035920165629899956,0.043890453879770114,0.06710982709914333,khong cai thien (4/50)
bt_dkgrec_time_only,active,2020,691,0.009331932898409783,1026.0,False,,,,,,,,,
bt_dkgrec_time_only,active,2020,692,0.00928807936997791,1027.4,False,,,,,,,,,
bt_dkgrec_time_only,active,2020,693,0.009249633753743268,1028.8,False,,,,,,,,,
bt_dkgrec_time_only,active,2020,694,0.00928567629211877,1030.3,False,,,,,,,,,
bt_dkgrec_time_only,active,2020,695,0.009229745042647213,1031.7,True,0.017782342284125133,0.033926078076137504,0.08974358974358974,0.1282051282051282,0.029267206124319933,0.03560398068779263,0.043890453879770114,0.06710982709914333,khong cai thien (5/50)
bt_dkgrec_time_only,active,2020,696,0.00921136417643602,1033.5,False,,,,,,,,,
bt_dkgrec_time_only,active,2020,697,0.009271872608722203,1034.9,False,,,,,,,,,
bt_dkgrec_time_only,active,2020,698,0.009331197841663239,1036.3,False,,,,,,,,,
bt_dkgrec_time_only,active,2020,699,0.009316551322352665,1037.6,False,,,,,,,,,
bt_dkgrec_time_only,active,2020,700,0.009238544592324843,1039.0,True,0.017736184354769844,0.03404147289952573,0.09401709401709402,0.1282051282051282,0.02978003740315123,0.03596505669065728,0.04474515473447097,0.06764401513333138,khong cai thien (6/50)
bt_dkgrec_time_only,active,2020,701,0.009268810542027094,1040.8,False,,,,,,,,,
bt_dkgrec_time_only,active,2020,702,0.009178384305891879,1042.2,False,,,,,,,,,
bt_dkgrec_time_only,active,2020,703,0.00922544733735846,1043.7,False,,,,,,,,,
bt_dkgrec_time_only,active,2020,704,0.009240919914192888,1045.1,False,,,,,,,,,
bt_dkgrec_time_only,active,2020,705,0.00922640823678569,1046.5,True,0.017782342284125133,0.034064551864203374,0.09401709401709402,0.1282051282051282,0.030271833257973262,0.036296163152092616,0.04474515473447097,0.06764401513333138,khong cai thien (7/50)
bt_dkgrec_time_only,active,2020,706,0.00935126034879578,1048.3,False,,,,,,,,,
bt_dkgrec_time_only,active,2020,707,0.009232372092247693,1049.7,False,,,,,,,,,
bt_dkgrec_time_only,active,2020,708,0.009265654649157276,1051.1,False,,,,,,,,,
bt_dkgrec_time_only,active,2020,709,0.009210895922595748,1052.4,False,,,,,,,,,
bt_dkgrec_time_only,active,2020,710,0.009296991068890648,1053.8,True,0.017782342284125133,0.034076091346542194,0.09401709401709402,0.1282051282051282,0.030166622750360216,0.036125073909012304,0.044745154734470965,0.06764401513333138,khong cai thien (8/50)
bt_dkgrec_time_only,active,2020,711,0.009215879199919322,1055.7,False,,,,,,,,,
bt_dkgrec_time_only,active,2020,712,0.009313069284863393,1057.1,False,,,,,,,,,
bt_dkgrec_time_only,active,2020,713,0.009176680836885045,1058.5,False,,,,,,,,,
bt_dkgrec_time_only,active,2020,714,0.009144698033933467,1059.9,False,,,,,,,,,
bt_dkgrec_time_only,active,2020,715,0.009189118057486748,1061.3,True,0.01770156590775338,0.03402993341718691,0.09829059829059829,0.1282051282051282,0.030788933655785507,0.036022258846291635,0.04478832144430434,0.066440743096726,khong cai thien (9/50)
bt_dkgrec_time_only,active,2020,716,0.009102371152303454,1063.1,False,,,,,,,,,
bt_dkgrec_time_only,active,2020,717,0.009227608776080495,1064.5,False,,,,,,,,,
bt_dkgrec_time_only,active,2020,718,0.009182644858709166,1065.9,False,,,,,,,,,
bt_dkgrec_time_only,active,2020,719,0.009204465681602951,1067.2,False,,,,,,,,,
bt_dkgrec_time_only,active,2020,720,0.009116503009124444,1068.6,True,0.017816960731141602,0.034122249275897486,0.10256410256410256,0.1282051282051282,0.03153320317070046,0.036315917338793725,0.045215671871654775,0.06626268041866333,khong cai thien (10/50)
bt_dkgrec_time_only,active,2020,721,0.009201696086756951,1070.5,False,,,,,,,,,
bt_dkgrec_time_only,active,2020,722,0.009178323651782781,1071.9,False,,,,,,,,,
bt_dkgrec_time_only,active,2020,723,0.009172091486831369,1073.3,False,,,,,,,,,
bt_dkgrec_time_only,active,2020,724,0.009277260013947046,1074.7,False,,,,,,,,,
bt_dkgrec_time_only,active,2020,725,0.009141607432769653,1076.1,True,0.017874658142835714,0.03402993341718691,0.09829059829059829,0.1282051282051282,0.031112371488028548,0.03669074795425257,0.04386239551837843,0.06642095835471903,khong cai thien (11/50)
bt_dkgrec_time_only,active,2020,726,0.009137981546742334,1077.9,False,,,,,,,,,
bt_dkgrec_time_only,active,2020,727,0.009125654322415268,1079.3,False,,,,,,,,,
bt_dkgrec_time_only,active,2020,728,0.009145353943543827,1080.7,False,,,,,,,,,
bt_dkgrec_time_only,active,2020,729,0.009138188335884699,1082.1,False,,,,,,,,,
bt_dkgrec_time_only,active,2020,730,0.009135262354027274,1083.5,True,0.017978513483885114,0.03405301238186455,0.09829059829059829,0.1282051282051282,0.031196533635188574,0.03648860864651827,0.04410659576257867,0.06626268041866333,khong cai thien (12/50)
bt_dkgrec_time_only,active,2020,731,0.009192668264805512,1085.3,False,,,,,,,,,
bt_dkgrec_time_only,active,2020,732,0.009131268902688996,1086.7,False,,,,,,,,,
bt_dkgrec_time_only,active,2020,733,0.009148432812518587,1088.2,False,,,,,,,,,
bt_dkgrec_time_only,active,2020,734,0.009095720367702963,1089.5,False,,,,,,,,,
bt_dkgrec_time_only,active,2020,735,0.009138716370239847,1090.9,True,0.017978513483885114,0.03423764409928571,0.09829059829059829,0.13247863247863248,0.03151686359404801,0.036761904824257355,0.04396414562012852,0.06644074309672601,khong cai thien (13/50)
bt_dkgrec_time_only,active,2020,736,0.009059055177354563,1092.7,False,,,,,,,,,
bt_dkgrec_time_only,active,2020,737,0.009214869628335913,1094.1,False,,,,,,,,,
bt_dkgrec_time_only,active,2020,738,0.009044508929380659,1095.5,False,,,,,,,,,
bt_dkgrec_time_only,active,2020,739,0.009175542910601322,1096.9,False,,,,,,,,,
bt_dkgrec_time_only,active,2020,740,0.009130402422517609,1098.3,True,0.017943895036868645,0.034272262546302175,0.09829059829059829,0.13247863247863248,0.03153453911861575,0.0370541483511175,0.04396414562012852,0.06686809352407642,khong cai thien (14/50)
bt_dkgrec_time_only,active,2020,741,0.009084458100156132,1100.2,False,,,,,,,,,
bt_dkgrec_time_only,active,2020,742,0.009094683024257299,1101.6,False,,,,,,,,,
bt_dkgrec_time_only,active,2020,743,0.00911228302253075,1103.0,False,,,,,,,,,
bt_dkgrec_time_only,active,2020,744,0.009092909215541074,1104.4,False,,,,,,,,,
bt_dkgrec_time_only,active,2020,745,0.009081122896215047,1105.8,True,0.01801313193090158,0.034272262546302175,0.09829059829059829,0.13247863247863248,0.03131747448264952,0.0368595576252044,0.04396414562012852,0.06686809352407642,khong cai thien (15/50)
bt_dkgrec_time_only,active,2020,746,0.009141433016875198,1107.6,False,,,,,,,,,
bt_dkgrec_time_only,active,2020,747,0.009120591818949135,1109.0,False,,,,,,,,,
bt_dkgrec_time_only,active,2020,748,0.009032325694721743,1110.4,False,,,,,,,,,
bt_dkgrec_time_only,active,2020,749,0.008953849855834018,1111.8,False,,,,,,,,,
bt_dkgrec_time_only,active,2020,750,0.008977205281173585,1113.2,True,0.017978513483885114,0.034295341510979814,0.08974358974358974,0.13675213675213677,0.030609776112170452,0.03770730674866439,0.043493628482944725,0.0711415977975807,best
bt_dkgrec_time_only,active,2020,751,0.0091638521854567,1115.1,False,,,,,,,,,
bt_dkgrec_time_only,active,2020,752,0.009086142828670849,1116.5,False,,,,,,,,,
bt_dkgrec_time_only,active,2020,753,0.009069206614052217,1117.9,False,,,,,,,,,
bt_dkgrec_time_only,active,2020,754,0.00904843282125266,1119.3,False,,,,,,,,,
bt_dkgrec_time_only,active,2020,755,0.008983925932861308,1120.7,True,0.017943895036868645,0.03444535478138451,0.09401709401709402,0.13675213675213677,0.029084047845528534,0.035980717878485766,0.043920978910295144,0.0711415977975807,khong cai thien (1/50)
bt_dkgrec_time_only,active,2020,756,0.009061483451663114,1122.5,False,,,,,,,,,
bt_dkgrec_time_only,active,2020,757,0.009059526348141056,1123.9,False,,,,,,,,,
bt_dkgrec_time_only,active,2020,758,0.008945904449195595,1125.3,False,,,,,,,,,
bt_dkgrec_time_only,active,2020,759,0.009015757127565251,1126.7,False,,,,,,,,,
bt_dkgrec_time_only,active,2020,760,0.00894941891013934,1128.1,True,0.017990052966223934,0.034422275816706864,0.09401709401709402,0.13675213675213677,0.028582041623691858,0.0357149609869694,0.043920978910295144,0.0711415977975807,khong cai thien (2/50)
bt_dkgrec_time_only,active,2020,761,0.009038433399475812,1130.1,False,,,,,,,,,
bt_dkgrec_time_only,active,2020,762,0.009105810549008143,1131.5,False,,,,,,,,,
bt_dkgrec_time_only,active,2020,763,0.009020644931460644,1132.9,False,,,,,,,,,
bt_dkgrec_time_only,active,2020,764,0.008951442798359823,1134.2,False,,,,,,,,,
bt_dkgrec_time_only,active,2020,765,0.009039324112902978,1135.6,True,0.017990052966223934,0.034641525981144485,0.10256410256410256,0.1282051282051282,0.030630771503519456,0.03639218862698316,0.04645455644387268,0.07110351859283483,khong cai thien (3/50)
bt_dkgrec_time_only,active,2020,766,0.009021526615798118,1137.4,False,,,,,,,,,
bt_dkgrec_time_only,active,2020,767,0.00897906043051953,1138.8,False,,,,,,,,,
bt_dkgrec_time_only,active,2020,768,0.008977882681841774,1140.2,False,,,,,,,,,
bt_dkgrec_time_only,active,2020,769,0.009078101329224434,1141.6,False,,,,,,,,,
bt_dkgrec_time_only,active,2020,770,0.009001541781604616,1143.0,True,0.018128526754289803,0.034422275816706864,0.10256410256410256,0.1282051282051282,0.029794146027825187,0.03530718223608618,0.04645455644387268,0.06878870377802002,khong cai thien (4/50)
bt_dkgrec_time_only,active,2020,771,0.009047145312050432,1145.0,False,,,,,,,,,
bt_dkgrec_time_only,active,2020,772,0.008985916070371731,1146.4,False,,,,,,,,,
bt_dkgrec_time_only,active,2020,773,0.009019636732208387,1147.8,False,,,,,,,,,
bt_dkgrec_time_only,active,2020,774,0.008959753334720719,1149.2,False,,,,,,,,,
bt_dkgrec_time_only,active,2020,775,0.009025642800669299,1150.5,True,0.018093908307273334,0.034479973228400976,0.09829059829059829,0.13247863247863248,0.029711279157517943,0.03621195055475138,0.04624088123019747,0.07252802001733626,khong cai thien (5/50)
bt_dkgrec_time_only,active,2020,776,0.009028069874194987,1152.3,False,,,,,,,,,
bt_dkgrec_time_only,active,2020,777,0.008981325945371457,1153.7,False,,,,,,,,,
bt_dkgrec_time_only,active,2020,778,0.009011424442443534,1155.1,False,,,,,,,,,
bt_dkgrec_time_only,active,2020,779,0.009023236785891654,1156.6,False,,,,,,,,,
bt_dkgrec_time_only,active,2020,780,0.009022607230626492,1158.0,True,0.017955434519207468,0.03451459167541744,0.09401709401709402,0.13247863247863248,0.02966943505607624,0.03626076368783731,0.04538618037549662,0.07149201898133521,khong cai thien (6/50)
bt_dkgrec_time_only,active,2020,781,0.00901046557011094,1159.9,False,,,,,,,,,
bt_dkgrec_time_only,active,2020,782,0.008880802381458797,1161.3,False,,,,,,,,,
bt_dkgrec_time_only,active,2020,783,0.008933546530432502,1162.7,False,,,,,,,,,
bt_dkgrec_time_only,active,2020,784,0.008952374232510711,1164.0,False,,,,,,,,,
bt_dkgrec_time_only,active,2020,785,0.00885316537616748,1165.4,True,0.017990052966223934,0.03451459167541744,0.09401709401709402,0.13247863247863248,0.029111001576426307,0.036587439619474506,0.04538618037549662,0.0753770228663391,khong cai thien (7/50)
bt_dkgrec_time_only,active,2020,786,0.008943098088064079,1167.2,False,,,,,,,,,
bt_dkgrec_time_only,active,2020,787,0.008963957794465405,1168.6,False,,,,,,,,,
bt_dkgrec_time_only,active,2020,788,0.008898480381551874,1170.0,False,,,,,,,,,
bt_dkgrec_time_only,active,2020,789,0.00898140036806993,1171.4,False,,,,,,,,,
bt_dkgrec_time_only,active,2020,790,0.008945074244572738,1172.9,True,0.01790927658985218,0.034422275816706864,0.09829059829059829,0.1282051282051282,0.02960581669686359,0.03574605460436653,0.04624088123019747,0.07110351859283483,khong cai thien (8/50)
bt_dkgrec_time_only,active,2020,791,0.00892108362538462,1174.7,False,,,,,,,,,
bt_dkgrec_time_only,active,2020,792,0.008876119260218553,1176.0,False,,,,,,,,,
bt_dkgrec_time_only,active,2020,793,0.008865355829040715,1177.4,False,,,,,,,,,
bt_dkgrec_time_only,active,2020,794,0.008838291502848285,1178.8,False,,,,,,,,,
bt_dkgrec_time_only,active,2020,795,0.00888868272160352,1180.2,True,0.017978513483885114,0.034491512710739795,0.09401709401709402,0.1282051282051282,0.02952280719732014,0.03628906068856727,0.044104129093445334,0.07110351859283483,khong cai thien (9/50)
bt_dkgrec_time_only,active,2020,796,0.008914173027698284,1182.0,False,,,,,,,,,
bt_dkgrec_time_only,active,2020,797,0.00896512778902434,1183.4,False,,,,,,,,,
bt_dkgrec_time_only,active,2020,798,0.008852322999946982,1184.8,False,,,,,,,,,
bt_dkgrec_time_only,active,2020,799,0.008905212334498166,1186.3,False,,,,,,,,,
bt_dkgrec_time_only,active,2020,800,0.00890624224904585,1187.7,True,0.01807082934259569,0.03467614442816095,0.08974358974358974,0.12393162393162394,0.02909645250221799,0.03486673514998807,0.0436767786660949,0.06683001431933056,khong cai thien (10/50)
bt_dkgrec_time_only,active,2020,801,0.008908643818924162,1189.5,False,,,,,,,,,
bt_dkgrec_time_only,active,2020,802,0.008801701800313151,1190.8,False,,,,,,,,,
bt_dkgrec_time_only,active,2020,803,0.008858601537060593,1192.2,False,,,,,,,,,
bt_dkgrec_time_only,active,2020,804,0.00877966273301485,1193.6,False,,,,,,,,,
bt_dkgrec_time_only,active,2020,805,0.008882122078769929,1195.0,True,0.01807082934259569,0.034641525981144485,0.08974358974358974,0.1282051282051282,0.027764635508342825,0.03462223212211187,0.03961694960626584,0.06711167710099335,khong cai thien (11/50)
bt_dkgrec_time_only,active,2020,806,0.008837102320609386,1196.8,False,,,,,,,,,
bt_dkgrec_time_only,active,2020,807,0.008890150229063273,1198.2,False,,,,,,,,,
bt_dkgrec_time_only,active,2020,808,0.008942349134397974,1199.7,False,,,,,,,,,
bt_dkgrec_time_only,active,2020,809,0.008873812319268261,1201.1,False,,,,,,,,,
bt_dkgrec_time_only,active,2020,810,0.008917795193253664,1202.5,True,0.018105447789612157,0.03468768391049978,0.09401709401709402,0.13247863247863248,0.028126609825633773,0.034598671329892895,0.04136520135451759,0.06772032770964394,khong cai thien (12/50)
bt_dkgrec_time_only,active,2020,811,0.008943549600700158,1204.2,False,,,,,,,,,
bt_dkgrec_time_only,active,2020,812,0.008983708220811891,1205.6,False,,,,,,,,,
bt_dkgrec_time_only,active,2020,813,0.00891734567214464,1207.0,False,,,,,,,,,
bt_dkgrec_time_only,active,2020,814,0.008812608487481234,1208.4,False,,,,,,,,,
bt_dkgrec_time_only,active,2020,815,0.008897051088092195,1209.8,True,0.018140066236628626,0.03472230235751624,0.10256410256410256,0.13675213675213677,0.029897104983639747,0.03490680871709445,0.04663770662702286,0.06843257842189467,khong cai thien (13/50)
bt_dkgrec_time_only,active,2020,816,0.008799230943849514,1211.6,False,,,,,,,,,
bt_dkgrec_time_only,active,2020,817,0.008844128638320998,1213.0,False,,,,,,,,,
bt_dkgrec_time_only,active,2020,818,0.008808941487960376,1214.5,False,,,,,,,,,
bt_dkgrec_time_only,active,2020,819,0.008774713158732687,1215.9,False,,,,,,,,,
bt_dkgrec_time_only,active,2020,820,0.0088359952652019,1217.2,True,0.018197763648322735,0.03476846028687153,0.10256410256410256,0.13247863247863248,0.030096366336030068,0.03472987960272846,0.04663770662702286,0.06700807699739324,khong cai thien (14/50)
bt_dkgrec_time_only,active,2020,821,0.008835024889092534,1219.1,False,,,,,,,,,
bt_dkgrec_time_only,active,2020,822,0.008812313138832767,1220.5,False,,,,,,,,,
bt_dkgrec_time_only,active,2020,823,0.008775157893592912,1221.8,False,,,,,,,,,
bt_dkgrec_time_only,active,2020,824,0.00879049340200076,1223.2,False,,,,,,,,,
bt_dkgrec_time_only,active,2020,825,0.008730838396638983,1224.6,True,0.01811698727195098,0.03476846028687153,0.10683760683760683,0.13247863247863248,0.03054639240274576,0.03498093330064172,0.04706505705437329,0.06700807699739324,khong cai thien (15/50)
bt_dkgrec_time_only,active,2020,826,0.008754800945907047,1226.6,False,,,,,,,,,
bt_dkgrec_time_only,active,2020,827,0.008785468796987364,1228.0,False,,,,,,,,,
bt_dkgrec_time_only,active,2020,828,0.008757477333553552,1229.4,False,,,,,,,,,
bt_dkgrec_time_only,active,2020,829,0.008729972200051927,1230.8,False,,,,,,,,,
bt_dkgrec_time_only,active,2020,830,0.008835509729250669,1232.2,True,0.017990052966223934,0.03446843374606215,0.09829059829059829,0.1282051282051282,0.0301514218838376,0.03506972605814121,0.046249206238522474,0.06700807699739324,khong cai thien (16/50)
bt_dkgrec_time_only,active,2020,831,0.008791272309087106,1234.0,False,,,,,,,,,
bt_dkgrec_time_only,active,2020,832,0.00882811473530211,1235.4,False,,,,,,,,,
bt_dkgrec_time_only,active,2020,833,0.008807272911228466,1236.8,False,,,,,,,,,
bt_dkgrec_time_only,active,2020,834,0.008822621816623551,1238.2,False,,,,,,,,,
bt_dkgrec_time_only,active,2020,835,0.00889794841949857,1239.5,True,0.018082368824934515,0.034641525981144485,0.10256410256410256,0.12393162393162394,0.03063290875009157,0.03403893782066324,0.047317582306898545,0.06234607233538857,khong cai thien (17/50)
bt_dkgrec_time_only,active,2020,836,0.008817822429393826,1241.5,False,,,,,,,,,
bt_dkgrec_time_only,active,2020,837,0.008659618990483111,1242.9,False,,,,,,,,,
bt_dkgrec_time_only,active,2020,838,0.008741726318689823,1244.3,False,,,,,,,,,
bt_dkgrec_time_only,active,2020,839,0.00868297575335866,1245.6,False,,,,,,,,,
bt_dkgrec_time_only,active,2020,840,0.00877704296252024,1247.0,True,0.018151605718967446,0.03474538132219389,0.09401709401709402,0.12393162393162394,0.029884199104298563,0.03413731927990901,0.04553695552627176,0.06273457272388896,khong cai thien (18/50)
bt_dkgrec_time_only,active,2020,841,0.008722250995075162,1248.8,False,,,,,,,,,
bt_dkgrec_time_only,active,2020,842,0.008760159834649272,1250.2,False,,,,,,,,,
bt_dkgrec_time_only,active,2020,843,0.008747553324059435,1251.6,False,,,,,,,,,
bt_dkgrec_time_only,active,2020,844,0.008723104876083918,1253.0,False,,,,,,,,,
bt_dkgrec_time_only,active,2020,845,0.008716066599095098,1254.4,True,0.018024671413240403,0.034849236663243285,0.09401709401709402,0.12393162393162394,0.028908391631523523,0.03358021842044847,0.04411245410177034,0.06273457272388896,khong cai thien (19/50)
bt_dkgrec_time_only,active,2020,846,0.008768514878320335,1256.3,False,,,,,,,,,
bt_dkgrec_time_only,active,2020,847,0.008786009674071348,1257.7,False,,,,,,,,,
bt_dkgrec_time_only,active,2020,848,0.008785342095646227,1259.1,False,,,,,,,,,
bt_dkgrec_time_only,active,2020,849,0.008732122277304294,1260.5,False,,,,,,,,,
bt_dkgrec_time_only,active,2020,850,0.0088252638248745,1261.9,True,0.018151605718967446,0.03487231562792093,0.08974358974358974,0.12393162393162394,0.02740339439402951,0.032894824909102276,0.04233182732114355,0.06273457272388896,khong cai thien (20/50)
bt_dkgrec_time_only,active,2020,851,0.008676171075615304,1263.7,False,,,,,,,,,
bt_dkgrec_time_only,active,2020,852,0.008805801846183053,1265.1,False,,,,,,,,,
bt_dkgrec_time_only,active,2020,853,0.008713968516588422,1266.5,False,,,,,,,,,
bt_dkgrec_time_only,active,2020,854,0.008715251660431023,1267.9,False,,,,,,,,,
bt_dkgrec_time_only,active,2020,855,0.00872548145083563,1269.3,True,0.018105447789612157,0.0349069340749374,0.09401709401709402,0.1282051282051282,0.027905245395085515,0.03323914557468828,0.04304407803339427,0.06277773943372235,khong cai thien (21/50)
bt_dkgrec_time_only,active,2020,856,0.008668630771400438,1271.2,False,,,,,,,,,
bt_dkgrec_time_only,active,2020,857,0.008751267309476361,1272.6,False,,,,,,,,,
bt_dkgrec_time_only,active,2020,858,0.008680649198266856,1274.0,False,,,,,,,,,
bt_dkgrec_time_only,active,2020,859,0.008743784274822869,1275.3,False,,,,,,,,,
bt_dkgrec_time_only,active,2020,860,0.008672262867244148,1276.7,True,0.01805928986025687,0.03496463148663151,0.10256410256410256,0.1282051282051282,0.02835466687876387,0.0332018962857593,0.04351459517057808,0.06277773943372235,khong cai thien (22/50)
bt_dkgrec_time_only,active,2020,861,0.00874672452888013,1278.5,False,,,,,,,,,
bt_dkgrec_time_only,active,2020,862,0.008703166241143414,1279.9,False,,,,,,,,,
bt_dkgrec_time_only,active,2020,863,0.008767506623068449,1281.3,False,,,,,,,,,
bt_dkgrec_time_only,active,2020,864,0.008698791919092543,1282.8,False,,,,,,,,,
bt_dkgrec_time_only,active,2020,865,0.008725223693625838,1284.2,True,0.018128526754289803,0.0349069340749374,0.09829059829059829,0.12393162393162394,0.027668330600021114,0.03226598022967807,0.04414297913229537,0.0616661966555129,khong cai thien (23/50)
bt_dkgrec_time_only,active,2020,866,0.008808985359633368,1286.1,False,,,,,,,,,
bt_dkgrec_time_only,active,2020,867,0.008674032702175167,1287.5,False,,,,,,,,,
bt_dkgrec_time_only,active,2020,868,0.008697033995990769,1288.9,False,,,,,,,,,
bt_dkgrec_time_only,active,2020,869,0.008688850640342551,1290.3,False,,,,,,,,,
bt_dkgrec_time_only,active,2020,870,0.008653150724141866,1291.7,True,0.018347776918727427,0.034976170968970335,0.09401709401709402,0.12393162393162394,0.027144484028717317,0.03272358667956905,0.04200622699554323,0.06220038468970093,khong cai thien (24/50)
bt_dkgrec_time_only,active,2020,871,0.008613688412858294,1293.5,False,,,,,,,,,
bt_dkgrec_time_only,active,2020,872,0.008756877046159142,1294.9,False,,,,,,,,,
bt_dkgrec_time_only,active,2020,873,0.008532556916761637,1296.3,False,,,,,,,,,
bt_dkgrec_time_only,active,2020,874,0.00857368773152703,1297.7,False,,,,,,,,,
bt_dkgrec_time_only,active,2020,875,0.008680902095609946,1299.1,True,0.01837085588340507,0.03502232889832562,0.09401709401709402,0.1282051282051282,0.027950780266919082,0.03377483666725662,0.04404122903054527,0.0664738889632052,khong cai thien (25/50)
bt_dkgrec_time_only,active,2020,876,0.00865337324642153,1300.9,False,,,,,,,,,
bt_dkgrec_time_only,active,2020,877,0.008673810707781667,1302.3,False,,,,,,,,,
bt_dkgrec_time_only,active,2020,878,0.008620511314812125,1303.7,False,,,,,,,,,
bt_dkgrec_time_only,active,2020,879,0.008667009195258752,1305.1,False,,,,,,,,,
bt_dkgrec_time_only,active,2020,880,0.008673958100149145,1306.5,True,0.018243921577678027,0.03482615769856564,0.09829059829059829,0.1282051282051282,0.028344475465342422,0.03412580165004625,0.04489592988524612,0.06690123939055563,khong cai thien (26/50)
bt_dkgrec_time_only,active,2020,881,0.008637863592480656,1308.3,False,,,,,,,,,
bt_dkgrec_time_only,active,2020,882,0.008724492473120583,1309.7,False,,,,,,,,,
bt_dkgrec_time_only,active,2020,883,0.008597049782349203,1311.2,False,,,,,,,,,
bt_dkgrec_time_only,active,2020,884,0.008607192700666429,1312.6,False,,,,,,,,,
bt_dkgrec_time_only,active,2020,885,0.008657959329701414,1314.0,True,0.018347776918727427,0.03488385511025975,0.10256410256410256,0.13247863247863248,0.02837492725687251,0.03405123135630907,0.04499767998699623,0.06653011928259342,khong cai thien (27/50)
bt_dkgrec_time_only,active,2020,886,0.008636746650573056,1315.8,False,,,,,,,,,
bt_dkgrec_time_only,active,2020,887,0.008547025991765607,1317.2,False,,,,,,,,,
bt_dkgrec_time_only,active,2020,888,0.008649020299898216,1318.6,False,,,,,,,,,
bt_dkgrec_time_only,active,2020,889,0.008640190070736185,1320.0,False,,,,,,,,,
bt_dkgrec_time_only,active,2020,890,0.008638566057700275,1321.4,True,0.01847471122445447,0.034999249933647975,0.10256410256410256,0.13247863247863248,0.028770311996934698,0.03417383894987514,0.04538618037549662,0.06642328167575581,khong cai thien (28/50)
bt_dkgrec_time_only,active,2020,891,0.008537224836263365,1323.1,False,,,,,,,,,
bt_dkgrec_time_only,active,2020,892,0.008641559799587605,1324.6,False,,,,,,,,,
bt_dkgrec_time_only,active,2020,893,0.00861215577939259,1326.0,False,,,,,,,,,
bt_dkgrec_time_only,active,2020,894,0.00864542168179166,1327.4,False,,,,,,,,,
bt_dkgrec_time_only,active,2020,895,0.008607975832901835,1328.8,True,0.01850932967147094,0.03506848682768091,0.09829059829059829,0.12393162393162394,0.028262977396821497,0.032890272683033905,0.0446739296632459,0.06209354708286332,khong cai thien (29/50)
bt_dkgrec_time_only,active,2020,896,0.008617939911096401,1330.6,False,,,,,,,,,
bt_dkgrec_time_only,active,2020,897,0.00856644450588022,1332.0,False,,,,,,,,,
bt_dkgrec_time_only,active,2020,898,0.008551330054014605,1333.3,False,,,,,,,,,
bt_dkgrec_time_only,active,2020,899,0.008563715978495878,1334.7,False,,,,,,,,,
bt_dkgrec_time_only,active,2020,900,0.008524277483845556,1336.1,True,0.018313158471710958,0.035206960615746775,0.09829059829059829,0.1282051282051282,0.028478735883107516,0.03371358222063302,0.045284430273746505,0.0663670513563676,khong cai thien (30/50)
bt_dkgrec_time_only,active,2020,901,0.008537784912981256,1337.9,False,,,,,,,,,
bt_dkgrec_time_only,active,2020,902,0.008573654093478293,1339.4,False,,,,,,,,,
bt_dkgrec_time_only,active,2020,903,0.008576033921082046,1340.8,False,,,,,,,,,
bt_dkgrec_time_only,active,2020,904,0.008563905477325037,1342.2,False,,,,,,,,,
bt_dkgrec_time_only,active,2020,905,0.008436135984430508,1343.6,True,0.018278540024694492,0.03516080268639149,0.10256410256410256,0.13675213675213677,0.02846944564528985,0.03512392525503437,0.045996680985997226,0.07259924508856133,khong cai thien (31/50)
bt_dkgrec_time_only,active,2020,906,0.00860740346412733,1345.4,False,,,,,,,,,
bt_dkgrec_time_only,active,2020,907,0.008536902454065,1346.8,False,,,,,,,,,
bt_dkgrec_time_only,active,2020,908,0.008534091889117617,1348.2,False,,,,,,,,,
bt_dkgrec_time_only,active,2020,909,0.008587308027778144,1349.5,False,,,,,,,,,
bt_dkgrec_time_only,active,2020,910,0.008483439524172713,1350.9,True,0.018393934848082716,0.03526465802744089,0.10256410256410256,0.13247863247863248,0.028554432184776025,0.035441734212391975,0.04560818059749684,0.07224311973243597,khong cai thien (32/50)
bt_dkgrec_time_only,active,2020,911,0.008571064384798604,1352.7,False,,,,,,,,,
bt_dkgrec_time_only,active,2020,912,0.00857301234914434,1354.1,False,,,,,,,,,
bt_dkgrec_time_only,active,2020,913,0.008540279079157357,1355.6,False,,,,,,,,,
bt_dkgrec_time_only,active,2020,914,0.008536161999892093,1357.0,False,,,,,,,,,
bt_dkgrec_time_only,active,2020,915,0.008564180978546181,1358.3,True,0.018313158471710958,0.03531081595679618,0.09829059829059829,0.13247863247863248,0.028603642729926944,0.035585209034788526,0.04572958696890321,0.07224311973243597,khong cai thien (33/50)
bt_dkgrec_time_only,active,2020,916,0.008516403190667727,1360.1,False,,,,,,,,,
bt_dkgrec_time_only,active,2020,917,0.00853781447607764,1361.5,False,,,,,,,,,
bt_dkgrec_time_only,active,2020,918,0.008605843954811832,1362.9,False,,,,,,,,,
bt_dkgrec_time_only,active,2020,919,0.008544055300557973,1364.3,False,,,,,,,,,
bt_dkgrec_time_only,active,2020,920,0.008537703431000746,1365.7,True,0.018336237436388604,0.03516080268639149,0.10256410256410256,0.13247863247863248,0.028847800332284672,0.03556375915474044,0.04644183768115392,0.07224311973243597,khong cai thien (34/50)
bt_dkgrec_time_only,active,2020,921,0.008469209433629159,1367.6,False,,,,,,,,,
bt_dkgrec_time_only,active,2020,922,0.008535212032217833,1369.0,False,,,,,,,,,
bt_dkgrec_time_only,active,2020,923,0.008458948838720289,1370.4,False,,,,,,,,,
bt_dkgrec_time_only,active,2020,924,0.008435296803131405,1371.8,False,,,,,,,,,
bt_dkgrec_time_only,active,2020,925,0.008502031241954568,1373.2,True,0.018347776918727427,0.03524157906276324,0.1111111111111111,0.13675213675213677,0.029181755580153554,0.03474009226467959,0.052852094091410326,0.07409497158428782,khong cai thien (35/50)
bt_dkgrec_time_only,active,2020,926,0.008476082597503362,1375.0,False,,,,,,,,,
bt_dkgrec_time_only,active,2020,927,0.008457387461279218,1376.4,False,,,,,,,,,
bt_dkgrec_time_only,active,2020,928,0.008482871912001224,1377.8,False,,,,,,,,,
bt_dkgrec_time_only,active,2020,929,0.008501982781677448,1379.2,False,,,,,,,,,
bt_dkgrec_time_only,active,2020,930,0.008448141047026715,1380.6,True,0.01842855329509918,0.03546082922720087,0.10683760683760683,0.13675213675213677,0.029563990080639962,0.03550221818371045,0.05213984337915962,0.07409497158428782,khong cai thien (36/50)
bt_dkgrec_time_only,active,2020,931,0.008460775522580979,1382.5,False,,,,,,,,,
bt_dkgrec_time_only,active,2020,932,0.008598112596247064,1383.9,False,,,,,,,,,
bt_dkgrec_time_only,active,2020,933,0.008537784980861267,1385.3,False,,,,,,,,,
bt_dkgrec_time_only,active,2020,934,0.00852717365440594,1386.7,False,,,,,,,,,
bt_dkgrec_time_only,active,2020,935,0.008494656744311801,1388.1,True,0.018278540024694492,0.035414671297845576,0.10683760683760683,0.13247863247863248,0.029719769194777618,0.03464102237278709,0.05213984337915962,0.07010636759568382,khong cai thien (37/50)
bt_dkgrec_time_only,active,2020,936,0.008470631537655938,1389.9,False,,,,,,,,,
bt_dkgrec_time_only,active,2020,937,0.008469875674113704,1391.2,False,,,,,,,,,
bt_dkgrec_time_only,active,2020,938,0.008555202522870465,1392.6,False,,,,,,,,,
bt_dkgrec_time_only,active,2020,939,0.008404096271528973,1394.0,False,,,,,,,,,
bt_dkgrec_time_only,active,2020,940,0.008422316766865442,1395.4,True,0.018486250706793293,0.035345434403812645,0.10683760683760683,0.13675213675213677,0.029435000198113036,0.03531339388597278,0.05213984337915962,0.07437987186918811,khong cai thien (38/50)
bt_dkgrec_time_only,active,2020,941,0.008400046047269715,1397.4,False,,,,,,,,,
bt_dkgrec_time_only,active,2020,942,0.008382066712471221,1398.8,False,,,,,,,,,
bt_dkgrec_time_only,active,2020,943,0.008387408754317998,1400.1,False,,,,,,,,,
bt_dkgrec_time_only,active,2020,944,0.008424375361798858,1401.5,False,,,,,,,,,
bt_dkgrec_time_only,active,2020,945,0.008425925413245888,1402.9,True,0.018440092777438005,0.03525311854510207,0.10683760683760683,0.13675213675213677,0.02948777110853466,0.035400233419688364,0.05213984337915962,0.07437987186918811,khong cai thien (39/50)
bt_dkgrec_time_only,active,2020,946,0.008474446589273241,1404.7,False,,,,,,,,,
bt_dkgrec_time_only,active,2020,947,0.008487085592025143,1406.1,False,,,,,,,,,
bt_dkgrec_time_only,active,2020,948,0.008492446199707722,1407.5,False,,,,,,,,,
bt_dkgrec_time_only,active,2020,949,0.008450883851502817,1408.9,False,,,,,,,,,
bt_dkgrec_time_only,active,2020,950,0.008438747935648113,1410.3,True,0.01861318501252034,0.035356973886151465,0.1111111111111111,0.13675213675213677,0.02900257143099141,0.034717786920927245,0.050982435971752206,0.0736676211569374,khong cai thien (40/50)
bt_dkgrec_time_only,active,2020,951,0.00838007966321623,1412.2,False,,,,,,,,,
bt_dkgrec_time_only,active,2020,952,0.008432216345937268,1413.6,False,,,,,,,,,
bt_dkgrec_time_only,active,2020,953,0.008407927762485801,1415.0,False,,,,,,,,,
bt_dkgrec_time_only,active,2020,954,0.008500092311719184,1416.4,False,,,,,,,,,
bt_dkgrec_time_only,active,2020,955,0.00836382892959854,1417.8,True,0.018486250706793293,0.035506987156556154,0.1111111111111111,0.13247863247863248,0.029166802437499244,0.033967367764421844,0.050982435971752206,0.06939411688343312,khong cai thien (41/50)
bt_dkgrec_time_only,active,2020,956,0.008430092727084582,1419.6,False,,,,,,,,,
bt_dkgrec_time_only,active,2020,957,0.008388530360452213,1421.0,False,,,,,,,,,
bt_dkgrec_time_only,active,2020,958,0.008393435037909546,1422.4,False,,,,,,,,,
bt_dkgrec_time_only,active,2020,959,0.008456598819434285,1423.8,False,,,,,,,,,
bt_dkgrec_time_only,active,2020,960,0.008422663618695037,1425.2,True,0.018555487600826228,0.03558776353292791,0.10256410256410256,0.13675213675213677,0.031185223405367255,0.03765361006500599,0.05000309124240748,0.0736676211569374,khong cai thien (42/50)
bt_dkgrec_time_only,active,2020,961,0.008379206316202913,1427.1,False,,,,,,,,,
bt_dkgrec_time_only,active,2020,962,0.008429039558916015,1428.5,False,,,,,,,,,
bt_dkgrec_time_only,active,2020,963,0.008428119648808432,1429.9,False,,,,,,,,,
bt_dkgrec_time_only,active,2020,964,0.008399180037623952,1431.3,False,,,,,,,,,
bt_dkgrec_time_only,active,2020,965,0.008457511343457397,1432.7,True,0.018463171742115647,0.03559930301526674,0.09829059829059829,0.13675213675213677,0.03187293018041208,0.03915254310899834,0.04950314603092381,0.07437987186918811,best
bt_dkgrec_time_only,active,2020,966,0.008387310751177816,1434.5,False,,,,,,,,,
bt_dkgrec_time_only,active,2020,967,0.008375800525050625,1435.9,False,,,,,,,,,
bt_dkgrec_time_only,active,2020,968,0.008410516066282828,1437.3,False,,,,,,,,,
bt_dkgrec_time_only,active,2020,969,0.00836497653642512,1438.7,False,,,,,,,,,
bt_dkgrec_time_only,active,2020,970,0.008394167704437419,1440.1,True,0.018532408636148582,0.03538005285082911,0.10683760683760683,0.13675213675213677,0.030631394213827066,0.03764972994743939,0.047866339105655346,0.07373884622816247,khong cai thien (1/50)
bt_dkgrec_time_only,active,2020,971,0.008371963366747382,1441.9,False,,,,,,,,,
bt_dkgrec_time_only,active,2020,972,0.008401433446900789,1443.3,False,,,,,,,,,
bt_dkgrec_time_only,active,2020,973,0.008368864750740036,1444.7,False,,,,,,,,,
bt_dkgrec_time_only,active,2020,974,0.008346426446119609,1446.1,False,,,,,,,,,
bt_dkgrec_time_only,active,2020,975,0.008360226278617513,1447.5,True,0.01857856656550387,0.035541605603572626,0.1111111111111111,0.13675213675213677,0.03126011537330284,0.037446315863210886,0.04884568383500008,0.07331149580081203,khong cai thien (2/50)
bt_dkgrec_time_only,active,2020,976,0.008354208422170216,1449.3,False,,,,,,,,,
bt_dkgrec_time_only,active,2020,977,0.00834462351892015,1450.7,False,,,,,,,,,
bt_dkgrec_time_only,active,2020,978,0.00835597563893005,1452.1,False,,,,,,,,,
bt_dkgrec_time_only,active,2020,979,0.008366589093187392,1453.5,False,,,,,,,,,
bt_dkgrec_time_only,active,2020,980,0.008303419770660228,1454.9,True,0.01847471122445447,0.03543775026252322,0.09829059829059829,0.14102564102564102,0.032762929729064826,0.040120069425079924,0.04754445657223435,0.07349100028193595,best
bt_dkgrec_time_only,active,2020,981,0.0083432689948601,1456.7,False,,,,,,,,,
bt_dkgrec_time_only,active,2020,982,0.008344269094395824,1458.1,False,,,,,,,,,
bt_dkgrec_time_only,active,2020,983,0.008307976645416095,1459.5,False,,,,,,,,,
bt_dkgrec_time_only,active,2020,984,0.008429081865707407,1460.9,False,,,,,,,,,
bt_dkgrec_time_only,active,2020,985,0.008298051826161817,1462.3,True,0.018486250706793293,0.03544928974486205,0.10256410256410256,0.14102564102564102,0.0346754071170035,0.041452268715640506,0.05181796084573862,0.07455937635031201,best
bt_dkgrec_time_only,active,2020,986,0.008330562832883515,1464.1,False,,,,,,,,,
bt_dkgrec_time_only,active,2020,987,0.008257530792778606,1465.5,False,,,,,,,,,
bt_dkgrec_time_only,active,2020,988,0.008274020011255418,1466.9,False,,,,,,,,,
bt_dkgrec_time_only,active,2020,989,0.00837193020873225,1468.4,False,,,,,,,,,
bt_dkgrec_time_only,active,2020,990,0.008314728709751184,1469.7,True,0.018486250706793293,0.03559930301526674,0.10256410256410256,0.13675213675213677,0.03381065978219308,0.03964591501275595,0.055236764264542035,0.07427447606541175,khong cai thien (1/50)
bt_dkgrec_time_only,active,2020,991,0.008263985271128304,1471.6,False,,,,,,,,,
bt_dkgrec_time_only,active,2020,992,0.008312741338383382,1472.9,False,,,,,,,,,
bt_dkgrec_time_only,active,2020,993,0.008360992033092016,1474.3,False,,,,,,,,,
bt_dkgrec_time_only,active,2020,994,0.008284332235064125,1475.7,False,,,,,,,,,
bt_dkgrec_time_only,active,2020,995,0.008327610473287944,1477.1,True,0.018590106047842694,0.03551852663889498,0.1111111111111111,0.13675213675213677,0.03434487914886327,0.03859267713437737,0.060364969392747166,0.07438131367224934,khong cai thien (2/50)
bt_dkgrec_time_only,active,2020,996,0.008325536239303963,1478.9,False,,,,,,,,,
bt_dkgrec_time_only,active,2020,997,0.0083130227231702,1480.3,False,,,,,,,,,
bt_dkgrec_time_only,active,2020,998,0.008346042773715204,1481.8,False,,,,,,,,,
bt_dkgrec_time_only,active,2020,999,0.008379873022688975,1483.2,False,,,,,,,,,
bt_dkgrec_time_only,active,2020,1000,0.008314291145381453,1484.5,True,0.018590106047842694,0.03540313181550676,0.10256410256410256,0.13675213675213677,0.03120457617120905,0.03775003710683233,0.05181796084573862,0.07427447606541175,khong cai thien (3/50)
