model,cohort,seed,epoch,loss,seconds,evaluated,valid_coverage@10,valid_coverage@20,valid_hit_rate@10,valid_hit_rate@20,valid_ndcg@10,valid_ndcg@20,valid_recall@10,valid_recall@20,note
bt_dkgrec,active,2022,1,0.6882355106564058,1.7,False,,,,,,,,,
bt_dkgrec,active,2022,2,0.6804920731874508,3.1,False,,,,,,,,,
bt_dkgrec,active,2022,3,0.6631232904518308,4.4,False,,,,,,,,,
bt_dkgrec,active,2022,4,0.62997057073567,5.8,False,,,,,,,,,
bt_dkgrec,active,2022,5,0.5816195415957571,7.1,True,0.003415686772291395,0.006381333733368721,0.021367521367521368,0.05128205128205128,0.006158039331530713,0.009478155399805718,0.007275781398588415,0.021331872110662033,best
bt_dkgrec,active,2022,6,0.5257776765642482,8.9,False,,,,,,,,,
bt_dkgrec,active,2022,7,0.47090866083497696,10.3,False,,,,,,,,,
bt_dkgrec,active,2022,8,0.42187486794783446,11.6,False,,,,,,,,,
bt_dkgrec,active,2022,9,0.38039390940309425,13.0,False,,,,,,,,,
bt_dkgrec,active,2022,10,0.3452754637446746,14.4,True,0.0036003184897125517,0.006508268039095766,0.02564102564102564,0.05555555555555555,0.006972361375730648,0.010202862977652835,0.011493055352704475,0.02257831085710078,best
bt_dkgrec,active,2022,11,0.3129005562570342,16.2,False,,,,,,,,,
bt_dkgrec,active,2022,12,0.28565354871266363,17.6,False,,,,,,,,,
bt_dkgrec,active,2022,13,0.26123753494678575,18.9,False,,,,,,,,,
bt_dkgrec,active,2022,14,0.24141841693355848,20.3,False,,,,,,,,,
bt_dkgrec,active,2022,15,0.22121997622537687,21.6,True,0.0043042269123807105,0.008066098154836774,0.038461538461538464,0.06837606837606838,0.00912506252707918,0.012462563539192364,0.016913601343425906,0.02787556396137143,best
bt_dkgrec,active,2022,16,0.2046514900171682,23.4,False,,,,,,,,,
bt_dkgrec,active,2022,17,0.1895551875924257,24.8,False,,,,,,,,,
bt_dkgrec,active,2022,18,0.17635572433026772,26.2,False,,,,,,,,,
bt_dkgrec,active,2022,19,0.16355060127489973,27.6,False,,,,,,,,,
bt_dkgrec,active,2022,20,0.15511855084168558,28.9,True,0.005019674817387692,0.009046954153636667,0.038461538461538464,0.07264957264957266,0.009294872908093424,0.012615262590273388,0.01691215954036467,0.028501481253955394,best
bt_dkgrec,active,2022,21,0.14446291032901898,30.7,False,,,,,,,,,
bt_dkgrec,active,2022,22,0.13609438313372865,32.1,False,,,,,,,,,
bt_dkgrec,active,2022,23,0.1291743385861163,33.4,False,,,,,,,,,
bt_dkgrec,active,2022,24,0.12254298394768257,34.8,False,,,,,,,,,
bt_dkgrec,active,2022,25,0.11600940161428615,36.2,True,0.005585109451989984,0.010293218246229474,0.042735042735042736,0.0641025641025641,0.009680524255714215,0.012347973437116678,0.017179253557458685,0.027733000222316465,khong cai thien (1/50)
bt_dkgrec,active,2022,26,0.11073144978009299,38.0,False,,,,,,,,,
bt_dkgrec,active,2022,27,0.10559931048132774,39.4,False,,,,,,,,,
bt_dkgrec,active,2022,28,0.10038122388803432,40.8,False,,,,,,,,,
bt_dkgrec,active,2022,29,0.09691997587646095,42.1,False,,,,,,,,,
bt_dkgrec,active,2022,30,0.09210084491020196,43.5,True,0.006208241498286387,0.011308692692045834,0.042735042735042736,0.0641025641025641,0.009872818893381822,0.012558848032627428,0.017179253557458685,0.027733000222316465,khong cai thien (2/50)
bt_dkgrec,active,2022,31,0.0893288589954395,45.2,False,,,,,,,,,
bt_dkgrec,active,2022,32,0.08604596694825642,46.6,False,,,,,,,,,
bt_dkgrec,active,2022,33,0.08218650634105505,48.0,False,,,,,,,,,
bt_dkgrec,active,2022,34,0.07975596715545996,49.3,False,,,,,,,,,
bt_dkgrec,active,2022,35,0.0768125866628254,50.7,True,0.006739057685872212,0.012278009208506906,0.038461538461538464,0.07264957264957266,0.01006529653547121,0.014171114307649248,0.016645065523270653,0.030582003071319315,best
bt_dkgrec,active,2022,36,0.07432804923891605,52.6,False,,,,,,,,,
bt_dkgrec,active,2022,37,0.07200315202789773,54.0,False,,,,,,,,,
bt_dkgrec,active,2022,38,0.06972300669870629,55.3,False,,,,,,,,,
bt_dkgrec,active,2022,39,0.06792755522667657,56.7,False,,,,,,,,,
bt_dkgrec,active,2022,40,0.06565493455442879,58.1,True,0.007177558014747458,0.013051154525208,0.042735042735042736,0.0641025641025641,0.010192518247416175,0.013368244062144066,0.016803343459326367,0.028691147013796586,khong cai thien (1/50)
bt_dkgrec,active,2022,41,0.06351525822437319,59.8,False,,,,,,,,,
bt_dkgrec,active,2022,42,0.06266223112437655,61.2,False,,,,,,,,,
bt_dkgrec,active,2022,43,0.06026567525795181,62.6,False,,,,,,,,,
bt_dkgrec,active,2022,44,0.05902857250450302,64.0,False,,,,,,,,,
bt_dkgrec,active,2022,45,0.05741818169638097,65.3,True,0.0075006635202344825,0.01402047104166907,0.038461538461538464,0.06837606837606838,0.009874047479103537,0.014096735264745988,0.01674855494299939,0.03212977865755644,khong cai thien (2/50)
bt_dkgrec,active,2022,46,0.05586761628162456,67.2,False,,,,,,,,,
bt_dkgrec,active,2022,47,0.054350265453505534,68.6,False,,,,,,,,,
bt_dkgrec,active,2022,48,0.052988051363223584,69.9,False,,,,,,,,,
bt_dkgrec,active,2022,49,0.05181864281486487,71.3,False,,,,,,,,,
bt_dkgrec,active,2022,50,0.05049250111933102,72.6,True,0.007916084884432085,0.01477053739369252,0.038461538461538464,0.06837606837606838,0.00981089585183976,0.014119114656296882,0.01674855494299939,0.03212977865755644,khong cai thien (3/50)
bt_dkgrec,active,2022,51,0.049491599595348865,74.4,False,,,,,,,,,
bt_dkgrec,active,2022,52,0.04821161213374418,75.7,False,,,,,,,,,
bt_dkgrec,active,2022,53,0.048127918798006465,77.1,False,,,,,,,,,
bt_dkgrec,active,2022,54,0.046285486967195436,78.5,False,,,,,,,,,
bt_dkgrec,active,2022,55,0.045669031914184754,79.8,True,0.00825072987225793,0.015462906334021856,0.03418803418803419,0.05555555555555555,0.010069716863419077,0.013817132266476824,0.016705388233166012,0.0305942771220549,khong cai thien (4/50)
bt_dkgrec,active,2022,56,0.04472204276374236,81.6,False,,,,,,,,,
bt_dkgrec,active,2022,57,0.043839815659543584,82.9,False,,,,,,,,,
bt_dkgrec,active,2022,58,0.04295565272579696,84.3,False,,,,,,,,,
bt_dkgrec,active,2022,59,0.04167421251117285,85.6,False,,,,,,,,,
bt_dkgrec,active,2022,60,0.04115481184007752,87.0,True,0.008539216930728488,0.015959104074591213,0.038461538461538464,0.0641025641025641,0.010559270893900127,0.014322012003843601,0.01777376430154208,0.03155581558359336,best
bt_dkgrec,active,2022,61,0.039947730919987275,88.7,False,,,,,,,,,
bt_dkgrec,active,2022,62,0.039075158834068986,90.1,False,,,,,,,,,
bt_dkgrec,active,2022,63,0.039302576602523974,91.5,False,,,,,,,,,
bt_dkgrec,active,2022,64,0.03807926066185232,92.9,False,,,,,,,,,
bt_dkgrec,active,2022,65,0.03711242043699362,94.2,True,0.008793085542182577,0.016628394050242905,0.038461538461538464,0.05982905982905983,0.010559270893900127,0.01371252076713296,0.01777376430154208,0.02888487541265319,khong cai thien (1/50)
bt_dkgrec,active,2022,66,0.03672506507565626,96.0,False,,,,,,,,,
bt_dkgrec,active,2022,67,0.03574949761517948,97.3,False,,,,,,,,,
bt_dkgrec,active,2022,68,0.035721147202782313,98.7,False,,,,,,,,,
bt_dkgrec,active,2022,69,0.03475702234607547,100.0,False,,,,,,,,,
bt_dkgrec,active,2022,70,0.03472394292602896,101.4,True,0.00895463829492609,0.0170899733437958,0.038461538461538464,0.0641025641025641,0.010665692968718157,0.014043270552125684,0.01777376430154208,0.029419063446841223,khong cai thien (2/50)
bt_dkgrec,active,2022,71,0.03385815369436621,103.2,False,,,,,,,,,
bt_dkgrec,active,2022,72,0.0334902762485712,104.6,False,,,,,,,,,
bt_dkgrec,active,2022,73,0.03330533013838847,106.0,False,,,,,,,,,
bt_dkgrec,active,2022,74,0.032491515825349065,107.3,False,,,,,,,,,
bt_dkgrec,active,2022,75,0.0320073838994401,108.7,True,0.009266204318074291,0.017586171084365155,0.038461538461538464,0.06837606837606838,0.010106164107301672,0.013925334103871258,0.01777376430154208,0.02995325148102926,khong cai thien (3/50)
bt_dkgrec,active,2022,76,0.03205299124768135,110.4,False,,,,,,,,,
bt_dkgrec,active,2022,77,0.031239145475539718,111.8,False,,,,,,,,,
bt_dkgrec,active,2022,78,0.030527384963149707,113.1,False,,,,,,,,,
bt_dkgrec,active,2022,79,0.03018715145622772,114.5,False,,,,,,,,,
bt_dkgrec,active,2022,80,0.03001335145485681,115.9,True,0.009566230858883671,0.01811698727195098,0.042735042735042736,0.05982905982905983,0.010954286972671697,0.013513665875981202,0.019910516438294217,0.02888487541265319,khong cai thien (4/50)
bt_dkgrec,active,2022,81,0.02905326954986883,117.7,False,,,,,,,,,
bt_dkgrec,active,2022,82,0.029063662832580384,119.1,False,,,,,,,,,
bt_dkgrec,active,2022,83,0.028794564072769722,120.4,False,,,,,,,,,
bt_dkgrec,active,2022,84,0.028023067329090903,121.8,False,,,,,,,,,
bt_dkgrec,active,2022,85,0.027787543584907985,123.1,True,0.009900875846709517,0.018636263977197982,0.042735042735042736,0.05555555555555555,0.01103952922190921,0.01305779461554419,0.019910516438294217,0.027460373988151765,khong cai thien (5/50)
bt_dkgrec,active,2022,86,0.027484845207590952,124.9,False,,,,,,,,,
bt_dkgrec,active,2022,87,0.02715037946076614,126.3,False,,,,,,,,,
bt_dkgrec,active,2022,88,0.026553170909656268,127.6,False,,,,,,,,,
bt_dkgrec,active,2022,89,0.02640614559887658,129.0,False,,,,,,,,,
bt_dkgrec,active,2022,90,0.026232720067193942,130.4,True,0.010085507564130673,0.019213238094139096,0.042735042735042736,0.0641025641025641,0.011034587297249184,0.013549544476358718,0.019910516438294217,0.02838306241084019,khong cai thien (6/50)
bt_dkgrec,active,2022,91,0.02598980292897832,132.3,False,,,,,,,,,
bt_dkgrec,active,2022,92,0.02542173026122578,133.7,False,,,,,,,,,
bt_dkgrec,active,2022,93,0.02546187138639118,135.0,False,,,,,,,,,
bt_dkgrec,active,2022,94,0.02503439230129974,136.4,False,,,,,,,,,
bt_dkgrec,active,2022,95,0.02493469208140245,137.8,True,0.010235520834535362,0.019317093435188497,0.042735042735042736,0.0641025641025641,0.011119829546486697,0.01365023136306137,0.019910516438294217,0.02838306241084019,khong cai thien (7/50)
bt_dkgrec,active,2022,96,0.023938368638583,139.5,False,,,,,,,,,
bt_dkgrec,active,2022,97,0.023799496494391476,140.9,False,,,,,,,,,
bt_dkgrec,active,2022,98,0.024029999038136175,142.3,False,,,,,,,,,
bt_dkgrec,active,2022,99,0.02389119625087433,143.7,False,,,,,,,,,
bt_dkgrec,active,2022,100,0.02311458297787988,145.1,True,0.010420152551956519,0.019674817387691987,0.04700854700854701,0.0641025641025641,0.011891808164508005,0.013695530202083186,0.022047268575046353,0.02838306241084019,khong cai thien (8/50)
bt_dkgrec,active,2022,101,0.02282745970606154,146.9,False,,,,,,,,,
bt_dkgrec,active,2022,102,0.02285620120754969,148.2,False,,,,,,,,,
bt_dkgrec,active,2022,103,0.02271468966046009,149.6,False,,,,,,,,,
bt_dkgrec,active,2022,104,0.022293276907394115,151.0,False,,,,,,,,,
bt_dkgrec,active,2022,105,0.022250931828183336,152.3,True,0.010650942198732964,0.02007869926955077,0.04700854700854701,0.06837606837606838,0.011972108489085491,0.01402686667177187,0.022047268575046353,0.02891725044502822,khong cai thien (9/50)
bt_dkgrec,active,2022,106,0.022084338865112418,154.1,False,,,,,,,,,
bt_dkgrec,active,2022,107,0.02210501237200988,155.5,False,,,,,,,,,
bt_dkgrec,active,2022,108,0.021675121368749967,156.9,False,,,,,,,,,
bt_dkgrec,active,2022,109,0.021246304312445292,158.3,False,,,,,,,,,
bt_dkgrec,active,2022,110,0.021130648829269925,159.7,True,0.0108240344338153,0.020367186328021324,0.04700854700854701,0.06837606837606838,0.012284615161492912,0.014537946791918907,0.022047268575046353,0.02980756383534161,best
bt_dkgrec,active,2022,111,0.021429882368708044,161.5,False,,,,,,,,,
bt_dkgrec,active,2022,112,0.02068636391479386,162.8,False,,,,,,,,,
bt_dkgrec,active,2022,113,0.020109912046086392,164.2,False,,,,,,,,,
bt_dkgrec,active,2022,114,0.02062439148746607,165.6,False,,,,,,,,,
bt_dkgrec,active,2022,115,0.020239180447354784,166.9,True,0.0109278897748647,0.020667212868830703,0.04700854700854701,0.07264957264957266,0.012213365096534671,0.014816663785509164,0.022047268575046353,0.030341751869529646,best
bt_dkgrec,active,2022,116,0.01986545740867174,168.8,False,,,,,,,,,
bt_dkgrec,active,2022,117,0.019550429396505652,170.2,False,,,,,,,,,
bt_dkgrec,active,2022,118,0.0200073309717205,171.6,False,,,,,,,,,
bt_dkgrec,active,2022,119,0.01969995191415857,172.9,False,,,,,,,,,
bt_dkgrec,active,2022,120,0.019125067288490148,174.3,True,0.011124060974624678,0.021174950091738885,0.04700854700854701,0.07264957264957266,0.012117050099328596,0.014710463075476386,0.022047268575046353,0.030341751869529646,khong cai thien (1/50)
bt_dkgrec,active,2022,121,0.019013846587747296,176.1,False,,,,,,,,,
bt_dkgrec,active,2022,122,0.01901568116400635,177.5,False,,,,,,,,,
bt_dkgrec,active,2022,123,0.018820147700892464,178.8,False,,,,,,,,,
bt_dkgrec,active,2022,124,0.018641367588650593,180.2,False,,,,,,,,,
bt_dkgrec,active,2022,125,0.018624078411658883,181.6,True,0.011239455798012901,0.021371121291498863,0.05128205128205128,0.07264957264957266,0.012734582920995906,0.014800468679294625,0.023471769999547774,0.030341751869529646,khong cai thien (2/50)
bt_dkgrec,active,2022,126,0.018200225326120447,183.5,False,,,,,,,,,
bt_dkgrec,active,2022,127,0.018142770457137348,184.9,False,,,,,,,,,
bt_dkgrec,active,2022,128,0.01782734483767054,186.3,False,,,,,,,,,
bt_dkgrec,active,2022,129,0.017984996283911033,187.7,False,,,,,,,,,
bt_dkgrec,active,2022,130,0.01725444157827861,189.0,True,0.011297153209707013,0.021521134561903552,0.05128205128205128,0.07692307692307693,0.012715476449474735,0.015253560300185274,0.023471769999547774,0.03176625329403107,best
bt_dkgrec,active,2022,131,0.017734817434028365,190.9,False,,,,,,,,,
bt_dkgrec,active,2022,132,0.01744682969495406,192.2,False,,,,,,,,,
bt_dkgrec,active,2022,133,0.017320750636081333,193.6,False,,,,,,,,,
bt_dkgrec,active,2022,134,0.01738618901318873,195.0,False,,,,,,,,,
bt_dkgrec,active,2022,135,0.017070941575384566,196.4,True,0.011401008550756413,0.021890397996745865,0.05128205128205128,0.0811965811965812,0.012823361846530682,0.016356022136392673,0.023471769999547774,0.03603975756753535,best
bt_dkgrec,active,2022,136,0.016983999892731173,198.4,False,,,,,,,,,
bt_dkgrec,active,2022,137,0.017102312916027155,199.7,False,,,,,,,,,
bt_dkgrec,active,2022,138,0.016645345197396997,201.1,False,,,,,,,,,
bt_dkgrec,active,2022,139,0.016477282592774693,202.5,False,,,,,,,,,
bt_dkgrec,active,2022,140,0.016591475466995832,203.8,True,0.011677956126888147,0.022144266608199955,0.05128205128205128,0.08547008547008547,0.012841744431181426,0.017025606627283012,0.023471769999547774,0.03817650970428749,best
bt_dkgrec,active,2022,141,0.01654602060947914,205.6,False,,,,,,,,,
bt_dkgrec,active,2022,142,0.01646191688649765,207.0,False,,,,,,,,,
bt_dkgrec,active,2022,143,0.01617668310084638,208.4,False,,,,,,,,,
bt_dkgrec,active,2022,144,0.01622829231444991,209.8,False,,,,,,,,,
bt_dkgrec,active,2022,145,0.016047130342838417,211.2,True,0.011712574573904615,0.02246737211368698,0.05128205128205128,0.0811965811965812,0.012416112072513205,0.016682843492921613,0.02243576896354674,0.037642321670099455,khong cai thien (1/50)
bt_dkgrec,active,2022,146,0.016069901781199877,213.2,False,,,,,,,,,
bt_dkgrec,active,2022,147,0.015831896256745127,214.6,False,,,,,,,,,
bt_dkgrec,active,2022,148,0.015691262794789225,215.9,False,,,,,,,,,
bt_dkgrec,active,2022,149,0.015933568598842134,217.3,False,,,,,,,,,
bt_dkgrec,active,2022,150,0.015349850005241012,218.6,True,0.011804890432615192,0.022848175030868115,0.05128205128205128,0.08547008547008547,0.012429688989104607,0.016392149459870914,0.02243576896354674,0.03532750685528463,khong cai thien (2/50)
bt_dkgrec,active,2022,151,0.015320125120906556,220.5,False,,,,,,,,,
bt_dkgrec,active,2022,152,0.015245390833892475,221.8,False,,,,,,,,,
bt_dkgrec,active,2022,153,0.015231495835348266,223.2,False,,,,,,,,,
bt_dkgrec,active,2022,154,0.014986357483799142,224.6,False,,,,,,,,,
bt_dkgrec,active,2022,155,0.014870940863521778,226.1,True,0.011931824738342239,0.023113583124661028,0.05128205128205128,0.08974358974358974,0.012329213449053383,0.01638719097535776,0.02243576896354674,0.0352918943196721,khong cai thien (3/50)
bt_dkgrec,active,2022,156,0.01462598917942744,227.8,False,,,,,,,,,
bt_dkgrec,active,2022,157,0.01489608316259459,229.2,False,,,,,,,,,
bt_dkgrec,active,2022,158,0.01465695370117047,230.6,False,,,,,,,,,
bt_dkgrec,active,2022,159,0.014556283757573287,231.9,False,,,,,,,,,
bt_dkgrec,active,2022,160,0.014748739201417137,233.3,True,0.011977982667697527,0.02332129380675983,0.05128205128205128,0.08547008547008547,0.012375278232283817,0.016067836839126323,0.02243576896354674,0.03386739289517068,khong cai thien (4/50)
bt_dkgrec,active,2022,161,0.01459817905141932,235.1,False,,,,,,,,,
bt_dkgrec,active,2022,162,0.014547982279377755,236.5,False,,,,,,,,,
bt_dkgrec,active,2022,163,0.014412854148284969,237.9,False,,,,,,,,,
bt_dkgrec,active,2022,164,0.014499889804992555,239.3,False,,,,,,,,,
bt_dkgrec,active,2022,165,0.014063798709746063,240.7,True,0.012081838008746928,0.023517465006519807,0.05128205128205128,0.0811965811965812,0.012308133378844314,0.01579343419075363,0.02243576896354674,0.03301269204046982,khong cai thien (5/50)
bt_dkgrec,active,2022,166,0.014136151819408995,242.5,False,,,,,,,,,
bt_dkgrec,active,2022,167,0.013925953012649294,243.9,False,,,,,,,,,
bt_dkgrec,active,2022,168,0.014195270888380544,245.2,False,,,,,,,,,
bt_dkgrec,active,2022,169,0.013988294160737874,246.6,False,,,,,,,,,
bt_dkgrec,active,2022,170,0.013841019309926221,248.0,True,0.012231851279151617,0.023667478276924496,0.05555555555555555,0.08547008547008547,0.012801025584098511,0.01649763689326041,0.022969956997734776,0.03443719346497125,khong cai thien (6/50)
bt_dkgrec,active,2022,171,0.013946652055947943,249.8,False,,,,,,,,,
bt_dkgrec,active,2022,172,0.01374347012766115,251.2,False,,,,,,,,,
bt_dkgrec,active,2022,173,0.013593128467693808,252.6,False,,,,,,,,,
bt_dkgrec,active,2022,174,0.013603236241526286,254.0,False,,,,,,,,,
bt_dkgrec,active,2022,175,0.01339380739370063,255.4,True,0.012393404031895129,0.02409443912346092,0.05128205128205128,0.08547008547008547,0.012208045381075576,0.016489258630664885,0.02243576896354674,0.03532750685528463,khong cai thien (7/50)
bt_dkgrec,active,2022,176,0.013372270703934104,257.2,False,,,,,,,,,
bt_dkgrec,active,2022,177,0.013213545352613949,258.5,False,,,,,,,,,
bt_dkgrec,active,2022,178,0.013167632672875329,259.9,False,,,,,,,,,
bt_dkgrec,active,2022,179,0.013212697963461096,261.3,False,,,,,,,,,
bt_dkgrec,active,2022,180,0.012934169560467525,262.6,True,0.012566496266977463,0.024371386699592656,0.05128205128205128,0.08547008547008547,0.013332040024117942,0.016697994142168174,0.026442179219956997,0.03532750685528463,khong cai thien (8/50)
bt_dkgrec,active,2022,181,0.013144892858065586,264.6,False,,,,,,,,,
bt_dkgrec,active,2022,182,0.013068393530553139,266.0,False,,,,,,,,,
bt_dkgrec,active,2022,183,0.012983097275414681,267.4,False,,,,,,,,,
bt_dkgrec,active,2022,184,0.013083679238573193,268.8,False,,,,,,,,,
bt_dkgrec,active,2022,185,0.012766934996565154,270.1,True,0.012762667466737442,0.024613715828707923,0.05128205128205128,0.09401709401709402,0.012792875422194849,0.01685554301595451,0.026442179219956997,0.03671639574417352,khong cai thien (9/50)
bt_dkgrec,active,2022,186,0.012955694210718295,272.0,False,,,,,,,,,
bt_dkgrec,active,2022,187,0.012638637344645038,273.3,False,,,,,,,,,
bt_dkgrec,active,2022,188,0.012749377688896644,274.7,False,,,,,,,,,
bt_dkgrec,active,2022,189,0.012908822813294335,276.1,False,,,,,,,,,
bt_dkgrec,active,2022,190,0.012663761896819158,277.5,True,0.012935759701819776,0.024879123922500836,0.05982905982905983,0.09401709401709402,0.014551929394117237,0.01752118364819127,0.02911311939089717,0.03671639574417352,best
bt_dkgrec,active,2022,191,0.012776352822722789,279.5,False,,,,,,,,,
bt_dkgrec,active,2022,192,0.012377918926379464,280.8,False,,,,,,,,,
bt_dkgrec,active,2022,193,0.012369921072750065,282.2,False,,,,,,,,,
bt_dkgrec,active,2022,194,0.012400874398741869,283.6,False,,,,,,,,,
bt_dkgrec,active,2022,195,0.012408542159051501,285.0,True,0.012958838666497422,0.024959900298872593,0.05982905982905983,0.09401709401709402,0.014906075714224405,0.017830339807528905,0.02911311939089717,0.03671639574417352,best
bt_dkgrec,active,2022,196,0.012050526851509324,286.8,False,,,,,,,,,
bt_dkgrec,active,2022,197,0.012215548880604691,288.2,False,,,,,,,,,
bt_dkgrec,active,2022,198,0.01210432597277759,289.5,False,,,,,,,,,
bt_dkgrec,active,2022,199,0.012013247032767129,290.9,False,,,,,,,,,
bt_dkgrec,active,2022,200,0.011859845393483975,292.4,True,0.013028075560530355,0.025179150463310217,0.05982905982905983,0.09401709401709402,0.01451251430077016,0.018290029133238444,0.02911311939089717,0.04045571198348976,best
bt_dkgrec,active,2022,201,0.012018888713256981,294.2,False,,,,,,,,,
bt_dkgrec,active,2022,202,0.012091152685725678,295.5,False,,,,,,,,,
bt_dkgrec,active,2022,203,0.011789375131871107,296.9,False,,,,,,,,,
bt_dkgrec,active,2022,204,0.01193850352832437,298.3,False,,,,,,,,,
bt_dkgrec,active,2022,205,0.011879767798665177,299.6,True,0.013189628313273867,0.02540994011008666,0.05555555555555555,0.09829059829059829,0.014667977111316583,0.019547478457782163,0.026976367254145033,0.04114817795373351,best
bt_dkgrec,active,2022,206,0.011789646070878753,301.4,False,,,,,,,,,
bt_dkgrec,active,2022,207,0.01169118495489471,302.8,False,,,,,,,,,
bt_dkgrec,active,2022,208,0.011845181395852243,304.2,False,,,,,,,,,
bt_dkgrec,active,2022,209,0.011769258035895092,305.6,False,,,,,,,,,
bt_dkgrec,active,2022,210,0.01173515237892255,307.0,True,0.013293483654323267,0.025398400627747838,0.05982905982905983,0.09401709401709402,0.014662861169054143,0.018338666983604646,0.02911311939089717,0.04034689590245146,khong cai thien (1/50)
bt_dkgrec,active,2022,211,0.011503741686555678,308.8,False,,,,,,,,,
bt_dkgrec,active,2022,212,0.01161512660785813,310.2,False,,,,,,,,,
bt_dkgrec,active,2022,213,0.01144751075548041,311.6,False,,,,,,,,,
bt_dkgrec,active,2022,214,0.011356064206076523,313.0,False,,,,,,,,,
bt_dkgrec,active,2022,215,0.011373808576489158,314.3,True,0.013501194336422068,0.025629190274524285,0.05982905982905983,0.08974358974358974,0.014849957307280375,0.018095733458974833,0.02911311939089717,0.039333917111694885,khong cai thien (2/50)
bt_dkgrec,active,2022,216,0.01127940107126151,316.1,False,,,,,,,,,
bt_dkgrec,active,2022,217,0.011356673354083583,317.6,False,,,,,,,,,
bt_dkgrec,active,2022,218,0.011361415690306813,319.0,False,,,,,,,,,
bt_dkgrec,active,2022,219,0.011263275939571542,320.3,False,,,,,,,,,
bt_dkgrec,active,2022,220,0.0111453379779967,321.7,True,0.013535812783438536,0.02570996665089604,0.05982905982905983,0.08974358974358974,0.015425075483498522,0.01883400975020872,0.02911311939089717,0.03960101112878891,khong cai thien (3/50)
bt_dkgrec,active,2022,221,0.011475948305802286,323.5,False,,,,,,,,,
bt_dkgrec,active,2022,222,0.0113922282495057,324.9,False,,,,,,,,,
bt_dkgrec,active,2022,223,0.010843026093093002,326.2,False,,,,,,,,,
bt_dkgrec,active,2022,224,0.011046686623583792,327.6,False,,,,,,,,,
bt_dkgrec,active,2022,225,0.011127387214429886,329.0,True,0.013628128642149113,0.025975374744688952,0.05555555555555555,0.08974358974358974,0.014452108593362078,0.018443322914103402,0.026976367254145033,0.03903121055898834,khong cai thien (4/50)
bt_dkgrec,active,2022,226,0.011028014057932176,330.8,False,,,,,,,,,
bt_dkgrec,active,2022,227,0.01103319615470371,332.3,False,,,,,,,,,
bt_dkgrec,active,2022,228,0.011070274876440599,333.7,False,,,,,,,,,
bt_dkgrec,active,2022,229,0.010985237099794515,335.0,False,,,,,,,,,
bt_dkgrec,active,2022,230,0.010756219749976474,336.4,True,0.013674286571504402,0.025940756297672486,0.05555555555555555,0.08547008547008547,0.014449859928095882,0.017568918834776966,0.026976367254145033,0.03491598422153978,khong cai thien (5/50)
bt_dkgrec,active,2022,231,0.01080614750505745,338.2,False,,,,,,,,,
bt_dkgrec,active,2022,232,0.010812777396315696,339.5,False,,,,,,,,,
bt_dkgrec,active,2022,233,0.010906765349155608,340.9,False,,,,,,,,,
bt_dkgrec,active,2022,234,0.010846348119190228,342.3,False,,,,,,,,,
bt_dkgrec,active,2022,235,0.010918834400643448,343.7,True,0.013731983983198514,0.0262061643914654,0.0641025641025641,0.08974358974358974,0.015519757899155532,0.018616106222097223,0.0296473074250852,0.03918948849504405,khong cai thien (6/50)
bt_dkgrec,active,2022,236,0.01071657188348823,345.6,False,,,,,,,,,
bt_dkgrec,active,2022,237,0.010668184979528943,347.0,False,,,,,,,,,
bt_dkgrec,active,2022,238,0.010560956494233695,348.3,False,,,,,,,,,
bt_dkgrec,active,2022,239,0.010428943576482136,349.7,False,,,,,,,,,
bt_dkgrec,active,2022,240,0.010529033105325856,351.1,True,0.013731983983198514,0.0263100197325148,0.05982905982905983,0.09829059829059829,0.015427734776965763,0.020947019332577557,0.02911311939089717,0.04862681043236599,best
bt_dkgrec,active,2022,241,0.01036892907290086,352.9,False,,,,,,,,,
bt_dkgrec,active,2022,242,0.010695684381059292,354.2,False,,,,,,,,,
bt_dkgrec,active,2022,243,0.010423375921378443,355.6,False,,,,,,,,,
bt_dkgrec,active,2022,244,0.010495472241218289,357.0,False,,,,,,,,,
bt_dkgrec,active,2022,245,0.010625298883042006,358.4,True,0.013997392076991426,0.0264138750735642,0.05982905982905983,0.08974358974358974,0.015404543511169603,0.019687548690661746,0.02911311939089717,0.04349860530416086,khong cai thien (1/50)
bt_dkgrec,active,2022,246,0.010385450124546395,360.4,False,,,,,,,,,
bt_dkgrec,active,2022,247,0.010520521366323568,361.8,False,,,,,,,,,
bt_dkgrec,active,2022,248,0.010447893659267996,363.2,False,,,,,,,,,
bt_dkgrec,active,2022,249,0.01021732533416536,364.5,False,,,,,,,,,
bt_dkgrec,active,2022,250,0.01021540591802617,365.9,True,0.014228181723767871,0.026736980579051224,0.05982905982905983,0.09401709401709402,0.014945737597346466,0.019682938802450155,0.02911311939089717,0.04435330615886172,khong cai thien (2/50)
bt_dkgrec,active,2022,251,0.010189600804505919,367.7,False,,,,,,,,,
bt_dkgrec,active,2022,252,0.010174602272921726,369.1,False,,,,,,,,,
bt_dkgrec,active,2022,253,0.009968925863536777,370.5,False,,,,,,,,,
bt_dkgrec,active,2022,254,0.009983842366459019,371.9,False,,,,,,,,,
bt_dkgrec,active,2022,255,0.010277456915758331,373.3,True,0.014262800170784339,0.02696777022582767,0.05982905982905983,0.09401709401709402,0.015119778173624927,0.020681335692159023,0.02911311939089717,0.048359716415271974,khong cai thien (3/50)
bt_dkgrec,active,2022,256,0.010106952541155838,375.1,False,,,,,,,,,
bt_dkgrec,active,2022,257,0.010037155961210473,376.5,False,,,,,,,,,
bt_dkgrec,active,2022,258,0.009961384040104375,377.8,False,,,,,,,,,
bt_dkgrec,active,2022,259,0.010150329878199948,379.2,False,,,,,,,,,
bt_dkgrec,active,2022,260,0.009939721042520545,380.6,True,0.014332037064817272,0.027198559872604115,0.05982905982905983,0.08974358974358974,0.015136965454432796,0.019695534554165704,0.02911311939089717,0.0440862121417677,khong cai thien (4/50)
bt_dkgrec,active,2022,261,0.010159159253022803,382.4,False,,,,,,,,,
bt_dkgrec,active,2022,262,0.00997611798217455,383.8,False,,,,,,,,,
bt_dkgrec,active,2022,263,0.009960612546835654,385.2,False,,,,,,,,,
bt_dkgrec,active,2022,264,0.009912315728809152,386.6,False,,,,,,,,,
bt_dkgrec,active,2022,265,0.00980147700942902,388.0,True,0.014308958100139628,0.027256257284298226,0.05982905982905983,0.09401709401709402,0.015416981754666359,0.02101282576419522,0.02911311939089717,0.048359716415271974,best
bt_dkgrec,active,2022,266,0.00986894454087379,389.8,False,,,,,,,,,
bt_dkgrec,active,2022,267,0.009884008129388527,391.2,False,,,,,,,,,
bt_dkgrec,active,2022,268,0.009794999836296121,392.5,False,,,,,,,,,
bt_dkgrec,active,2022,269,0.009823122056327002,393.9,False,,,,,,,,,
bt_dkgrec,active,2022,270,0.009807115860641038,395.2,True,0.014389734476511384,0.027694757613173474,0.05982905982905983,0.09401709401709402,0.015439076710113936,0.021486877354005497,0.02911311939089717,0.05120871926427482,best
bt_dkgrec,active,2022,271,0.009709384431802278,397.0,False,,,,,,,,,
bt_dkgrec,active,2022,272,0.009936505203564532,398.5,False,,,,,,,,,
bt_dkgrec,active,2022,273,0.009611628704935754,399.9,False,,,,,,,,,
bt_dkgrec,active,2022,274,0.009516761202787926,401.3,False,,,,,,,,,
bt_dkgrec,active,2022,275,0.009529808594874973,402.6,True,0.014562826711593717,0.027925547259949918,0.05982905982905983,0.09401709401709402,0.015342962960962027,0.02142373096696125,0.02911311939089717,0.05120871926427482,khong cai thien (1/50)
bt_dkgrec,active,2022,276,0.0097573719404083,404.4,False,,,,,,,,,
bt_dkgrec,active,2022,277,0.009658685786207216,405.8,False,,,,,,,,,
bt_dkgrec,active,2022,278,0.00956370713034873,407.2,False,,,,,,,,,
bt_dkgrec,active,2022,279,0.009591194527507917,408.5,False,,,,,,,,,
bt_dkgrec,active,2022,280,0.009641371311378261,409.9,True,0.014585905676271363,0.02793708674228874,0.05982905982905983,0.08974358974358974,0.015829110972799484,0.02097683127020501,0.02911311939089717,0.046935214990770545,khong cai thien (2/50)
bt_dkgrec,active,2022,281,0.009441811772387896,411.9,False,,,,,,,,,
bt_dkgrec,active,2022,282,0.00956591682863197,413.3,False,,,,,,,,,
bt_dkgrec,active,2022,283,0.009621234189199093,414.7,False,,,,,,,,,
bt_dkgrec,active,2022,284,0.009557503506872874,416.0,False,,,,,,,,,
bt_dkgrec,active,2022,285,0.009548848707410084,417.4,True,0.014712839981998408,0.0281217184597099,0.05982905982905983,0.08974358974358974,0.015245080689546862,0.020472307396380795,0.02911311939089717,0.04736256541812097,khong cai thien (3/50)
bt_dkgrec,active,2022,286,0.009491030170874151,419.2,False,,,,,,,,,
bt_dkgrec,active,2022,287,0.009546375485003478,420.6,False,,,,,,,,,
bt_dkgrec,active,2022,288,0.009517533665098513,421.9,False,,,,,,,,,
bt_dkgrec,active,2022,289,0.009306136550826944,423.3,False,,,,,,,,,
bt_dkgrec,active,2022,290,0.009511456661916055,424.7,True,0.014666682052643118,0.028156336906726365,0.05982905982905983,0.09401709401709402,0.015516519020988561,0.021186391313400624,0.02911311939089717,0.0487870668426224,khong cai thien (4/50)
bt_dkgrec,active,2022,291,0.009321026428049462,426.6,False,,,,,,,,,
bt_dkgrec,active,2022,292,0.009446434621070542,428.0,False,,,,,,,,,
bt_dkgrec,active,2022,293,0.009358553455565482,429.4,False,,,,,,,,,
bt_dkgrec,active,2022,294,0.009367162126928827,430.7,False,,,,,,,,,
bt_dkgrec,active,2022,295,0.009288688662167924,432.1,True,0.01487439273474192,0.02847944241221339,0.05982905982905983,0.09401709401709402,0.016140487892614734,0.021944019366246553,0.02911311939089717,0.0487870668426224,best
bt_dkgrec,active,2022,296,0.009368414102094859,433.9,False,,,,,,,,,
bt_dkgrec,active,2022,297,0.009203855021109346,435.3,False,,,,,,,,,
bt_dkgrec,active,2022,298,0.009340700881270952,436.7,False,,,,,,,,,
bt_dkgrec,active,2022,299,0.009315757751124249,438.0,False,,,,,,,,,
bt_dkgrec,active,2022,300,0.00915119576897172,439.5,True,0.014920550664097209,0.0285371398239075,0.0641025641025641,0.09401709401709402,0.01632470165913668,0.021538754669697232,0.03053762081539859,0.0487870668426224,khong cai thien (1/50)
bt_dkgrec,active,2022,301,0.00918599026484483,441.4,False,,,,,,,,,
bt_dkgrec,active,2022,302,0.00920402470745348,442.8,False,,,,,,,,,
bt_dkgrec,active,2022,303,0.009170990070963588,444.1,False,,,,,,,,,
bt_dkgrec,active,2022,304,0.009162048154025467,445.5,False,,,,,,,,,
bt_dkgrec,active,2022,305,0.009048375518422542,446.9,True,0.015012866522807786,0.028698692576651013,0.05982905982905983,0.08974358974358974,0.015561207365344738,0.02089470079871354,0.02911311939089717,0.04736256541812097,khong cai thien (2/50)
bt_dkgrec,active,2022,306,0.009065262573384771,448.7,False,,,,,,,,,
bt_dkgrec,active,2022,307,0.00908291985986775,450.0,False,,,,,,,,,
bt_dkgrec,active,2022,308,0.009102415387284388,451.4,False,,,,,,,,,
bt_dkgrec,active,2022,309,0.009109933722191715,452.8,False,,,,,,,,,
bt_dkgrec,active,2022,310,0.009071742042355356,454.3,True,0.015012866522807786,0.028848705847055702,0.05982905982905983,0.08974358974358974,0.015373599616783177,0.020703693226743487,0.02911311939089717,0.04736256541812097,khong cai thien (3/50)
bt_dkgrec,active,2022,311,0.009016945711003515,456.1,False,,,,,,,,,
bt_dkgrec,active,2022,312,0.009050733615190744,457.5,False,,,,,,,,,
bt_dkgrec,active,2022,313,0.00900470193611061,458.8,False,,,,,,,,,
bt_dkgrec,active,2022,314,0.009013563790019755,460.2,False,,,,,,,,,
bt_dkgrec,active,2022,315,0.00884610151788582,461.6,True,0.015162879793212477,0.028814087400039233,0.05982905982905983,0.09401709401709402,0.015370632533194862,0.021122972708985114,0.02911311939089717,0.0487870668426224,khong cai thien (4/50)
bt_dkgrec,active,2022,316,0.009026951566540101,463.4,False,,,,,,,,,
bt_dkgrec,active,2022,317,0.008880121994511513,464.8,False,,,,,,,,,
bt_dkgrec,active,2022,318,0.009004086236128504,466.2,False,,,,,,,,,
bt_dkgrec,active,2022,319,0.008748233606657985,467.6,False,,,,,,,,,
bt_dkgrec,active,2022,320,0.008866751160757245,469.0,True,0.015197498240228943,0.028767929470683944,0.05982905982905983,0.09401709401709402,0.015495906269555262,0.02132784432656516,0.02911311939089717,0.0487870668426224,khong cai thien (5/50)
bt_dkgrec,active,2022,321,0.008844890323231618,470.8,False,,,,,,,,,
bt_dkgrec,active,2022,322,0.008850208732609445,472.1,False,,,,,,,,,
bt_dkgrec,active,2022,323,0.00876308980800213,473.5,False,,,,,,,,,
bt_dkgrec,active,2022,324,0.008969018661694085,474.9,False,,,,,,,,,
bt_dkgrec,active,2022,325,0.008831643078894247,476.2,True,0.015185958757890122,0.029137192905526257,0.05982905982905983,0.08974358974358974,0.01638424485994576,0.021835895725084414,0.02911311939089717,0.04793236598792154,khong cai thien (6/50)
bt_dkgrec,active,2022,326,0.00876415720734092,478.0,False,,,,,,,,,
bt_dkgrec,active,2022,327,0.00866711592645154,479.5,False,,,,,,,,,
bt_dkgrec,active,2022,328,0.008823527303359884,480.9,False,,,,,,,,,
bt_dkgrec,active,2022,329,0.008790862965624938,482.3,False,,,,,,,,,
bt_dkgrec,active,2022,330,0.008881256955922897,483.6,True,0.015139800828534831,0.029217969281898015,0.05982905982905983,0.08547008547008547,0.016196963873454942,0.021186497919815927,0.02911311939089717,0.04650786456342012,khong cai thien (7/50)
bt_dkgrec,active,2022,331,0.00864453804896133,485.4,False,,,,,,,,,
bt_dkgrec,active,2022,332,0.008716265828066786,486.8,False,,,,,,,,,
bt_dkgrec,active,2022,333,0.00863392416232064,488.2,False,,,,,,,,,
bt_dkgrec,active,2022,334,0.008711648536496803,489.5,False,,,,,,,,,
bt_dkgrec,active,2022,335,0.008734125229405807,490.9,True,0.015301353581278343,0.029333364105286235,0.05982905982905983,0.08974358974358974,0.01563743501203846,0.02083484656461348,0.02911311939089717,0.046774958580514135,khong cai thien (8/50)
bt_dkgrec,active,2022,336,0.008685820614042383,492.8,False,,,,,,,,,
bt_dkgrec,active,2022,337,0.008768715004334364,494.3,False,,,,,,,,,
bt_dkgrec,active,2022,338,0.008667913804869852,495.6,False,,,,,,,,,
bt_dkgrec,active,2022,339,0.008729526668636052,497.0,False,,,,,,,,,
bt_dkgrec,active,2022,340,0.008725165015301371,498.4,True,0.015393669439988922,0.02944875892867446,0.05982905982905983,0.09829059829059829,0.015678654015149267,0.021617257831365113,0.02911311939089717,0.048242626714848934,khong cai thien (9/50)
bt_dkgrec,active,2022,341,0.008628700523074498,500.2,False,,,,,,,,,
bt_dkgrec,active,2022,342,0.008500034443577864,501.5,False,,,,,,,,,
bt_dkgrec,active,2022,343,0.008649731394688335,502.9,False,,,,,,,,,
bt_dkgrec,active,2022,344,0.008725114449474962,504.3,False,,,,,,,,,
bt_dkgrec,active,2022,345,0.008578232514500819,505.7,True,0.015439827369344211,0.02958723271674033,0.05982905982905983,0.10256410256410256,0.015931138073347305,0.022391848090410726,0.02911311939089717,0.04934337781560003,best
bt_dkgrec,active,2022,346,0.008629314255713299,507.6,False,,,,,,,,,
bt_dkgrec,active,2022,347,0.00854700034536975,509.0,False,,,,,,,,,
bt_dkgrec,active,2022,348,0.008563716836182159,510.3,False,,,,,,,,,
bt_dkgrec,active,2022,349,0.00849006120023933,511.7,False,,,,,,,,,
bt_dkgrec,active,2022,350,0.008444577580172679,513.1,True,0.0154859852986995,0.029598772199079148,0.05982905982905983,0.09829059829059829,0.015953293018402117,0.022208584285957574,0.029469244747022522,0.04898725245947468,khong cai thien (1/50)
bt_dkgrec,active,2022,351,0.008512726669315608,514.9,False,,,,,,,,,
bt_dkgrec,active,2022,352,0.008591630020446456,516.2,False,,,,,,,,,
bt_dkgrec,active,2022,353,0.008490524231603805,517.6,False,,,,,,,,,
bt_dkgrec,active,2022,354,0.008495841796536643,519.0,False,,,,,,,,,
bt_dkgrec,active,2022,355,0.008356424579941759,520.4,True,0.015497524781038323,0.029737245987145017,0.05982905982905983,0.10256410256410256,0.015967028634770397,0.022305311237503702,0.029469244747022522,0.04934337781560003,khong cai thien (2/50)
bt_dkgrec,active,2022,356,0.008432850521493703,522.3,False,,,,,,,,,
bt_dkgrec,active,2022,357,0.00849727150200279,523.7,False,,,,,,,,,
bt_dkgrec,active,2022,358,0.008464750614739561,525.1,False,,,,,,,,,
bt_dkgrec,active,2022,359,0.008557011548916934,526.4,False,,,,,,,,,
bt_dkgrec,active,2022,360,0.008331073420972467,527.8,True,0.015555222192732435,0.02985264081053324,0.05982905982905983,0.09401709401709402,0.015683420995621276,0.021490043755919893,0.029469244747022522,0.048605766661322214,khong cai thien (3/50)
bt_dkgrec,active,2022,361,0.008388380058660303,529.6,False,,,,,,,,,
bt_dkgrec,active,2022,362,0.008509159779311803,531.0,False,,,,,,,,,
bt_dkgrec,active,2022,363,0.008253019754004574,532.4,False,,,,,,,,,
bt_dkgrec,active,2022,364,0.008348731697223609,533.8,False,,,,,,,,,
bt_dkgrec,active,2022,365,0.008301875039012488,535.2,True,0.015601380122087723,0.03001419356327675,0.05982905982905983,0.09401709401709402,0.01573490010641244,0.021677071524845187,0.029469244747022522,0.048644616700172255,khong cai thien (4/50)
bt_dkgrec,active,2022,366,0.00834927089178079,537.0,False,,,,,,,,,
bt_dkgrec,active,2022,367,0.008252373530435887,538.3,False,,,,,,,,,
bt_dkgrec,active,2022,368,0.00828920324861542,539.7,False,,,,,,,,,
bt_dkgrec,active,2022,369,0.008309615357738673,541.1,False,,,,,,,,,
bt_dkgrec,active,2022,370,0.008494421897975734,542.5,True,0.0156936959807983,0.030094969939648508,0.05982905982905983,0.09401709401709402,0.015688079619355966,0.022014725754757766,0.029469244747022522,0.04971299276854833,khong cai thien (5/50)
bt_dkgrec,active,2022,371,0.008162167617128216,544.2,False,,,,,,,,,
bt_dkgrec,active,2022,372,0.008262372076485195,545.6,False,,,,,,,,,
bt_dkgrec,active,2022,373,0.008346221995941082,547.0,False,,,,,,,,,
bt_dkgrec,active,2022,374,0.008212741077914639,548.4,False,,,,,,,,,
bt_dkgrec,active,2022,375,0.008126558135584447,549.8,True,0.01577447235717006,0.030233443727714374,0.05982905982905983,0.09401709401709402,0.015466280343704545,0.022202817850114766,0.029469244747022522,0.050528843584399144,khong cai thien (6/50)
bt_dkgrec,active,2022,376,0.008295654472770553,551.6,False,,,,,,,,,
bt_dkgrec,active,2022,377,0.008263082980196117,553.0,False,,,,,,,,,
bt_dkgrec,active,2022,378,0.008162357972576997,554.3,False,,,,,,,,,
bt_dkgrec,active,2022,379,0.008291905503640229,555.7,False,,,,,,,,,
bt_dkgrec,active,2022,380,0.008349734347271197,557.1,True,0.015786011839508878,0.030452693892151998,0.06837606837606838,0.08974358974358974,0.016227627026099804,0.021657541022164464,0.031249871527649305,0.04910434215989772,khong cai thien (7/50)
bt_dkgrec,active,2022,381,0.008077595563746043,558.9,False,,,,,,,,,
bt_dkgrec,active,2022,382,0.008069616573771164,560.3,False,,,,,,,,,
bt_dkgrec,active,2022,383,0.00812751165523521,561.7,False,,,,,,,,,
bt_dkgrec,active,2022,384,0.008061374498971164,563.1,False,,,,,,,,,
bt_dkgrec,active,2022,385,0.008129126441444801,564.5,True,0.01584370925120299,0.030337299068763774,0.0641025641025641,0.09401709401709402,0.01563435351132819,0.021770893443735503,0.03053762081539859,0.050528843584399144,khong cai thien (8/50)
bt_dkgrec,active,2022,386,0.008099955372968502,566.3,False,,,,,,,,,
bt_dkgrec,active,2022,387,0.008271121719495273,567.6,False,,,,,,,,,
bt_dkgrec,active,2022,388,0.008061791535881288,569.0,False,,,,,,,,,
bt_dkgrec,active,2022,389,0.008112303543317923,570.4,False,,,,,,,,,
bt_dkgrec,active,2022,390,0.008107857503028847,571.8,True,0.015820630286525347,0.030429614927474355,0.0641025641025641,0.08974358974358974,0.015418957214588053,0.02074535190608754,0.03053762081539859,0.046255339310894865,khong cai thien (9/50)
bt_dkgrec,active,2022,391,0.008204763073128644,573.8,False,,,,,,,,,
bt_dkgrec,active,2022,392,0.008176798523971959,575.2,False,,,,,,,,,
bt_dkgrec,active,2022,393,0.00818393614986677,576.6,False,,,,,,,,,
bt_dkgrec,active,2022,394,0.00814054409271774,577.9,False,,,,,,,,,
bt_dkgrec,active,2022,395,0.008118572060838046,579.3,True,0.01588986718055828,0.030556549233201398,0.06837606837606838,0.10683760683760683,0.01693742078528772,0.023352561545221025,0.03481112508890286,0.05511260858483081,best
bt_dkgrec,active,2022,396,0.007979813722238483,581.1,False,,,,,,,,,
bt_dkgrec,active,2022,397,0.008045923374187927,582.5,False,,,,,,,,,
bt_dkgrec,active,2022,398,0.007969989100316767,583.8,False,,,,,,,,,
bt_dkgrec,active,2022,399,0.008063025358247869,585.2,False,,,,,,,,,
bt_dkgrec,active,2022,400,0.008071977132334575,586.6,True,0.016005262003946502,0.030948891632721357,0.07264957264957266,0.09829059829059829,0.0174703095864041,0.022063143230079147,0.03623562651340429,0.05036858717414273,khong cai thien (1/50)
bt_dkgrec,active,2022,401,0.008045946057145918,588.6,False,,,,,,,,,
bt_dkgrec,active,2022,402,0.007911888382098137,589.9,False,,,,,,,,,
bt_dkgrec,active,2022,403,0.00787415890750758,591.3,False,,,,,,,,,
bt_dkgrec,active,2022,404,0.008108231432711497,592.7,False,,,,,,,,,
bt_dkgrec,active,2022,405,0.007873002504812751,594.0,True,0.01608603838031826,0.030891194221027245,0.07264957264957266,0.09401709401709402,0.017723021010885253,0.021550267821325,0.03623562651340429,0.04652243332798889,khong cai thien (2/50)
bt_dkgrec,active,2022,406,0.007945165119579552,595.9,False,,,,,,,,,
bt_dkgrec,active,2022,407,0.008040908904500585,597.2,False,,,,,,,,,
bt_dkgrec,active,2022,408,0.0078802970733383,598.6,False,,,,,,,,,
bt_dkgrec,active,2022,409,0.007891971125085176,600.0,False,,,,,,,,,
bt_dkgrec,active,2022,410,0.007864496117968162,601.4,True,0.016178354239028837,0.03116814179715898,0.07264957264957266,0.09829059829059829,0.01759917037033868,0.0224073859296528,0.03623562651340429,0.05079593760149316,khong cai thien (3/50)
bt_dkgrec,active,2022,411,0.007850455864440036,603.3,False,,,,,,,,,
bt_dkgrec,active,2022,412,0.007923789220160836,604.7,False,,,,,,,,,
bt_dkgrec,active,2022,413,0.007910440680622303,606.1,False,,,,,,,,,
bt_dkgrec,active,2022,414,0.007784602263045006,607.4,False,,,,,,,,,
bt_dkgrec,active,2022,415,0.008020282662007692,608.8,True,0.016270670097739415,0.03116814179715898,0.07264957264957266,0.09829059829059829,0.01801471814989257,0.02285597213135871,0.03623562651340429,0.05079593760149316,khong cai thien (4/50)
bt_dkgrec,active,2022,416,0.007808385963436445,610.6,False,,,,,,,,,
bt_dkgrec,active,2022,417,0.007916562847846215,612.0,False,,,,,,,,,
bt_dkgrec,active,2022,418,0.007789756115571202,613.4,False,,,,,,,,,
bt_dkgrec,active,2022,419,0.007949036157658669,614.8,False,,,,,,,,,
bt_dkgrec,active,2022,420,0.007879266069436903,616.2,True,0.016282209580078238,0.031191220761836624,0.07692307692307693,0.09829059829059829,0.018546581951539687,0.022783839201207075,0.03650272053049831,0.05021030923808702,khong cai thien (5/50)
bt_dkgrec,active,2022,421,0.007777254069890294,618.0,False,,,,,,,,,
bt_dkgrec,active,2022,422,0.007919372364046513,619.3,False,,,,,,,,,
bt_dkgrec,active,2022,423,0.007882104835595427,620.7,False,,,,,,,,,
bt_dkgrec,active,2022,424,0.0077899650825382395,622.1,False,,,,,,,,,
bt_dkgrec,active,2022,425,0.007754013547367616,623.5,True,0.01625913061540059,0.031145062832481335,0.08547008547008547,0.09829059829059829,0.020210478858374143,0.02316772448719669,0.041488475516253294,0.05063765966543744,khong cai thien (6/50)
bt_dkgrec,active,2022,426,0.007774260803475682,625.3,False,,,,,,,,,
bt_dkgrec,active,2022,427,0.007796287674275356,626.7,False,,,,,,,,,
bt_dkgrec,active,2022,428,0.007679755270445947,628.1,False,,,,,,,,,
bt_dkgrec,active,2022,429,0.007812342407810342,629.5,False,,,,,,,,,
bt_dkgrec,active,2022,430,0.007901528454246388,630.8,True,0.016328367509433526,0.03112198386780369,0.08547008547008547,0.09829059829059829,0.019886492784520263,0.022789720225992984,0.041488475516253294,0.05063765966543744,khong cai thien (7/50)
bt_dkgrec,active,2022,431,0.007871778018936132,632.6,False,,,,,,,,,
bt_dkgrec,active,2022,432,0.007849933971635064,634.0,False,,,,,,,,,
bt_dkgrec,active,2022,433,0.0077280878233349,635.4,False,,,,,,,,,
bt_dkgrec,active,2022,434,0.00780133091611259,636.7,False,,,,,,,,,
bt_dkgrec,active,2022,435,0.007684862899094021,638.1,True,0.016362985956449992,0.03141047092627425,0.0811965811965812,0.09829059829059829,0.019374099482202017,0.022542124817195877,0.04122138149915928,0.05063765966543744,khong cai thien (8/50)
bt_dkgrec,active,2022,436,0.0077282893011560785,639.9,False,,,,,,,,,
bt_dkgrec,active,2022,437,0.007783869695569351,641.3,False,,,,,,,,,
bt_dkgrec,active,2022,438,0.0076958506215513145,642.8,False,,,,,,,,,
bt_dkgrec,active,2022,439,0.007676542751651878,644.1,False,,,,,,,,,
bt_dkgrec,active,2022,440,0.007826466936780957,645.5,True,0.01644376233282175,0.031572023679017756,0.0811965811965812,0.09829059829059829,0.019667130365796405,0.02257460807480025,0.04160988188765967,0.05063765966543744,khong cai thien (9/50)
bt_dkgrec,active,2022,441,0.007716467788977807,647.3,False,,,,,,,,,
bt_dkgrec,active,2022,442,0.007779418216548439,648.6,False,,,,,,,,,
bt_dkgrec,active,2022,443,0.007668403636097204,650.0,False,,,,,,,,,
bt_dkgrec,active,2022,444,0.00768393496051541,651.4,False,,,,,,,,,
bt_dkgrec,active,2022,445,0.007727323186278293,652.7,True,0.01644376233282175,0.031710497467083626,0.0811965811965812,0.09829059829059829,0.019716905186796852,0.02241024466003473,0.04160988188765967,0.05021030923808702,khong cai thien (10/50)
bt_dkgrec,active,2022,446,0.007563692087089496,654.7,False,,,,,,,,,
bt_dkgrec,active,2022,447,0.007665514693626935,656.1,False,,,,,,,,,
bt_dkgrec,active,2022,448,0.007774769664468013,657.4,False,,,,,,,,,
bt_dkgrec,active,2022,449,0.0075601205140821874,658.8,False,,,,,,,,,
bt_dkgrec,active,2022,450,0.007683546937004158,660.1,True,0.01639760440346646,0.03156048419667894,0.08547008547008547,0.09401709401709402,0.020503286411273563,0.021572833979907436,0.041876975904753685,0.04486842889620667,khong cai thien (11/50)
bt_dkgrec,active,2022,451,0.00770057592974926,662.0,False,,,,,,,,,
bt_dkgrec,active,2022,452,0.007733444635143739,663.3,False,,,,,,,,,
bt_dkgrec,active,2022,453,0.0075766080171680485,664.7,False,,,,,,,,,
bt_dkgrec,active,2022,454,0.007511842017497702,666.0,False,,,,,,,,,
bt_dkgrec,active,2022,455,0.007578360047729493,667.4,True,0.01639760440346646,0.03158356316135658,0.08547008547008547,0.09401709401709402,0.021147234469259025,0.021857264129561845,0.04258922661700439,0.04486842889620667,khong cai thien (12/50)
bt_dkgrec,active,2022,456,0.00762245621133786,669.4,False,,,,,,,,,
bt_dkgrec,active,2022,457,0.007555978599882364,670.8,False,,,,,,,,,
bt_dkgrec,active,2022,458,0.007616737562768672,672.1,False,,,,,,,,,
bt_dkgrec,active,2022,459,0.007619211604535375,673.5,False,,,,,,,,,
bt_dkgrec,active,2022,460,0.007554583788272737,674.9,True,0.01650145974451586,0.031710497467083626,0.07692307692307693,0.08974358974358974,0.01901236293429493,0.020926035691698743,0.0368912209189987,0.043443927471705245,khong cai thien (13/50)
bt_dkgrec,active,2022,461,0.007548005593288593,676.7,False,,,,,,,,,
bt_dkgrec,active,2022,462,0.007632111770782579,678.0,False,,,,,,,,,
bt_dkgrec,active,2022,463,0.007542182256014255,679.4,False,,,,,,,,,
bt_dkgrec,active,2022,464,0.007513113277005128,680.8,False,,,,,,,,,
bt_dkgrec,active,2022,465,0.007468709157622499,682.2,True,0.016628394050242905,0.031722036949422446,0.07264957264957266,0.08974358974358974,0.018216193569499134,0.020756360278603708,0.0357904698182476,0.043443927471705245,khong cai thien (14/50)
bt_dkgrec,active,2022,466,0.007468720140924553,684.1,False,,,,,,,,,
bt_dkgrec,active,2022,467,0.00755356369873592,685.5,False,,,,,,,,,
bt_dkgrec,active,2022,468,0.007554011237991386,686.8,False,,,,,,,,,
bt_dkgrec,active,2022,469,0.007457419865592375,688.2,False,,,,,,,,,
bt_dkgrec,active,2022,470,0.007599200657429563,689.5,True,0.016432222850482927,0.03177973436111656,0.07692307692307693,0.08974358974358974,0.019422369443084286,0.02075904470192027,0.04006397409175187,0.043443927471705245,khong cai thien (15/50)
bt_dkgrec,active,2022,471,0.007560540675955547,691.3,False,,,,,,,,,
bt_dkgrec,active,2022,472,0.0074640370070774955,692.7,False,,,,,,,,,
bt_dkgrec,active,2022,473,0.0074869396028517665,694.1,False,,,,,,,,,
bt_dkgrec,active,2022,474,0.007549082547626241,695.6,False,,,,,,,,,
bt_dkgrec,active,2022,475,0.007371610054899538,696.9,True,0.016570696638548793,0.03175665539643892,0.07264957264957266,0.08974358974358974,0.019457408771863943,0.02080573459848305,0.04018538046315824,0.043443927471705245,khong cai thien (16/50)
bt_dkgrec,active,2022,476,0.007467742515079238,698.8,False,,,,,,,,,
bt_dkgrec,active,2022,477,0.007521596932184003,700.1,False,,,,,,,,,
bt_dkgrec,active,2022,478,0.007508568058190543,701.5,False,,,,,,,,,
bt_dkgrec,active,2022,479,0.007427954320121613,702.9,False,,,,,,,,,
bt_dkgrec,active,2022,480,0.007382889661467298,704.2,True,0.01669763094427584,0.03195282659619889,0.07264957264957266,0.08974358974358974,0.01927910749013614,0.02083551144648836,0.03938409841187619,0.043443927471705245,khong cai thien (17/50)
bt_dkgrec,active,2022,481,0.007456700770928742,706.1,False,,,,,,,,,
bt_dkgrec,active,2022,482,0.007442642912312482,707.5,False,,,,,,,,,
bt_dkgrec,active,2022,483,0.007452541179871144,708.9,False,,,,,,,,,
bt_dkgrec,active,2022,484,0.007382388682832017,710.3,False,,,,,,,,,
bt_dkgrec,active,2022,485,0.00751857298051951,711.7,True,0.016859183697019352,0.032068221419587116,0.07264957264957266,0.08974358974358974,0.01905418649948791,0.020973199924837607,0.03938409841187619,0.044512303540081316,khong cai thien (18/50)
bt_dkgrec,active,2022,486,0.007471741242281465,713.5,False,,,,,,,,,
bt_dkgrec,active,2022,487,0.00744443351175901,714.8,False,,,,,,,,,
bt_dkgrec,active,2022,488,0.007348631604776495,716.2,False,,,,,,,,,
bt_dkgrec,active,2022,489,0.007346696363362686,717.6,False,,,,,,,,,
bt_dkgrec,active,2022,490,0.007338875288582225,718.9,True,0.01680148628532524,0.03219515572531416,0.07264957264957266,0.08974358974358974,0.01917319617007799,0.02111116203353166,0.03938409841187619,0.044512303540081316,khong cai thien (19/50)
bt_dkgrec,active,2022,491,0.007496160938152935,720.8,False,,,,,,,,,
bt_dkgrec,active,2022,492,0.007323569269919521,722.2,False,,,,,,,,,
bt_dkgrec,active,2022,493,0.007407169199295845,723.6,False,,,,,,,,,
bt_dkgrec,active,2022,494,0.00766708818214191,724.9,False,,,,,,,,,
bt_dkgrec,active,2022,495,0.007435904253828939,726.3,True,0.016836104732341706,0.03244902433676825,0.07692307692307693,0.08974358974358974,0.019374508367131695,0.021166615567201175,0.039707848735626515,0.044512303540081316,khong cai thien (20/50)
bt_dkgrec,active,2022,496,0.0073848806756156,728.1,False,,,,,,,,,
bt_dkgrec,active,2022,497,0.00745804905874499,729.5,False,,,,,,,,,
bt_dkgrec,active,2022,498,0.007383889753232959,730.8,False,,,,,,,,,
bt_dkgrec,active,2022,499,0.007385455823442985,732.2,False,,,,,,,,,
bt_dkgrec,active,2022,500,0.00730985182996162,733.6,True,0.016882262661696998,0.03263365605418941,0.06837606837606838,0.08974358974358974,0.018498115520440273,0.02089516252024044,0.038728504006281785,0.044512303540081316,khong cai thien (21/50)
bt_dkgrec,active,2022,501,0.0073031526801086676,735.5,False,,,,,,,,,
bt_dkgrec,active,2022,502,0.007327968530564037,736.9,False,,,,,,,,,
bt_dkgrec,active,2022,503,0.007236739841935019,738.3,False,,,,,,,,,
bt_dkgrec,active,2022,504,0.00736178715258024,739.6,False,,,,,,,,,
bt_dkgrec,active,2022,505,0.00731839332111651,741.0,True,0.01695149955572993,0.0326798139835447,0.06837606837606838,0.08974358974358974,0.018435382412830992,0.020844873966298028,0.038728504006281785,0.044512303540081316,khong cai thien (22/50)
bt_dkgrec,active,2022,506,0.00739661711574056,742.8,False,,,,,,,,,
bt_dkgrec,active,2022,507,0.007519508921353229,744.2,False,,,,,,,,,
bt_dkgrec,active,2022,508,0.007426351777987344,745.5,False,,,,,,,,,
bt_dkgrec,active,2022,509,0.007146683627407156,746.9,False,,,,,,,,,
bt_dkgrec,active,2022,510,0.007282117734995343,748.3,True,0.016963039038068752,0.0326798139835447,0.06837606837606838,0.08974358974358974,0.017759455907703118,0.0201652154064844,0.038728504006281785,0.044512303540081316,khong cai thien (23/50)
bt_dkgrec,active,2022,511,0.007313613012381264,750.3,False,,,,,,,,,
bt_dkgrec,active,2022,512,0.007249580945078693,751.7,False,,,,,,,,,
bt_dkgrec,active,2022,513,0.00733739132261066,753.0,False,,,,,,,,,
bt_dkgrec,active,2022,514,0.007364575343615865,754.4,False,,,,,,,,,
bt_dkgrec,active,2022,515,0.007289884752285137,755.8,True,0.017020736449762864,0.03281828777161057,0.06837606837606838,0.09401709401709402,0.018198972364241933,0.021591381993359724,0.038728504006281785,0.04878580781358559,khong cai thien (24/50)
bt_dkgrec,active,2022,516,0.007196983745643211,757.6,False,,,,,,,,,
bt_dkgrec,active,2022,517,0.007236921056478752,758.9,False,,,,,,,,,
bt_dkgrec,active,2022,518,0.007364384396676745,760.3,False,,,,,,,,,
bt_dkgrec,active,2022,519,0.007241621635700057,761.7,False,,,,,,,,,
bt_dkgrec,active,2022,520,0.007216663280844874,763.2,True,0.01700919696742404,0.03279520880693292,0.07264957264957266,0.09401709401709402,0.018888038337353415,0.021865005659179104,0.039796880074657856,0.04878580781358559,khong cai thien (25/50)
bt_dkgrec,active,2022,521,0.007189237745179901,765.0,False,,,,,,,,,
bt_dkgrec,active,2022,522,0.007334487346566281,766.4,False,,,,,,,,,
bt_dkgrec,active,2022,523,0.00730549425419077,767.8,False,,,,,,,,,
bt_dkgrec,active,2022,524,0.007165237744554993,769.1,False,,,,,,,,,
bt_dkgrec,active,2022,525,0.007264052686621344,770.5,True,0.016928420591052287,0.03263365605418941,0.07692307692307693,0.08974358974358974,0.01937612810273951,0.02120132892888446,0.04050913078690856,0.04467058147613703,khong cai thien (26/50)
bt_dkgrec,active,2022,526,0.0072415482531142435,772.3,False,,,,,,,,,
bt_dkgrec,active,2022,527,0.0072766935789699404,773.7,False,,,,,,,,,
bt_dkgrec,active,2022,528,0.007306436206423802,775.1,False,,,,,,,,,
bt_dkgrec,active,2022,529,0.007243157737004889,776.5,False,,,,,,,,,
bt_dkgrec,active,2022,530,0.007241677037623209,777.9,True,0.016939960073391106,0.03261057708951177,0.07692307692307693,0.09401709401709402,0.019384794347001133,0.021959159399347936,0.040897631175408955,0.048944085749641306,khong cai thien (27/50)
bt_dkgrec,active,2022,531,0.007229931573999322,779.7,False,,,,,,,,,
bt_dkgrec,active,2022,532,0.00721934310458819,781.1,False,,,,,,,,,
bt_dkgrec,active,2022,533,0.007137809068533782,782.4,False,,,,,,,,,
bt_dkgrec,active,2022,534,0.007222191825733732,783.8,False,,,,,,,,,
bt_dkgrec,active,2022,535,0.007235752050547757,785.2,True,0.017043815414440507,0.032725971912899984,0.07692307692307693,0.08974358974358974,0.01941546179079488,0.021031384613362777,0.04086525614303392,0.044512303540081316,khong cai thien (28/50)
bt_dkgrec,active,2022,536,0.007295335341790845,787.0,False,,,,,,,,,
bt_dkgrec,active,2022,537,0.007108202142058074,788.4,False,,,,,,,,,
bt_dkgrec,active,2022,538,0.007192612181459152,789.8,False,,,,,,,,,
bt_dkgrec,active,2022,539,0.007133446113644494,791.2,False,,,,,,,,,
bt_dkgrec,active,2022,540,0.00721350015714473,792.6,True,0.017182289202506376,0.032702892948222345,0.07692307692307693,0.08974358974358974,0.0199888763707292,0.021487797421679694,0.041253756531534305,0.04467058147613703,khong cai thien (29/50)
bt_dkgrec,active,2022,541,0.007310521379316231,794.4,False,,,,,,,,,
bt_dkgrec,active,2022,542,0.007139212689492028,795.8,False,,,,,,,,,
bt_dkgrec,active,2022,543,0.00706053780389348,797.1,False,,,,,,,,,
bt_dkgrec,active,2022,544,0.007154258784062725,798.5,False,,,,,,,,,
bt_dkgrec,active,2022,545,0.00725654672221609,799.9,True,0.017170749720167553,0.03269135346588352,0.07692307692307693,0.08974358974358974,0.020498292240220123,0.02197084295150677,0.041253756531534305,0.04467058147613703,khong cai thien (30/50)
bt_dkgrec,active,2022,546,0.007170328291964342,801.7,False,,,,,,,,,
bt_dkgrec,active,2022,547,0.00714206562862346,803.1,False,,,,,,,,,
bt_dkgrec,active,2022,548,0.007106805972535591,804.5,False,,,,,,,,,
bt_dkgrec,active,2022,549,0.007091767745618595,805.9,False,,,,,,,,,
bt_dkgrec,active,2022,550,0.007037762202102089,807.2,True,0.0171938286848452,0.032714432430561165,0.06837606837606838,0.09401709401709402,0.018594196324681223,0.022086196207558376,0.036268001545779326,0.04609508290063845,khong cai thien (31/50)
bt_dkgrec,active,2022,551,0.00706483335401488,809.1,False,,,,,,,,,
bt_dkgrec,active,2022,552,0.007245817633155895,810.4,False,,,,,,,,,
bt_dkgrec,active,2022,553,0.0071342843693313306,811.8,False,,,,,,,,,
bt_dkgrec,active,2022,554,0.007069123475160702,813.1,False,,,,,,,,,
bt_dkgrec,active,2022,555,0.007176490604090498,814.5,True,0.017286144543555777,0.03276059035991646,0.06837606837606838,0.08974358974358974,0.018295122515167208,0.02113681875411386,0.036268001545779326,0.044512303540081316,khong cai thien (32/50)
bt_dkgrec,active,2022,556,0.0070685655524975275,816.5,False,,,,,,,,,
bt_dkgrec,active,2022,557,0.007041958675030643,817.8,False,,,,,,,,,
bt_dkgrec,active,2022,558,0.007075621507842963,819.2,False,,,,,,,,,
bt_dkgrec,active,2022,559,0.00705690967239136,820.6,False,,,,,,,,,
bt_dkgrec,active,2022,560,0.0069889993914525415,822.0,True,0.017274605061216954,0.03284136673628821,0.06837606837606838,0.08974358974358974,0.017948818009331586,0.021272566638064448,0.034398343426121206,0.044512303540081316,khong cai thien (33/50)
bt_dkgrec,active,2022,561,0.007030944739670896,823.8,False,,,,,,,,,
bt_dkgrec,active,2022,562,0.007090507617136384,825.1,False,,,,,,,,,
bt_dkgrec,active,2022,563,0.007092191687549707,826.5,False,,,,,,,,,
bt_dkgrec,active,2022,564,0.007105412439363484,827.9,False,,,,,,,,,
bt_dkgrec,active,2022,565,0.007185582500827257,829.3,True,0.017332302472911065,0.033060616900725835,0.07264957264957266,0.09401709401709402,0.0190173338774178,0.02186784189379391,0.03653509556287334,0.04471374818597041,khong cai thien (34/50)
bt_dkgrec,active,2022,566,0.0070421197944705305,831.3,False,,,,,,,,,
bt_dkgrec,active,2022,567,0.007025799163687649,832.6,False,,,,,,,,,
bt_dkgrec,active,2022,568,0.007090815800541324,834.0,False,,,,,,,,,
bt_dkgrec,active,2022,569,0.007132327270167865,835.4,False,,,,,,,,,
bt_dkgrec,active,2022,570,0.007022604615027575,836.7,True,0.01744769729629929,0.03323370913580817,0.07264957264957266,0.08974358974358974,0.018684170524922532,0.021359192277165717,0.03653509556287334,0.04467058147613703,khong cai thien (35/50)
bt_dkgrec,active,2022,571,0.006999725471061381,838.5,False,,,,,,,,,
bt_dkgrec,active,2022,572,0.0070477686421313605,839.9,False,,,,,,,,,
bt_dkgrec,active,2022,573,0.007009912910205925,841.3,False,,,,,,,,,
bt_dkgrec,active,2022,574,0.007110077237000807,842.7,False,,,,,,,,,
bt_dkgrec,active,2022,575,0.007031753056070733,844.1,True,0.01762078953138162,0.03332602499451875,0.06837606837606838,0.08974358974358974,0.01832497313835424,0.02145398728457274,0.03511059413837191,0.044512303540081316,khong cai thien (36/50)
bt_dkgrec,active,2022,576,0.006959174426244521,845.9,False,,,,,,,,,
bt_dkgrec,active,2022,577,0.0070570001354434905,847.3,False,,,,,,,,,
bt_dkgrec,active,2022,578,0.00693499224593284,848.6,False,,,,,,,,,
bt_dkgrec,active,2022,579,0.007019951579576011,850.0,False,,,,,,,,,
bt_dkgrec,active,2022,580,0.006995987293878055,851.4,True,0.017528473672671043,0.033418340853229325,0.07264957264957266,0.08974358974358974,0.01909143729981915,0.02181644436463078,0.03653509556287334,0.04467058147613703,khong cai thien (37/50)
bt_dkgrec,active,2022,581,0.006905039995782945,853.2,False,,,,,,,,,
bt_dkgrec,active,2022,582,0.007020067650320807,854.6,False,,,,,,,,,
bt_dkgrec,active,2022,583,0.006994254606756464,856.0,False,,,,,,,,,
bt_dkgrec,active,2022,584,0.006999785301644891,857.4,False,,,,,,,,,
bt_dkgrec,active,2022,585,0.006893787742054926,858.8,True,0.01744769729629929,0.0333029460298411,0.0811965811965812,0.08974358974358974,0.02075940312855961,0.02170993577045215,0.041876975904753685,0.044512303540081316,khong cai thien (38/50)
bt_dkgrec,active,2022,586,0.0070210008821977345,860.6,False,,,,,,,,,
bt_dkgrec,active,2022,587,0.006953974724375657,861.9,False,,,,,,,,,
bt_dkgrec,active,2022,588,0.006951100052624775,863.3,False,,,,,,,,,
bt_dkgrec,active,2022,589,0.00699124689316386,864.7,False,,,,,,,,,
bt_dkgrec,active,2022,590,0.006944121358929147,866.0,True,0.017643868496059267,0.03325678810048581,0.0811965811965812,0.08974358974358974,0.02071412891922263,0.021666721221257873,0.041876975904753685,0.044512303540081316,khong cai thien (39/50)
bt_dkgrec,active,2022,591,0.006919935354937014,867.8,False,,,,,,,,,
bt_dkgrec,active,2022,592,0.00701807457127582,869.3,False,,,,,,,,,
bt_dkgrec,active,2022,593,0.007013255869424442,870.7,False,,,,,,,,,
bt_dkgrec,active,2022,594,0.0069504987694300555,872.1,False,,,,,,,,,
bt_dkgrec,active,2022,595,0.006954797062531011,873.4,True,0.017690026425414555,0.0333029460298411,0.0811965811965812,0.08974358974358974,0.020027257738920935,0.02134653154723339,0.041164725192502964,0.044512303540081316,khong cai thien (40/50)
bt_dkgrec,active,2022,596,0.006964083374036823,875.2,False,,,,,,,,,
bt_dkgrec,active,2022,597,0.006962027794366218,876.6,False,,,,,,,,,
bt_dkgrec,active,2022,598,0.006975346071153225,877.9,False,,,,,,,,,
bt_dkgrec,active,2022,599,0.006853636615843043,879.3,False,,,,,,,,,
bt_dkgrec,active,2022,600,0.006841563572335634,880.7,True,0.017666947460736913,0.03345295930024579,0.0811965811965812,0.09401709401709402,0.019576110584779333,0.022092770806088576,0.04045247448025226,0.04878580781358559,khong cai thien (41/50)
bt_dkgrec,active,2022,601,0.0069083458794306375,882.6,False,,,,,,,,,
bt_dkgrec,active,2022,602,0.006913396237478267,884.0,False,,,,,,,,,
bt_dkgrec,active,2022,603,0.006861193245366003,885.4,False,,,,,,,,,
bt_dkgrec,active,2022,604,0.006844039031803303,886.8,False,,,,,,,,,
bt_dkgrec,active,2022,605,0.006877708911520729,888.1,True,0.0177131053900922,0.033626051535328126,0.0811965811965812,0.09401709401709402,0.02008597290260499,0.022588895483918982,0.04045247448025226,0.04878580781358559,khong cai thien (42/50)
bt_dkgrec,active,2022,606,0.006949851444700835,889.9,False,,,,,,,,,
bt_dkgrec,active,2022,607,0.006907263752115716,891.3,False,,,,,,,,,
bt_dkgrec,active,2022,608,0.006949072371877656,892.7,False,,,,,,,,,
bt_dkgrec,active,2022,609,0.006950512044339939,894.0,False,,,,,,,,,
bt_dkgrec,active,2022,610,0.006926443139849014,895.4,True,0.017840039695819244,0.0338222227350881,0.07264957264957266,0.09401709401709402,0.0190244170706192,0.022292932633174226,0.03831572234350012,0.04878580781358559,khong cai thien (43/50)
bt_dkgrec,active,2022,611,0.006874755837419541,897.4,False,,,,,,,,,
bt_dkgrec,active,2022,612,0.006837346441447187,898.8,False,,,,,,,,,
bt_dkgrec,active,2022,613,0.006786087002412539,900.1,False,,,,,,,,,
bt_dkgrec,active,2022,614,0.006879866979754716,901.5,False,,,,,,,,,
bt_dkgrec,active,2022,615,0.006883962681037265,902.9,True,0.017874658142835714,0.03389145962912104,0.07692307692307693,0.09401709401709402,0.01944623124876295,0.022328167926240546,0.039027973055750835,0.04878580781358559,khong cai thien (44/50)
bt_dkgrec,active,2022,616,0.006851776138302461,904.7,False,,,,,,,,,
bt_dkgrec,active,2022,617,0.006827275201717853,906.1,False,,,,,,,,,
bt_dkgrec,active,2022,618,0.006856133145525348,907.4,False,,,,,,,,,
bt_dkgrec,active,2022,619,0.0067964009802326305,908.8,False,,,,,,,,,
bt_dkgrec,active,2022,620,0.006805380701647099,910.2,True,0.01780542124880278,0.0339722360054928,0.07692307692307693,0.09401709401709402,0.019627533879826117,0.022923080426853204,0.039027973055750835,0.04965633646189202,khong cai thien (45/50)
bt_dkgrec,active,2022,621,0.006841024587009252,912.1,False,,,,,,,,,
bt_dkgrec,active,2022,622,0.006760043651682101,913.5,False,,,,,,,,,
bt_dkgrec,active,2022,623,0.006773872876886711,914.9,False,,,,,,,,,
bt_dkgrec,active,2022,624,0.006943827665377778,916.2,False,,,,,,,,,
bt_dkgrec,active,2022,625,0.006936211397922906,917.6,True,0.017770802801786313,0.03384530169976575,0.07692307692307693,0.10256410256410256,0.019738867851811514,0.02447708431624886,0.039027973055750835,0.05706374386929942,best
bt_dkgrec,active,2022,626,0.006864215538310435,919.4,False,,,,,,,,,
bt_dkgrec,active,2022,627,0.006858800972125041,920.8,False,,,,,,,,,
bt_dkgrec,active,2022,628,0.006834628635555137,922.2,False,,,,,,,,,
bt_dkgrec,active,2022,629,0.006815953894966184,923.6,False,,,,,,,,,
bt_dkgrec,active,2022,630,0.0068016733309450355,925.0,True,0.017897737107513356,0.03394915704081515,0.07692307692307693,0.10256410256410256,0.019600611212400622,0.024354572926468594,0.039027973055750835,0.05706374386929942,khong cai thien (1/50)
bt_dkgrec,active,2022,631,0.006739564103363602,926.8,False,,,,,,,,,
bt_dkgrec,active,2022,632,0.006766445157913263,928.2,False,,,,,,,,,
bt_dkgrec,active,2022,633,0.006753925556127805,929.5,False,,,,,,,,,
bt_dkgrec,active,2022,634,0.006785172619643102,930.9,False,,,,,,,,,
bt_dkgrec,active,2022,635,0.00667210909844746,932.3,True,0.017793881766463956,0.033995314970170436,0.0811965811965812,0.09829059829059829,0.02030229304189956,0.023316902820658503,0.04116472519250297,0.052790239595795145,khong cai thien (2/50)
bt_dkgrec,active,2022,636,0.006895080300989265,934.1,False,,,,,,,,,
bt_dkgrec,active,2022,637,0.00683351903788401,935.4,False,,,,,,,,,
bt_dkgrec,active,2022,638,0.006812736400287791,936.9,False,,,,,,,,,
bt_dkgrec,active,2022,639,0.006783986282773884,938.3,False,,,,,,,,,
bt_dkgrec,active,2022,640,0.006787432294993429,939.6,True,0.017840039695819244,0.03415686772291395,0.0811965811965812,0.09829059829059829,0.02029233100899441,0.023177615939444625,0.04045247448025226,0.05263196165973944,khong cai thien (3/50)
bt_dkgrec,active,2022,641,0.006772387913064277,941.4,False,,,,,,,,,
bt_dkgrec,active,2022,642,0.006769441705014219,942.8,False,,,,,,,,,
bt_dkgrec,active,2022,643,0.006754308322837052,944.1,False,,,,,,,,,
bt_dkgrec,active,2022,644,0.006692849007673468,945.5,False,,,,,,,,,
bt_dkgrec,active,2022,645,0.006760262747529259,946.9,True,0.017932355554529825,0.0341799466875916,0.0811965811965812,0.10256410256410256,0.019981922254896912,0.024324847811985,0.03974022376800154,0.05706374386929942,khong cai thien (4/50)
bt_dkgrec,active,2022,646,0.006715421931743572,948.7,False,,,,,,,,,
bt_dkgrec,active,2022,647,0.006786150247502197,950.1,False,,,,,,,,,
bt_dkgrec,active,2022,648,0.006802898758654505,951.5,False,,,,,,,,,
bt_dkgrec,active,2022,649,0.0067573094869189596,952.9,False,,,,,,,,,
bt_dkgrec,active,2022,650,0.006706105004550639,954.2,True,0.017840039695819244,0.03402993341718691,0.0811965811965812,0.10256410256410256,0.020234670855445364,0.0242334101405376,0.03974022376800154,0.05599536780092335,khong cai thien (5/50)
bt_dkgrec,active,2022,651,0.006747637774119032,956.0,False,,,,,,,,,
bt_dkgrec,active,2022,652,0.006748004865695194,957.4,False,,,,,,,,,
bt_dkgrec,active,2022,653,0.00676797956756032,958.7,False,,,,,,,,,
bt_dkgrec,active,2022,654,0.006740205777068136,960.1,False,,,,,,,,,
bt_dkgrec,active,2022,655,0.0067434944711559815,961.5,True,0.017886197625174533,0.03415686772291395,0.08547008547008547,0.10256410256410256,0.02082985246671707,0.023360484049911236,0.042035253840809396,0.05219238066460289,khong cai thien (6/50)
bt_dkgrec,active,2022,656,0.006742173823497114,963.4,False,,,,,,,,,
bt_dkgrec,active,2022,657,0.006775157784248679,964.9,False,,,,,,,,,
bt_dkgrec,active,2022,658,0.006747163531720675,966.2,False,,,,,,,,,
bt_dkgrec,active,2022,659,0.006698602434752814,967.6,False,,,,,,,,,
bt_dkgrec,active,2022,660,0.006728401969434813,969.0,True,0.017874658142835714,0.03420302565226924,0.08547008547008547,0.10256410256410256,0.02084264607839291,0.02336151447830753,0.042035253840809396,0.05219238066460289,khong cai thien (7/50)
bt_dkgrec,active,2022,661,0.006712886952329418,970.7,False,,,,,,,,,
bt_dkgrec,active,2022,662,0.006715684252417427,972.1,False,,,,,,,,,
bt_dkgrec,active,2022,663,0.006672820250919955,973.5,False,,,,,,,,,
bt_dkgrec,active,2022,664,0.0067099783456582,974.8,False,,,,,,,,,
bt_dkgrec,active,2022,665,0.006718887096572048,976.2,True,0.017978513483885114,0.034295341510979814,0.08547008547008547,0.10256410256410256,0.020813483382198062,0.023738092102772834,0.04154423251645474,0.053260756732978955,khong cai thien (8/50)
bt_dkgrec,active,2022,666,0.006732451297837928,978.1,False,,,,,,,,,
bt_dkgrec,active,2022,667,0.006693617200338738,979.5,False,,,,,,,,,
bt_dkgrec,active,2022,668,0.006741637869663321,980.8,False,,,,,,,,,
bt_dkgrec,active,2022,669,0.006665907378296944,982.2,False,,,,,,,,,
bt_dkgrec,active,2022,670,0.006689418639681466,983.6,True,0.017874658142835714,0.034433815299045684,0.08974358974358974,0.10683760683760683,0.020864680169058535,0.024215335988744553,0.041920142614587055,0.054329132801355026,khong cai thien (9/50)
bt_dkgrec,active,2022,671,0.00671383481111648,985.4,False,,,,,,,,,
bt_dkgrec,active,2022,672,0.006613660676064643,986.7,False,,,,,,,,,
bt_dkgrec,active,2022,673,0.006677857217488357,988.1,False,,,,,,,,,
bt_dkgrec,active,2022,674,0.006647894080228875,989.5,False,,,,,,,,,
bt_dkgrec,active,2022,675,0.006711033884394991,990.9,True,0.017897737107513356,0.03453767064009509,0.0811965811965812,0.1111111111111111,0.020227225066210407,0.02444505867000994,0.03989850170405726,0.05439696620252176,khong cai thien (10/50)
bt_dkgrec,active,2022,676,0.006680721748221268,992.8,False,,,,,,,,,
bt_dkgrec,active,2022,677,0.006633698133560597,994.2,False,,,,,,,,,
bt_dkgrec,active,2022,678,0.00666193861702062,995.6,False,,,,,,,,,
bt_dkgrec,active,2022,679,0.006674158834037185,996.9,False,,,,,,,,,
bt_dkgrec,active,2022,680,0.006733977156304773,998.3,True,0.018024671413240403,0.03461844701646684,0.0811965811965812,0.10256410256410256,0.019528095773503524,0.02364874850833199,0.03974022376800154,0.05428596609152165,khong cai thien (11/50)
bt_dkgrec,active,2022,681,0.006619163133714582,1000.1,False,,,,,,,,,
bt_dkgrec,active,2022,682,0.006622425388878478,1001.5,False,,,,,,,,,
bt_dkgrec,active,2022,683,0.00676401114177603,1002.9,False,,,,,,,,,
bt_dkgrec,active,2022,684,0.006559793506501712,1004.3,False,,,,,,,,,
bt_dkgrec,active,2022,685,0.006675849561040954,1005.7,True,0.018140066236628626,0.0349069340749374,0.08547008547008547,0.09829059829059829,0.020683270396648787,0.023143116339047514,0.04187697590475368,0.05001246181801738,khong cai thien (12/50)
bt_dkgrec,active,2022,686,0.006645643480101271,1007.5,False,,,,,,,,,
bt_dkgrec,active,2022,687,0.0067030627096419755,1008.8,False,,,,,,,,,
bt_dkgrec,active,2022,688,0.006572401505716183,1010.2,False,,,,,,,,,
bt_dkgrec,active,2022,689,0.0065812608818762025,1011.6,False,,,,,,,,,
bt_dkgrec,active,2022,690,0.0066141020388368315,1012.9,True,0.018151605718967446,0.034837697180904466,0.0811965811965812,0.09401709401709402,0.02032730009618727,0.02296919102683007,0.04045247448025226,0.048944085749641306,khong cai thien (13/50)
bt_dkgrec,active,2022,691,0.006600831674119076,1014.8,False,,,,,,,,,
bt_dkgrec,active,2022,692,0.006704847007061227,1016.2,False,,,,,,,,,
bt_dkgrec,active,2022,693,0.00659473287937503,1017.5,False,,,,,,,,,
bt_dkgrec,active,2022,694,0.006647039363225649,1018.9,False,,,,,,,,,
bt_dkgrec,active,2022,695,0.006586089212068483,1020.3,True,0.018174684683645092,0.034791539251549174,0.0811965811965812,0.09401709401709402,0.020203525044136056,0.02284268262939009,0.04045247448025226,0.048944085749641306,khong cai thien (14/50)
bt_dkgrec,active,2022,696,0.006615091489836103,1022.1,False,,,,,,,,,
bt_dkgrec,active,2022,697,0.006617934865417008,1023.4,False,,,,,,,,,
bt_dkgrec,active,2022,698,0.006625265662769557,1024.8,False,,,,,,,,,
bt_dkgrec,active,2022,699,0.006660547125407422,1026.2,False,,,,,,,,,
bt_dkgrec,active,2022,700,0.006585864266981859,1027.5,True,0.018313158471710958,0.03481461821622682,0.08547008547008547,0.09401709401709402,0.020907358968137703,0.023000773296158426,0.04187697590475368,0.048944085749641306,khong cai thien (15/50)
bt_dkgrec,active,2022,701,0.006484467876907611,1029.3,False,,,,,,,,,
bt_dkgrec,active,2022,702,0.006553525897959484,1030.7,False,,,,,,,,,
bt_dkgrec,active,2022,703,0.006594768396234327,1032.1,False,,,,,,,,,
bt_dkgrec,active,2022,704,0.006567072278469691,1033.5,False,,,,,,,,,
bt_dkgrec,active,2022,705,0.006555875970817547,1034.8,True,0.018209303130661558,0.03475692080453271,0.08547008547008547,0.09401709401709402,0.020588961072413536,0.022697401340783973,0.04187697590475368,0.048944085749641306,khong cai thien (16/50)
bt_dkgrec,active,2022,706,0.00657483562172402,1036.6,False,,,,,,,,,
bt_dkgrec,active,2022,707,0.0065102350817223195,1038.0,False,,,,,,,,,
bt_dkgrec,active,2022,708,0.006449025464336784,1039.4,False,,,,,,,,,
bt_dkgrec,active,2022,709,0.006627707745262623,1040.8,False,,,,,,,,,
bt_dkgrec,active,2022,710,0.006561976594956388,1042.1,True,0.018186224165983915,0.03461844701646684,0.0811965811965812,0.09401709401709402,0.02072631641336432,0.02330348010952607,0.041718697968697975,0.04937143617699174,khong cai thien (17/50)
bt_dkgrec,active,2022,711,0.006551362665787245,1044.1,False,,,,,,,,,
bt_dkgrec,active,2022,712,0.006542052565510069,1045.5,False,,,,,,,,,
bt_dkgrec,active,2022,713,0.006525873952417576,1046.9,False,,,,,,,,,
bt_dkgrec,active,2022,714,0.006480476221235615,1048.2,False,,,,,,,,,
bt_dkgrec,active,2022,715,0.006576116127000166,1049.6,True,0.01822084261300038,0.03465306546348331,0.08547008547008547,0.09401709401709402,0.022129726742877328,0.024468861409545805,0.04187697590475368,0.04937143617699174,khong cai thien (18/50)
bt_dkgrec,active,2022,716,0.0065663206587982335,1051.4,False,,,,,,,,,
bt_dkgrec,active,2022,717,0.006481955748983665,1052.8,False,,,,,,,,,
bt_dkgrec,active,2022,718,0.006513374306601252,1054.1,False,,,,,,,,,
bt_dkgrec,active,2022,719,0.006532127417264864,1055.5,False,,,,,,,,,
bt_dkgrec,active,2022,720,0.0066028140458325975,1056.9,True,0.01830161898937214,0.0345953680517892,0.0811965811965812,0.09401709401709402,0.021684247971344883,0.02429534616009829,0.041718697968697975,0.04937143617699174,khong cai thien (19/50)
bt_dkgrec,active,2022,721,0.006513458731146203,1058.9,False,,,,,,,,,
bt_dkgrec,active,2022,722,0.006515463777670642,1060.3,False,,,,,,,,,
bt_dkgrec,active,2022,723,0.006600122410949026,1061.6,False,,,,,,,,,
bt_dkgrec,active,2022,724,0.006565756253787138,1063.0,False,,,,,,,,,
bt_dkgrec,active,2022,725,0.00654989152601129,1064.3,True,0.01830161898937214,0.03482615769856564,0.07692307692307693,0.10256410256410256,0.02020885260542907,0.024363687616206206,0.040650321900321904,0.05368810716032938,khong cai thien (20/50)
bt_dkgrec,active,2022,726,0.006528284365418998,1066.1,False,,,,,,,,,
bt_dkgrec,active,2022,727,0.006502600672198958,1067.5,False,,,,,,,,,
bt_dkgrec,active,2022,728,0.006521177863603346,1068.9,False,,,,,,,,,
bt_dkgrec,active,2022,729,0.0064564890286547124,1070.3,False,,,,,,,,,
bt_dkgrec,active,2022,730,0.0066209694344641365,1071.7,True,0.01822084261300038,0.03471076287517742,0.07264957264957266,0.10683760683760683,0.018617686064336104,0.024101886163579368,0.03708906833906833,0.05511260858483081,khong cai thien (21/50)
bt_dkgrec,active,2022,731,0.006515043590841126,1073.6,False,,,,,,,,,
bt_dkgrec,active,2022,732,0.00648409553664893,1075.0,False,,,,,,,,,
bt_dkgrec,active,2022,733,0.006511155194458448,1076.3,False,,,,,,,,,
bt_dkgrec,active,2022,734,0.006553962476606999,1077.7,False,,,,,,,,,
bt_dkgrec,active,2022,735,0.00643999317274135,1079.1,True,0.01822084261300038,0.03488385511025975,0.07692307692307693,0.10683760683760683,0.01988197642739701,0.024468592530802497,0.040650321900321904,0.05511260858483081,khong cai thien (22/50)
bt_dkgrec,active,2022,736,0.00653135840021884,1080.9,False,,,,,,,,,
bt_dkgrec,active,2022,737,0.006520423311307611,1082.2,False,,,,,,,,,
bt_dkgrec,active,2022,738,0.006499113385475446,1083.7,False,,,,,,,,,
bt_dkgrec,active,2022,739,0.006463570600106551,1085.1,False,,,,,,,,,
bt_dkgrec,active,2022,740,0.006434004241757873,1086.5,True,0.018255461060016846,0.03489539459259858,0.0811965811965812,0.10256410256410256,0.020074479218341455,0.02341807674733423,0.04069348861015527,0.05083910431132654,khong cai thien (23/50)
bt_dkgrec,active,2022,741,0.006500227415089668,1088.2,False,,,,,,,,,
bt_dkgrec,active,2022,742,0.006419350466587252,1089.6,False,,,,,,,,,
bt_dkgrec,active,2022,743,0.006460096947711234,1091.0,False,,,,,,,,,
bt_dkgrec,active,2022,744,0.006454308351457648,1092.3,False,,,,,,,,,
bt_dkgrec,active,2022,745,0.00648237242195137,1093.7,True,0.018255461060016846,0.03493001303961504,0.0811965811965812,0.10256410256410256,0.020357069777381064,0.02304123401847092,0.04069348861015527,0.048770185575741136,khong cai thien (24/50)
bt_dkgrec,active,2022,746,0.006415358072841978,1095.5,False,,,,,,,,,
bt_dkgrec,active,2022,747,0.006544109551350681,1096.9,False,,,,,,,,,
bt_dkgrec,active,2022,748,0.006477620928271479,1098.3,False,,,,,,,,,
bt_dkgrec,active,2022,749,0.006475546046356151,1099.7,False,,,,,,,,,
bt_dkgrec,active,2022,750,0.00648969061640798,1101.1,True,0.01841701381276036,0.03495309200429269,0.0811965811965812,0.1111111111111111,0.020922266171901238,0.02578764724120776,0.04069348861015527,0.05867386214608437,best
bt_dkgrec,active,2022,751,0.006469717469079696,1102.9,False,,,,,,,,,
bt_dkgrec,active,2022,752,0.006531939387630583,1104.2,False,,,,,,,,,
bt_dkgrec,active,2022,753,0.006421345192499506,1105.6,False,,,,,,,,,
bt_dkgrec,active,2022,754,0.006391448147630386,1107.0,False,,,,,,,,,
bt_dkgrec,active,2022,755,0.006511870376816928,1108.3,True,0.01837085588340507,0.03482615769856564,0.0811965811965812,0.1111111111111111,0.020215204232599635,0.025121934888985984,0.04069348861015527,0.05867386214608437,khong cai thien (1/50)
bt_dkgrec,active,2022,756,0.006396617579584553,1110.1,False,,,,,,,,,
bt_dkgrec,active,2022,757,0.006474173248522735,1111.5,False,,,,,,,,,
bt_dkgrec,active,2022,758,0.00648715071906774,1112.9,False,,,,,,,,,
bt_dkgrec,active,2022,759,0.006341594198737021,1114.3,False,,,,,,,,,
bt_dkgrec,active,2022,760,0.0064266072773120075,1115.6,True,0.018497790189132116,0.03495309200429269,0.0811965811965812,0.10683760683760683,0.020381033124797793,0.024407657273331804,0.04069348861015527,0.054400357872580095,khong cai thien (2/50)
bt_dkgrec,active,2022,761,0.00635897717964152,1117.4,False,,,,,,,,,
bt_dkgrec,active,2022,762,0.006429734317260054,1118.8,False,,,,,,,,,
bt_dkgrec,active,2022,763,0.0064777361816607615,1120.1,False,,,,,,,,,
bt_dkgrec,active,2022,764,0.006441097897699883,1121.5,False,,,,,,,,,
bt_dkgrec,active,2022,765,0.006439666261258003,1122.9,True,0.018347776918727427,0.03489539459259858,0.06837606837606838,0.1111111111111111,0.018249416504827056,0.0246318129837586,0.036109723609723615,0.055501108973331194,khong cai thien (3/50)
bt_dkgrec,active,2022,766,0.006420042069497121,1124.8,False,,,,,,,,,
bt_dkgrec,active,2022,767,0.006386557633398899,1126.2,False,,,,,,,,,
bt_dkgrec,active,2022,768,0.006368448195599011,1127.6,False,,,,,,,,,
bt_dkgrec,active,2022,769,0.006354285416306722,1128.9,False,,,,,,,,,
bt_dkgrec,active,2022,770,0.006442997664267911,1130.3,True,0.018255461060016846,0.03494155252195386,0.07264957264957266,0.10683760683760683,0.018719944937093273,0.02449380467909616,0.036152890319556985,0.054685258157480376,khong cai thien (4/50)
bt_dkgrec,active,2022,771,0.006390888829620121,1132.1,False,,,,,,,,,
bt_dkgrec,active,2022,772,0.0064385041839616335,1133.4,False,,,,,,,,,
bt_dkgrec,active,2022,773,0.006402502855557191,1134.8,False,,,,,,,,,
bt_dkgrec,active,2022,774,0.00645018075505736,1136.2,False,,,,,,,,,
bt_dkgrec,active,2022,775,0.006445567295940185,1137.6,True,0.018232382095339204,0.034837697180904466,0.07692307692307693,0.10683760683760683,0.020387764022896878,0.02496051236983155,0.04042639459306126,0.054685258157480376,khong cai thien (5/50)
bt_dkgrec,active,2022,776,0.006396871809047566,1139.5,False,,,,,,,,,
bt_dkgrec,active,2022,777,0.006341265730638685,1140.9,False,,,,,,,,,
bt_dkgrec,active,2022,778,0.006390309116489604,1142.3,False,,,,,,,,,
bt_dkgrec,active,2022,779,0.00634088051520081,1143.6,False,,,,,,,,,
bt_dkgrec,active,2022,780,0.006354155599271253,1145.0,True,0.018290079507033315,0.03486077614558211,0.0811965811965812,0.10683760683760683,0.02089583131809553,0.025390093914726592,0.04069348861015527,0.05472842486731375,khong cai thien (6/50)
bt_dkgrec,active,2022,781,0.006371070882984671,1146.8,False,,,,,,,,,
bt_dkgrec,active,2022,782,0.0063494074047419505,1148.2,False,,,,,,,,,
bt_dkgrec,active,2022,783,0.006328838900267099,1149.5,False,,,,,,,,,
bt_dkgrec,active,2022,784,0.0064830045277283945,1150.9,False,,,,,,,,,
bt_dkgrec,active,2022,785,0.006417113266499738,1152.4,True,0.01830161898937214,0.0350107894159868,0.08974358974358974,0.10683760683760683,0.021511453351871216,0.025006962731294026,0.04227626797071241,0.054685258157480376,khong cai thien (7/50)
bt_dkgrec,active,2022,786,0.0063360827340386205,1154.2,False,,,,,,,,,
bt_dkgrec,active,2022,787,0.006424545251771401,1155.5,False,,,,,,,,,
bt_dkgrec,active,2022,788,0.006312919005702176,1156.9,False,,,,,,,,,
bt_dkgrec,active,2022,789,0.006318242498136031,1158.3,False,,,,,,,,,
bt_dkgrec,active,2022,790,0.0063423679370851445,1159.6,True,0.01832469795404978,0.0349069340749374,0.08547008547008547,0.10683760683760683,0.02163233266901466,0.02452419777873103,0.0410100444822667,0.05046654240030308,khong cai thien (8/50)
bt_dkgrec,active,2022,791,0.006386114914966713,1161.4,False,,,,,,,,,
bt_dkgrec,active,2022,792,0.006361832512044475,1162.8,False,,,,,,,,,
bt_dkgrec,active,2022,793,0.006368384675007727,1164.2,False,,,,,,,,,
bt_dkgrec,active,2022,794,0.006275874502653862,1165.6,False,,,,,,,,,
bt_dkgrec,active,2022,795,0.006343690782826023,1166.9,True,0.018313158471710958,0.03516080268639149,0.08547008547008547,0.10683760683760683,0.021527745945637215,0.024394100276328004,0.042233101260879036,0.05046654240030308,khong cai thien (9/50)
bt_dkgrec,active,2022,796,0.006311334346999027,1168.7,False,,,,,,,,,
bt_dkgrec,active,2022,797,0.006416838214094016,1170.1,False,,,,,,,,,
bt_dkgrec,active,2022,798,0.006343588231807881,1171.4,False,,,,,,,,,
bt_dkgrec,active,2022,799,0.006309295759105671,1172.8,False,,,,,,,,,
bt_dkgrec,active,2022,800,0.006358503671169342,1174.1,True,0.018359316401066247,0.03523003958042442,0.08547008547008547,0.10256410256410256,0.021863472702305025,0.024554080403820067,0.042233101260879036,0.050411753883976104,khong cai thien (10/50)
bt_dkgrec,active,2022,801,0.006266955361224843,1175.9,False,,,,,,,,,
bt_dkgrec,active,2022,802,0.006356318640768892,1177.3,False,,,,,,,,,
bt_dkgrec,active,2022,803,0.00625023024109021,1178.7,False,,,,,,,,,
bt_dkgrec,active,2022,804,0.006339142866870659,1180.1,False,,,,,,,,,
bt_dkgrec,active,2022,805,0.006274269173457571,1181.5,True,0.01850932967147094,0.035183881651069136,0.08974358974358974,0.10256410256410256,0.022489493747086597,0.024777551867423135,0.04243454590676812,0.05045492059380948,khong cai thien (11/50)
bt_dkgrec,active,2022,806,0.006395751239347874,1183.2,False,,,,,,,,,
bt_dkgrec,active,2022,807,0.006244081001429299,1184.6,False,,,,,,,,,
bt_dkgrec,active,2022,808,0.006335390933419715,1185.9,False,,,,,,,,,
bt_dkgrec,active,2022,809,0.006291044393665373,1187.3,False,,,,,,,,,
bt_dkgrec,active,2022,810,0.006253507486573331,1188.7,True,0.01841701381276036,0.0352185000980856,0.08974358974358974,0.10256410256410256,0.022969863999839826,0.02526751705321626,0.04243454590676812,0.05045492059380948,khong cai thien (12/50)
bt_dkgrec,active,2022,811,0.006272627551269186,1190.6,False,,,,,,,,,
bt_dkgrec,active,2022,812,0.006283593966814559,1192.0,False,,,,,,,,,
bt_dkgrec,active,2022,813,0.006272980423472747,1193.4,False,,,,,,,,,
bt_dkgrec,active,2022,814,0.006327987625172137,1194.7,False,,,,,,,,,
bt_dkgrec,active,2022,815,0.006234979509969806,1196.1,True,0.01841701381276036,0.035149263204052664,0.08547008547008547,0.10256410256410256,0.02174850752032604,0.024802250287293798,0.042233101260879036,0.050882271021159914,khong cai thien (13/50)
bt_dkgrec,active,2022,816,0.00624715042825043,1197.9,False,,,,,,,,,
bt_dkgrec,active,2022,817,0.006317259198507561,1199.2,False,,,,,,,,,
bt_dkgrec,active,2022,818,0.006321629588667202,1200.6,False,,,,,,,,,
bt_dkgrec,active,2022,819,0.006320922401271925,1202.0,False,,,,,,,,,
bt_dkgrec,active,2022,820,0.006369025796945797,1203.4,True,0.01857856656550387,0.035195421133407956,0.08547008547008547,0.10256410256410256,0.021692582789532414,0.024739026363528267,0.042233101260879036,0.050882271021159914,khong cai thien (14/50)
bt_dkgrec,active,2022,821,0.006238862702442082,1205.3,False,,,,,,,,,
bt_dkgrec,active,2022,822,0.006311928843038646,1206.7,False,,,,,,,,,
bt_dkgrec,active,2022,823,0.0062971215458675345,1208.0,False,,,,,,,,,
bt_dkgrec,active,2022,824,0.006214031620262189,1209.4,False,,,,,,,,,
bt_dkgrec,active,2022,825,0.006328963016310397,1210.7,True,0.018336237436388604,0.03516080268639149,0.08547008547008547,0.10256410256410256,0.02296189711914573,0.02557767001588541,0.042391379196934746,0.05083910431132654,khong cai thien (15/50)
bt_dkgrec,active,2022,826,0.006266899906042273,1212.5,False,,,,,,,,,
bt_dkgrec,active,2022,827,0.006274379044335335,1213.9,False,,,,,,,,,
bt_dkgrec,active,2022,828,0.00622154060706584,1215.2,False,,,,,,,,,
bt_dkgrec,active,2022,829,0.006269861612684055,1216.6,False,,,,,,,,,
bt_dkgrec,active,2022,830,0.006257605543058691,1218.1,True,0.018440092777438005,0.035126184239375025,0.08547008547008547,0.1111111111111111,0.0230147536665891,0.02766366651627715,0.042391379196934746,0.05938611285833508,best
bt_dkgrec,active,2022,831,0.006282422922193602,1219.9,False,,,,,,,,,
bt_dkgrec,active,2022,832,0.006283372959173151,1221.3,False,,,,,,,,,
bt_dkgrec,active,2022,833,0.006172392206580893,1222.7,False,,,,,,,,,
bt_dkgrec,active,2022,834,0.006254663581812723,1224.0,False,,,,,,,,,
bt_dkgrec,active,2022,835,0.006213289791385732,1225.4,True,0.018497790189132116,0.035183881651069136,0.08547008547008547,0.10256410256410256,0.02311035417726636,0.02665152535060755,0.042391379196934746,0.05506944187499743,khong cai thien (1/50)
bt_dkgrec,active,2022,836,0.006182484087065636,1227.2,False,,,,,,,,,
bt_dkgrec,active,2022,837,0.006196620145274924,1228.5,False,,,,,,,,,
bt_dkgrec,active,2022,838,0.0063403070188751435,1229.9,False,,,,,,,,,
bt_dkgrec,active,2022,839,0.0063010270855482975,1231.4,False,,,,,,,,,
bt_dkgrec,active,2022,840,0.006242048437073107,1232.8,True,0.01857856656550387,0.03543775026252322,0.0811965811965812,0.10256410256410256,0.022150153319430124,0.026684419515032462,0.0400963491241269,0.05506944187499743,khong cai thien (2/50)
bt_dkgrec,active,2022,841,0.006273920391525802,1234.5,False,,,,,,,,,
bt_dkgrec,active,2022,842,0.006244839144018525,1235.9,False,,,,,,,,,
bt_dkgrec,active,2022,843,0.006250409745309625,1237.3,False,,,,,,,,,
bt_dkgrec,active,2022,844,0.006258584753408466,1238.7,False,,,,,,,,,
bt_dkgrec,active,2022,845,0.006195518592975862,1240.0,True,0.018601645530181517,0.03547236870953969,0.0811965811965812,0.10256410256410256,0.022274441971674663,0.026884410915119054,0.04080859983637761,0.05549679230234786,khong cai thien (3/50)
bt_dkgrec,active,2022,846,0.006259537173691789,1241.8,False,,,,,,,,,
bt_dkgrec,active,2022,847,0.0062100368939438395,1243.2,False,,,,,,,,,
bt_dkgrec,active,2022,848,0.006315372983794709,1244.6,False,,,,,,,,,
bt_dkgrec,active,2022,849,0.006198939201207141,1246.0,False,,,,,,,,,
bt_dkgrec,active,2022,850,0.006205911875080523,1247.4,True,0.018705500871230917,0.0355300661212338,0.0811965811965812,0.10256410256410256,0.022459149317214162,0.026830284376207776,0.04080859983637761,0.05506944187499743,khong cai thien (4/50)
bt_dkgrec,active,2022,851,0.006224267511702296,1249.2,False,,,,,,,,,
bt_dkgrec,active,2022,852,0.006171472734704892,1250.5,False,,,,,,,,,
bt_dkgrec,active,2022,853,0.006252392941964815,1251.9,False,,,,,,,,,
bt_dkgrec,active,2022,854,0.00621141357733316,1253.3,False,,,,,,,,,
bt_dkgrec,active,2022,855,0.006178577639951795,1254.6,True,0.018693961388892094,0.03568007939163849,0.0811965811965812,0.10683760683760683,0.0220480913802025,0.027388419280521527,0.04080859983637761,0.059342946148501705,khong cai thien (5/50)
bt_dkgrec,active,2022,856,0.006180079092382393,1256.4,False,,,,,,,,,
bt_dkgrec,active,2022,857,0.006217748252346664,1257.8,False,,,,,,,,,
bt_dkgrec,active,2022,858,0.006210279656190758,1259.2,False,,,,,,,,,
bt_dkgrec,active,2022,859,0.006200636347120171,1260.6,False,,,,,,,,,
bt_dkgrec,active,2022,860,0.006221539237088695,1261.9,True,0.018636263977197982,0.035553145085911446,0.08547008547008547,0.11965811965811966,0.02305250658206145,0.029408663890007042,0.042233101260879036,0.06472799320021543,best
bt_dkgrec,active,2022,861,0.006191077484470253,1263.7,False,,,,,,,,,
bt_dkgrec,active,2022,862,0.0061499096725611034,1265.1,False,,,,,,,,,
bt_dkgrec,active,2022,863,0.006218568926375096,1266.4,False,,,,,,,,,
bt_dkgrec,active,2022,864,0.006281919529303028,1267.8,False,,,,,,,,,
bt_dkgrec,active,2022,865,0.0061973502118659735,1269.2,True,0.01878627724760267,0.03564546094462202,0.0811965811965812,0.11538461538461539,0.021525035775987696,0.02906300430723761,0.037959596987374764,0.06468482649038204,khong cai thien (1/50)
bt_dkgrec,active,2022,866,0.00618272246651856,1271.1,False,,,,,,,,,
bt_dkgrec,active,2022,867,0.00619321087731805,1272.5,False,,,,,,,,,
bt_dkgrec,active,2022,868,0.006215424606872394,1273.8,False,,,,,,,,,
bt_dkgrec,active,2022,869,0.00614418758743534,1275.2,False,,,,,,,,,
bt_dkgrec,active,2022,870,0.006141328727276411,1276.6,True,0.01878627724760267,0.03564546094462202,0.08547008547008547,0.11538461538461539,0.021166323520863613,0.028933417577642423,0.03838694741472519,0.06788995469551025,khong cai thien (2/50)
bt_dkgrec,active,2022,871,0.006110353337292636,1278.4,False,,,,,,,,,
bt_dkgrec,active,2022,872,0.006186171629586226,1279.7,False,,,,,,,,,
bt_dkgrec,active,2022,873,0.006138969893124582,1281.1,False,,,,,,,,,
bt_dkgrec,active,2022,874,0.00616500456442738,1282.5,False,,,,,,,,,
bt_dkgrec,active,2022,875,0.006165360479075181,1283.9,True,0.018636263977197982,0.03566853990929967,0.08547008547008547,0.11538461538461539,0.021070965884560762,0.02725827160278971,0.03838694741472519,0.06046755253626599,khong cai thien (3/50)
bt_dkgrec,active,2022,876,0.006229651288914359,1285.8,False,,,,,,,,,
bt_dkgrec,active,2022,877,0.0061742413140541625,1287.1,False,,,,,,,,,
bt_dkgrec,active,2022,878,0.0061411924964902675,1288.5,False,,,,,,,,,
bt_dkgrec,active,2022,879,0.006109171363042834,1289.8,False,,,,,,,,,
bt_dkgrec,active,2022,880,0.006068835018332096,1291.2,True,0.018647803459536805,0.03557622405058909,0.0811965811965812,0.1111111111111111,0.02094079971435941,0.027408830880105938,0.037959596987374764,0.06079982260537816,khong cai thien (4/50)
bt_dkgrec,active,2022,881,0.006132250246386534,1293.0,False,,,,,,,,,
bt_dkgrec,active,2022,882,0.0061263756633914345,1294.3,False,,,,,,,,,
bt_dkgrec,active,2022,883,0.006150960172397896,1295.7,False,,,,,,,,,
bt_dkgrec,active,2022,884,0.006155778091964794,1297.1,False,,,,,,,,,
bt_dkgrec,active,2022,885,0.006187426691205404,1298.5,True,0.018705500871230917,0.035541605603572626,0.0811965811965812,0.10683760683760683,0.021057992583240145,0.02662432666997536,0.037959596987374764,0.05652631833187388,khong cai thien (5/50)
bt_dkgrec,active,2022,886,0.006105595256134484,1300.3,False,,,,,,,,,
bt_dkgrec,active,2022,887,0.006125978291978803,1301.7,False,,,,,,,,,
bt_dkgrec,active,2022,888,0.006083613864804063,1303.0,False,,,,,,,,,
bt_dkgrec,active,2022,889,0.006233386962656774,1304.4,False,,,,,,,,,
bt_dkgrec,active,2022,890,0.006116722368051278,1305.8,True,0.01882089569461914,0.03559930301526674,0.07692307692307693,0.10256410256410256,0.02098133311355457,0.026906665643336772,0.03769250297028075,0.056259224314779865,khong cai thien (6/50)
bt_dkgrec,active,2022,891,0.006139756721988406,1307.6,False,,,,,,,,,
bt_dkgrec,active,2022,892,0.00608173526927759,1308.9,False,,,,,,,,,
bt_dkgrec,active,2022,893,0.0060853109583036465,1310.3,False,,,,,,,,,
bt_dkgrec,active,2022,894,0.006047357673487925,1311.7,False,,,,,,,,,
bt_dkgrec,active,2022,895,0.006112257269377935,1313.1,True,0.018740119318247383,0.03562238197994438,0.07692307692307693,0.10256410256410256,0.02087270981788094,0.026825192749111187,0.03769250297028075,0.056259224314779865,khong cai thien (7/50)
bt_dkgrec,active,2022,896,0.006066037286550392,1314.9,False,,,,,,,,,
bt_dkgrec,active,2022,897,0.006160716288942912,1316.2,False,,,,,,,,,
bt_dkgrec,active,2022,898,0.00611642371453272,1317.6,False,,,,,,,,,
bt_dkgrec,active,2022,899,0.006116160565864343,1319.0,False,,,,,,,,,
bt_dkgrec,active,2022,900,0.006095797781922833,1320.3,True,0.018740119318247383,0.03561084249760556,0.0811965811965812,0.1111111111111111,0.021054944129419186,0.02703737988509715,0.037735669680114124,0.05641485166338968,khong cai thien (8/50)
bt_dkgrec,active,2022,901,0.0061024586278912475,1322.1,False,,,,,,,,,
bt_dkgrec,active,2022,902,0.006069819980542672,1323.5,False,,,,,,,,,
bt_dkgrec,active,2022,903,0.006087232642345074,1325.0,False,,,,,,,,,
bt_dkgrec,active,2022,904,0.006116540323333727,1326.3,False,,,,,,,,,
bt_dkgrec,active,2022,905,0.006061637037314715,1327.7,True,0.018797816729941495,0.03576085576801025,0.07264957264957266,0.10683760683760683,0.019452108571973083,0.02655670045287049,0.03571402876958432,0.060105378160933705,khong cai thien (9/50)
bt_dkgrec,active,2022,906,0.0060923846049987145,1329.5,False,,,,,,,,,
bt_dkgrec,active,2022,907,0.006118377296616004,1330.9,False,,,,,,,,,
bt_dkgrec,active,2022,908,0.006097614198614662,1332.2,False,,,,,,,,,
bt_dkgrec,active,2022,909,0.006075205226002492,1333.6,False,,,,,,,,,
bt_dkgrec,active,2022,910,0.006024854054458195,1335.0,True,0.01878627724760267,0.035772395250349066,0.07264957264957266,0.1111111111111111,0.019035004059759757,0.026325342938418435,0.03571402876958432,0.06037247217802773,khong cai thien (10/50)
bt_dkgrec,active,2022,911,0.006080337446782135,1336.9,False,,,,,,,,,
bt_dkgrec,active,2022,912,0.006018996160088327,1338.3,False,,,,,,,,,
bt_dkgrec,active,2022,913,0.006124851549069373,1339.7,False,,,,,,,,,
bt_dkgrec,active,2022,914,0.006074699827047028,1341.1,False,,,,,,,,,
bt_dkgrec,active,2022,915,0.006116142921604054,1342.4,True,0.01882089569461914,0.03562238197994438,0.07692307692307693,0.1111111111111111,0.01980301026739978,0.026301304131230857,0.03785078090633646,0.06037247217802773,khong cai thien (11/50)
bt_dkgrec,active,2022,916,0.006067724636215584,1344.2,False,,,,,,,,,
bt_dkgrec,active,2022,917,0.006043510001102511,1345.6,False,,,,,,,,,
bt_dkgrec,active,2022,918,0.006031808567798842,1346.9,False,,,,,,,,,
bt_dkgrec,active,2022,919,0.006079442038287176,1348.3,False,,,,,,,,,
bt_dkgrec,active,2022,920,0.006050292058305853,1349.7,True,0.01882089569461914,0.035703158356316135,0.0811965811965812,0.11538461538461539,0.020908678943927766,0.026768726722057202,0.04003069975292197,0.0602047751901553,khong cai thien (12/50)
bt_dkgrec,active,2022,921,0.006052263846034218,1351.7,False,,,,,,,,,
bt_dkgrec,active,2022,922,0.006109901691480428,1353.1,False,,,,,,,,,
bt_dkgrec,active,2022,923,0.006090533662622641,1354.4,False,,,,,,,,,
bt_dkgrec,active,2022,924,0.005960845050175467,1355.8,False,,,,,,,,,
bt_dkgrec,active,2022,925,0.006062073677708948,1357.2,True,0.018693961388892094,0.03580701369736554,0.08547008547008547,0.11965811965811966,0.020779083220378195,0.027071315502225177,0.040086930072310185,0.06094238634443313,khong cai thien (13/50)
bt_dkgrec,active,2022,926,0.0059859955247712066,1359.0,False,,,,,,,,,
bt_dkgrec,active,2022,927,0.00613725300392147,1360.3,False,,,,,,,,,
bt_dkgrec,active,2022,928,0.006073590641777771,1361.7,False,,,,,,,,,
bt_dkgrec,active,2022,929,0.006043586659482745,1363.1,False,,,,,,,,,
bt_dkgrec,active,2022,930,0.0060355681907897215,1364.5,True,0.018555487600826228,0.03596856645010905,0.0811965811965812,0.11965811965811966,0.02040757474546481,0.02649019702156944,0.038873292345514565,0.059442343177723296,khong cai thien (14/50)
bt_dkgrec,active,2022,931,0.005992822316998152,1366.4,False,,,,,,,,,
bt_dkgrec,active,2022,932,0.006000009741331346,1367.8,False,,,,,,,,,
bt_dkgrec,active,2022,933,0.006008311144658408,1369.2,False,,,,,,,,,
bt_dkgrec,active,2022,934,0.006005535387949722,1370.5,False,,,,,,,,,
bt_dkgrec,active,2022,935,0.005999206177994318,1371.9,True,0.01857856656550387,0.03607242179115845,0.0811965811965812,0.12393162393162394,0.02043366234347233,0.027011513143163104,0.038873292345514565,0.05985469885323687,khong cai thien (15/50)
bt_dkgrec,active,2022,936,0.0060274852883068575,1373.7,False,,,,,,,,,
bt_dkgrec,active,2022,937,0.005993437187036324,1375.1,False,,,,,,,,,
bt_dkgrec,active,2022,938,0.00602448041612994,1376.5,False,,,,,,,,,
bt_dkgrec,active,2022,939,0.006048060394558725,1377.9,False,,,,,,,,,
bt_dkgrec,active,2022,940,0.006068286979787443,1379.3,True,0.01861318501252034,0.03618781661454667,0.08547008547008547,0.11965811965811966,0.020925150477029014,0.02681769626133223,0.040310857379570825,0.06014380221251566,khong cai thien (16/50)
bt_dkgrec,active,2022,941,0.006077356027139726,1381.1,False,,,,,,,,,
bt_dkgrec,active,2022,942,0.005960622471169743,1382.5,False,,,,,,,,,
bt_dkgrec,active,2022,943,0.006001995703559046,1383.9,False,,,,,,,,,
bt_dkgrec,active,2022,944,0.00605814170109043,1385.2,False,,,,,,,,,
bt_dkgrec,active,2022,945,0.006053881106379166,1386.6,True,0.01862472449485916,0.03588779007373729,0.07692307692307693,0.11538461538461539,0.019383615519176924,0.026159077507705564,0.03598112278667834,0.058007050075763525,khong cai thien (17/50)
bt_dkgrec,active,2022,946,0.0060661525499442065,1388.4,False,,,,,,,,,
bt_dkgrec,active,2022,947,0.005992894132118473,1389.8,False,,,,,,,,,
bt_dkgrec,active,2022,948,0.005995352915282668,1391.2,False,,,,,,,,,
bt_dkgrec,active,2022,949,0.006091269344965047,1392.6,False,,,,,,,,,
bt_dkgrec,active,2022,950,0.005989286628332767,1394.0,True,0.018693961388892094,0.035714697838654955,0.0811965811965812,0.11538461538461539,0.020899907995490904,0.026185118165210537,0.04310362990918546,0.059075426144139596,khong cai thien (18/50)
bt_dkgrec,active,2022,951,0.006017254400824451,1395.8,False,,,,,,,,,
bt_dkgrec,active,2022,952,0.006014238233816506,1397.2,False,,,,,,,,,
bt_dkgrec,active,2022,953,0.006032138421910998,1398.6,False,,,,,,,,,
bt_dkgrec,active,2022,954,0.005982203133160321,1399.9,False,,,,,,,,,
bt_dkgrec,active,2022,955,0.0059983325228451095,1401.3,True,0.01865934294187563,0.03587625059139847,0.0811965811965812,0.1111111111111111,0.020532542086475765,0.025971812408119348,0.04294535197312974,0.05901919582475138,khong cai thien (19/50)
bt_dkgrec,active,2022,956,0.005972120400210466,1403.1,False,,,,,,,,,
bt_dkgrec,active,2022,957,0.005989176917647046,1404.5,False,,,,,,,,,
bt_dkgrec,active,2022,958,0.005959598503516052,1406.0,False,,,,,,,,,
bt_dkgrec,active,2022,959,0.006031929705572187,1407.3,False,,,,,,,,,
bt_dkgrec,active,2022,960,0.005957026638037866,1408.7,True,0.018740119318247383,0.035714697838654955,0.07264957264957266,0.11538461538461539,0.019043301236036127,0.02599586767666209,0.03851356976356977,0.05906236253458475,khong cai thien (20/50)
bt_dkgrec,active,2022,961,0.0060190653689454286,1410.5,False,,,,,,,,,
bt_dkgrec,active,2022,962,0.006016692930193944,1411.8,False,,,,,,,,,
bt_dkgrec,active,2022,963,0.0059916830918816414,1413.2,False,,,,,,,,,
bt_dkgrec,active,2022,964,0.005995653328504527,1414.6,False,,,,,,,,,
bt_dkgrec,active,2022,965,0.005931174458392191,1416.0,True,0.018740119318247383,0.03576085576801025,0.07264957264957266,0.11538461538461539,0.019679417453279436,0.02640349518687697,0.03851356976356977,0.05867386214608437,khong cai thien (21/50)
bt_dkgrec,active,2022,966,0.00598443884703238,1417.9,False,,,,,,,,,
bt_dkgrec,active,2022,967,0.005944462284281791,1419.3,False,,,,,,,,,
bt_dkgrec,active,2022,968,0.00597273115032187,1420.7,False,,,,,,,,,
bt_dkgrec,active,2022,969,0.0060110750975095485,1422.1,False,,,,,,,,,
bt_dkgrec,active,2022,970,0.005969381168354408,1423.5,True,0.01878627724760267,0.0357377768033326,0.07264957264957266,0.10683760683760683,0.019692894354624742,0.02527759506730403,0.03851356976356977,0.054357191162746725,khong cai thien (22/50)
bt_dkgrec,active,2022,971,0.006025201658871317,1425.2,False,,,,,,,,,
bt_dkgrec,active,2022,972,0.005881558429469732,1426.6,False,,,,,,,,,
bt_dkgrec,active,2022,973,0.005985562558210141,1428.0,False,,,,,,,,,
bt_dkgrec,active,2022,974,0.00586533917462311,1429.3,False,,,,,,,,,
bt_dkgrec,active,2022,975,0.005973701300989049,1430.8,True,0.018843974659296783,0.035899329556076116,0.07264957264957266,0.11538461538461539,0.01875373531657152,0.025435514358751975,0.03851356976356977,0.05885561671380385,khong cai thien (23/50)
bt_dkgrec,active,2022,976,0.006015515901364299,1432.7,False,,,,,,,,,
bt_dkgrec,active,2022,977,0.005930815985775105,1434.1,False,,,,,,,,,
bt_dkgrec,active,2022,978,0.005925669069920261,1435.4,False,,,,,,,,,
bt_dkgrec,active,2022,979,0.00602554278006296,1436.8,False,,,,,,,,,
bt_dkgrec,active,2022,980,0.005949645491767817,1438.1,True,0.018947830000346184,0.035910869038414936,0.07264957264957266,0.12393162393162394,0.018460470925328196,0.025759201857134272,0.0374451936951937,0.059665822652214914,khong cai thien (24/50)
bt_dkgrec,active,2022,981,0.005916283657065442,1439.9,False,,,,,,,,,
bt_dkgrec,active,2022,982,0.005921224216795746,1441.3,False,,,,,,,,,
bt_dkgrec,active,2022,983,0.005927767313952305,1442.6,False,,,,,,,,,
bt_dkgrec,active,2022,984,0.005967027754856375,1444.0,False,,,,,,,,,
bt_dkgrec,active,2022,985,0.005906494671570049,1445.4,True,0.01886705362397443,0.03581855317970436,0.07264957264957266,0.12393162393162394,0.01830411435784709,0.025885775984354147,0.03643304794620584,0.06002338981140151,khong cai thien (25/50)
bt_dkgrec,active,2022,986,0.005997794320088263,1447.3,False,,,,,,,,,
bt_dkgrec,active,2022,987,0.005906200557901918,1448.7,False,,,,,,,,,
bt_dkgrec,active,2022,988,0.005969870357338946,1450.0,False,,,,,,,,,
bt_dkgrec,active,2022,989,0.005911061636723533,1451.4,False,,,,,,,,,
bt_dkgrec,active,2022,990,0.005987950655083329,1452.8,True,0.018901672070990895,0.035841632144382005,0.0811965811965812,0.1282051282051282,0.02031332160929351,0.02712540644322604,0.03861296679279135,0.06012134503756186,khong cai thien (26/50)
bt_dkgrec,active,2022,991,0.0059501861626002905,1454.5,False,,,,,,,,,
bt_dkgrec,active,2022,992,0.0059253031712281625,1455.9,False,,,,,,,,,
bt_dkgrec,active,2022,993,0.005973483647670279,1457.3,False,,,,,,,,,
bt_dkgrec,active,2022,994,0.0059455474677328176,1458.7,False,,,,,,,,,
bt_dkgrec,active,2022,995,0.005971586663952808,1460.1,True,0.018878593106313252,0.03595702696777023,0.08974358974358974,0.1282051282051282,0.021671630876197716,0.026750273456735876,0.04431097249079705,0.06012134503756186,khong cai thien (27/50)
bt_dkgrec,active,2022,996,0.005917433409266335,1461.9,False,,,,,,,,,
bt_dkgrec,active,2022,997,0.005985993444968874,1463.2,False,,,,,,,,,
bt_dkgrec,active,2022,998,0.005873918156886307,1464.6,False,,,,,,,,,
bt_dkgrec,active,2022,999,0.005943841040170843,1465.9,False,,,,,,,,,
bt_dkgrec,active,2022,1000,0.005919743004470334,1467.3,True,0.018947830000346184,0.03581855317970436,0.08974358974358974,0.1282051282051282,0.020931939630309537,0.02764123431970247,0.03988278750705651,0.06455842842201368,khong cai thien (28/50)
