model,cohort,seed,epoch,loss,seconds,evaluated,valid_coverage@10,valid_coverage@20,valid_hit_rate@10,valid_hit_rate@20,valid_ndcg@10,valid_ndcg@20,valid_recall@10,valid_recall@20,note
static_kg_gcn,active,2021,1,0.6875249203723018,1.7,False,,,,,,,,,
static_kg_gcn,active,2021,2,0.67888410341843,3.1,False,,,,,,,,,
static_kg_gcn,active,2021,3,0.6594568995163363,4.4,False,,,,,,,,,
static_kg_gcn,active,2021,4,0.6224517518174947,5.8,False,,,,,,,,,
static_kg_gcn,active,2021,5,0.5688644900348043,7.1,True,0.0037157133131007743,0.00672751820353339,0.02564102564102564,0.05982905982905983,0.007385123822303929,0.011738439099081729,0.007430414776906005,0.02289126950339276,best
static_kg_gcn,active,2021,6,0.5075394627552001,8.9,False,,,,,,,,,
static_kg_gcn,active,2021,7,0.4484098668538979,10.4,False,,,,,,,,,
static_kg_gcn,active,2021,8,0.39663741288974463,11.8,False,,,,,,,,,
static_kg_gcn,active,2021,9,0.35294199437718077,13.2,False,,,,,,,,,
static_kg_gcn,active,2021,10,0.31643200634330493,14.6,True,0.003900345030521931,0.006935228885632191,0.03418803418803419,0.05555555555555555,0.009106326899196254,0.011267636065630356,0.012194940374764937,0.019230618912917607,khong cai thien (1/50)
static_kg_gcn,active,2021,11,0.28531649933967523,16.4,False,,,,,,,,,
static_kg_gcn,active,2021,12,0.2568707752870074,17.8,False,,,,,,,,,
static_kg_gcn,active,2021,13,0.2351140103262749,19.1,False,,,,,,,,,
static_kg_gcn,active,2021,14,0.21471058831899734,20.5,False,,,,,,,,,
static_kg_gcn,active,2021,15,0.196743307822957,21.9,True,0.004777345688272424,0.008366124695646153,0.042735042735042736,0.06837606837606838,0.01067517063776002,0.013510681569967186,0.017179253557458685,0.02778923054170468,best
static_kg_gcn,active,2021,16,0.18138228126469175,23.8,False,,,,,,,,,
static_kg_gcn,active,2021,17,0.1674038380289108,25.2,False,,,,,,,,,
static_kg_gcn,active,2021,18,0.1537349894238235,26.6,False,,,,,,,,,
static_kg_gcn,active,2021,19,0.1439009125058241,28.0,False,,,,,,,,,
static_kg_gcn,active,2021,20,0.1344499137029012,29.4,True,0.005481254110940584,0.010062428599453029,0.04700854700854701,0.07264957264957266,0.01164203858945288,0.014864158822192266,0.01724708695862542,0.029925982678456812,best
static_kg_gcn,active,2021,21,0.12720962101177063,31.2,False,,,,,,,,,
static_kg_gcn,active,2021,22,0.11871223397324482,32.6,False,,,,,,,,,
static_kg_gcn,active,2021,23,0.11212543651918573,34.0,False,,,,,,,,,
static_kg_gcn,active,2021,24,0.10684465246700223,35.4,False,,,,,,,,,
static_kg_gcn,active,2021,25,0.10060191698785345,36.8,True,0.006277478392319321,0.01143562699777288,0.042735042735042736,0.06837606837606838,0.011576582920069153,0.01500324082056605,0.016712898924437385,0.02939179464426878,best
static_kg_gcn,active,2021,26,0.09548168646915813,38.7,False,,,,,,,,,
static_kg_gcn,active,2021,27,0.09164885211649086,40.1,False,,,,,,,,,
static_kg_gcn,active,2021,28,0.08764769715711956,41.5,False,,,,,,,,,
static_kg_gcn,active,2021,29,0.08340438801676588,42.9,False,,,,,,,,,
static_kg_gcn,active,2021,30,0.08044453460042486,44.2,True,0.00683137354458279,0.012451101443589241,0.04700854700854701,0.06837606837606838,0.013988221774913762,0.016781785905892226,0.018849651061189524,0.02945962804543551,best
static_kg_gcn,active,2021,31,0.07719493377135382,46.0,False,,,,,,,,,
static_kg_gcn,active,2021,32,0.07397046298867344,47.4,False,,,,,,,,,
static_kg_gcn,active,2021,33,0.07107417533054507,48.7,False,,,,,,,,,
static_kg_gcn,active,2021,34,0.06897031996157216,50.1,False,,,,,,,,,
static_kg_gcn,active,2021,35,0.06666186864554714,51.5,True,0.007292952838135682,0.013489654854083245,0.05128205128205128,0.06837606837606838,0.014109627321361586,0.01666309597495759,0.019007928997245238,0.0298697523590686,khong cai thien (1/50)
static_kg_gcn,active,2021,36,0.06406262939306402,53.5,False,,,,,,,,,
static_kg_gcn,active,2021,37,0.06274439786357414,54.8,False,,,,,,,,,
static_kg_gcn,active,2021,38,0.05997369673788478,56.2,False,,,,,,,,,
static_kg_gcn,active,2021,39,0.05839954594425715,57.6,False,,,,,,,,,
static_kg_gcn,active,2021,40,0.056428316675094334,58.9,True,0.007696834719994461,0.01432049758247845,0.05128205128205128,0.07264957264957266,0.014098373324543478,0.016968336389810736,0.019007928997245238,0.02998077119478379,best
static_kg_gcn,active,2021,41,0.05512793341690216,60.7,False,,,,,,,,,
static_kg_gcn,active,2021,42,0.05346300979105056,62.1,False,,,,,,,,,
static_kg_gcn,active,2021,43,0.05158455610191113,63.5,False,,,,,,,,,
static_kg_gcn,active,2021,44,0.05078105820893773,64.9,False,,,,,,,,,
static_kg_gcn,active,2021,45,0.049574680920643294,66.3,True,0.008019940225481486,0.015001327040468965,0.042735042735042736,0.07692307692307693,0.011434241856988782,0.015035437541418275,0.01890997377108488,0.030408121622134215,khong cai thien (1/50)
static_kg_gcn,active,2021,46,0.04816955987205379,68.0,False,,,,,,,,,
static_kg_gcn,active,2021,47,0.04775847213945669,69.4,False,,,,,,,,,
static_kg_gcn,active,2021,48,0.045863127120330444,70.8,False,,,,,,,,,
static_kg_gcn,active,2021,49,0.04503364054697759,72.1,False,,,,,,,,,
static_kg_gcn,active,2021,50,0.04349645240354205,73.5,True,0.008366124695646153,0.01584370925120299,0.042735042735042736,0.06837606837606838,0.011559380993780094,0.014744219913369822,0.01890997377108488,0.03025393607658565,khong cai thien (2/50)
static_kg_gcn,active,2021,51,0.04287349133622834,75.2,False,,,,,,,,,
static_kg_gcn,active,2021,52,0.04196394060993408,76.6,False,,,,,,,,,
static_kg_gcn,active,2021,53,0.040727436721930486,78.0,False,,,,,,,,,
static_kg_gcn,active,2021,54,0.04046070150771635,79.4,False,,,,,,,,,
static_kg_gcn,active,2021,55,0.03907905327716109,80.7,True,0.008562295895406132,0.016409143885805284,0.04700854700854701,0.07692307692307693,0.01171572318983651,0.015044075633382108,0.018964762287411858,0.030685603174919415,khong cai thien (3/50)
static_kg_gcn,active,2021,56,0.03857692813029261,82.5,False,,,,,,,,,
static_kg_gcn,active,2021,57,0.03762631575982825,83.8,False,,,,,,,,,
static_kg_gcn,active,2021,58,0.03683020173282185,85.2,False,,,,,,,,,
static_kg_gcn,active,2021,59,0.03687926080329545,86.5,False,,,,,,,,,
static_kg_gcn,active,2021,60,0.03526569474217418,87.8,True,0.008793085542182577,0.01690534162637464,0.04700854700854701,0.07692307692307693,0.012022296251734718,0.015458819877517243,0.019444161805272916,0.03075345530080123,khong cai thien (4/50)
static_kg_gcn,active,2021,61,0.03522853588870072,89.6,False,,,,,,,,,
static_kg_gcn,active,2021,62,0.034406578346184435,91.0,False,,,,,,,,,
static_kg_gcn,active,2021,63,0.03394532293431884,92.3,False,,,,,,,,,
static_kg_gcn,active,2021,64,0.033612770180668806,93.7,False,,,,,,,,,
static_kg_gcn,active,2021,65,0.03248794229820296,95.0,True,0.009116191047669602,0.017389999884605177,0.04700854700854701,0.07692307692307693,0.012192718470170361,0.015524493947593648,0.01997834983946095,0.03075345530080123,khong cai thien (5/50)
static_kg_gcn,active,2021,66,0.0319530278571848,96.8,False,,,,,,,,,
static_kg_gcn,active,2021,67,0.03145145479214457,98.1,False,,,,,,,,,
static_kg_gcn,active,2021,68,0.031162276924005444,99.5,False,,,,,,,,,
static_kg_gcn,active,2021,69,0.030295272225256988,100.8,False,,,,,,,,,
static_kg_gcn,active,2021,70,0.029842291177154794,102.2,True,0.009289283282751935,0.017943895036868645,0.042735042735042736,0.07264957264957266,0.011607379109296025,0.01522668750592794,0.01937632840410618,0.030697224981413015,khong cai thien (6/50)
static_kg_gcn,active,2021,71,0.029721797563999102,104.1,False,,,,,,,,,
static_kg_gcn,active,2021,72,0.029317059831472748,105.4,False,,,,,,,,,
static_kg_gcn,active,2021,73,0.028714925472544176,106.8,False,,,,,,,,,
static_kg_gcn,active,2021,74,0.028265890053880527,108.2,False,,,,,,,,,
static_kg_gcn,active,2021,75,0.0277588625800863,109.5,True,0.00961238878823896,0.01852086915380976,0.042735042735042736,0.07264957264957266,0.011671420848473156,0.015408845607396651,0.01937632840410618,0.030752013497739993,khong cai thien (7/50)
static_kg_gcn,active,2021,76,0.027640932777942537,111.3,False,,,,,,,,,
static_kg_gcn,active,2021,77,0.027419433868943764,112.6,False,,,,,,,,,
static_kg_gcn,active,2021,78,0.026479492242748554,114.0,False,,,,,,,,,
static_kg_gcn,active,2021,79,0.0266976717797199,115.4,False,,,,,,,,,
static_kg_gcn,active,2021,80,0.026180402004210727,116.8,True,0.00982009947033776,0.01893629051800736,0.042735042735042736,0.07264957264957266,0.012034158114582517,0.015508029281361614,0.01937632840410618,0.030697224981413015,khong cai thien (8/50)
static_kg_gcn,active,2021,81,0.025728515421328042,118.7,False,,,,,,,,,
static_kg_gcn,active,2021,82,0.025285625507499434,120.0,False,,,,,,,,,
static_kg_gcn,active,2021,83,0.025157474418048838,121.4,False,,,,,,,,,
static_kg_gcn,active,2021,84,0.024519658966978962,122.7,False,,,,,,,,,
static_kg_gcn,active,2021,85,0.024334796262589307,124.1,True,0.010062428599453029,0.019247856541155565,0.04700854700854701,0.07264957264957266,0.012669567243013853,0.015677519236126834,0.02044470447248225,0.030697224981413015,khong cai thien (9/50)
static_kg_gcn,active,2021,86,0.02402598994473126,125.8,False,,,,,,,,,
static_kg_gcn,active,2021,87,0.023442193942685898,127.2,False,,,,,,,,,
static_kg_gcn,active,2021,88,0.02366093353936375,128.6,False,,,,,,,,,
static_kg_gcn,active,2021,89,0.023603347265125803,129.9,False,,,,,,,,,
static_kg_gcn,active,2021,90,0.022916820568554912,131.3,True,0.01027013928155183,0.019559422564303767,0.04700854700854701,0.07264957264957266,0.012537207146297635,0.015484027667130452,0.02044470447248225,0.030642436465086038,khong cai thien (10/50)
static_kg_gcn,active,2021,91,0.022822833692158456,133.1,False,,,,,,,,,
static_kg_gcn,active,2021,92,0.022602012948457297,134.4,False,,,,,,,,,
static_kg_gcn,active,2021,93,0.02236984788601877,135.8,False,,,,,,,,,
static_kg_gcn,active,2021,94,0.0219905942193526,137.1,False,,,,,,,,,
static_kg_gcn,active,2021,95,0.022158424474431514,138.5,True,0.010593244787038854,0.01989406755212961,0.05555555555555555,0.07264957264957266,0.013133865887980324,0.01557296418682298,0.020887993377309615,0.030642436465086038,khong cai thien (11/50)
static_kg_gcn,active,2021,96,0.02139365977316966,140.2,False,,,,,,,,,
static_kg_gcn,active,2021,97,0.021418479625345682,141.6,False,,,,,,,,,
static_kg_gcn,active,2021,98,0.02126381139221619,143.0,False,,,,,,,,,
static_kg_gcn,active,2021,99,0.020915113339616504,144.3,False,,,,,,,,,
static_kg_gcn,active,2021,100,0.020456837975604682,145.7,True,0.010870192363170588,0.020205633575277812,0.05555555555555555,0.06837606837606838,0.012555020950574024,0.01498974445913133,0.020887993377309615,0.03062939158024628,khong cai thien (12/50)
static_kg_gcn,active,2021,101,0.020529527785054024,147.4,False,,,,,,,,,
static_kg_gcn,active,2021,102,0.020086577622538924,148.8,False,,,,,,,,,
static_kg_gcn,active,2021,103,0.019682796806312127,150.1,False,,,,,,,,,
static_kg_gcn,active,2021,104,0.01986531719770043,151.5,False,,,,,,,,,
static_kg_gcn,active,2021,105,0.01974923213226345,152.9,True,0.0109278897748647,0.02059797597479777,0.05555555555555555,0.06837606837606838,0.012585404278116635,0.015059846395982327,0.020887993377309615,0.03096310345241969,khong cai thien (13/50)
static_kg_gcn,active,2021,106,0.019377714087986716,154.6,False,,,,,,,,,
static_kg_gcn,active,2021,107,0.019224816609708595,156.0,False,,,,,,,,,
static_kg_gcn,active,2021,108,0.018694791778863525,157.4,False,,,,,,,,,
static_kg_gcn,active,2021,109,0.01878742054588112,158.7,False,,,,,,,,,
static_kg_gcn,active,2021,110,0.0188313645496501,160.1,True,0.011124060974624678,0.020840305103913038,0.05555555555555555,0.06837606837606838,0.012585404278116635,0.015273984631748292,0.020887993377309615,0.03139045387977012,khong cai thien (14/50)
static_kg_gcn,active,2021,111,0.018673620780857134,161.8,False,,,,,,,,,
static_kg_gcn,active,2021,112,0.018467351431468246,163.2,False,,,,,,,,,
static_kg_gcn,active,2021,113,0.018400203070748838,164.5,False,,,,,,,,,
static_kg_gcn,active,2021,114,0.017931968779956647,165.9,False,,,,,,,,,
static_kg_gcn,active,2021,115,0.017912578839887488,167.2,True,0.01128561372736819,0.021267265950449463,0.05555555555555555,0.07692307692307693,0.012506080056668742,0.016368596724483958,0.020887993377309615,0.03572018847266261,khong cai thien (15/50)
static_kg_gcn,active,2021,116,0.017554693281096174,169.1,False,,,,,,,,,
static_kg_gcn,active,2021,117,0.01755429460154507,170.5,False,,,,,,,,,
static_kg_gcn,active,2021,118,0.017458816953327818,171.8,False,,,,,,,,,
static_kg_gcn,active,2021,119,0.017415385815830423,173.2,False,,,,,,,,,
static_kg_gcn,active,2021,120,0.017005458124442013,174.5,True,0.01143562699777288,0.021590371455936487,0.05555555555555555,0.0811965811965812,0.012506080056668742,0.016713081877849194,0.020887993377309615,0.03605987727388987,khong cai thien (16/50)
static_kg_gcn,active,2021,121,0.01726898972185377,176.2,False,,,,,,,,,
static_kg_gcn,active,2021,122,0.016823165400549914,177.6,False,,,,,,,,,
static_kg_gcn,active,2021,123,0.016968690459994502,178.9,False,,,,,,,,,
static_kg_gcn,active,2021,124,0.016483409720701423,180.3,False,,,,,,,,,
static_kg_gcn,active,2021,125,0.0165406244108412,181.7,True,0.011539482338822281,0.021682687314647064,0.05128205128205128,0.08547008547008547,0.012182298715971143,0.01763060919018425,0.0206208993602156,0.040278593031067164,best
static_kg_gcn,active,2021,126,0.01650470165828477,183.5,False,,,,,,,,,
static_kg_gcn,active,2021,127,0.016441493646358378,184.9,False,,,,,,,,,
static_kg_gcn,active,2021,128,0.01624055519465091,186.2,False,,,,,,,,,
static_kg_gcn,active,2021,129,0.016173095234631917,187.6,False,,,,,,,,,
static_kg_gcn,active,2021,130,0.015873101322513575,188.9,True,0.011643337679871682,0.021982713855456443,0.05128205128205128,0.0811965811965812,0.012411498793556765,0.01779274923830851,0.0206208993602156,0.04022236271167895,best
static_kg_gcn,active,2021,131,0.015936421497927854,190.7,False,,,,,,,,,
static_kg_gcn,active,2021,132,0.01590507261946311,192.0,False,,,,,,,,,
static_kg_gcn,active,2021,133,0.015612439257714286,193.4,False,,,,,,,,,
static_kg_gcn,active,2021,134,0.015492111376372568,194.8,False,,,,,,,,,
static_kg_gcn,active,2021,135,0.015086184143043904,196.1,True,0.011677956126888147,0.022236582466910536,0.05128205128205128,0.0811965811965812,0.012756189162917968,0.018195850775688298,0.0206208993602156,0.04022236271167895,best
static_kg_gcn,active,2021,136,0.015367294996411155,197.9,False,,,,,,,,,
static_kg_gcn,active,2021,137,0.015355826601161263,199.2,False,,,,,,,,,
static_kg_gcn,active,2021,138,0.015105789272402154,200.6,False,,,,,,,,,
static_kg_gcn,active,2021,139,0.015004310783018147,201.9,False,,,,,,,,,
static_kg_gcn,active,2021,140,0.014848137247350195,203.3,True,0.01194336422068106,0.02250199056070345,0.05555555555555555,0.0811965811965812,0.013893484533333248,0.01813585451457419,0.02489440363371987,0.03999369274616688,khong cai thien (1/50)
static_kg_gcn,active,2021,141,0.014700047588724176,205.0,False,,,,,,,,,
static_kg_gcn,active,2021,142,0.014349404236791008,206.4,False,,,,,,,,,
static_kg_gcn,active,2021,143,0.014317925501971515,207.8,False,,,,,,,,,
static_kg_gcn,active,2021,144,0.014287856239041677,209.2,False,,,,,,,,,
static_kg_gcn,active,2021,145,0.014700048861672078,210.5,True,0.012070298526408105,0.02281355658385165,0.05555555555555555,0.0811965811965812,0.014029065219249563,0.018296210427806926,0.02489440363371987,0.03999369274616688,best
static_kg_gcn,active,2021,146,0.014450594468826765,212.3,False,,,,,,,,,
static_kg_gcn,active,2021,147,0.014405788983437239,213.6,False,,,,,,,,,
static_kg_gcn,active,2021,148,0.01407157421641418,215.0,False,,,,,,,,,
static_kg_gcn,active,2021,149,0.014247031032424697,216.3,False,,,,,,,,,
static_kg_gcn,active,2021,150,0.014187027191559091,217.7,True,0.012127995938102216,0.02303280674828927,0.05555555555555555,0.08547008547008547,0.014179830131976517,0.019857964111704825,0.02489440363371987,0.04569025664111134,best
static_kg_gcn,active,2021,151,0.013864321817326204,219.5,False,,,,,,,,,
static_kg_gcn,active,2021,152,0.014087795097558089,220.9,False,,,,,,,,,
static_kg_gcn,active,2021,153,0.013628943160238658,222.3,False,,,,,,,,,
static_kg_gcn,active,2021,154,0.013755792173429371,223.6,False,,,,,,,,,
static_kg_gcn,active,2021,155,0.013814937477133114,225.0,True,0.012208772314473973,0.023309754324421006,0.05982905982905983,0.08547008547008547,0.01544083847282854,0.019951350453465886,0.029167907907224146,0.04569025664111134,best
static_kg_gcn,active,2021,156,0.013575343811772965,226.7,False,,,,,,,,,
static_kg_gcn,active,2021,157,0.013233572992225426,228.1,False,,,,,,,,,
static_kg_gcn,active,2021,158,0.01347690193959725,229.4,False,,,,,,,,,
static_kg_gcn,active,2021,159,0.013261500443337874,230.8,False,,,,,,,,,
static_kg_gcn,active,2021,160,0.013452320772334199,232.1,True,0.01234724610253984,0.02358670190055274,0.05982905982905983,0.08974358974358974,0.01560036510035443,0.02009318503310021,0.029167907907224146,0.04592036840968465,best
static_kg_gcn,active,2021,161,0.012924141437197788,234.0,False,,,,,,,,,
static_kg_gcn,active,2021,162,0.01333190861109025,235.4,False,,,,,,,,,
static_kg_gcn,active,2021,163,0.012899573022549226,236.7,False,,,,,,,,,
static_kg_gcn,active,2021,164,0.012959485205556813,238.1,False,,,,,,,,,
static_kg_gcn,active,2021,165,0.0125511203009059,239.5,True,0.012381864549556306,0.023863649476684477,0.05555555555555555,0.08974358974358974,0.014871525914150181,0.020025646834142454,0.02489440363371987,0.0430713655606818,khong cai thien (1/50)
static_kg_gcn,active,2021,166,0.012716332246151802,241.2,False,,,,,,,,,
static_kg_gcn,active,2021,167,0.012868921474220828,242.5,False,,,,,,,,,
static_kg_gcn,active,2021,168,0.012508962679838928,243.9,False,,,,,,,,,
static_kg_gcn,active,2021,169,0.012597820119106295,245.3,False,,,,,,,,,
static_kg_gcn,active,2021,170,0.012480656369090237,246.7,True,0.012658812125688042,0.023852109994345654,0.05555555555555555,0.08974358974358974,0.014846129730603917,0.020015063416492167,0.02489440363371987,0.0430713655606818,khong cai thien (2/50)
static_kg_gcn,active,2021,171,0.012411189514945234,248.5,False,,,,,,,,,
static_kg_gcn,active,2021,172,0.012375437344285633,249.8,False,,,,,,,,,
static_kg_gcn,active,2021,173,0.012313368039713658,251.2,False,,,,,,,,,
static_kg_gcn,active,2021,174,0.012002508444385867,252.5,False,,,,,,,,,
static_kg_gcn,active,2021,175,0.0120589062529227,253.9,True,0.012739588502059798,0.02414059705281621,0.05982905982905983,0.09401709401709402,0.016221459500807413,0.02058180374948145,0.029167907907224146,0.04328587381612573,best
static_kg_gcn,active,2021,176,0.01242212648314518,255.6,False,,,,,,,,,
static_kg_gcn,active,2021,177,0.011912227801972555,257.0,False,,,,,,,,,
static_kg_gcn,active,2021,178,0.01197593106951002,258.4,False,,,,,,,,,
static_kg_gcn,active,2021,179,0.012071148758895265,259.7,False,,,,,,,,,
static_kg_gcn,active,2021,180,0.011974180678238881,261.1,True,0.012774206949076265,0.024267531358543256,0.05982905982905983,0.08547008547008547,0.01633428022930246,0.020217159798136763,0.029167907907224146,0.04185993058856306,khong cai thien (1/50)
static_kg_gcn,active,2021,181,0.011891493799843103,262.9,False,,,,,,,,,
static_kg_gcn,active,2021,182,0.011775589222775348,264.2,False,,,,,,,,,
static_kg_gcn,active,2021,183,0.01183371877413657,265.6,False,,,,,,,,,
static_kg_gcn,active,2021,184,0.011881790592750371,267.0,False,,,,,,,,,
static_kg_gcn,active,2021,185,0.011505634939355303,268.3,True,0.012981917631175066,0.02474065013443497,0.05982905982905983,0.08547008547008547,0.016599646110099342,0.02035330064214559,0.029167907907224146,0.041701652652507346,khong cai thien (2/50)
static_kg_gcn,active,2021,186,0.011586044987203897,270.1,False,,,,,,,,,
static_kg_gcn,active,2021,187,0.011337895080515168,271.5,False,,,,,,,,,
static_kg_gcn,active,2021,188,0.011626115238778378,272.9,False,,,,,,,,,
static_kg_gcn,active,2021,189,0.011522844994700314,274.2,False,,,,,,,,,
static_kg_gcn,active,2021,190,0.011604478943804107,275.6,True,0.013097312454563288,0.024752189616773793,0.05982905982905983,0.0811965811965812,0.01610011813093563,0.019026704262018534,0.029167907907224146,0.03748293689533006,khong cai thien (3/50)
static_kg_gcn,active,2021,191,0.011459664374813404,277.4,False,,,,,,,,,
static_kg_gcn,active,2021,192,0.011333270120876373,278.7,False,,,,,,,,,
static_kg_gcn,active,2021,193,0.011606011750528436,280.1,False,,,,,,,,,
static_kg_gcn,active,2021,194,0.011290237214914654,281.4,False,,,,,,,,,
static_kg_gcn,active,2021,195,0.011159751708373689,282.8,True,0.013235786242629156,0.02489066340483966,0.05555555555555555,0.0811965811965812,0.01591756128489785,0.01894080926779774,0.02911311939089717,0.03742814837900307,khong cai thien (4/50)
static_kg_gcn,active,2021,196,0.011185357406109696,284.6,False,,,,,,,,,
static_kg_gcn,active,2021,197,0.01116070965506643,286.0,False,,,,,,,,,
static_kg_gcn,active,2021,198,0.011255727128525597,287.4,False,,,,,,,,,
static_kg_gcn,active,2021,199,0.01093370568442575,288.7,False,,,,,,,,,
static_kg_gcn,active,2021,200,0.010756816507095389,290.1,True,0.013316562619000912,0.02535224269839255,0.05982905982905983,0.08547008547008547,0.01656439500103966,0.01980698909613602,0.029167907907224146,0.0388526498035045,khong cai thien (5/50)
static_kg_gcn,active,2021,201,0.010729533405816899,291.8,False,,,,,,,,,
static_kg_gcn,active,2021,202,0.01100090749667202,293.2,False,,,,,,,,,
static_kg_gcn,active,2021,203,0.010863214662361714,294.6,False,,,,,,,,,
static_kg_gcn,active,2021,204,0.010910716107424591,295.9,False,,,,,,,,,
static_kg_gcn,active,2021,205,0.010715626420151989,297.3,True,0.013466575889405601,0.02538686114540902,0.05982905982905983,0.09401709401709402,0.01645227847908029,0.02141286889856448,0.029167907907224146,0.045089024764575825,best
static_kg_gcn,active,2021,206,0.01086949886759415,299.2,False,,,,,,,,,
static_kg_gcn,active,2021,207,0.010646720061002568,300.6,False,,,,,,,,,
static_kg_gcn,active,2021,208,0.010776377536956868,301.9,False,,,,,,,,,
static_kg_gcn,active,2021,209,0.010826745229486127,303.3,False,,,,,,,,,
static_kg_gcn,active,2021,210,0.01047281280474578,304.6,True,0.013501194336422068,0.02554841389815253,0.05982905982905983,0.09401709401709402,0.01629735858675288,0.02131774960387676,0.029167907907224146,0.045690256641111336,khong cai thien (1/50)
static_kg_gcn,active,2021,211,0.010600072728726224,306.4,False,,,,,,,,,
static_kg_gcn,active,2021,212,0.01057686967937174,307.8,False,,,,,,,,,
static_kg_gcn,active,2021,213,0.010320933006190533,309.1,False,,,,,,,,,
static_kg_gcn,active,2021,214,0.010399456610279516,310.5,False,,,,,,,,,
static_kg_gcn,active,2021,215,0.01068581429319467,311.9,True,0.01345503640706678,0.025721506133234862,0.05982905982905983,0.09829059829059829,0.016325322851413984,0.021545130489943394,0.029167907907224146,0.04574648696049955,best
static_kg_gcn,active,2021,216,0.010262520691219428,313.8,False,,,,,,,,,
static_kg_gcn,active,2021,217,0.010369802049010881,315.2,False,,,,,,,,,
static_kg_gcn,active,2021,218,0.010399732319701581,316.5,False,,,,,,,,,
static_kg_gcn,active,2021,219,0.010419814481527089,317.9,False,,,,,,,,,
static_kg_gcn,active,2021,220,0.01039078094916163,319.3,True,0.013501194336422068,0.025929216815333663,0.05555555555555555,0.09829059829059829,0.016011801816801334,0.022341181207844455,0.02911311939089717,0.0493625290380801,best
static_kg_gcn,active,2021,221,0.010035009417139331,321.1,False,,,,,,,,,
static_kg_gcn,active,2021,222,0.010529571217407439,322.4,False,,,,,,,,,
static_kg_gcn,active,2021,223,0.01005457545822283,323.8,False,,,,,,,,,
static_kg_gcn,active,2021,224,0.009962932186883546,325.2,False,,,,,,,,,
static_kg_gcn,active,2021,225,0.009961132674263799,326.6,True,0.013593510195132646,0.026021532674044244,0.05555555555555555,0.10256410256410256,0.01598640563325507,0.02250135678462232,0.02911311939089717,0.05001999123400383,best
static_kg_gcn,active,2021,226,0.010012906779539732,328.4,False,,,,,,,,,
static_kg_gcn,active,2021,227,0.009812859012533185,329.8,False,,,,,,,,,
static_kg_gcn,active,2021,228,0.010030715349785132,331.1,False,,,,,,,,,
static_kg_gcn,active,2021,229,0.009764947603138683,332.5,False,,,,,,,,,
static_kg_gcn,active,2021,230,0.009769973027898381,333.9,True,0.01372044450085969,0.026079230085738352,0.05555555555555555,0.10256410256410256,0.016109553328658977,0.022627688380983228,0.02911311939089717,0.05001999123400383,best
static_kg_gcn,active,2021,231,0.009974548192393727,335.7,False,,,,,,,,,
static_kg_gcn,active,2021,232,0.009882558280846436,337.0,False,,,,,,,,,
static_kg_gcn,active,2021,233,0.009995692773912806,338.5,False,,,,,,,,,
static_kg_gcn,active,2021,234,0.009639253296994247,339.9,False,,,,,,,,,
static_kg_gcn,active,2021,235,0.009706098924856568,341.2,True,0.013778141912553802,0.026229243356143045,0.05555555555555555,0.10683760683760683,0.016240517517233845,0.023730396932612273,0.02911311939089717,0.05439698492723684,best
static_kg_gcn,active,2021,236,0.009620187515111706,343.1,False,,,,,,,,,
static_kg_gcn,active,2021,237,0.009771244853471027,344.4,False,,,,,,,,,
static_kg_gcn,active,2021,238,0.009481470931491091,345.8,False,,,,,,,,,
static_kg_gcn,active,2021,239,0.009659306005423795,347.1,False,,,,,,,,,
static_kg_gcn,active,2021,240,0.009690518119110526,348.5,True,0.01391661570061967,0.026402335591225377,0.05555555555555555,0.10683760683760683,0.016364929970709853,0.023805683929090153,0.02911311939089717,0.05445101249194816,best
static_kg_gcn,active,2021,241,0.009689464354807973,350.3,False,,,,,,,,,
static_kg_gcn,active,2021,242,0.009530074566264906,351.7,False,,,,,,,,,
static_kg_gcn,active,2021,243,0.009638103216915063,353.1,False,,,,,,,,,
static_kg_gcn,active,2021,244,0.009558108477142052,354.5,False,,,,,,,,,
static_kg_gcn,active,2021,245,0.009426580645671137,355.9,True,0.014124326382718471,0.02677159902606769,0.05128205128205128,0.10256410256410256,0.015973368242911717,0.022744953636793738,0.02850261878039656,0.05017750821844389,khong cai thien (1/50)
static_kg_gcn,active,2021,246,0.00941655590816291,357.7,False,,,,,,,,,
static_kg_gcn,active,2021,247,0.009640879553233709,359.0,False,,,,,,,,,
static_kg_gcn,active,2021,248,0.009507906949674474,360.4,False,,,,,,,,,
static_kg_gcn,active,2021,249,0.009408479422483573,361.8,False,,,,,,,,,
static_kg_gcn,active,2021,250,0.009436936441274359,363.1,True,0.01406662897102436,0.026886993849455913,0.05128205128205128,0.09401709401709402,0.016575039245676805,0.02272754131943383,0.02850261878039656,0.04914193316971095,khong cai thien (2/50)
static_kg_gcn,active,2021,251,0.009348062267202757,365.1,False,,,,,,,,,
static_kg_gcn,active,2021,252,0.009414488158752123,366.5,False,,,,,,,,,
static_kg_gcn,active,2021,253,0.009392488567496122,367.9,False,,,,,,,,,
static_kg_gcn,active,2021,254,0.009417989274092198,369.2,False,,,,,,,,,
static_kg_gcn,active,2021,255,0.009402868791130848,370.6,True,0.014401273958850207,0.027037007119860602,0.05555555555555555,0.09401709401709402,0.017134147867331806,0.02273308419518303,0.02992712020489798,0.04914193316971095,khong cai thien (3/50)
static_kg_gcn,active,2021,256,0.009152868702732278,372.4,False,,,,,,,,,
static_kg_gcn,active,2021,257,0.0091311719755325,373.7,False,,,,,,,,,
static_kg_gcn,active,2021,258,0.009232420338990594,375.1,False,,,,,,,,,
static_kg_gcn,active,2021,259,0.009103479898936534,376.5,False,,,,,,,,,
static_kg_gcn,active,2021,260,0.009314664261512078,377.9,True,0.014355116029494916,0.027037007119860602,0.05982905982905983,0.09829059829059829,0.01741224786660531,0.023732708766737463,0.03053762081539859,0.053185214990770543,khong cai thien (4/50)
static_kg_gcn,active,2021,261,0.009204266444815224,379.8,False,,,,,,,,,
static_kg_gcn,active,2021,262,0.009011619510633551,381.2,False,,,,,,,,,
static_kg_gcn,active,2021,263,0.009306060340682825,382.6,False,,,,,,,,,
static_kg_gcn,active,2021,264,0.009139117719548001,383.9,False,,,,,,,,,
static_kg_gcn,active,2021,265,0.008907165336033567,385.3,True,0.014355116029494916,0.02733703366066998,0.05982905982905983,0.10256410256410256,0.01678588056453207,0.02331253443593759,0.03053762081539859,0.053240003507097525,khong cai thien (5/50)
static_kg_gcn,active,2021,266,0.009050616082598146,387.1,False,,,,,,,,,
static_kg_gcn,active,2021,267,0.009071480213062158,388.5,False,,,,,,,,,
static_kg_gcn,active,2021,268,0.009153079640113868,389.8,False,,,,,,,,,
static_kg_gcn,active,2021,269,0.008983795632150878,391.2,False,,,,,,,,,
static_kg_gcn,active,2021,270,0.008798534828914323,392.7,True,0.01437819499417256,0.02742934951938056,0.05982905982905983,0.10256410256410256,0.016673924044047647,0.023003751376292795,0.03053762081539859,0.053081725571041814,khong cai thien (6/50)
static_kg_gcn,active,2021,271,0.009053790301801902,394.6,False,,,,,,,,,
static_kg_gcn,active,2021,272,0.00869165439053042,396.0,False,,,,,,,,,
static_kg_gcn,active,2021,273,0.00890802918411202,397.3,False,,,,,,,,,
static_kg_gcn,active,2021,274,0.00888452300824788,398.7,False,,,,,,,,,
static_kg_gcn,active,2021,275,0.008742110744045569,400.1,True,0.014458971370544317,0.027406270554702915,0.05982905982905983,0.10256410256410256,0.017079270457631274,0.023557067986559318,0.03053762081539859,0.053081725571041814,khong cai thien (7/50)
static_kg_gcn,active,2021,276,0.009052855535424781,401.9,False,,,,,,,,,
static_kg_gcn,active,2021,277,0.008789562986344285,403.2,False,,,,,,,,,
static_kg_gcn,active,2021,278,0.008710364520016297,404.6,False,,,,,,,,,
static_kg_gcn,active,2021,279,0.00890053593220198,406.1,False,,,,,,,,,
static_kg_gcn,active,2021,280,0.008804602255590018,407.5,True,0.014401273958850207,0.027567823307446428,0.05982905982905983,0.10256410256410256,0.01776194701445167,0.024295600325177236,0.03053762081539859,0.053240003507097525,best
static_kg_gcn,active,2021,281,0.008641432885558218,409.3,False,,,,,,,,,
static_kg_gcn,active,2021,282,0.008885015498451958,410.7,False,,,,,,,,,
static_kg_gcn,active,2021,283,0.008857826865274965,412.0,False,,,,,,,,,
static_kg_gcn,active,2021,284,0.008603072087576267,413.4,False,,,,,,,,,
static_kg_gcn,active,2021,285,0.00874469289952465,414.8,True,0.014505129299899607,0.027798612954222875,0.05982905982905983,0.10683760683760683,0.017746192539717553,0.024572518508133065,0.03053762081539859,0.05350709752419154,best
static_kg_gcn,active,2021,286,0.008707881207984484,416.6,False,,,,,,,,,
static_kg_gcn,active,2021,287,0.008662679008382577,417.9,False,,,,,,,,,
static_kg_gcn,active,2021,288,0.008539559040003421,419.3,False,,,,,,,,,
static_kg_gcn,active,2021,289,0.008808256207215582,420.7,False,,,,,,,,,
static_kg_gcn,active,2021,290,0.008481023190658733,422.1,True,0.014562826711593717,0.02798324467164403,0.0641025641025641,0.10256410256410256,0.0206098687879762,0.026025955220021428,0.03481112508890286,0.05345230900786456,best
static_kg_gcn,active,2021,291,0.008451599670234098,423.9,False,,,,,,,,,
static_kg_gcn,active,2021,292,0.00849166846408949,425.3,False,,,,,,,,,
static_kg_gcn,active,2021,293,0.008629790346687932,426.6,False,,,,,,,,,
static_kg_gcn,active,2021,294,0.008288856567469752,428.0,False,,,,,,,,,
static_kg_gcn,active,2021,295,0.008468682384407723,429.4,True,0.014712839981998408,0.028156336906726365,0.0641025641025641,0.09829059829059829,0.02061322444798424,0.02620923362693701,0.03481112508890286,0.05357371537927093,best
static_kg_gcn,active,2021,296,0.008518442345453884,431.2,False,,,,,,,,,
static_kg_gcn,active,2021,297,0.008432228531199185,432.6,False,,,,,,,,,
static_kg_gcn,active,2021,298,0.008623573981852687,434.0,False,,,,,,,,,
static_kg_gcn,active,2021,299,0.008571410166455969,435.3,False,,,,,,,,,
static_kg_gcn,active,2021,300,0.008570877978638642,436.7,True,0.014909011181758386,0.028352508106486343,0.0641025641025641,0.09829059829059829,0.019853825007619424,0.026372476038156047,0.03080471483249261,0.05357371537927093,best
static_kg_gcn,active,2021,301,0.008363270783865577,438.5,False,,,,,,,,,
static_kg_gcn,active,2021,302,0.00869409285713936,439.8,False,,,,,,,,,
static_kg_gcn,active,2021,303,0.00828513383136129,441.2,False,,,,,,,,,
static_kg_gcn,active,2021,304,0.008273629114751676,442.6,False,,,,,,,,,
static_kg_gcn,active,2021,305,0.008366918813875142,443.9,True,0.014897471699419565,0.0283294291418087,0.05555555555555555,0.10256410256410256,0.01909697876980288,0.027002128624095772,0.02911311939089717,0.05499821680377236,best
static_kg_gcn,active,2021,306,0.00838519612007257,445.9,False,,,,,,,,,
static_kg_gcn,active,2021,307,0.008335452003666418,447.3,False,,,,,,,,,
static_kg_gcn,active,2021,308,0.008315707245475538,448.7,False,,,,,,,,,
static_kg_gcn,active,2021,309,0.008390486599998376,450.1,False,,,,,,,,,
static_kg_gcn,active,2021,310,0.008272541573293261,451.4,True,0.014920550664097209,0.02839866603584163,0.05555555555555555,0.10683760683760683,0.01887167319015166,0.026933523303164373,0.02911311939089717,0.05526531082086637,khong cai thien (1/50)
static_kg_gcn,active,2021,311,0.008469713457954636,453.3,False,,,,,,,,,
static_kg_gcn,active,2021,312,0.00803551230275727,454.6,False,,,,,,,,,
static_kg_gcn,active,2021,313,0.008449610880760735,456.0,False,,,,,,,,,
static_kg_gcn,active,2021,314,0.008215996255644894,457.3,False,,,,,,,,,
static_kg_gcn,active,2021,315,0.008148651206645034,458.8,True,0.014909011181758386,0.0284332844828581,0.0641025641025641,0.09829059829059829,0.02028456266278236,0.02538023441222082,0.03365371768149546,0.04956730512286067,khong cai thien (2/50)
static_kg_gcn,active,2021,316,0.008124199118583253,460.7,False,,,,,,,,,
static_kg_gcn,active,2021,317,0.008161075246920136,462.1,False,,,,,,,,,
static_kg_gcn,active,2021,318,0.008199518903995326,463.5,False,,,,,,,,,
static_kg_gcn,active,2021,319,0.008079037501793337,464.8,False,,,,,,,,,
static_kg_gcn,active,2021,320,0.00819510873568044,466.2,True,0.015001327040468965,0.02873331102366748,0.0641025641025641,0.09829059829059829,0.020154002072813256,0.025319642283078054,0.03365371768149546,0.04956730512286067,khong cai thien (3/50)
static_kg_gcn,active,2021,321,0.008163223281022801,468.0,False,,,,,,,,,
static_kg_gcn,active,2021,322,0.008046708401417692,469.3,False,,,,,,,,,
static_kg_gcn,active,2021,323,0.008069586610282026,470.7,False,,,,,,,,,
static_kg_gcn,active,2021,324,0.008047810254615914,472.2,False,,,,,,,,,
static_kg_gcn,active,2021,325,0.008090059669172192,473.6,True,0.015012866522807786,0.02868715309431219,0.0641025641025641,0.09829059829059829,0.0196798097641187,0.02489402451928309,0.03365371768149546,0.04956730512286067,khong cai thien (4/50)
static_kg_gcn,active,2021,326,0.008098059752579944,475.5,False,,,,,,,,,
static_kg_gcn,active,2021,327,0.008070180023836852,476.9,False,,,,,,,,,
static_kg_gcn,active,2021,328,0.007964778394796559,478.2,False,,,,,,,,,
static_kg_gcn,active,2021,329,0.008080842165128437,479.6,False,,,,,,,,,
static_kg_gcn,active,2021,330,0.008005468313499318,480.9,True,0.015278274616600699,0.028721771541328656,0.0641025641025641,0.10256410256410256,0.020398828290150633,0.02641125219480184,0.03365371768149546,0.05160230715786271,khong cai thien (5/50)
static_kg_gcn,active,2021,331,0.007984323958755752,482.7,False,,,,,,,,,
static_kg_gcn,active,2021,332,0.007985647665015074,484.1,False,,,,,,,,,
static_kg_gcn,active,2021,333,0.00786682588015599,485.5,False,,,,,,,,,
static_kg_gcn,active,2021,334,0.008086599229314756,487.0,False,,,,,,,,,
static_kg_gcn,active,2021,335,0.008122434796222664,488.3,True,0.015243656169584232,0.028779468953022767,0.0641025641025641,0.09829059829059829,0.020321942993062066,0.025540485040900094,0.03481112508890286,0.05017780573336128,khong cai thien (6/50)
static_kg_gcn,active,2021,336,0.00798205529497753,490.1,False,,,,,,,,,
static_kg_gcn,active,2021,337,0.007880549693423455,491.5,False,,,,,,,,,
static_kg_gcn,active,2021,338,0.007919916124201077,492.9,False,,,,,,,,,
static_kg_gcn,active,2021,339,0.00797823250895622,494.2,False,,,,,,,,,
static_kg_gcn,active,2021,340,0.008044494552118234,495.6,True,0.015347511510633634,0.029067956011493326,0.06837606837606838,0.09401709401709402,0.020671127101093718,0.025146360218616166,0.036235626513404284,0.049910711716267264,khong cai thien (7/50)
static_kg_gcn,active,2021,341,0.007901131757128147,497.4,False,,,,,,,,,
static_kg_gcn,active,2021,342,0.008084675893440578,498.8,False,,,,,,,,,
static_kg_gcn,active,2021,343,0.007941914913494566,500.2,False,,,,,,,,,
static_kg_gcn,active,2021,344,0.007955933015610612,501.6,False,,,,,,,,,
static_kg_gcn,active,2021,345,0.007940155068952631,503.0,True,0.015451366851683034,0.029183350834881546,0.06837606837606838,0.09829059829059829,0.01966193417367978,0.0253081595581033,0.03338662366440144,0.05133521314076869,khong cai thien (8/50)
static_kg_gcn,active,2021,346,0.007781527492654627,504.8,False,,,,,,,,,
static_kg_gcn,active,2021,347,0.007940629504820973,506.2,False,,,,,,,,,
static_kg_gcn,active,2021,348,0.0077508348420694,507.5,False,,,,,,,,,
static_kg_gcn,active,2021,349,0.007874538861738882,508.9,False,,,,,,,,,
static_kg_gcn,active,2021,350,0.007885979942392457,510.3,True,0.01553214322805479,0.02925258772891448,0.07692307692307693,0.09829059829059829,0.021491684873888927,0.024986073670670184,0.03979688007465785,0.050724712530268085,khong cai thien (9/50)
static_kg_gcn,active,2021,351,0.00791587453144334,512.1,False,,,,,,,,,
static_kg_gcn,active,2021,352,0.007730862050426119,513.6,False,,,,,,,,,
static_kg_gcn,active,2021,353,0.00762065272289154,515.0,False,,,,,,,,,
static_kg_gcn,active,2021,354,0.007892143553480136,516.3,False,,,,,,,,,
static_kg_gcn,active,2021,355,0.007851652335062905,517.7,True,0.015497524781038323,0.029321824622947416,0.06837606837606838,0.10256410256410256,0.019185245196477765,0.02533274459088946,0.03409887437665215,0.05499821680377236,khong cai thien (10/50)
static_kg_gcn,active,2021,356,0.007658864188059081,519.5,False,,,,,,,,,
static_kg_gcn,active,2021,357,0.007731464617511196,520.8,False,,,,,,,,,
static_kg_gcn,active,2021,358,0.00769403260514593,522.2,False,,,,,,,,,
static_kg_gcn,active,2021,359,0.007778438493172172,523.6,False,,,,,,,,,
static_kg_gcn,active,2021,360,0.007814200979956632,525.0,True,0.015462906334021856,0.029241048246575658,0.06837606837606838,0.09829059829059829,0.019273318607457512,0.024342527398398962,0.03409887437665215,0.050724712530268085,khong cai thien (11/50)
static_kg_gcn,active,2021,361,0.007679219736866845,526.9,False,,,,,,,,,
static_kg_gcn,active,2021,362,0.00785596986066192,528.4,False,,,,,,,,,
static_kg_gcn,active,2021,363,0.007629951385791505,529.7,False,,,,,,,,,
static_kg_gcn,active,2021,364,0.007798478241282858,531.1,False,,,,,,,,,
static_kg_gcn,active,2021,365,0.007531178477074675,532.5,True,0.015543682710393612,0.029379522034641527,0.06837606837606838,0.10256410256410256,0.01986344749277513,0.02486921274793728,0.034257152312707866,0.051009612815168366,khong cai thien (12/50)
static_kg_gcn,active,2021,366,0.007530008443104504,534.3,False,,,,,,,,,
static_kg_gcn,active,2021,367,0.007625816426111191,535.7,False,,,,,,,,,
static_kg_gcn,active,2021,368,0.007519945199662501,537.0,False,,,,,,,,,
static_kg_gcn,active,2021,369,0.007536510433958282,538.4,False,,,,,,,,,
static_kg_gcn,active,2021,370,0.007583655782406745,539.8,True,0.015555222192732435,0.029460298411013282,0.06837606837606838,0.09829059829059829,0.0196135005873712,0.0246575093198615,0.03409887437665215,0.050724712530268085,khong cai thien (13/50)
static_kg_gcn,active,2021,371,0.007590919417058771,541.8,False,,,,,,,,,
static_kg_gcn,active,2021,372,0.007690368854477144,543.2,False,,,,,,,,,
static_kg_gcn,active,2021,373,0.007685569637517556,544.5,False,,,,,,,,,
static_kg_gcn,active,2021,374,0.007728783405896602,545.9,False,,,,,,,,,
static_kg_gcn,active,2021,375,0.007588949267848303,547.3,True,0.015555222192732435,0.029564153752062682,0.06837606837606838,0.09829059829059829,0.019729656211056282,0.025137282116922625,0.03409887437665215,0.05143696324251879,khong cai thien (14/50)
static_kg_gcn,active,2021,376,0.007595562302252547,549.1,False,,,,,,,,,
static_kg_gcn,active,2021,377,0.00745484743234783,550.4,False,,,,,,,,,
static_kg_gcn,active,2021,378,0.007684266603434123,551.8,False,,,,,,,,,
static_kg_gcn,active,2021,379,0.0075449492941783184,553.2,False,,,,,,,,,
static_kg_gcn,active,2021,380,0.007514833266858992,554.6,True,0.015612919604426545,0.029621851163756794,0.0811965811965812,0.10256410256410256,0.022494286094077453,0.02551634223498613,0.040222252027807576,0.05077950104659506,khong cai thien (15/50)
static_kg_gcn,active,2021,381,0.007399311494826667,556.5,False,,,,,,,,,
static_kg_gcn,active,2021,382,0.007426881730784974,557.8,False,,,,,,,,,
static_kg_gcn,active,2021,383,0.007572153594736723,559.2,False,,,,,,,,,
static_kg_gcn,active,2021,384,0.007423556684790483,560.6,False,,,,,,,,,
static_kg_gcn,active,2021,385,0.007465653341755005,561.9,True,0.0157975513218477,0.02961031168141797,0.0811965811965812,0.10256410256410256,0.022522399548405053,0.025641375916280414,0.040222252027807576,0.051103251370345396,khong cai thien (16/50)
static_kg_gcn,active,2021,386,0.0074293009902382185,563.7,False,,,,,,,,,
static_kg_gcn,active,2021,387,0.007482235096962184,565.1,False,,,,,,,,,
static_kg_gcn,active,2021,388,0.007350166931373809,566.5,False,,,,,,,,,
static_kg_gcn,active,2021,389,0.007333214553873595,567.9,False,,,,,,,,,
static_kg_gcn,active,2021,390,0.007512469912838213,569.3,True,0.01587832769821946,0.02980648288117795,0.0811965811965812,0.10256410256410256,0.02189240100100178,0.025267740548719282,0.040063974091751865,0.05077950104659506,khong cai thien (17/50)
static_kg_gcn,active,2021,391,0.0073960445319697764,571.1,False,,,,,,,,,
static_kg_gcn,active,2021,392,0.007426300278622283,572.4,False,,,,,,,,,
static_kg_gcn,active,2021,393,0.00741502946488831,573.8,False,,,,,,,,,
static_kg_gcn,active,2021,394,0.007387465736270863,575.2,False,,,,,,,,,
static_kg_gcn,active,2021,395,0.007434387911786496,576.5,True,0.01605141993330179,0.02995649615158264,0.08547008547008547,0.1111111111111111,0.02347676395884919,0.026504535787351662,0.04449575630131185,0.05533790560499962,khong cai thien (18/50)
static_kg_gcn,active,2021,396,0.0073577471870393246,578.3,False,,,,,,,,,
static_kg_gcn,active,2021,397,0.007431104753073527,579.7,False,,,,,,,,,
static_kg_gcn,active,2021,398,0.0074885729160376465,581.1,False,,,,,,,,,
static_kg_gcn,active,2021,399,0.007354053292018229,582.6,False,,,,,,,,,
static_kg_gcn,active,2021,400,0.007251592534943753,583.9,True,0.016005262003946502,0.030221904245375554,0.08547008547008547,0.10683760683760683,0.023574513717810705,0.026722483172271157,0.04449575630131185,0.055663505930599946,khong cai thien (19/50)
static_kg_gcn,active,2021,401,0.007277055321128616,585.7,False,,,,,,,,,
static_kg_gcn,active,2021,402,0.007282728606301346,587.1,False,,,,,,,,,
static_kg_gcn,active,2021,403,0.0071753244926507,588.5,False,,,,,,,,,
static_kg_gcn,active,2021,404,0.0073135659814280215,589.8,False,,,,,,,,,
static_kg_gcn,active,2021,405,0.007286072911754636,591.2,True,0.01593602510991357,0.03000265408093793,0.07692307692307693,0.10683760683760683,0.021326683798416242,0.02665406616198221,0.03792722195499973,0.055663505930599946,khong cai thien (20/50)
static_kg_gcn,active,2021,406,0.007315601965182283,593.0,False,,,,,,,,,
static_kg_gcn,active,2021,407,0.007350269295515026,594.4,False,,,,,,,,,
static_kg_gcn,active,2021,408,0.007288361284128916,595.8,False,,,,,,,,,
static_kg_gcn,active,2021,409,0.007214704875759013,597.2,False,,,,,,,,,
static_kg_gcn,active,2021,410,0.0071937267885592085,598.6,True,0.015924485627574748,0.03004881201029322,0.07692307692307693,0.11538461538461539,0.022392933369934767,0.027580983732389232,0.03847400027955583,0.05633690660400062,best
static_kg_gcn,active,2021,411,0.007320912286723958,600.3,False,,,,,,,,,
static_kg_gcn,active,2021,412,0.007265753284079357,601.7,False,,,,,,,,,
static_kg_gcn,active,2021,413,0.007266111970828361,603.1,False,,,,,,,,,
static_kg_gcn,active,2021,414,0.007265151782403324,604.4,False,,,,,,,,,
static_kg_gcn,active,2021,415,0.007275337087658536,605.8,True,0.01603988045096297,0.030371917515780243,0.07692307692307693,0.11538461538461539,0.022240415277717876,0.02776515272669494,0.03831572234350012,0.05633690660400062,best
static_kg_gcn,active,2021,416,0.0074439449946780735,607.7,False,,,,,,,,,
static_kg_gcn,active,2021,417,0.007229879103560225,609.1,False,,,,,,,,,
static_kg_gcn,active,2021,418,0.00725960790449406,610.5,False,,,,,,,,,
static_kg_gcn,active,2021,419,0.00715408661348675,611.9,False,,,,,,,,,
static_kg_gcn,active,2021,420,0.007222705642251901,613.2,True,0.01613219630967355,0.03036037803344142,0.0811965811965812,0.11538461538461539,0.022934719391328105,0.027738742647458313,0.04045247448025226,0.05633690660400062,khong cai thien (1/50)
static_kg_gcn,active,2021,421,0.007224255068995019,615.0,False,,,,,,,,,
static_kg_gcn,active,2021,422,0.007276707036214249,616.3,False,,,,,,,,,
static_kg_gcn,active,2021,423,0.007279131194991404,617.7,False,,,,,,,,,
static_kg_gcn,active,2021,424,0.007159833852009334,619.1,False,,,,,,,,,
static_kg_gcn,active,2021,425,0.007193916485961767,620.5,True,0.016120656827334726,0.030579628197879044,0.08547008547008547,0.11538461538461539,0.02236369903145333,0.027548725278565594,0.038655411144727383,0.056890879380195616,khong cai thien (2/50)
static_kg_gcn,active,2021,426,0.007133075588472656,622.4,False,,,,,,,,,
static_kg_gcn,active,2021,427,0.0072032194708745185,623.8,False,,,,,,,,,
static_kg_gcn,active,2021,428,0.0072968655262612555,625.2,False,,,,,,,,,
static_kg_gcn,active,2021,429,0.007148881277255158,626.5,False,,,,,,,,,
static_kg_gcn,active,2021,430,0.007029226795725336,627.9,True,0.016178354239028837,0.030556549233201398,0.0811965811965812,0.11538461538461539,0.02240376560920577,0.028048522814768155,0.0386006226284004,0.05704915731625133,best
static_kg_gcn,active,2021,431,0.007159169051165839,629.7,False,,,,,,,,,
static_kg_gcn,active,2021,432,0.00713173393868146,631.0,False,,,,,,,,,
static_kg_gcn,active,2021,433,0.0070747148335374745,632.4,False,,,,,,,,,
static_kg_gcn,active,2021,434,0.007263275363717623,633.8,False,,,,,,,,,
static_kg_gcn,active,2021,435,0.007093177823407691,635.2,True,0.01613219630967355,0.030706562503606087,0.07692307692307693,0.11538461538461539,0.02189353050706206,0.02794181774682158,0.037990122017899794,0.05747650774360176,khong cai thien (1/50)
static_kg_gcn,active,2021,436,0.007158707500085824,637.0,False,,,,,,,,,
static_kg_gcn,active,2021,437,0.0071010885927580095,638.4,False,,,,,,,,,
static_kg_gcn,active,2021,438,0.007179787014320401,639.7,False,,,,,,,,,
static_kg_gcn,active,2021,439,0.0070247405602263035,641.1,False,,,,,,,,,
static_kg_gcn,active,2021,440,0.007071707182197334,642.5,True,0.01629374906241706,0.030983510079737823,0.07692307692307693,0.11538461538461539,0.02033267322835101,0.027118340263729956,0.0337714062607225,0.05747650774360176,khong cai thien (2/50)
static_kg_gcn,active,2021,441,0.007052620264923576,644.3,False,,,,,,,,,
static_kg_gcn,active,2021,442,0.007039214460485709,645.6,False,,,,,,,,,
static_kg_gcn,active,2021,443,0.006936940146692789,647.0,False,,,,,,,,,
static_kg_gcn,active,2021,444,0.007287728986187645,648.4,False,,,,,,,,,
static_kg_gcn,active,2021,445,0.007057051015336787,649.8,True,0.01629374906241706,0.03101812852675429,0.07264957264957266,0.10683760683760683,0.019307750071705952,0.024678879238942415,0.030053614081391858,0.04805897054828679,khong cai thien (3/50)
static_kg_gcn,active,2021,446,0.007031362036625276,651.6,False,,,,,,,,,
static_kg_gcn,active,2021,447,0.006991777453368966,652.9,False,,,,,,,,,
static_kg_gcn,active,2021,448,0.0071072735204494985,654.3,False,,,,,,,,,
static_kg_gcn,active,2021,449,0.007102662051185827,655.7,False,,,,,,,,,
static_kg_gcn,active,2021,450,0.007002070218235136,657.0,True,0.016409143885805284,0.031156602314820158,0.07692307692307693,0.10683760683760683,0.020631120790912352,0.02468083687686326,0.03409700658632282,0.047631620120936365,khong cai thien (4/50)
static_kg_gcn,active,2021,451,0.007062467711347173,658.8,False,,,,,,,,,
static_kg_gcn,active,2021,452,0.007032207344706838,660.2,False,,,,,,,,,
static_kg_gcn,active,2021,453,0.006952201478092493,661.7,False,,,,,,,,,
static_kg_gcn,active,2021,454,0.007012066296447896,663.0,False,,,,,,,,,
static_kg_gcn,active,2021,455,0.007096259334075319,664.4,True,0.01639760440346646,0.03111044438546487,0.07692307692307693,0.11538461538461539,0.020210442943530155,0.026649215856609187,0.03196025444957069,0.05617862866794491,khong cai thien (5/50)
static_kg_gcn,active,2021,456,0.00686440462058143,666.2,False,,,,,,,,,
static_kg_gcn,active,2021,457,0.006913980124034049,667.6,False,,,,,,,,,
static_kg_gcn,active,2021,458,0.006939515578951977,668.9,False,,,,,,,,,
static_kg_gcn,active,2021,459,0.007081225477373091,670.3,False,,,,,,,,,
static_kg_gcn,active,2021,460,0.006974742394355949,671.7,True,0.016466841297499393,0.031295076102886024,0.06837606837606838,0.11538461538461539,0.019181377411377418,0.02707087878197912,0.030480964508742284,0.05902763151694775,khong cai thien (6/50)
static_kg_gcn,active,2021,461,0.006912601507793146,673.5,False,,,,,,,,,
static_kg_gcn,active,2021,462,0.006994749041260323,675.0,False,,,,,,,,,
static_kg_gcn,active,2021,463,0.006984664373619819,676.4,False,,,,,,,,,
static_kg_gcn,active,2021,464,0.006915967870746494,677.7,False,,,,,,,,,
static_kg_gcn,active,2021,465,0.00686281198807356,679.1,True,0.016362985956449992,0.03126045765586956,0.0811965811965812,0.11538461538461539,0.021250001366014234,0.02759863849930096,0.03552150801082425,0.05973988222919847,khong cai thien (7/50)
static_kg_gcn,active,2021,466,0.0069075766646479915,680.9,False,,,,,,,,,
static_kg_gcn,active,2021,467,0.006845665206774336,682.2,False,,,,,,,,,
static_kg_gcn,active,2021,468,0.006887816759219384,683.6,False,,,,,,,,,
static_kg_gcn,active,2021,469,0.006939910343715186,685.0,False,,,,,,,,,
static_kg_gcn,active,2021,470,0.006953487166019412,686.4,True,0.01629374906241706,0.031283536620547205,0.0811965811965812,0.11538461538461539,0.020864174381953298,0.027268050291925045,0.03552150801082425,0.05973988222919847,khong cai thien (8/50)
static_kg_gcn,active,2021,471,0.006982975209741341,688.3,False,,,,,,,,,
static_kg_gcn,active,2021,472,0.006858544465500081,689.7,False,,,,,,,,,
static_kg_gcn,active,2021,473,0.006948255061735017,691.1,False,,,,,,,,,
static_kg_gcn,active,2021,474,0.006983699176611823,692.4,False,,,,,,,,,
static_kg_gcn,active,2021,475,0.006892904511263317,693.8,True,0.01650145974451586,0.031364312996918955,0.07692307692307693,0.11538461538461539,0.02007827826094877,0.027870058970960072,0.03409700658632283,0.06372848621780246,khong cai thien (9/50)
static_kg_gcn,active,2021,476,0.006808142264077271,695.6,False,,,,,,,,,
static_kg_gcn,active,2021,477,0.006795592586499971,697.0,False,,,,,,,,,
static_kg_gcn,active,2021,478,0.006858323998581533,698.3,False,,,,,,,,,
static_kg_gcn,active,2021,479,0.006755533423477421,699.7,False,,,,,,,,,
static_kg_gcn,active,2021,480,0.006944076203687635,701.1,True,0.01659377560322644,0.031364312996918955,0.07692307692307693,0.11538461538461539,0.020167906545605508,0.02805332480666363,0.03409700658632283,0.06372848621780246,best
static_kg_gcn,active,2021,481,0.006940015394983454,703.1,False,,,,,,,,,
static_kg_gcn,active,2021,482,0.006918352876752774,704.5,False,,,,,,,,,
static_kg_gcn,active,2021,483,0.006810813793539825,705.8,False,,,,,,,,,
static_kg_gcn,active,2021,484,0.006910599334638205,707.2,False,,,,,,,,,
static_kg_gcn,active,2021,485,0.006936363594322971,708.5,True,0.016605315085565262,0.03152586574966247,0.0811965811965812,0.11965811965811966,0.02112854500827082,0.02889984247925937,0.03552150801082425,0.06515298764230389,best
static_kg_gcn,active,2021,486,0.006797095209166506,710.3,False,,,,,,,,,
static_kg_gcn,active,2021,487,0.006804337477320798,711.7,False,,,,,,,,,
static_kg_gcn,active,2021,488,0.006835477525994609,713.1,False,,,,,,,,,
static_kg_gcn,active,2021,489,0.006714181001276888,714.5,False,,,,,,,,,
static_kg_gcn,active,2021,490,0.006830729073765862,715.9,True,0.016639933532581728,0.03161818160837305,0.07692307692307693,0.11538461538461539,0.019839333876253033,0.027724809536494824,0.031248003737319976,0.06087948336879961,khong cai thien (1/50)
static_kg_gcn,active,2021,491,0.006769241709316569,717.8,False,,,,,,,,,
static_kg_gcn,active,2021,492,0.006770878432217824,719.1,False,,,,,,,,,
static_kg_gcn,active,2021,493,0.006850081556262125,720.5,False,,,,,,,,,
static_kg_gcn,active,2021,494,0.006892922195100355,721.9,False,,,,,,,,,
static_kg_gcn,active,2021,495,0.006767029033241533,723.2,True,0.01675532835596995,0.03183743177281067,0.08547008547008547,0.11538461538461539,0.02312591787723727,0.02873893956164508,0.039795012284328524,0.06087948336879961,khong cai thien (2/50)
static_kg_gcn,active,2021,496,0.006735761120751515,725.0,False,,,,,,,,,
static_kg_gcn,active,2021,497,0.00686057093553337,726.4,False,,,,,,,,,
static_kg_gcn,active,2021,498,0.006723767633563791,727.8,False,,,,,,,,,
static_kg_gcn,active,2021,499,0.00682467244803021,729.2,False,,,,,,,,,
static_kg_gcn,active,2021,500,0.0068346315362439935,730.6,True,0.01690534162637464,0.03191820814918243,0.08547008547008547,0.11538461538461539,0.023201215625964517,0.028844881174058624,0.039795012284328524,0.06087948336879961,khong cai thien (3/50)
static_kg_gcn,active,2021,501,0.006745031593952906,732.4,False,,,,,,,,,
static_kg_gcn,active,2021,502,0.006689343847523368,733.8,False,,,,,,,,,
static_kg_gcn,active,2021,503,0.00685410678768442,735.1,False,,,,,,,,,
static_kg_gcn,active,2021,504,0.0067165522515029025,736.5,False,,,,,,,,,
static_kg_gcn,active,2021,505,0.00676445643714749,737.9,True,0.01690534162637464,0.03192974763152125,0.07692307692307693,0.11538461538461539,0.02151622745993333,0.028870470479666104,0.03409700658632282,0.06130683379615003,khong cai thien (4/50)
static_kg_gcn,active,2021,506,0.006804361550200628,739.7,False,,,,,,,,,
static_kg_gcn,active,2021,507,0.0067141604062407175,741.1,False,,,,,,,,,
static_kg_gcn,active,2021,508,0.006739345823106451,742.5,False,,,,,,,,,
static_kg_gcn,active,2021,509,0.006788261509719385,743.9,False,,,,,,,,,
static_kg_gcn,active,2021,510,0.006679081849212288,745.3,True,0.01690534162637464,0.032148997795958874,0.07692307692307693,0.11538461538461539,0.02169613653451103,0.028853135606977,0.03491100740032364,0.06130683379615003,khong cai thien (5/50)
static_kg_gcn,active,2021,511,0.006678013861353254,747.1,False,,,,,,,,,
static_kg_gcn,active,2021,512,0.006594755644024434,748.4,False,,,,,,,,,
static_kg_gcn,active,2021,513,0.006677566437775183,749.8,False,,,,,,,,,
static_kg_gcn,active,2021,514,0.006670980495449186,751.2,False,,,,,,,,,
static_kg_gcn,active,2021,515,0.006817960133445956,752.5,True,0.0169861180027464,0.03227593210168592,0.07692307692307693,0.11538461538461539,0.02201398517892291,0.028975918825614018,0.03491100740032364,0.06087948336879961,best
static_kg_gcn,active,2021,516,0.006679347914174016,754.4,False,,,,,,,,,
static_kg_gcn,active,2021,517,0.006665680344037934,755.8,False,,,,,,,,,
static_kg_gcn,active,2021,518,0.006506642903803044,757.2,False,,,,,,,,,
static_kg_gcn,active,2021,519,0.006657845082923734,758.6,False,,,,,,,,,
static_kg_gcn,active,2021,520,0.006656481988124979,759.9,True,0.017020736449762864,0.0322643926193471,0.07264957264957266,0.11538461538461539,0.02153042277250274,0.02887386456172378,0.03384263133194757,0.06087948336879961,khong cai thien (1/50)
static_kg_gcn,active,2021,521,0.006783952215357872,761.7,False,,,,,,,,,
static_kg_gcn,active,2021,522,0.00677099923099571,763.1,False,,,,,,,,,
static_kg_gcn,active,2021,523,0.006660018415396972,764.5,False,,,,,,,,,
static_kg_gcn,active,2021,524,0.0066723871522770045,765.8,False,,,,,,,,,
static_kg_gcn,active,2021,525,0.006637046387190067,767.2,True,0.0169861180027464,0.03233362951338003,0.0811965811965812,0.10256410256410256,0.022182209647624025,0.02676328607514924,0.03552150801082425,0.052371324860641104,khong cai thien (2/50)
static_kg_gcn,active,2021,526,0.00675318967102812,769.1,False,,,,,,,,,
static_kg_gcn,active,2021,527,0.006596874388031208,770.5,False,,,,,,,,,
static_kg_gcn,active,2021,528,0.0065382359707121685,771.9,False,,,,,,,,,
static_kg_gcn,active,2021,529,0.006617117804173871,773.3,False,,,,,,,,,
static_kg_gcn,active,2021,530,0.006597336917927737,774.6,True,0.017078433861456976,0.03243748485442943,0.0811965811965812,0.10683760683760683,0.02199830857788108,0.027812672312030613,0.03552150801082425,0.056644829134145376,khong cai thien (3/50)
static_kg_gcn,active,2021,531,0.006597665445170509,776.4,False,,,,,,,,,
static_kg_gcn,active,2021,532,0.006642343707033845,777.8,False,,,,,,,,,
static_kg_gcn,active,2021,533,0.0065792082682365515,779.2,False,,,,,,,,,
static_kg_gcn,active,2021,534,0.006600218130150293,780.5,False,,,,,,,,,
static_kg_gcn,active,2021,535,0.006644768196926051,781.9,True,0.01710151282613462,0.03243748485442943,0.08547008547008547,0.1111111111111111,0.023224114535014342,0.028938820080787787,0.039795012284328524,0.06091833340764965,khong cai thien (4/50)
static_kg_gcn,active,2021,536,0.006543624831348074,783.9,False,,,,,,,,,
static_kg_gcn,active,2021,537,0.006481922969982119,785.3,False,,,,,,,,,
static_kg_gcn,active,2021,538,0.006569827027970221,786.6,False,,,,,,,,,
static_kg_gcn,active,2021,539,0.00655150352490139,788.0,False,,,,,,,,,
static_kg_gcn,active,2021,540,0.006687526878807604,789.3,True,0.0169861180027464,0.03244902433676825,0.0811965811965812,0.11538461538461539,0.02344694957393442,0.030169462326618584,0.04157563906495531,0.0654767379660542,best
static_kg_gcn,active,2021,541,0.0065375792488589065,791.1,False,,,,,,,,,
static_kg_gcn,active,2021,542,0.006595221173735601,792.5,False,,,,,,,,,
static_kg_gcn,active,2021,543,0.006591961569165665,793.9,False,,,,,,,,,
static_kg_gcn,active,2021,544,0.006558652364938109,795.3,False,,,,,,,,,
static_kg_gcn,active,2021,545,0.006458351779081408,796.7,True,0.017066894379118153,0.03252980071314001,0.07264957264957266,0.11538461538461539,0.021077693699467746,0.029347179857887488,0.03302863051794676,0.06405223654155279,khong cai thien (1/50)
static_kg_gcn,active,2021,546,0.006626339924462949,798.5,False,,,,,,,,,
static_kg_gcn,active,2021,547,0.006596568565870418,799.9,False,,,,,,,,,
static_kg_gcn,active,2021,548,0.006569798399341218,801.3,False,,,,,,,,,
static_kg_gcn,active,2021,549,0.006554180599118067,802.6,False,,,,,,,,,
static_kg_gcn,active,2021,550,0.006613617008261566,804.0,True,0.01700919696742404,0.032425945372090606,0.07264957264957266,0.11538461538461539,0.02074216739458718,0.029462765216962537,0.03017962766894391,0.06362488611420235,khong cai thien (2/50)
static_kg_gcn,active,2021,551,0.006497774497771726,805.8,False,,,,,,,,,
static_kg_gcn,active,2021,552,0.006543868613487096,807.1,False,,,,,,,,,
static_kg_gcn,active,2021,553,0.006561472343266898,808.6,False,,,,,,,,,
static_kg_gcn,active,2021,554,0.006486365444924666,810.0,False,,,,,,,,,
static_kg_gcn,active,2021,555,0.006468911682060827,811.4,True,0.017170749720167553,0.03251826123080118,0.07264957264957266,0.10683760683760683,0.021724715700316827,0.028245429934244656,0.03302863051794676,0.05792688041619666,khong cai thien (3/50)
static_kg_gcn,active,2021,556,0.006478714982385661,813.1,False,,,,,,,,,
static_kg_gcn,active,2021,557,0.006526774100669684,814.5,False,,,,,,,,,
static_kg_gcn,active,2021,558,0.0065332466089047065,815.9,False,,,,,,,,,
static_kg_gcn,active,2021,559,0.006491006014621116,817.2,False,,,,,,,,,
static_kg_gcn,active,2021,560,0.006472528656735604,818.6,True,0.017320762990572242,0.032575958642495295,0.07264957264957266,0.10683760683760683,0.02077281388942334,0.027214986384112374,0.03302863051794676,0.05792688041619666,khong cai thien (4/50)
static_kg_gcn,active,2021,561,0.0064940134272593875,820.4,False,,,,,,,,,
static_kg_gcn,active,2021,562,0.006548663575550694,821.8,False,,,,,,,,,
static_kg_gcn,active,2021,563,0.006484722319619787,823.2,False,,,,,,,,,
static_kg_gcn,active,2021,564,0.006545485862963152,824.6,False,,,,,,,,,
static_kg_gcn,active,2021,565,0.006352606224656527,826.0,True,0.01726306557887813,0.03262211657185059,0.06837606837606838,0.1111111111111111,0.020128085439569995,0.02692581510728068,0.03241812990744615,0.058315380804697045,khong cai thien (5/50)
static_kg_gcn,active,2021,566,0.006469580269067781,827.8,False,,,,,,,,,
static_kg_gcn,active,2021,567,0.006412175702032378,829.2,False,,,,,,,,,
static_kg_gcn,active,2021,568,0.0065022619704119995,830.5,False,,,,,,,,,
static_kg_gcn,active,2021,569,0.0064124960274627415,831.9,False,,,,,,,,,
static_kg_gcn,active,2021,570,0.006410432475633381,833.3,True,0.01730922350823342,0.032714432430561165,0.07264957264957266,0.1111111111111111,0.020750117002490635,0.027555731196278396,0.03302863051794676,0.05935138184069808,khong cai thien (6/50)
static_kg_gcn,active,2021,571,0.0065086373803008545,835.1,False,,,,,,,,,
static_kg_gcn,active,2021,572,0.006493260323459817,836.5,False,,,,,,,,,
static_kg_gcn,active,2021,573,0.006445145492836303,837.9,False,,,,,,,,,
static_kg_gcn,active,2021,574,0.006448723424918786,839.3,False,,,,,,,,,
static_kg_gcn,active,2021,575,0.0064095608204433555,840.6,True,0.017170749720167553,0.03276059035991646,0.07692307692307693,0.10256410256410256,0.021949045508305662,0.026414116313994224,0.03730213479145103,0.05465052713984337,khong cai thien (7/50)
static_kg_gcn,active,2021,576,0.0065267522396189005,842.4,False,,,,,,,,,
static_kg_gcn,active,2021,577,0.006514339580482303,843.8,False,,,,,,,,,
static_kg_gcn,active,2021,578,0.006485558256820812,845.2,False,,,,,,,,,
static_kg_gcn,active,2021,579,0.006411349555709113,846.5,False,,,,,,,,,
static_kg_gcn,active,2021,580,0.006486050687016092,847.9,True,0.017436157813960466,0.03289906414798232,0.0811965811965812,0.1111111111111111,0.023143385288155065,0.027689860694747437,0.04157563906495531,0.05931253180184804,khong cai thien (8/50)
static_kg_gcn,active,2021,581,0.006441316062840555,849.8,False,,,,,,,,,
static_kg_gcn,active,2021,582,0.006508242653983368,851.2,False,,,,,,,,,
static_kg_gcn,active,2021,583,0.006422730135944529,852.6,False,,,,,,,,,
static_kg_gcn,active,2021,584,0.006399466093025722,854.0,False,,,,,,,,,
static_kg_gcn,active,2021,585,0.006375289151612717,855.3,True,0.017401539366944,0.03311831431241995,0.0811965811965812,0.10683760683760683,0.023483714635330687,0.026781648768207413,0.04157563906495531,0.05404187653119277,khong cai thien (9/50)
static_kg_gcn,active,2021,586,0.006356830313227682,857.1,False,,,,,,,,,
static_kg_gcn,active,2021,587,0.0064164766816351025,858.5,False,,,,,,,,,
static_kg_gcn,active,2021,588,0.006386192659951254,859.9,False,,,,,,,,,
static_kg_gcn,active,2021,589,0.006472889188640218,861.2,False,,,,,,,,,
static_kg_gcn,active,2021,590,0.006435919067380303,862.7,True,0.01747077626097693,0.033129853794758767,0.0811965811965812,0.1111111111111111,0.024220852054794996,0.027775347528180155,0.04218613967545592,0.05546637795569419,khong cai thien (10/50)
static_kg_gcn,active,2021,591,0.006414982686745975,864.6,False,,,,,,,,,
static_kg_gcn,active,2021,592,0.006311014479331153,866.0,False,,,,,,,,,
static_kg_gcn,active,2021,593,0.006408093253259859,867.4,False,,,,,,,,,
static_kg_gcn,active,2021,594,0.006367314330989567,868.7,False,,,,,,,,,
static_kg_gcn,active,2021,595,0.006377302546927903,870.1,True,0.01751693419033222,0.03297984052435408,0.08547008547008547,0.11538461538461539,0.024459211010083658,0.028711302118646063,0.04300014048945673,0.05973988222919847,khong cai thien (11/50)
static_kg_gcn,active,2021,596,0.006405277944748454,871.9,False,,,,,,,,,
static_kg_gcn,active,2021,597,0.006327025198104438,873.3,False,,,,,,,,,
static_kg_gcn,active,2021,598,0.006325983136758949,874.6,False,,,,,,,,,
static_kg_gcn,active,2021,599,0.006324145680141938,876.1,False,,,,,,,,,
static_kg_gcn,active,2021,600,0.00637661244288628,877.5,True,0.01755155263734869,0.03304907741838701,0.08547008547008547,0.11538461538461539,0.02424645929887545,0.02904189419221391,0.04264401513333138,0.06045213294144918,khong cai thien (12/50)
static_kg_gcn,active,2021,601,0.006450279197118776,879.3,False,,,,,,,,,
static_kg_gcn,active,2021,602,0.0064058803536000955,880.6,False,,,,,,,,,
static_kg_gcn,active,2021,603,0.006487572455716888,882.0,False,,,,,,,,,
static_kg_gcn,active,2021,604,0.006438682737612624,883.4,False,,,,,,,,,
static_kg_gcn,active,2021,605,0.006362765877511323,884.7,True,0.017563092119687512,0.033129853794758767,0.08974358974358974,0.1111111111111111,0.025325544128522334,0.028798011398573096,0.04691751940683565,0.06006363255294879,khong cai thien (13/50)
static_kg_gcn,active,2021,606,0.006318179579297088,886.6,False,,,,,,,,,
static_kg_gcn,active,2021,607,0.006262762123116269,887.9,False,,,,,,,,,
static_kg_gcn,active,2021,608,0.0063251641805674285,889.3,False,,,,,,,,,
static_kg_gcn,active,2021,609,0.006353191791035679,890.7,False,,,,,,,,,
static_kg_gcn,active,2021,610,0.006362926688263598,892.1,True,0.017540013155009866,0.033222169653469344,0.08547008547008547,0.1111111111111111,0.024687877307027286,0.029290859895154283,0.04264401513333138,0.06006363255294879,khong cai thien (14/50)
static_kg_gcn,active,2021,611,0.006325775565424059,893.9,False,,,,,,,,,
static_kg_gcn,active,2021,612,0.0064082420007356145,895.3,False,,,,,,,,,
static_kg_gcn,active,2021,613,0.006423825177803901,896.7,False,,,,,,,,,
static_kg_gcn,active,2021,614,0.006239671498075531,898.0,False,,,,,,,,,
static_kg_gcn,active,2021,615,0.006311622129122836,899.4,True,0.01765540797839809,0.033360643441535213,0.08547008547008547,0.11538461538461539,0.024511644768299895,0.030256033133028947,0.04264401513333138,0.06476448725380349,best
static_kg_gcn,active,2021,616,0.006317115815069884,901.2,False,,,,,,,,,
static_kg_gcn,active,2021,617,0.006339032137129611,902.6,False,,,,,,,,,
static_kg_gcn,active,2021,618,0.00634513886570623,904.0,False,,,,,,,,,
static_kg_gcn,active,2021,619,0.006399475251558239,905.4,False,,,,,,,,,
static_kg_gcn,active,2021,620,0.0062747762835281525,906.7,True,0.0177131053900922,0.03333756447685757,0.0811965811965812,0.10683760683760683,0.02254793069536631,0.027713279065474793,0.03837051085982711,0.05863913112844736,khong cai thien (1/50)
static_kg_gcn,active,2021,621,0.00625368339993834,908.6,False,,,,,,,,,
static_kg_gcn,active,2021,622,0.006285681933185856,909.9,False,,,,,,,,,
static_kg_gcn,active,2021,623,0.006321564676967879,911.3,False,,,,,,,,,
static_kg_gcn,active,2021,624,0.006369270629624996,912.7,False,,,,,,,,,
static_kg_gcn,active,2021,625,0.006387669075572766,914.0,True,0.017770802801786313,0.033579893605972834,0.07692307692307693,0.1111111111111111,0.02248350418995151,0.02910081403544411,0.03409700658632282,0.0591733191626354,khong cai thien (2/50)
static_kg_gcn,active,2021,626,0.006325310461457202,916.0,False,,,,,,,,,
static_kg_gcn,active,2021,627,0.006260852098832191,917.4,False,,,,,,,,,
static_kg_gcn,active,2021,628,0.0062798733856619555,918.7,False,,,,,,,,,
static_kg_gcn,active,2021,629,0.006191419838352591,920.1,False,,,,,,,,,
static_kg_gcn,active,2021,630,0.0062072791803065965,921.5,True,0.01775926331944749,0.033556814641295195,0.07692307692307693,0.1111111111111111,0.022300477164351965,0.028683260354551463,0.03409700658632282,0.058990168979485225,khong cai thien (3/50)
static_kg_gcn,active,2021,631,0.006215445759017523,923.3,False,,,,,,,,,
static_kg_gcn,active,2021,632,0.006255442352716059,924.6,False,,,,,,,,,
static_kg_gcn,active,2021,633,0.006124476965027834,926.0,False,,,,,,,,,
static_kg_gcn,active,2021,634,0.006259093587338908,927.4,False,,,,,,,,,
static_kg_gcn,active,2021,635,0.006253750632569435,928.7,True,0.017724644872431024,0.03374144635871635,0.0811965811965812,0.10683760683760683,0.023153023772988297,0.027711177604613203,0.03837051085982711,0.05542891541823166,khong cai thien (4/50)
static_kg_gcn,active,2021,636,0.006277892894221053,930.7,False,,,,,,,,,
static_kg_gcn,active,2021,637,0.00634255331678753,932.1,False,,,,,,,,,
static_kg_gcn,active,2021,638,0.0062724015309345025,933.4,False,,,,,,,,,
static_kg_gcn,active,2021,639,0.006240204431763786,934.8,False,,,,,,,,,
static_kg_gcn,active,2021,640,0.006211953189781831,936.2,True,0.017747723837108667,0.03372990687637752,0.08547008547008547,0.10683760683760683,0.02397761717705989,0.027937701978194587,0.039795012284328524,0.05542891541823166,khong cai thien (5/50)
static_kg_gcn,active,2021,641,0.006204900291225369,938.0,False,,,,,,,,,
static_kg_gcn,active,2021,642,0.0062237084670879236,939.4,False,,,,,,,,,
static_kg_gcn,active,2021,643,0.006290789796949617,940.7,False,,,,,,,,,
static_kg_gcn,active,2021,644,0.0063021184421171075,942.1,False,,,,,,,,,
static_kg_gcn,active,2021,645,0.006194470315119773,943.5,True,0.017678486943075732,0.03366066998234459,0.0811965811965812,0.10256410256410256,0.023120252993047048,0.027250346392197557,0.03552150801082425,0.05115541114472739,khong cai thien (6/50)
static_kg_gcn,active,2021,646,0.00631329510760034,945.5,False,,,,,,,,,
static_kg_gcn,active,2021,647,0.006147835781149569,946.8,False,,,,,,,,,
static_kg_gcn,active,2021,648,0.006247676082694885,948.2,False,,,,,,,,,
static_kg_gcn,active,2021,649,0.006179698265678703,949.6,False,,,,,,,,,
static_kg_gcn,active,2021,650,0.006119769638687945,950.9,True,0.017747723837108667,0.033626051535328126,0.0811965811965812,0.10683760683760683,0.022945991316981832,0.028582401095202874,0.03552150801082425,0.056497291486607724,khong cai thien (7/50)
static_kg_gcn,active,2021,651,0.00619361263820969,952.7,False,,,,,,,,,
static_kg_gcn,active,2021,652,0.006202733721861413,954.1,False,,,,,,,,,
static_kg_gcn,active,2021,653,0.006241362190532403,955.5,False,,,,,,,,,
static_kg_gcn,active,2021,654,0.0061723994064596995,956.9,False,,,,,,,,,
static_kg_gcn,active,2021,655,0.006177977355849316,958.3,True,0.017666947460736913,0.033718367394038704,0.07692307692307693,0.10683760683760683,0.022043373324506968,0.028945783513141973,0.03409700658632282,0.060236607725923964,khong cai thien (8/50)
static_kg_gcn,active,2021,656,0.0061732229387680745,960.1,False,,,,,,,,,
static_kg_gcn,active,2021,657,0.006151282558375547,961.5,False,,,,,,,,,
static_kg_gcn,active,2021,658,0.006226294108953135,962.8,False,,,,,,,,,
static_kg_gcn,active,2021,659,0.006120552026863904,964.2,False,,,,,,,,,
static_kg_gcn,active,2021,660,0.0061665049967267955,965.6,True,0.017747723837108667,0.03394915704081515,0.08547008547008547,0.1111111111111111,0.024510064779700202,0.029880053734441216,0.039795012284328524,0.060770795760112004,khong cai thien (9/50)
static_kg_gcn,active,2021,661,0.006074330962627422,967.4,False,,,,,,,,,
static_kg_gcn,active,2021,662,0.0061881576367883405,968.7,False,,,,,,,,,
static_kg_gcn,active,2021,663,0.006136982190329087,970.2,False,,,,,,,,,
static_kg_gcn,active,2021,664,0.006087412158509237,971.6,False,,,,,,,,,
static_kg_gcn,active,2021,665,0.006222091129419348,972.9,True,0.01765540797839809,0.03360297257065048,0.08547008547008547,0.11965811965811966,0.02382593018902501,0.029665137896224825,0.039795012284328524,0.0608817958711121,khong cai thien (10/50)
static_kg_gcn,active,2021,666,0.00620908591189468,974.8,False,,,,,,,,,
static_kg_gcn,active,2021,667,0.006136301079267053,976.1,False,,,,,,,,,
static_kg_gcn,active,2021,668,0.006163847193757345,977.5,False,,,,,,,,,
static_kg_gcn,active,2021,669,0.006192789967366881,978.8,False,,,,,,,,,
static_kg_gcn,active,2021,670,0.0061136068647441545,980.2,True,0.017747723837108667,0.0336145120529893,0.0811965811965812,0.1111111111111111,0.023747796467551385,0.028616845767847312,0.03974022376800154,0.05656512488777446,khong cai thien (11/50)
static_kg_gcn,active,2021,671,0.006135819493423023,982.1,False,,,,,,,,,
static_kg_gcn,active,2021,672,0.006209946165780819,983.5,False,,,,,,,,,
static_kg_gcn,active,2021,673,0.006198770985621094,984.9,False,,,,,,,,,
static_kg_gcn,active,2021,674,0.006128792927759026,986.3,False,,,,,,,,,
static_kg_gcn,active,2021,675,0.006175685406634331,987.7,True,0.017840039695819244,0.03367220946468341,0.0811965811965812,0.1111111111111111,0.024548503520744874,0.029231041945006926,0.03974022376800154,0.05626860279638058,khong cai thien (12/50)
static_kg_gcn,active,2021,676,0.006111656220802353,989.4,False,,,,,,,,,
static_kg_gcn,active,2021,677,0.006066024918006926,990.8,False,,,,,,,,,
static_kg_gcn,active,2021,678,0.006101527258631883,992.2,False,,,,,,,,,
static_kg_gcn,active,2021,679,0.006164953399809529,993.5,False,,,,,,,,,
static_kg_gcn,active,2021,680,0.00614310455391032,994.9,True,0.017874658142835714,0.03366066998234459,0.0811965811965812,0.1111111111111111,0.023472251494725302,0.028723928662660905,0.03935172337950116,0.05655350308128086,khong cai thien (13/50)
static_kg_gcn,active,2021,681,0.00614353809564919,996.8,False,,,,,,,,,
static_kg_gcn,active,2021,682,0.006141364213791081,998.3,False,,,,,,,,,
static_kg_gcn,active,2021,683,0.006127788790493691,999.6,False,,,,,,,,,
static_kg_gcn,active,2021,684,0.006124133877752646,1001.0,False,,,,,,,,,
static_kg_gcn,active,2021,685,0.006143204594434726,1002.4,True,0.01780542124880278,0.03381068325274928,0.08547008547008547,0.10683760683760683,0.023593910636946908,0.028511577282004694,0.03980805716916828,0.057120836981948094,khong cai thien (14/50)
static_kg_gcn,active,2021,686,0.006067149000207521,1004.2,False,,,,,,,,,
static_kg_gcn,active,2021,687,0.006108988645594101,1005.6,False,,,,,,,,,
static_kg_gcn,active,2021,688,0.006157889539504894,1006.9,False,,,,,,,,,
static_kg_gcn,active,2021,689,0.006118240080769711,1008.3,False,,,,,,,,,
static_kg_gcn,active,2021,690,0.006082341229121833,1009.7,True,0.01780542124880278,0.03402993341718691,0.08547008547008547,0.1111111111111111,0.023940057559627293,0.028969940371961184,0.03941955678066789,0.05679708665819777,khong cai thien (15/50)
static_kg_gcn,active,2021,691,0.006022321174018661,1011.6,False,,,,,,,,,
static_kg_gcn,active,2021,692,0.006065730562988668,1013.0,False,,,,,,,,,
static_kg_gcn,active,2021,693,0.006153608834305978,1014.4,False,,,,,,,,,
static_kg_gcn,active,2021,694,0.006041085916522565,1015.7,False,,,,,,,,,
static_kg_gcn,active,2021,695,0.006103418061553461,1017.1,True,0.017770802801786313,0.03409917031121984,0.08547008547008547,0.1111111111111111,0.025328038234118878,0.03008991085319061,0.03941955678066789,0.056084835945947056,khong cai thien (16/50)
static_kg_gcn,active,2021,696,0.006091229191088149,1018.9,False,,,,,,,,,
static_kg_gcn,active,2021,697,0.006067020611116628,1020.3,False,,,,,,,,,
static_kg_gcn,active,2021,698,0.00613652606524536,1021.6,False,,,,,,,,,
static_kg_gcn,active,2021,699,0.006049192077361912,1023.0,False,,,,,,,,,
static_kg_gcn,active,2021,700,0.006096476475299711,1024.5,True,0.01780542124880278,0.034145328240575125,0.08547008547008547,0.1111111111111111,0.024004156120583115,0.028766888640089167,0.0396249069860181,0.05646337478602436,khong cai thien (17/50)
static_kg_gcn,active,2021,701,0.006134700871728834,1026.4,False,,,,,,,,,
static_kg_gcn,active,2021,702,0.006011631871665378,1027.8,False,,,,,,,,,
static_kg_gcn,active,2021,703,0.006052535358978297,1029.1,False,,,,,,,,,
static_kg_gcn,active,2021,704,0.006028803372460844,1030.5,False,,,,,,,,,
static_kg_gcn,active,2021,705,0.006056655978909795,1031.9,True,0.017920816072191002,0.03431842047565746,0.08974358974358974,0.10683760683760683,0.0232028616541598,0.02831647755449302,0.04023540759651871,0.06014790250901362,khong cai thien (18/50)
static_kg_gcn,active,2021,706,0.00600491977589347,1033.7,False,,,,,,,,,
static_kg_gcn,active,2021,707,0.006060667705952459,1035.0,False,,,,,,,,,
static_kg_gcn,active,2021,708,0.006042472228822901,1036.4,False,,,,,,,,,
static_kg_gcn,active,2021,709,0.005992163504354124,1037.9,False,,,,,,,,,
static_kg_gcn,active,2021,710,0.00601730742913572,1039.3,True,0.017943895036868645,0.03423764409928571,0.0811965811965812,0.1111111111111111,0.023378274911216784,0.028509109297856144,0.043301477329255114,0.06068209054320166,khong cai thien (19/50)
static_kg_gcn,active,2021,711,0.006025529282110874,1041.1,False,,,,,,,,,
static_kg_gcn,active,2021,712,0.005985820277231678,1042.5,False,,,,,,,,,
static_kg_gcn,active,2021,713,0.006008268797563836,1043.9,False,,,,,,,,,
static_kg_gcn,active,2021,714,0.0060565237259180265,1045.2,False,,,,,,,,,
static_kg_gcn,active,2021,715,0.005960826217748326,1046.6,True,0.01786311866049689,0.03424918358162453,0.08547008547008547,0.1111111111111111,0.024925360151376086,0.029681450099255262,0.044013728041505815,0.06068209054320166,khong cai thien (20/50)
static_kg_gcn,active,2021,716,0.006073505209662474,1048.4,False,,,,,,,,,
static_kg_gcn,active,2021,717,0.0060342393768032685,1049.8,False,,,,,,,,,
static_kg_gcn,active,2021,718,0.006019629283780457,1051.2,False,,,,,,,,,
static_kg_gcn,active,2021,719,0.00601955324482601,1052.6,False,,,,,,,,,
static_kg_gcn,active,2021,720,0.006018622107500743,1054.0,True,0.017920816072191002,0.03431842047565746,0.0811965811965812,0.10256410256410256,0.024804765626200227,0.028625078435263938,0.043403227431005206,0.05587439823550935,khong cai thien (21/50)
static_kg_gcn,active,2021,721,0.0059642925219163916,1055.8,False,,,,,,,,,
static_kg_gcn,active,2021,722,0.006026838368310592,1057.2,False,,,,,,,,,
static_kg_gcn,active,2021,723,0.005995334290192086,1058.5,False,,,,,,,,,
static_kg_gcn,active,2021,724,0.005906591299077951,1059.9,False,,,,,,,,,
static_kg_gcn,active,2021,725,0.005993170537480761,1061.3,True,0.017897737107513356,0.03430688099331864,0.08974358974358974,0.10683760683760683,0.025667339863102805,0.027582527348917196,0.047744565105676214,0.05448227184338295,khong cai thien (22/50)
static_kg_gcn,active,2021,726,0.005953911758257652,1063.2,False,,,,,,,,,
static_kg_gcn,active,2021,727,0.005952466794667154,1064.6,False,,,,,,,,,
static_kg_gcn,active,2021,728,0.006045945155990831,1066.0,False,,,,,,,,,
static_kg_gcn,active,2021,729,0.006018450169208289,1067.4,False,,,,,,,,,
static_kg_gcn,active,2021,730,0.005969001145489079,1068.7,True,0.017990052966223934,0.034283802028640994,0.08547008547008547,0.11538461538461539,0.024974321231091542,0.02782937304785024,0.04767673170450948,0.05644096130207241,khong cai thien (23/50)
static_kg_gcn,active,2021,731,0.005947904708580244,1070.6,False,,,,,,,,,
static_kg_gcn,active,2021,732,0.005957199652277226,1071.9,False,,,,,,,,,
static_kg_gcn,active,2021,733,0.005961649347355917,1073.3,False,,,,,,,,,
static_kg_gcn,active,2021,734,0.0060117210509558865,1074.7,False,,,,,,,,,
static_kg_gcn,active,2021,735,0.006029025768258586,1076.0,True,0.018036210895579226,0.03430688099331864,0.08547008547008547,0.1111111111111111,0.0247692961320212,0.027462395875888352,0.04767673170450948,0.05605246091357202,khong cai thien (24/50)
static_kg_gcn,active,2021,736,0.0060077641762584,1078.0,False,,,,,,,,,
static_kg_gcn,active,2021,737,0.005991026825069047,1079.4,False,,,,,,,,,
static_kg_gcn,active,2021,738,0.005932420561771781,1080.8,False,,,,,,,,,
static_kg_gcn,active,2021,739,0.006014904305915959,1082.2,False,,,,,,,,,
static_kg_gcn,active,2021,740,0.005980056211096277,1083.5,True,0.018093908307273334,0.034422275816706864,0.08547008547008547,0.11538461538461539,0.025862583346897245,0.0293566526485322,0.04838898241676019,0.060325965187076294,khong cai thien (25/50)
static_kg_gcn,active,2021,741,0.005999905958128253,1085.3,False,,,,,,,,,
static_kg_gcn,active,2021,742,0.005933654117712537,1086.7,False,,,,,,,,,
static_kg_gcn,active,2021,743,0.005993627403138899,1088.0,False,,,,,,,,,
static_kg_gcn,active,2021,744,0.006000259640009216,1089.4,False,,,,,,,,,
static_kg_gcn,active,2021,745,0.005925138234452608,1090.8,True,0.018001592448562757,0.03422610461694688,0.09829059829059829,0.11538461538461539,0.02683371724974022,0.029371291549567226,0.04948306377399945,0.05984800747227648,khong cai thien (26/50)
static_kg_gcn,active,2021,746,0.005972671370294346,1092.8,False,,,,,,,,,
static_kg_gcn,active,2021,747,0.006027684486051166,1094.2,False,,,,,,,,,
static_kg_gcn,active,2021,748,0.005969413419350252,1095.5,False,,,,,,,,,
static_kg_gcn,active,2021,749,0.005954835041207291,1096.9,False,,,,,,,,,
static_kg_gcn,active,2021,750,0.005924284040094201,1098.3,True,0.018036210895579226,0.03415686772291395,0.10256410256410256,0.1111111111111111,0.027352223048991094,0.02968467599961935,0.050195314486250156,0.06049242478336046,khong cai thien (27/50)
static_kg_gcn,active,2021,751,0.005970752807363307,1100.1,False,,,,,,,,,
static_kg_gcn,active,2021,752,0.0059248703860544025,1101.4,False,,,,,,,,,
static_kg_gcn,active,2021,753,0.00594541571347798,1102.8,False,,,,,,,,,
static_kg_gcn,active,2021,754,0.0059519412874493105,1104.2,False,,,,,,,,,
static_kg_gcn,active,2021,755,0.00588051307747015,1105.6,True,0.018001592448562757,0.034272262546302175,0.09829059829059829,0.11538461538461539,0.029369540080066966,0.032828168961523574,0.05013908416686194,0.06481653634431413,best
static_kg_gcn,active,2021,756,0.00591397712786415,1107.6,False,,,,,,,,,
static_kg_gcn,active,2021,757,0.005895425608731309,1108.9,False,,,,,,,,,
static_kg_gcn,active,2021,758,0.005986294907452757,1110.3,False,,,,,,,,,
static_kg_gcn,active,2021,759,0.005997962798348435,1111.7,False,,,,,,,,,
static_kg_gcn,active,2021,760,0.0059299147642703255,1113.1,True,0.018001592448562757,0.034272262546302175,0.08974358974358974,0.11965811965811966,0.028752066431593094,0.033289566435021505,0.048002332030109805,0.06487276666370234,best
static_kg_gcn,active,2021,761,0.005889314844254953,1114.8,False,,,,,,,,,
static_kg_gcn,active,2021,762,0.005913044294375391,1116.2,False,,,,,,,,,
static_kg_gcn,active,2021,763,0.005868469610842942,1117.6,False,,,,,,,,,
static_kg_gcn,active,2021,764,0.005873797350273989,1119.1,False,,,,,,,,,
static_kg_gcn,active,2021,765,0.005948141265654418,1120.4,True,0.01807082934259569,0.034353038922673926,0.08974358974358974,0.11965811965811966,0.028206283742431098,0.03234770266170058,0.048002332030109805,0.06397736576830144,khong cai thien (1/50)
static_kg_gcn,active,2021,766,0.00585489374033012,1122.3,False,,,,,,,,,
static_kg_gcn,active,2021,767,0.005932011877762721,1123.6,False,,,,,,,,,
static_kg_gcn,active,2021,768,0.0059172333729896436,1125.0,False,,,,,,,,,
static_kg_gcn,active,2021,769,0.00587404871257436,1126.4,False,,,,,,,,,
static_kg_gcn,active,2021,770,0.005957347916399856,1127.8,True,0.018082368824934515,0.034272262546302175,0.09829059829059829,0.11965811965811966,0.027467999085645452,0.030922215354510563,0.05013908416686194,0.06468961648055216,khong cai thien (2/50)
static_kg_gcn,active,2021,771,0.005876653171216242,1129.6,False,,,,,,,,,
static_kg_gcn,active,2021,772,0.005886601058382285,1131.0,False,,,,,,,,,
static_kg_gcn,active,2021,773,0.005912086679634478,1132.4,False,,,,,,,,,
static_kg_gcn,active,2021,774,0.005863559076376079,1133.8,False,,,,,,,,,
static_kg_gcn,active,2021,775,0.005878186491279702,1135.1,True,0.01790927658985218,0.03411070979355866,0.09401709401709402,0.11538461538461539,0.0286764875381598,0.033156386498092105,0.04586557989335767,0.06463338616116394,khong cai thien (3/50)
static_kg_gcn,active,2021,776,0.005921842980205864,1136.9,False,,,,,,,,,
static_kg_gcn,active,2021,777,0.005834464780936728,1138.3,False,,,,,,,,,
static_kg_gcn,active,2021,778,0.005919575760243378,1139.7,False,,,,,,,,,
static_kg_gcn,active,2021,779,0.005751999898056281,1141.0,False,,,,,,,,,
static_kg_gcn,active,2021,780,0.005901349863618502,1142.4,True,0.017920816072191002,0.0339722360054928,0.08974358974358974,0.1111111111111111,0.027825445048725913,0.03188364396281106,0.04444107846885625,0.060359881887659665,khong cai thien (4/50)
static_kg_gcn,active,2021,781,0.00579306117000816,1144.2,False,,,,,,,,,
static_kg_gcn,active,2021,782,0.005911081469695779,1145.6,False,,,,,,,,,
static_kg_gcn,active,2021,783,0.00587439446583651,1147.0,False,,,,,,,,,
static_kg_gcn,active,2021,784,0.005786637040892173,1148.4,False,,,,,,,,,
static_kg_gcn,active,2021,785,0.00583968613136123,1149.7,True,0.01811698727195098,0.034076091346542194,0.09401709401709402,0.1111111111111111,0.02862700437302098,0.03179977513532873,0.04871458274236052,0.06107213259991037,khong cai thien (5/50)
static_kg_gcn,active,2021,786,0.0058777839955331534,1151.5,False,,,,,,,,,
static_kg_gcn,active,2021,787,0.005910671322303297,1152.9,False,,,,,,,,,
static_kg_gcn,active,2021,788,0.005901523245974967,1154.2,False,,,,,,,,,
static_kg_gcn,active,2021,789,0.005851441542358392,1155.6,False,,,,,,,,,
static_kg_gcn,active,2021,790,0.005850893565477699,1157.0,True,0.018140066236628626,0.03404147289952573,0.09829059829059829,0.11965811965811966,0.029135750744503603,0.032998339149632364,0.05013908416686194,0.06540186719280286,khong cai thien (6/50)
static_kg_gcn,active,2021,791,0.0057944721420993845,1158.9,False,,,,,,,,,
static_kg_gcn,active,2021,792,0.005804737499983642,1160.3,False,,,,,,,,,
static_kg_gcn,active,2021,793,0.005929636182756916,1161.7,False,,,,,,,,,
static_kg_gcn,active,2021,794,0.005843625813289694,1163.0,False,,,,,,,,,
static_kg_gcn,active,2021,795,0.005835553838127645,1164.4,True,0.018243921577678027,0.03402993341718691,0.09401709401709402,0.12393162393162394,0.026574412051538394,0.03166199250478244,0.04586557989335767,0.0654697005939696,khong cai thien (7/50)
static_kg_gcn,active,2021,796,0.005855159658819254,1166.2,False,,,,,,,,,
static_kg_gcn,active,2021,797,0.005807649555514803,1167.6,False,,,,,,,,,
static_kg_gcn,active,2021,798,0.005886167892530584,1168.9,False,,,,,,,,,
static_kg_gcn,active,2021,799,0.005853746560038649,1170.3,False,,,,,,,,,
static_kg_gcn,active,2021,800,0.005821915471255844,1171.7,True,0.018232382095339204,0.033926078076137504,0.09401709401709402,0.11965811965811966,0.026198797681379848,0.031014517902607616,0.04586557989335767,0.06493551255978157,khong cai thien (8/50)
static_kg_gcn,active,2021,801,0.005824768737631087,1173.7,False,,,,,,,,,
static_kg_gcn,active,2021,802,0.005872348128559936,1175.0,False,,,,,,,,,
static_kg_gcn,active,2021,803,0.0059445771575908305,1176.4,False,,,,,,,,,
static_kg_gcn,active,2021,804,0.005777281886476264,1177.8,False,,,,,,,,,
static_kg_gcn,active,2021,805,0.00576613092437242,1179.1,True,0.018151605718967446,0.03386838066444339,0.08974358974358974,0.1111111111111111,0.026375891374266908,0.031022458453709108,0.043728827756605526,0.06121627857738969,khong cai thien (9/50)
static_kg_gcn,active,2021,806,0.005813354775896961,1180.9,False,,,,,,,,,
static_kg_gcn,active,2021,807,0.005872397596591309,1182.3,False,,,,,,,,,
static_kg_gcn,active,2021,808,0.005854727064320095,1183.7,False,,,,,,,,,
static_kg_gcn,active,2021,809,0.005772350352847169,1185.1,False,,,,,,,,,
static_kg_gcn,active,2021,810,0.00588048062516989,1186.5,True,0.018290079507033315,0.0339722360054928,0.08547008547008547,0.11538461538461539,0.024897076172404144,0.03053637274798665,0.04191582594360373,0.061272508896777905,khong cai thien (10/50)
static_kg_gcn,active,2021,811,0.005784076794803788,1188.4,False,,,,,,,,,
static_kg_gcn,active,2021,812,0.005815354995391263,1189.7,False,,,,,,,,,
static_kg_gcn,active,2021,813,0.005795682938549323,1191.1,False,,,,,,,,,
static_kg_gcn,active,2021,814,0.005750483052035563,1192.4,False,,,,,,,,,
static_kg_gcn,active,2021,815,0.00575034557121631,1193.8,True,0.01822084261300038,0.033926078076137504,0.0811965811965812,0.1111111111111111,0.023552610746647815,0.02943186271489907,0.04130532533310311,0.06121627857738969,khong cai thien (11/50)
static_kg_gcn,active,2021,816,0.005844999108774991,1195.6,False,,,,,,,,,
static_kg_gcn,active,2021,817,0.005784615950152033,1197.0,False,,,,,,,,,
static_kg_gcn,active,2021,818,0.005710639848706205,1198.4,False,,,,,,,,,
static_kg_gcn,active,2021,819,0.005830195044364102,1199.8,False,,,,,,,,,
static_kg_gcn,active,2021,820,0.005800148030096276,1201.2,True,0.018197763648322735,0.03396069652315397,0.0811965811965812,0.10683760683760683,0.02404598471863018,0.02946075120430717,0.04130532533310311,0.06053794456572234,khong cai thien (12/50)
static_kg_gcn,active,2021,821,0.00584455921060001,1202.9,False,,,,,,,,,
static_kg_gcn,active,2021,822,0.005787951722622691,1204.3,False,,,,,,,,,
static_kg_gcn,active,2021,823,0.005767016819983183,1205.7,False,,,,,,,,,
static_kg_gcn,active,2021,824,0.005817231755803439,1207.0,False,,,,,,,,,
static_kg_gcn,active,2021,825,0.0057811628534000445,1208.4,True,0.018140066236628626,0.034283802028640994,0.08974358974358974,0.11538461538461539,0.026574808306097403,0.03146770183145644,0.04700333103110881,0.06487928224039334,khong cai thien (13/50)
static_kg_gcn,active,2021,826,0.0056845554873781005,1210.2,False,,,,,,,,,
static_kg_gcn,active,2021,827,0.005701782602196465,1211.6,False,,,,,,,,,
static_kg_gcn,active,2021,828,0.0057446863388241785,1213.0,False,,,,,,,,,
static_kg_gcn,active,2021,829,0.005818157406902929,1214.4,False,,,,,,,,,
static_kg_gcn,active,2021,830,0.00569392921150105,1215.8,True,0.018197763648322735,0.034433815299045684,0.09401709401709402,0.11538461538461539,0.027377449721738528,0.031594586805867436,0.04914008316786095,0.06487928224039334,khong cai thien (14/50)
static_kg_gcn,active,2021,831,0.005794495306267985,1217.6,False,,,,,,,,,
static_kg_gcn,active,2021,832,0.005706874603876654,1218.9,False,,,,,,,,,
static_kg_gcn,active,2021,833,0.005662932730171744,1220.3,False,,,,,,,,,
static_kg_gcn,active,2021,834,0.005713831253147998,1221.7,False,,,,,,,,,
static_kg_gcn,active,2021,835,0.005721457873159671,1223.0,True,0.018290079507033315,0.03444535478138451,0.08547008547008547,0.11538461538461539,0.02561194086091512,0.0313766618091057,0.04386942789720567,0.06487928224039334,khong cai thien (15/50)
static_kg_gcn,active,2021,836,0.005765093645367709,1224.8,False,,,,,,,,,
static_kg_gcn,active,2021,837,0.00578557029068932,1226.3,False,,,,,,,,,
static_kg_gcn,active,2021,838,0.00575742922523828,1227.7,False,,,,,,,,,
static_kg_gcn,active,2021,839,0.005822118353279227,1229.0,False,,,,,,,,,
static_kg_gcn,active,2021,840,0.005788804399446311,1230.4,True,0.018255461060016846,0.03445689426372333,0.08547008547008547,0.11965811965811966,0.025647122248152295,0.031217775591402114,0.044257928285706065,0.06493407075672034,khong cai thien (16/50)
static_kg_gcn,active,2021,841,0.0057195977283525205,1232.2,False,,,,,,,,,
static_kg_gcn,active,2021,842,0.005752905155782635,1233.6,False,,,,,,,,,
static_kg_gcn,active,2021,843,0.00573982002317284,1234.9,False,,,,,,,,,
static_kg_gcn,active,2021,844,0.005719716766250102,1236.3,False,,,,,,,,,
static_kg_gcn,active,2021,845,0.005766517822539394,1237.7,True,0.01841701381276036,0.03468768391049978,0.08547008547008547,0.11538461538461539,0.025023703559281043,0.030731937671033913,0.044257928285706065,0.06548978285089396,khong cai thien (17/50)
static_kg_gcn,active,2021,846,0.0057076215311653595,1239.6,False,,,,,,,,,
static_kg_gcn,active,2021,847,0.005666846757125097,1241.0,False,,,,,,,,,
static_kg_gcn,active,2021,848,0.005662448119492552,1242.4,False,,,,,,,,,
static_kg_gcn,active,2021,849,0.005744964942130548,1243.8,False,,,,,,,,,
static_kg_gcn,active,2021,850,0.0057921667968626744,1245.1,True,0.018232382095339204,0.034629986498805665,0.08974358974358974,0.11538461538461539,0.025437570193085464,0.030785385987873958,0.04525507928285706,0.06548978285089396,khong cai thien (18/50)
static_kg_gcn,active,2021,851,0.005696865663027145,1246.9,False,,,,,,,,,
static_kg_gcn,active,2021,852,0.0057351312941719915,1248.3,False,,,,,,,,,
static_kg_gcn,active,2021,853,0.0056854906952971285,1249.7,False,,,,,,,,,
static_kg_gcn,active,2021,854,0.0057821489843293255,1251.1,False,,,,,,,,,
static_kg_gcn,active,2021,855,0.0057019840233467544,1252.5,True,0.018278540024694492,0.03458382856945037,0.08974358974358974,0.11538461538461539,0.025201374468075566,0.03058219056488718,0.04525507928285706,0.06548978285089396,khong cai thien (19/50)
static_kg_gcn,active,2021,856,0.0057254611256561,1254.4,False,,,,,,,,,
static_kg_gcn,active,2021,857,0.00567843990952669,1255.8,False,,,,,,,,,
static_kg_gcn,active,2021,858,0.00575196770111985,1257.1,False,,,,,,,,,
static_kg_gcn,active,2021,859,0.0056773397002900065,1258.5,False,,,,,,,,,
static_kg_gcn,active,2021,860,0.005699121783743515,1259.9,True,0.018151605718967446,0.034491512710739795,0.08547008547008547,0.1111111111111111,0.0244785189650993,0.030221356703227897,0.04383057785835564,0.06542194944972723,khong cai thien (20/50)
static_kg_gcn,active,2021,861,0.0056563282247317674,1261.7,False,,,,,,,,,
static_kg_gcn,active,2021,862,0.005754523928411833,1263.0,False,,,,,,,,,
static_kg_gcn,active,2021,863,0.00569962941954855,1264.4,False,,,,,,,,,
static_kg_gcn,active,2021,864,0.00566787852302605,1265.8,False,,,,,,,,,
static_kg_gcn,active,2021,865,0.005748775117899648,1267.3,True,0.017990052966223934,0.03453767064009509,0.08974358974358974,0.1111111111111111,0.02466241702300567,0.0300084700342405,0.04388680817774385,0.06270040199133767,khong cai thien (21/50)
static_kg_gcn,active,2021,866,0.00567113666692519,1269.0,False,,,,,,,,,
static_kg_gcn,active,2021,867,0.00567076872081675,1270.4,False,,,,,,,,,
static_kg_gcn,active,2021,868,0.005728868449809741,1271.8,False,,,,,,,,,
static_kg_gcn,active,2021,869,0.005653236243788575,1273.1,False,,,,,,,,,
static_kg_gcn,active,2021,870,0.005702166355400336,1274.5,True,0.01807082934259569,0.03436457840501275,0.08974358974358974,0.11538461538461539,0.023149094063230985,0.029168400618505813,0.04022380451474019,0.062327840080314216,khong cai thien (22/50)
static_kg_gcn,active,2021,871,0.0056563925703198925,1276.3,False,,,,,,,,,
static_kg_gcn,active,2021,872,0.005719050804687849,1277.7,False,,,,,,,,,
static_kg_gcn,active,2021,873,0.005681810230853852,1279.1,False,,,,,,,,,
static_kg_gcn,active,2021,874,0.00571394263505025,1280.5,False,,,,,,,,,
static_kg_gcn,active,2021,875,0.00570415285190496,1281.9,True,0.018197763648322735,0.03453767064009509,0.08547008547008547,0.10683760683760683,0.024040775051360645,0.028923439606338513,0.043372702400480176,0.06084710833642458,khong cai thien (23/50)
static_kg_gcn,active,2021,876,0.005625590132727611,1283.7,False,,,,,,,,,
static_kg_gcn,active,2021,877,0.005649082254974376,1285.1,False,,,,,,,,,
static_kg_gcn,active,2021,878,0.005654805918020736,1286.4,False,,,,,,,,,
static_kg_gcn,active,2021,879,0.00566481763681049,1287.8,False,,,,,,,,,
static_kg_gcn,active,2021,880,0.005666896059778253,1289.2,True,0.018174684683645092,0.03472230235751624,0.08547008547008547,0.10683760683760683,0.02451481375231937,0.02931074038637201,0.043372702400480176,0.06084710833642458,khong cai thien (24/50)
static_kg_gcn,active,2021,881,0.005640896864259162,1291.0,False,,,,,,,,,
static_kg_gcn,active,2021,882,0.005684212848633279,1292.4,False,,,,,,,,,
static_kg_gcn,active,2021,883,0.005661574339470606,1293.8,False,,,,,,,,,
static_kg_gcn,active,2021,884,0.0056469886465162645,1295.2,False,,,,,,,,,
static_kg_gcn,active,2021,885,0.005700190064759231,1296.6,True,0.01822084261300038,0.03458382856945037,0.08547008547008547,0.10683760683760683,0.025328759035314036,0.030133652022361387,0.043372702400480176,0.06084710833642458,khong cai thien (25/50)
static_kg_gcn,active,2021,886,0.005709034967028792,1298.4,False,,,,,,,,,
static_kg_gcn,active,2021,887,0.005628920849121371,1299.7,False,,,,,,,,,
static_kg_gcn,active,2021,888,0.005700644091557987,1301.1,False,,,,,,,,,
static_kg_gcn,active,2021,889,0.005656370245511257,1302.5,False,,,,,,,,,
static_kg_gcn,active,2021,890,0.005653755474450239,1303.8,True,0.018232382095339204,0.034629986498805665,0.08547008547008547,0.10256410256410256,0.02484917168937667,0.029490881296278804,0.043372702400480176,0.0607923198200976,khong cai thien (26/50)
static_kg_gcn,active,2021,891,0.005625395428332888,1305.7,False,,,,,,,,,
static_kg_gcn,active,2021,892,0.005643727296560173,1307.1,False,,,,,,,,,
static_kg_gcn,active,2021,893,0.0056479129624245885,1308.5,False,,,,,,,,,
static_kg_gcn,active,2021,894,0.005630783790222667,1309.9,False,,,,,,,,,
static_kg_gcn,active,2021,895,0.005568358622827836,1311.2,True,0.018209303130661558,0.03466460494582213,0.08547008547008547,0.10683760683760683,0.025498301612671685,0.03034049215479745,0.043372702400480176,0.06118082020859798,khong cai thien (27/50)
static_kg_gcn,active,2021,896,0.005676684118116562,1313.0,False,,,,,,,,,
static_kg_gcn,active,2021,897,0.005674334430037562,1314.4,False,,,,,,,,,
static_kg_gcn,active,2021,898,0.005651843417664664,1315.8,False,,,,,,,,,
static_kg_gcn,active,2021,899,0.005599586381707621,1317.1,False,,,,,,,,,
static_kg_gcn,active,2021,900,0.005574436406299384,1318.5,True,0.018278540024694492,0.03482615769856564,0.08547008547008547,0.1111111111111111,0.025416740255229327,0.030701271054109646,0.043372702400480176,0.061715008242786015,khong cai thien (28/50)
static_kg_gcn,active,2021,901,0.005705584245065691,1320.5,False,,,,,,,,,
static_kg_gcn,active,2021,902,0.005614114123229238,1321.9,False,,,,,,,,,
static_kg_gcn,active,2021,903,0.005633910180722137,1323.2,False,,,,,,,,,
static_kg_gcn,active,2021,904,0.005685916053448756,1324.6,False,,,,,,,,,
static_kg_gcn,active,2021,905,0.005633567189050914,1325.9,True,0.018209303130661558,0.03486077614558211,0.08547008547008547,0.10683760683760683,0.02481647791118223,0.029957742806116596,0.043372702400480176,0.06118082020859798,khong cai thien (29/50)
static_kg_gcn,active,2021,906,0.005655057954836186,1327.8,False,,,,,,,,,
static_kg_gcn,active,2021,907,0.0056767010781514915,1329.1,False,,,,,,,,,
static_kg_gcn,active,2021,908,0.005683636992314029,1330.5,False,,,,,,,,,
static_kg_gcn,active,2021,909,0.00557013115174563,1331.9,False,,,,,,,,,
static_kg_gcn,active,2021,910,0.005614007434546515,1333.3,True,0.01830161898937214,0.03503386838066444,0.08547008547008547,0.11538461538461539,0.024538531192826667,0.03028004989566577,0.043372702400480176,0.06266155195248761,khong cai thien (30/50)
static_kg_gcn,active,2021,911,0.005610348707826103,1335.3,False,,,,,,,,,
static_kg_gcn,active,2021,912,0.005620975242419904,1336.7,False,,,,,,,,,
static_kg_gcn,active,2021,913,0.005637817496556667,1338.0,False,,,,,,,,,
static_kg_gcn,active,2021,914,0.005643205592296483,1339.4,False,,,,,,,,,
static_kg_gcn,active,2021,915,0.005603083068589637,1340.7,True,0.018140066236628626,0.034837697180904466,0.08547008547008547,0.1111111111111111,0.02449109456524131,0.029574304826826464,0.043372702400480176,0.06055717484811052,khong cai thien (31/50)
static_kg_gcn,active,2021,916,0.005645018757294881,1342.6,False,,,,,,,,,
static_kg_gcn,active,2021,917,0.0055805656102951365,1343.9,False,,,,,,,,,
static_kg_gcn,active,2021,918,0.005612582039828861,1345.3,False,,,,,,,,,
static_kg_gcn,active,2021,919,0.005596283799242687,1346.7,False,,,,,,,,,
static_kg_gcn,active,2021,920,0.00556478554456152,1348.1,True,0.018382395365743893,0.03489539459259858,0.0811965811965812,0.11538461538461539,0.02389045297581362,0.029515398155724654,0.04194820097597876,0.06117742853853965,khong cai thien (32/50)
static_kg_gcn,active,2021,921,0.0055977080813975864,1349.9,False,,,,,,,,,
static_kg_gcn,active,2021,922,0.00549601359522638,1351.3,False,,,,,,,,,
static_kg_gcn,active,2021,923,0.005593675522805372,1352.7,False,,,,,,,,,
static_kg_gcn,active,2021,924,0.005622827826256383,1354.1,False,,,,,,,,,
static_kg_gcn,active,2021,925,0.005593779657859012,1355.4,True,0.018336237436388604,0.03487231562792093,0.0811965811965812,0.1111111111111111,0.024491353404148413,0.030000523850590235,0.04194820097597876,0.061109595137372914,khong cai thien (33/50)
static_kg_gcn,active,2021,926,0.005568514200079099,1357.2,False,,,,,,,,,
static_kg_gcn,active,2021,927,0.005600436730969627,1358.6,False,,,,,,,,,
static_kg_gcn,active,2021,928,0.005640633544943638,1360.0,False,,,,,,,,,
static_kg_gcn,active,2021,929,0.005592283108531611,1361.4,False,,,,,,,,,
static_kg_gcn,active,2021,930,0.005545823286325169,1362.8,True,0.018255461060016846,0.035137723721713844,0.0811965811965812,0.1111111111111111,0.024948642114466492,0.030388222393451483,0.04255870158647937,0.061287657815435596,khong cai thien (34/50)
static_kg_gcn,active,2021,931,0.005553967550489461,1364.6,False,,,,,,,,,
static_kg_gcn,active,2021,932,0.005646871039432207,1365.9,False,,,,,,,,,
static_kg_gcn,active,2021,933,0.005544487225628034,1367.3,False,,,,,,,,,
static_kg_gcn,active,2021,934,0.005545278308229235,1368.7,False,,,,,,,,,
static_kg_gcn,active,2021,935,0.0055704474295889764,1370.0,True,0.018393934848082716,0.03504540786300327,0.08547008547008547,0.11965811965811966,0.024395088639387417,0.03032130084774952,0.04200443129536697,0.061467951855378754,khong cai thien (35/50)
static_kg_gcn,active,2021,936,0.005567951937104408,1371.8,False,,,,,,,,,
static_kg_gcn,active,2021,937,0.005493272363999641,1373.2,False,,,,,,,,,
static_kg_gcn,active,2021,938,0.005604861391574849,1374.7,False,,,,,,,,,
static_kg_gcn,active,2021,939,0.005576846658805317,1376.1,False,,,,,,,,,
static_kg_gcn,active,2021,940,0.0054796456510553425,1377.4,True,0.018451632259776828,0.034837697180904466,0.07692307692307693,0.1111111111111111,0.023613441106677263,0.028787115537188084,0.04133770036547815,0.05960878113655892,khong cai thien (36/50)
static_kg_gcn,active,2021,941,0.0056001436612394175,1379.2,False,,,,,,,,,
static_kg_gcn,active,2021,942,0.005612531527758418,1380.6,False,,,,,,,,,
static_kg_gcn,active,2021,943,0.0054980389638784495,1382.0,False,,,,,,,,,
static_kg_gcn,active,2021,944,0.005601626157767829,1383.3,False,,,,,,,,,
static_kg_gcn,active,2021,945,0.005631151945663056,1384.7,True,0.018393934848082716,0.03489539459259858,0.07692307692307693,0.11538461538461539,0.02400094583271929,0.029429114766387928,0.04133770036547815,0.05967661453772565,khong cai thien (37/50)
static_kg_gcn,active,2021,946,0.005547126164740667,1386.6,False,,,,,,,,,
static_kg_gcn,active,2021,947,0.005572514110703382,1388.0,False,,,,,,,,,
static_kg_gcn,active,2021,948,0.005515277709755503,1389.4,False,,,,,,,,,
static_kg_gcn,active,2021,949,0.005507399537283797,1390.8,False,,,,,,,,,
static_kg_gcn,active,2021,950,0.005546386251235447,1392.1,True,0.01852086915380976,0.0350107894159868,0.0811965811965812,0.12393162393162394,0.02436757197013118,0.03062758461844633,0.04140553376664489,0.06323786809897922,khong cai thien (38/50)
static_kg_gcn,active,2021,951,0.005570410600830312,1394.0,False,,,,,,,,,
static_kg_gcn,active,2021,952,0.0054936769313830595,1395.3,False,,,,,,,,,
static_kg_gcn,active,2021,953,0.005608010703154871,1396.7,False,,,,,,,,,
static_kg_gcn,active,2021,954,0.0055521841860939215,1398.0,False,,,,,,,,,
static_kg_gcn,active,2021,955,0.005513101753676632,1399.4,True,0.01852086915380976,0.035137723721713844,0.08547008547008547,0.12393162393162394,0.024241394784204194,0.030310792595661513,0.0428300351911463,0.06430624416735528,khong cai thien (39/50)
static_kg_gcn,active,2021,956,0.005472749227224667,1401.4,False,,,,,,,,,
static_kg_gcn,active,2021,957,0.005539291571346187,1402.8,False,,,,,,,,,
static_kg_gcn,active,2021,958,0.00552473604886812,1404.1,False,,,,,,,,,
static_kg_gcn,active,2021,959,0.00547843292503656,1405.5,False,,,,,,,,,
static_kg_gcn,active,2021,960,0.005525237645393566,1406.9,True,0.01841701381276036,0.034976170968970335,0.08547008547008547,0.11538461538461539,0.025600590215092478,0.029814976126920203,0.04703570606348385,0.06074499060610172,khong cai thien (40/50)
static_kg_gcn,active,2021,961,0.0054887807819520695,1408.7,False,,,,,,,,,
static_kg_gcn,active,2021,962,0.00552040627440301,1410.1,False,,,,,,,,,
static_kg_gcn,active,2021,963,0.005512609518027192,1411.4,False,,,,,,,,,
static_kg_gcn,active,2021,964,0.005534615741349663,1412.8,False,,,,,,,,,
static_kg_gcn,active,2021,965,0.005503382513430195,1414.2,True,0.018382395365743893,0.035056947345342086,0.08547008547008547,0.1111111111111111,0.027027006364126124,0.03107868853953805,0.04703570606348385,0.06067715720493499,khong cai thien (41/50)
static_kg_gcn,active,2021,966,0.005549006581413712,1416.1,False,,,,,,,,,
static_kg_gcn,active,2021,967,0.005570150539709326,1417.5,False,,,,,,,,,
static_kg_gcn,active,2021,968,0.005542590886899399,1418.9,False,,,,,,,,,
static_kg_gcn,active,2021,969,0.005565946285737993,1420.3,False,,,,,,,,,
static_kg_gcn,active,2021,970,0.005452299193046553,1421.6,True,0.01837085588340507,0.03503386838066444,0.08547008547008547,0.11538461538461539,0.02866124137145992,0.0328326147791595,0.04703570606348385,0.06072032391476835,khong cai thien (42/50)
static_kg_gcn,active,2021,971,0.005422178133760515,1423.4,False,,,,,,,,,
static_kg_gcn,active,2021,972,0.005593798384447774,1424.8,False,,,,,,,,,
static_kg_gcn,active,2021,973,0.0055742245346711026,1426.2,False,,,,,,,,,
static_kg_gcn,active,2021,974,0.005529439828491242,1427.6,False,,,,,,,,,
static_kg_gcn,active,2021,975,0.005472288326328856,1429.0,True,0.01830161898937214,0.03495309200429269,0.08547008547008547,0.11965811965811966,0.027501739118387304,0.03269738549423477,0.043372702400480176,0.060788157315935086,khong cai thien (43/50)
static_kg_gcn,active,2021,976,0.0054742923056971355,1430.8,False,,,,,,,,,
static_kg_gcn,active,2021,977,0.00551743578484002,1432.1,False,,,,,,,,,
static_kg_gcn,active,2021,978,0.005412222393579755,1433.5,False,,,,,,,,,
static_kg_gcn,active,2021,979,0.0054722650414897895,1434.9,False,,,,,,,,,
static_kg_gcn,active,2021,980,0.005450103817068565,1436.2,True,0.01842855329509918,0.03502232889832562,0.08547008547008547,0.11538461538461539,0.02700132983923524,0.03210282827591323,0.043372702400480176,0.06117234103345214,khong cai thien (44/50)
static_kg_gcn,active,2021,981,0.005445044246051999,1438.0,False,,,,,,,,,
static_kg_gcn,active,2021,982,0.00543804411998321,1439.4,False,,,,,,,,,
static_kg_gcn,active,2021,983,0.005487737248156551,1440.8,False,,,,,,,,,
static_kg_gcn,active,2021,984,0.00545822925130685,1442.2,False,,,,,,,,,
static_kg_gcn,active,2021,985,0.005412890785470758,1443.6,True,0.018347776918727427,0.03504540786300327,0.09829059829059829,0.11538461538461539,0.02942388666624761,0.03230760769506196,0.048782416143527255,0.06046009032120144,khong cai thien (45/50)
static_kg_gcn,active,2021,986,0.00551373221916106,1445.4,False,,,,,,,,,
static_kg_gcn,active,2021,987,0.005520050334293308,1446.8,False,,,,,,,,,
static_kg_gcn,active,2021,988,0.005510667141166333,1448.1,False,,,,,,,,,
static_kg_gcn,active,2021,989,0.005485592297840383,1449.5,False,,,,,,,,,
static_kg_gcn,active,2021,990,0.0054838923249667425,1450.9,True,0.018440092777438005,0.03517234216873031,0.09401709401709402,0.11538461538461539,0.029686233173512887,0.0330858056909803,0.04771404007515118,0.06046009032120144,khong cai thien (46/50)
static_kg_gcn,active,2021,991,0.00544932308188397,1452.7,False,,,,,,,,,
static_kg_gcn,active,2021,992,0.00545481785057328,1454.0,False,,,,,,,,,
static_kg_gcn,active,2021,993,0.0055400844937697,1455.5,False,,,,,,,,,
static_kg_gcn,active,2021,994,0.005371595708224202,1456.8,False,,,,,,,,,
static_kg_gcn,active,2021,995,0.005461151673951037,1458.2,True,0.01840547433042154,0.03508002631001973,0.08547008547008547,0.1111111111111111,0.027531058766584803,0.032064297821531515,0.0428300351911463,0.059849589710700826,khong cai thien (47/50)
static_kg_gcn,active,2021,996,0.005459694156365428,1460.0,False,,,,,,,,,
static_kg_gcn,active,2021,997,0.005430550442411617,1461.4,False,,,,,,,,,
static_kg_gcn,active,2021,998,0.00541424217048031,1462.7,False,,,,,,,,,
static_kg_gcn,active,2021,999,0.005463891504764053,1464.1,False,,,,,,,,,
static_kg_gcn,active,2021,1000,0.0054551037129396745,1465.5,True,0.018382395365743893,0.035206960615746775,0.08547008547008547,0.1111111111111111,0.02618375601207813,0.03051772358288158,0.0428300351911463,0.059849589710700826,khong cai thien (48/50)
