model,cohort,seed,epoch,loss,seconds,evaluated,valid_coverage@10,valid_coverage@20,valid_hit_rate@10,valid_hit_rate@20,valid_ndcg@10,valid_ndcg@20,valid_recall@10,valid_recall@20,note
bt_dkgrec_l05,active,2022,1,0.6904043951015432,1.7,False,,,,,,,,,
bt_dkgrec_l05,active,2022,2,0.6861953227745173,3.1,False,,,,,,,,,
bt_dkgrec_l05,active,2022,3,0.6783963244465233,4.4,False,,,,,,,,,
bt_dkgrec_l05,active,2022,4,0.6640605537714037,5.8,False,,,,,,,,,
bt_dkgrec_l05,active,2022,5,0.6413300301809686,7.2,True,0.0036810948660843073,0.00708524215603688,0.029914529914529916,0.042735042735042736,0.011374953507519792,0.01196801607815971,0.016679957469431152,0.021720500971513117,best
bt_dkgrec_l05,active,2022,6,0.6107993204810086,9.0,False,,,,,,,,,
bt_dkgrec_l05,active,2022,7,0.5749713704085614,10.4,False,,,,,,,,,
bt_dkgrec_l05,active,2022,8,0.5369023147751442,11.8,False,,,,,,,,,
bt_dkgrec_l05,active,2022,9,0.4989925997556804,13.2,False,,,,,,,,,
bt_dkgrec_l05,active,2022,10,0.4630754045687925,14.6,True,0.003323370913580817,0.006346715286352255,0.03418803418803419,0.05128205128205128,0.010302000263486323,0.011869639658486949,0.020096294219101238,0.027261968051441737,khong cai thien (1/50)
bt_dkgrec_l05,active,2022,11,0.4285583487542818,16.4,False,,,,,,,,,
bt_dkgrec_l05,active,2022,12,0.3973043807628763,17.8,False,,,,,,,,,
bt_dkgrec_l05,active,2022,13,0.36795099311684626,19.2,False,,,,,,,,,
bt_dkgrec_l05,active,2022,14,0.34262637400162926,20.5,False,,,,,,,,,
bt_dkgrec_l05,active,2022,15,0.31802429860831366,21.9,True,0.003877266065844286,0.007258334391119214,0.03418803418803419,0.05982905982905983,0.010913010639460515,0.012628026738716241,0.020096294219101238,0.026797026614278074,best
bt_dkgrec_l05,active,2022,16,0.29611706156500994,23.7,False,,,,,,,,,
bt_dkgrec_l05,active,2022,17,0.2758992234914474,25.1,False,,,,,,,,,
bt_dkgrec_l05,active,2022,18,0.25741779179240765,26.6,False,,,,,,,,,
bt_dkgrec_l05,active,2022,19,0.23997206153691147,27.9,False,,,,,,,,,
bt_dkgrec_l05,active,2022,20,0.22594229536046537,29.3,True,0.004488858629801867,0.008193032460563819,0.042735042735042736,0.06837606837606838,0.01114644169207318,0.013644417559987077,0.021187105616930175,0.027630457440961265,best
bt_dkgrec_l05,active,2022,21,0.21122046803468136,31.1,False,,,,,,,,,
bt_dkgrec_l05,active,2022,22,0.19886102261803815,32.5,False,,,,,,,,,
bt_dkgrec_l05,active,2022,23,0.18793953943109204,33.9,False,,,,,,,,,
bt_dkgrec_l05,active,2022,24,0.1778501531766166,35.3,False,,,,,,,,,
bt_dkgrec_l05,active,2022,25,0.16788946027305274,36.7,True,0.005088911711420625,0.00941621758847898,0.038461538461538464,0.06837606837606838,0.011465994737376294,0.013607298139884283,0.021130875297541964,0.027433105185579326,khong cai thien (1/50)
bt_dkgrec_l05,active,2022,26,0.15952320023113226,38.6,False,,,,,,,,,
bt_dkgrec_l05,active,2022,27,0.15127469657685214,40.1,False,,,,,,,,,
bt_dkgrec_l05,active,2022,28,0.1436176842135541,41.4,False,,,,,,,,,
bt_dkgrec_l05,active,2022,29,0.13795483573043882,42.8,False,,,,,,,,,
bt_dkgrec_l05,active,2022,30,0.1310448678554026,44.2,True,0.005504333075618228,0.010304757728568297,0.042735042735042736,0.0641025641025641,0.01417088460970774,0.01593015947295411,0.02118566381386894,0.027376874866191107,best
bt_dkgrec_l05,active,2022,31,0.12619074510679631,46.0,False,,,,,,,,,
bt_dkgrec_l05,active,2022,32,0.1211984697865808,47.3,False,,,,,,,,,
bt_dkgrec_l05,active,2022,33,0.11573033528392701,48.7,False,,,,,,,,,
bt_dkgrec_l05,active,2022,34,0.11161252038722515,50.1,False,,,,,,,,,
bt_dkgrec_l05,active,2022,35,0.10726367356835877,51.5,True,0.006035149263204052,0.011424087515434058,0.042735042735042736,0.0641025641025641,0.014054435267301874,0.01579341232107345,0.02118566381386894,0.027376874866191107,khong cai thien (1/50)
bt_dkgrec_l05,active,2022,36,0.103278688379058,53.4,False,,,,,,,,,
bt_dkgrec_l05,active,2022,37,0.09980222826912934,54.8,False,,,,,,,,,
bt_dkgrec_l05,active,2022,38,0.09670712285822068,56.2,False,,,,,,,,,
bt_dkgrec_l05,active,2022,39,0.09362949050873326,57.6,False,,,,,,,,,
bt_dkgrec_l05,active,2022,40,0.0903517179629105,58.9,True,0.006450570627401655,0.012393404031895129,0.04700854700854701,0.05982905982905983,0.014283952954109176,0.015416451230221694,0.02145275783096296,0.026664624153940397,khong cai thien (2/50)
bt_dkgrec_l05,active,2022,41,0.08753092984468323,60.7,False,,,,,,,,,
bt_dkgrec_l05,active,2022,42,0.0853106292267986,62.1,False,,,,,,,,,
bt_dkgrec_l05,active,2022,43,0.0823725145701885,63.4,False,,,,,,,,,
bt_dkgrec_l05,active,2022,44,0.08039322677366434,64.8,False,,,,,,,,,
bt_dkgrec_l05,active,2022,45,0.07805035876886687,66.2,True,0.006865991991599257,0.013120391419240932,0.05128205128205128,0.0641025641025641,0.014999753876167718,0.01651376369654484,0.021611035767018675,0.028801376290692533,best
bt_dkgrec_l05,active,2022,46,0.07588799675451241,68.0,False,,,,,,,,,
bt_dkgrec_l05,active,2022,47,0.07372853310619805,69.4,False,,,,,,,,,
bt_dkgrec_l05,active,2022,48,0.07214897420180898,70.8,False,,,,,,,,,
bt_dkgrec_l05,active,2022,49,0.07022758392594192,72.1,False,,,,,,,,,
bt_dkgrec_l05,active,2022,50,0.0683300293457821,73.5,True,0.00718909749708628,0.013985852594652603,0.04700854700854701,0.0641025641025641,0.014312437288844427,0.016200592448116887,0.02107684773283064,0.028801376290692533,khong cai thien (1/50)
bt_dkgrec_l05,active,2022,51,0.06674568697753383,75.3,False,,,,,,,,,
bt_dkgrec_l05,active,2022,52,0.06512758335444847,76.6,False,,,,,,,,,
bt_dkgrec_l05,active,2022,53,0.0644386169758468,78.0,False,,,,,,,,,
bt_dkgrec_l05,active,2022,54,0.06243038815860264,79.4,False,,,,,,,,,
bt_dkgrec_l05,active,2022,55,0.061078512433767954,80.8,True,0.007523742484912127,0.014458971370544317,0.042735042735042736,0.05982905982905983,0.013882998301440736,0.015808020548951644,0.02102205921650366,0.028267188256504497,khong cai thien (2/50)
bt_dkgrec_l05,active,2022,56,0.060030605298537064,82.6,False,,,,,,,,,
bt_dkgrec_l05,active,2022,57,0.058724192774777674,84.0,False,,,,,,,,,
bt_dkgrec_l05,active,2022,58,0.05732193069386823,85.4,False,,,,,,,,,
bt_dkgrec_l05,active,2022,59,0.05605332714224245,86.7,False,,,,,,,,,
bt_dkgrec_l05,active,2022,60,0.0550234809758999,88.1,True,0.007835308508060329,0.015105182381518365,0.042735042735042736,0.06837606837606838,0.013895396090765226,0.01638408252321762,0.02102205921650366,0.02959105526019606,khong cai thien (3/50)
bt_dkgrec_l05,active,2022,61,0.05343983167929662,89.9,False,,,,,,,,,
bt_dkgrec_l05,active,2022,62,0.05232363309566226,91.3,False,,,,,,,,,
bt_dkgrec_l05,active,2022,63,0.05219457803017798,92.7,False,,,,,,,,,
bt_dkgrec_l05,active,2022,64,0.05104085232037998,94.1,False,,,,,,,,,
bt_dkgrec_l05,active,2022,65,0.049619176390226206,95.5,True,0.008008400743142663,0.0155898406397489,0.038461538461538464,0.06837606837606838,0.013570617935130957,0.01645102630046311,0.020978892506670285,0.02959105526019606,khong cai thien (4/50)
bt_dkgrec_l05,active,2022,66,0.049145599560027314,97.3,False,,,,,,,,,
bt_dkgrec_l05,active,2022,67,0.04798654583376102,98.6,False,,,,,,,,,
bt_dkgrec_l05,active,2022,68,0.047517802470584784,100.0,False,,,,,,,,,
bt_dkgrec_l05,active,2022,69,0.04643400577261009,101.4,False,,,,,,,,,
bt_dkgrec_l05,active,2022,70,0.045997799339570274,102.7,True,0.008366124695646153,0.016074498897979437,0.03418803418803419,0.0641025641025641,0.012213778836853395,0.016056470096318404,0.016705388233166012,0.029547888550362684,khong cai thien (5/50)
bt_dkgrec_l05,active,2022,71,0.04517717184949662,104.6,False,,,,,,,,,
bt_dkgrec_l05,active,2022,72,0.04445250888526533,106.0,False,,,,,,,,,
bt_dkgrec_l05,active,2022,73,0.04413386377128967,107.4,False,,,,,,,,,
bt_dkgrec_l05,active,2022,74,0.043124401959072384,108.8,False,,,,,,,,,
bt_dkgrec_l05,active,2022,75,0.04258200056848409,110.2,True,0.008608453824761421,0.016374525438788815,0.03418803418803419,0.05555555555555555,0.012213778836853395,0.01578636700520734,0.016705388233166012,0.029436869714647495,khong cai thien (6/50)
bt_dkgrec_l05,active,2022,76,0.042264624937604627,111.9,False,,,,,,,,,
bt_dkgrec_l05,active,2022,77,0.041404600471704835,113.3,False,,,,,,,,,
bt_dkgrec_l05,active,2022,78,0.04064495780640724,114.7,False,,,,,,,,,
bt_dkgrec_l05,active,2022,79,0.04008231511501861,116.0,False,,,,,,,,,
bt_dkgrec_l05,active,2022,80,0.03983847987245818,117.4,True,0.00895463829492609,0.01700919696742404,0.03418803418803419,0.05982905982905983,0.012254997839964204,0.015965147020036364,0.016705388233166012,0.029493100034035706,khong cai thien (7/50)
bt_dkgrec_l05,active,2022,81,0.03856520022097099,119.3,False,,,,,,,,,
bt_dkgrec_l05,active,2022,82,0.03859800853182247,120.7,False,,,,,,,,,
bt_dkgrec_l05,active,2022,83,0.038282208161289945,122.0,False,,,,,,,,,
bt_dkgrec_l05,active,2022,84,0.0375068299578998,123.4,False,,,,,,,,,
bt_dkgrec_l05,active,2022,85,0.037116546426581555,124.8,True,0.009277743800413114,0.017424618331621643,0.03418803418803419,0.05982905982905983,0.012254997839964204,0.015950740110294386,0.016705388233166012,0.029493100034035706,khong cai thien (8/50)
bt_dkgrec_l05,active,2022,86,0.036485980730365866,126.6,False,,,,,,,,,
bt_dkgrec_l05,active,2022,87,0.03606042423941558,127.9,False,,,,,,,,,
bt_dkgrec_l05,active,2022,88,0.035548018823708616,129.3,False,,,,,,,,,
bt_dkgrec_l05,active,2022,89,0.035199452047702556,130.7,False,,,,,,,,,
bt_dkgrec_l05,active,2022,90,0.03478258474638756,132.1,True,0.00952007292952838,0.017874658142835714,0.03418803418803419,0.05555555555555555,0.012184954697268158,0.015744828326473663,0.016705388233166012,0.029436869714647495,khong cai thien (9/50)
bt_dkgrec_l05,active,2022,91,0.034524714832165515,134.0,False,,,,,,,,,
bt_dkgrec_l05,active,2022,92,0.03392483287470435,135.4,False,,,,,,,,,
bt_dkgrec_l05,active,2022,93,0.03385679200597654,136.7,False,,,,,,,,,
bt_dkgrec_l05,active,2022,94,0.03326110454332369,138.1,False,,,,,,,,,
bt_dkgrec_l05,active,2022,95,0.03323025910735839,139.5,True,0.00986625739969305,0.018313158471710958,0.03418803418803419,0.05555555555555555,0.012316726359849539,0.015845432961689446,0.016705388233166012,0.029436869714647495,khong cai thien (10/50)
bt_dkgrec_l05,active,2022,96,0.032107911464999854,141.2,False,,,,,,,,,
bt_dkgrec_l05,active,2022,97,0.03191252344107096,142.6,False,,,,,,,,,
bt_dkgrec_l05,active,2022,98,0.03203314369522796,144.0,False,,,,,,,,,
bt_dkgrec_l05,active,2022,99,0.031678880950134866,145.3,False,,,,,,,,,
bt_dkgrec_l05,active,2022,100,0.031005720374540226,146.7,True,0.00997011274074245,0.018855514141635606,0.038461538461538464,0.05982905982905983,0.011496935934018364,0.014551253612588886,0.01884214036991815,0.02986422014199792,khong cai thien (11/50)
bt_dkgrec_l05,active,2022,101,0.030558424184830752,148.5,False,,,,,,,,,
bt_dkgrec_l05,active,2022,102,0.030570865869402924,149.9,False,,,,,,,,,
bt_dkgrec_l05,active,2022,103,0.03027131651474828,151.2,False,,,,,,,,,
bt_dkgrec_l05,active,2022,104,0.029654958513233503,152.6,False,,,,,,,,,
bt_dkgrec_l05,active,2022,105,0.029601517949464518,153.9,True,0.009981652223081273,0.019051685341395584,0.038461538461538464,0.05982905982905983,0.011521924788743308,0.014517788935615348,0.01884214036991815,0.02986422014199792,khong cai thien (12/50)
bt_dkgrec_l05,active,2022,106,0.029461817578329007,155.7,False,,,,,,,,,
bt_dkgrec_l05,active,2022,107,0.029226440161490726,157.1,False,,,,,,,,,
bt_dkgrec_l05,active,2022,108,0.028897545858893967,158.5,False,,,,,,,,,
bt_dkgrec_l05,active,2022,109,0.028333196327670233,159.9,False,,,,,,,,,
bt_dkgrec_l05,active,2022,110,0.0282515719138229,161.3,True,0.010131665493485962,0.019397869811560255,0.03418803418803419,0.05555555555555555,0.010887639634642739,0.013565177226268968,0.016705388233166012,0.025590715868493645,khong cai thien (13/50)
bt_dkgrec_l05,active,2022,111,0.02847807824540161,163.0,False,,,,,,,,,
bt_dkgrec_l05,active,2022,112,0.02764833504823836,164.4,False,,,,,,,,,
bt_dkgrec_l05,active,2022,113,0.02716010445721358,165.7,False,,,,,,,,,
bt_dkgrec_l05,active,2022,114,0.02746621366029787,167.1,False,,,,,,,,,
bt_dkgrec_l05,active,2022,115,0.026993517544824472,168.4,True,0.010420152551956519,0.01974405428172492,0.03418803418803419,0.05982905982905983,0.010328110773226254,0.013197199287138002,0.016705388233166012,0.025979216256994033,khong cai thien (14/50)
bt_dkgrec_l05,active,2022,116,0.026504550087060524,170.2,False,,,,,,,,,
bt_dkgrec_l05,active,2022,117,0.026291748170827026,171.6,False,,,,,,,,,
bt_dkgrec_l05,active,2022,118,0.026649080806158874,173.1,False,,,,,,,,,
bt_dkgrec_l05,active,2022,119,0.026326483210927936,174.4,False,,,,,,,,,
bt_dkgrec_l05,active,2022,120,0.025605983279092397,175.8,True,0.010570165822361208,0.020113317716567235,0.03418803418803419,0.05982905982905983,0.010305455802020323,0.013178468677579607,0.016705388233166012,0.025979216256994033,khong cai thien (15/50)
bt_dkgrec_l05,active,2022,121,0.02564914471361995,177.6,False,,,,,,,,,
bt_dkgrec_l05,active,2022,122,0.025460235564789713,179.0,False,,,,,,,,,
bt_dkgrec_l05,active,2022,123,0.025137815241655023,180.4,False,,,,,,,,,
bt_dkgrec_l05,active,2022,124,0.02510330608633107,181.7,False,,,,,,,,,
bt_dkgrec_l05,active,2022,125,0.024888109286409513,183.1,True,0.01067402116341061,0.02039026529269897,0.038461538461538464,0.05982905982905983,0.01115558676542678,0.014073352262323794,0.01884214036991815,0.02998562651340429,khong cai thien (16/50)
bt_dkgrec_l05,active,2022,126,0.024480741548771195,184.9,False,,,,,,,,,
bt_dkgrec_l05,active,2022,127,0.024489218873435626,186.3,False,,,,,,,,,
bt_dkgrec_l05,active,2022,128,0.02404270293485878,187.7,False,,,,,,,,,
bt_dkgrec_l05,active,2022,129,0.024203477279722992,189.1,False,,,,,,,,,
bt_dkgrec_l05,active,2022,130,0.023517137858308616,190.5,True,0.010893271327848232,0.02070183131584717,0.03418803418803419,0.05982905982905983,0.010233787217407583,0.013943540575365721,0.016705388233166012,0.02998562651340429,khong cai thien (17/50)
bt_dkgrec_l05,active,2022,131,0.02378975704113852,192.3,False,,,,,,,,,
bt_dkgrec_l05,active,2022,132,0.02346201656557547,193.7,False,,,,,,,,,
bt_dkgrec_l05,active,2022,133,0.023347263852556706,195.0,False,,,,,,,,,
bt_dkgrec_l05,active,2022,134,0.023334500171585917,196.4,False,,,,,,,,,
bt_dkgrec_l05,active,2022,135,0.022951640766087883,197.8,True,0.010950968739542344,0.02104801578601184,0.038461538461538464,0.05982905982905983,0.011032439070022871,0.014071279073255475,0.01884214036991815,0.02998562651340429,khong cai thien (18/50)
bt_dkgrec_l05,active,2022,136,0.022900051652581268,199.7,False,,,,,,,,,
bt_dkgrec_l05,active,2022,137,0.022942974824850523,201.1,False,,,,,,,,,
bt_dkgrec_l05,active,2022,138,0.02250372095273378,202.5,False,,,,,,,,,
bt_dkgrec_l05,active,2022,139,0.022172198507633422,203.9,False,,,,,,,,,
bt_dkgrec_l05,active,2022,140,0.02234564421646994,205.2,True,0.011066363562930568,0.021267265950449463,0.038461538461538464,0.05982905982905983,0.011144091574068395,0.014186054599272675,0.01884214036991815,0.02998562651340429,khong cai thien (19/50)
bt_dkgrec_l05,active,2022,141,0.022214811535894614,207.0,False,,,,,,,,,
bt_dkgrec_l05,active,2022,142,0.022188139856815038,208.4,False,,,,,,,,,
bt_dkgrec_l05,active,2022,143,0.02178425420321281,209.8,False,,,,,,,,,
bt_dkgrec_l05,active,2022,144,0.021775016372462142,211.1,False,,,,,,,,,
bt_dkgrec_l05,active,2022,145,0.021718098307321007,212.6,True,0.011274074245029369,0.02155575300892002,0.038461538461538464,0.05982905982905983,0.011137178149020219,0.014266543960428786,0.01884214036991815,0.02998562651340429,khong cai thien (20/50)
bt_dkgrec_l05,active,2022,146,0.021742370884073766,214.5,False,,,,,,,,,
bt_dkgrec_l05,active,2022,147,0.021339377784383082,215.9,False,,,,,,,,,
bt_dkgrec_l05,active,2022,148,0.02118562311276869,217.3,False,,,,,,,,,
bt_dkgrec_l05,active,2022,149,0.02127941376352072,218.6,False,,,,,,,,,
bt_dkgrec_l05,active,2022,150,0.020852639014036525,220.0,True,0.011447166480111702,0.02200579282013409,0.042735042735042736,0.05982905982905983,0.012423631121943217,0.01440290662369916,0.02311564464342242,0.02998562651340429,khong cai thien (21/50)
bt_dkgrec_l05,active,2022,151,0.020745718071295285,221.8,False,,,,,,,,,
bt_dkgrec_l05,active,2022,152,0.020683334726888148,223.2,False,,,,,,,,,
bt_dkgrec_l05,active,2022,153,0.020656153466627896,224.5,False,,,,,,,,,
bt_dkgrec_l05,active,2022,154,0.020206817849563956,225.9,False,,,,,,,,,
bt_dkgrec_l05,active,2022,155,0.020145772561592473,227.4,True,0.011666416644549326,0.022351977290298756,0.042735042735042736,0.0641025641025641,0.012545984057501689,0.014825874460201659,0.02311564464342242,0.030840327368105144,khong cai thien (22/50)
bt_dkgrec_l05,active,2022,156,0.01999041617849579,229.2,False,,,,,,,,,
bt_dkgrec_l05,active,2022,157,0.020108113166326824,230.6,False,,,,,,,,,
bt_dkgrec_l05,active,2022,158,0.01987329123815403,232.0,False,,,,,,,,,
bt_dkgrec_l05,active,2022,159,0.01967475091360742,233.4,False,,,,,,,,,
bt_dkgrec_l05,active,2022,160,0.019860643720718225,234.7,True,0.011735653538582259,0.022444293149009337,0.038461538461538464,0.0641025641025641,0.01139672210223706,0.014880706990930307,0.01884214036991815,0.030840327368105144,khong cai thien (23/50)
bt_dkgrec_l05,active,2022,161,0.019738914376224676,236.5,False,,,,,,,,,
bt_dkgrec_l05,active,2022,162,0.019636891861805096,237.9,False,,,,,,,,,
bt_dkgrec_l05,active,2022,163,0.01942931802423665,239.3,False,,,,,,,,,
bt_dkgrec_l05,active,2022,164,0.019481574135666476,240.7,False,,,,,,,,,
bt_dkgrec_l05,active,2022,165,0.019107106082583217,242.1,True,0.011874127326648127,0.022848175030868115,0.042735042735042736,0.0641025641025641,0.011707006672188141,0.014745787942972124,0.019910516438294217,0.030840327368105144,khong cai thien (24/50)
bt_dkgrec_l05,active,2022,166,0.01913311394587945,243.9,False,,,,,,,,,
bt_dkgrec_l05,active,2022,167,0.018940078397385835,245.3,False,,,,,,,,,
bt_dkgrec_l05,active,2022,168,0.019200185290869268,246.6,False,,,,,,,,,
bt_dkgrec_l05,active,2022,169,0.01891333624888738,248.0,False,,,,,,,,,
bt_dkgrec_l05,active,2022,170,0.018753755213131315,249.4,True,0.011977982667697527,0.023102043642322205,0.04700854700854701,0.07692307692307693,0.012823068969202161,0.016536944505820675,0.02418402071179849,0.036538333066110845,best
bt_dkgrec_l05,active,2022,171,0.018806147109152536,251.2,False,,,,,,,,,
bt_dkgrec_l05,active,2022,172,0.018616539203602282,252.6,False,,,,,,,,,
bt_dkgrec_l05,active,2022,173,0.018551196186011178,254.0,False,,,,,,,,,
bt_dkgrec_l05,active,2022,174,0.018456927089688595,255.4,False,,,,,,,,,
bt_dkgrec_l05,active,2022,175,0.018145104567011357,256.7,True,0.012208772314473973,0.023505925524180984,0.042735042735042736,0.07692307692307693,0.011580780664226667,0.016528977425159,0.019910516438294217,0.036538333066110845,khong cai thien (1/50)
bt_dkgrec_l05,active,2022,176,0.01824917695461975,258.5,False,,,,,,,,,
bt_dkgrec_l05,active,2022,177,0.01792851148589909,259.9,False,,,,,,,,,
bt_dkgrec_l05,active,2022,178,0.017972998382959404,261.3,False,,,,,,,,,
bt_dkgrec_l05,active,2022,179,0.017966982583270917,262.6,False,,,,,,,,,
bt_dkgrec_l05,active,2022,180,0.017689279445438622,264.0,True,0.012324167137862196,0.023540543971197453,0.04700854700854701,0.07264957264957266,0.012544093026391607,0.015906319643199454,0.02418402071179849,0.035113831641609417,khong cai thien (2/50)
bt_dkgrec_l05,active,2022,181,0.017709148961369707,265.8,False,,,,,,,,,
bt_dkgrec_l05,active,2022,182,0.01775334174466074,267.2,False,,,,,,,,,
bt_dkgrec_l05,active,2022,183,0.017608903206285914,268.6,False,,,,,,,,,
bt_dkgrec_l05,active,2022,184,0.017682615382378846,270.0,False,,,,,,,,,
bt_dkgrec_l05,active,2022,185,0.01740892479613549,271.4,True,0.012474180408266885,0.023852109994345654,0.04700854700854701,0.0811965811965812,0.012044100154017202,0.015986372715103125,0.024771627549405328,0.037072521100298884,khong cai thien (3/50)
bt_dkgrec_l05,active,2022,186,0.01759451931159201,273.2,False,,,,,,,,,
bt_dkgrec_l05,active,2022,187,0.017224258148012074,274.5,False,,,,,,,,,
bt_dkgrec_l05,active,2022,188,0.01734523065488248,275.9,False,,,,,,,,,
bt_dkgrec_l05,active,2022,189,0.017373651226852305,277.3,False,,,,,,,,,
bt_dkgrec_l05,active,2022,190,0.017260975913019574,278.6,True,0.012716509537382154,0.024186754982171498,0.04700854700854701,0.0811965811965812,0.012836948807161208,0.017022493759996305,0.024771627549405328,0.03796283449061227,best
bt_dkgrec_l05,active,2022,191,0.01725323297444865,280.6,False,,,,,,,,,
bt_dkgrec_l05,active,2022,192,0.016868390406529682,282.0,False,,,,,,,,,
bt_dkgrec_l05,active,2022,193,0.016878529407484317,283.4,False,,,,,,,,,
bt_dkgrec_l05,active,2022,194,0.01687453243604059,284.8,False,,,,,,,,,
bt_dkgrec_l05,active,2022,195,0.016785685048145812,286.1,True,0.012831904360770375,0.024267531358543256,0.05555555555555555,0.0811965811965812,0.014046818716463036,0.017344855600947198,0.027296880074657852,0.03796283449061227,best
bt_dkgrec_l05,active,2022,196,0.016558449562990702,287.9,False,,,,,,,,,
bt_dkgrec_l05,active,2022,197,0.0166899452857269,289.3,False,,,,,,,,,
bt_dkgrec_l05,active,2022,198,0.016624448235867412,290.6,False,,,,,,,,,
bt_dkgrec_l05,active,2022,199,0.016491091341811315,292.0,False,,,,,,,,,
bt_dkgrec_l05,active,2022,200,0.016219643607011187,293.4,True,0.012970378148836243,0.02448678152298088,0.05555555555555555,0.0811965811965812,0.014048980363792088,0.017158233520994673,0.027296880074657852,0.03796283449061227,khong cai thien (1/50)
bt_dkgrec_l05,active,2022,201,0.01641335639266143,295.4,False,,,,,,,,,
bt_dkgrec_l05,active,2022,202,0.016385829367957495,296.7,False,,,,,,,,,
bt_dkgrec_l05,active,2022,203,0.016118179248457837,298.1,False,,,,,,,,,
bt_dkgrec_l05,active,2022,204,0.016295187027431195,299.4,False,,,,,,,,,
bt_dkgrec_l05,active,2022,205,0.016124101717085584,300.8,True,0.013028075560530355,0.024729110652096147,0.05555555555555555,0.08547008547008547,0.014133832116405507,0.017397370302445654,0.026709273237051013,0.037428646456424235,best
bt_dkgrec_l05,active,2022,206,0.0160984483303777,302.6,False,,,,,,,,,
bt_dkgrec_l05,active,2022,207,0.015965084000379985,304.0,False,,,,,,,,,
bt_dkgrec_l05,active,2022,208,0.016206363693685336,305.3,False,,,,,,,,,
bt_dkgrec_l05,active,2022,209,0.01600783874529448,306.7,False,,,,,,,,,
bt_dkgrec_l05,active,2022,210,0.01600430179092712,308.2,True,0.013097312454563288,0.024856044957823193,0.05555555555555555,0.08547008547008547,0.0141170257054543,0.017405943352972287,0.026709273237051013,0.037428646456424235,best
bt_dkgrec_l05,active,2022,211,0.01571354785365561,310.1,False,,,,,,,,,
bt_dkgrec_l05,active,2022,212,0.015786030368365934,311.5,False,,,,,,,,,
bt_dkgrec_l05,active,2022,213,0.015610101382642197,312.9,False,,,,,,,,,
bt_dkgrec_l05,active,2022,214,0.015558372679953268,314.2,False,,,,,,,,,
bt_dkgrec_l05,active,2022,215,0.015556440626748252,315.6,True,0.013235786242629156,0.025271466322020795,0.05555555555555555,0.08547008547008547,0.014092194792044788,0.017413581171161274,0.026709273237051013,0.037428646456424235,best
bt_dkgrec_l05,active,2022,216,0.015523146306459016,317.4,False,,,,,,,,,
bt_dkgrec_l05,active,2022,217,0.015448168441414908,318.8,False,,,,,,,,,
bt_dkgrec_l05,active,2022,218,0.015542167759439405,320.2,False,,,,,,,,,
bt_dkgrec_l05,active,2022,219,0.015444158865806286,321.6,False,,,,,,,,,
bt_dkgrec_l05,active,2022,220,0.015250910273020881,323.0,True,0.013270404689645623,0.025375321663070195,0.05555555555555555,0.08547008547008547,0.014717300519682976,0.017926071762499832,0.027296880074657852,0.037428646456424235,best
bt_dkgrec_l05,active,2022,221,0.015614132227333107,324.7,False,,,,,,,,,
bt_dkgrec_l05,active,2022,222,0.01547916413415173,326.1,False,,,,,,,,,
bt_dkgrec_l05,active,2022,223,0.014961328702504108,327.5,False,,,,,,,,,
bt_dkgrec_l05,active,2022,224,0.015082245719314012,328.9,False,,,,,,,,,
bt_dkgrec_l05,active,2022,225,0.015166779256298111,330.2,True,0.013374260030695024,0.02549071648645842,0.05555555555555555,0.08547008547008547,0.014627559954367217,0.01786231574129406,0.027296880074657852,0.037428646456424235,khong cai thien (1/50)
bt_dkgrec_l05,active,2022,226,0.01504611245239848,332.0,False,,,,,,,,,
bt_dkgrec_l05,active,2022,227,0.015032884247089182,333.4,False,,,,,,,,,
bt_dkgrec_l05,active,2022,228,0.01493502492083444,334.8,False,,,,,,,,,
bt_dkgrec_l05,active,2022,229,0.014971404384006357,336.2,False,,,,,,,,,
bt_dkgrec_l05,active,2022,230,0.014751946429027819,337.6,True,0.013420417960050312,0.02587151940363955,0.05555555555555555,0.08547008547008547,0.014589736420872763,0.017808900519069325,0.027296880074657852,0.037428646456424235,khong cai thien (2/50)
bt_dkgrec_l05,active,2022,231,0.014672347795250524,339.4,False,,,,,,,,,
bt_dkgrec_l05,active,2022,232,0.01476828473813973,340.7,False,,,,,,,,,
bt_dkgrec_l05,active,2022,233,0.01489517599239353,342.1,False,,,,,,,,,
bt_dkgrec_l05,active,2022,234,0.014890151634845163,343.5,False,,,,,,,,,
bt_dkgrec_l05,active,2022,235,0.014890718569926879,344.9,True,0.013397338995372668,0.026044611638721887,0.05128205128205128,0.08547008547008547,0.013818609807736065,0.01769004899743893,0.025160127937905716,0.037072521100298884,khong cai thien (3/50)
bt_dkgrec_l05,active,2022,236,0.014715780432894319,346.7,False,,,,,,,,,
bt_dkgrec_l05,active,2022,237,0.014613273110794552,348.1,False,,,,,,,,,
bt_dkgrec_l05,active,2022,238,0.014546212059401008,349.5,False,,,,,,,,,
bt_dkgrec_l05,active,2022,239,0.014289928444165515,350.9,False,,,,,,,,,
bt_dkgrec_l05,active,2022,240,0.01439611913073535,352.3,True,0.01355889174811618,0.026240782838481864,0.05555555555555555,0.08547008547008547,0.014449829092280372,0.017802250174845775,0.027296880074657852,0.03787380315158093,khong cai thien (4/50)
bt_dkgrec_l05,active,2022,241,0.014258704421058718,354.0,False,,,,,,,,,
bt_dkgrec_l05,active,2022,242,0.014548361560307763,355.4,False,,,,,,,,,
bt_dkgrec_l05,active,2022,243,0.014303919879625785,356.8,False,,,,,,,,,
bt_dkgrec_l05,active,2022,244,0.01435174154316801,358.2,False,,,,,,,,,
bt_dkgrec_l05,active,2022,245,0.014455473963167932,359.6,True,0.013766602430214981,0.026356177661870088,0.05128205128205128,0.08547008547008547,0.013398713978367713,0.01749246213597678,0.025160127937905716,0.03787380315158093,khong cai thien (5/50)
bt_dkgrec_l05,active,2022,246,0.014229001016563774,361.5,False,,,,,,,,,
bt_dkgrec_l05,active,2022,247,0.014415750824791431,362.9,False,,,,,,,,,
bt_dkgrec_l05,active,2022,248,0.014241877881172023,364.3,False,,,,,,,,,
bt_dkgrec_l05,active,2022,249,0.014056209368724558,365.7,False,,,,,,,,,
bt_dkgrec_l05,active,2022,250,0.0140130008161271,367.1,True,0.013893536735942026,0.026794677990745336,0.05128205128205128,0.08547008547008547,0.013547187362997492,0.01785660792411673,0.025160127937905716,0.038942179219957004,khong cai thien (6/50)
bt_dkgrec_l05,active,2022,251,0.014030311998674385,368.9,False,,,,,,,,,
bt_dkgrec_l05,active,2022,252,0.014012024474870988,370.2,False,,,,,,,,,
bt_dkgrec_l05,active,2022,253,0.013788276192798564,371.6,False,,,,,,,,,
bt_dkgrec_l05,active,2022,254,0.01383842578637522,373.0,False,,,,,,,,,
bt_dkgrec_l05,active,2022,255,0.01408559441131638,374.4,True,0.013905076218280847,0.026760059543728867,0.05128205128205128,0.0811965811965812,0.013369238056698391,0.01755995567881535,0.025160127937905716,0.038388206443762,khong cai thien (7/50)
bt_dkgrec_l05,active,2022,256,0.013814883031920874,376.4,False,,,,,,,,,
bt_dkgrec_l05,active,2022,257,0.013860629055676922,377.8,False,,,,,,,,,
bt_dkgrec_l05,active,2022,258,0.013738710898492202,379.1,False,,,,,,,,,
bt_dkgrec_l05,active,2022,259,0.013831476565348987,380.5,False,,,,,,,,,
bt_dkgrec_l05,active,2022,260,0.013679101921938571,381.9,True,0.014055089488685538,0.02711778349623236,0.05555555555555555,0.0811965811965812,0.014145657366700502,0.01764063196686893,0.027296880074657852,0.038388206443762,khong cai thien (8/50)
bt_dkgrec_l05,active,2022,261,0.013862800354931428,383.7,False,,,,,,,,,
bt_dkgrec_l05,active,2022,262,0.01370134737753591,385.1,False,,,,,,,,,
bt_dkgrec_l05,active,2022,263,0.013747406753462706,386.4,False,,,,,,,,,
bt_dkgrec_l05,active,2022,264,0.013606919995216769,387.9,False,,,,,,,,,
bt_dkgrec_l05,active,2022,265,0.013490640309550024,389.3,True,0.014078168453363182,0.02732549417833116,0.05555555555555555,0.0811965811965812,0.014209973882195678,0.01769332849896379,0.027296880074657852,0.038388206443762,khong cai thien (9/50)
bt_dkgrec_l05,active,2022,266,0.013560810690406476,391.1,False,,,,,,,,,
bt_dkgrec_l05,active,2022,267,0.013556379894430348,392.5,False,,,,,,,,,
bt_dkgrec_l05,active,2022,268,0.013518405257112202,393.9,False,,,,,,,,,
bt_dkgrec_l05,active,2022,269,0.013458670071333717,395.2,False,,,,,,,,,
bt_dkgrec_l05,active,2022,270,0.013515630298366053,396.6,True,0.014193563276751404,0.027452428484058204,0.05555555555555555,0.0811965811965812,0.014255699601239678,0.01760005421852877,0.027296880074657852,0.03822992850770629,khong cai thien (10/50)
bt_dkgrec_l05,active,2022,271,0.013328323885379146,398.4,False,,,,,,,,,
bt_dkgrec_l05,active,2022,272,0.01361357433604201,399.8,False,,,,,,,,,
bt_dkgrec_l05,active,2022,273,0.013191901364522755,401.2,False,,,,,,,,,
bt_dkgrec_l05,active,2022,274,0.01312333622078964,402.6,False,,,,,,,,,
bt_dkgrec_l05,active,2022,275,0.013211232572217228,404.0,True,0.014285879135461983,0.027567823307446428,0.05555555555555555,0.08547008547008547,0.014443718064543077,0.018051120108095495,0.027296880074657852,0.038942179219957004,best
bt_dkgrec_l05,active,2022,276,0.01342353614405089,405.8,False,,,,,,,,,
bt_dkgrec_l05,active,2022,277,0.0133247449414229,407.2,False,,,,,,,,,
bt_dkgrec_l05,active,2022,278,0.013143573996794902,408.5,False,,,,,,,,,
bt_dkgrec_l05,active,2022,279,0.013218789671355473,409.9,False,,,,,,,,,
bt_dkgrec_l05,active,2022,280,0.0132105243975917,411.2,True,0.014447431888205495,0.027717836577851117,0.05555555555555555,0.0811965811965812,0.014968472079472085,0.018390489732971874,0.027296880074657852,0.038388206443762,best
bt_dkgrec_l05,active,2022,281,0.013003001073233919,413.0,False,,,,,,,,,
bt_dkgrec_l05,active,2022,282,0.013103772842272434,414.4,False,,,,,,,,,
bt_dkgrec_l05,active,2022,283,0.013182879631248277,415.9,False,,,,,,,,,
bt_dkgrec_l05,active,2022,284,0.013085537508155968,417.2,False,,,,,,,,,
bt_dkgrec_l05,active,2022,285,0.013050855883241926,418.6,True,0.014458971370544317,0.027844770883578163,0.05555555555555555,0.0811965811965812,0.01487382574557001,0.01829242309097488,0.027296880074657852,0.038388206443762,khong cai thien (1/50)
bt_dkgrec_l05,active,2022,286,0.013071245402978984,420.4,False,,,,,,,,,
bt_dkgrec_l05,active,2022,287,0.01308923317945037,421.8,False,,,,,,,,,
bt_dkgrec_l05,active,2022,288,0.013025924368172409,423.1,False,,,,,,,,,
bt_dkgrec_l05,active,2022,289,0.012812260533410912,424.5,False,,,,,,,,,
bt_dkgrec_l05,active,2022,290,0.013064757547746636,425.8,True,0.014516668782238428,0.02804094208333814,0.05128205128205128,0.08547008547008547,0.014725659110592974,0.019542190909540194,0.026228504006281784,0.040779333834889395,best
bt_dkgrec_l05,active,2022,291,0.012803825178988372,427.8,False,,,,,,,,,
bt_dkgrec_l05,active,2022,292,0.012856035835840735,429.2,False,,,,,,,,,
bt_dkgrec_l05,active,2022,293,0.012889752250514684,430.6,False,,,,,,,,,
bt_dkgrec_l05,active,2022,294,0.0128545885251945,431.9,False,,,,,,,,,
bt_dkgrec_l05,active,2022,295,0.012814554581407416,433.3,True,0.014608984640949008,0.02829481069479223,0.05128205128205128,0.09401709401709402,0.014429405085265594,0.019741162561432983,0.026228504006281784,0.04207793235571013,best
bt_dkgrec_l05,active,2022,296,0.012899473228450775,435.1,False,,,,,,,,,
bt_dkgrec_l05,active,2022,297,0.0126606794525669,436.4,False,,,,,,,,,
bt_dkgrec_l05,active,2022,298,0.01286689715986983,437.8,False,,,,,,,,,
bt_dkgrec_l05,active,2022,299,0.012764042392528303,439.2,False,,,,,,,,,
bt_dkgrec_l05,active,2022,300,0.012733309366099831,440.5,True,0.014701300499659585,0.02847944241221339,0.05128205128205128,0.09401709401709402,0.01501529825023931,0.02006985573473586,0.026839004616782392,0.04207793235571013,best
bt_dkgrec_l05,active,2022,301,0.01263233497046613,442.5,False,,,,,,,,,
bt_dkgrec_l05,active,2022,302,0.012622705590857417,443.9,False,,,,,,,,,
bt_dkgrec_l05,active,2022,303,0.01267351243639877,445.2,False,,,,,,,,,
bt_dkgrec_l05,active,2022,304,0.012623873385578034,446.6,False,,,,,,,,,
bt_dkgrec_l05,active,2022,305,0.012382605741590674,447.9,True,0.014712839981998408,0.028606376717940432,0.05555555555555555,0.09401709401709402,0.015558752469670195,0.02037948705783802,0.02790738068515846,0.042505282783060566,best
bt_dkgrec_l05,active,2022,306,0.01251875607044541,449.7,False,,,,,,,,,
bt_dkgrec_l05,active,2022,307,0.012512445779868297,451.1,False,,,,,,,,,
bt_dkgrec_l05,active,2022,308,0.012500107554069183,452.4,False,,,,,,,,,
bt_dkgrec_l05,active,2022,309,0.012499099027260471,453.8,False,,,,,,,,,
bt_dkgrec_l05,active,2022,310,0.012505303030099335,455.2,True,0.014909011181758386,0.028629455682618078,0.05555555555555555,0.09401709401709402,0.015140818571736853,0.01993303149969811,0.02790738068515846,0.042505282783060566,khong cai thien (1/50)
bt_dkgrec_l05,active,2022,311,0.012464634157951598,457.2,False,,,,,,,,,
bt_dkgrec_l05,active,2022,312,0.01247963488876722,458.5,False,,,,,,,,,
bt_dkgrec_l05,active,2022,313,0.012409500849114036,459.9,False,,,,,,,,,
bt_dkgrec_l05,active,2022,314,0.012456544806187261,461.3,False,,,,,,,,,
bt_dkgrec_l05,active,2022,315,0.012326212030608344,462.6,True,0.014920550664097209,0.02868715309431219,0.05555555555555555,0.08547008547008547,0.015421021464945468,0.019918296564017786,0.02790738068515846,0.04179303207080985,khong cai thien (2/50)
bt_dkgrec_l05,active,2022,316,0.012452081928308422,464.5,False,,,,,,,,,
bt_dkgrec_l05,active,2022,317,0.012323839802053168,465.8,False,,,,,,,,,
bt_dkgrec_l05,active,2022,318,0.012386053745079804,467.2,False,,,,,,,,,
bt_dkgrec_l05,active,2022,319,0.012098423828226889,468.6,False,,,,,,,,,
bt_dkgrec_l05,active,2022,320,0.012217722326346145,470.0,True,0.014909011181758386,0.028929482223427457,0.05128205128205128,0.08547008547008547,0.014987994850826199,0.019874069284248574,0.027052679830457605,0.04179303207080985,khong cai thien (3/50)
bt_dkgrec_l05,active,2022,321,0.012264999252287396,471.8,False,,,,,,,,,
bt_dkgrec_l05,active,2022,322,0.012153066928224592,473.2,False,,,,,,,,,
bt_dkgrec_l05,active,2022,323,0.012154325328341225,474.5,False,,,,,,,,,
bt_dkgrec_l05,active,2022,324,0.012358760206389902,475.9,False,,,,,,,,,
bt_dkgrec_l05,active,2022,325,0.012129771811010203,477.3,True,0.015001327040468965,0.028975640152782745,0.05128205128205128,0.09401709401709402,0.014498977229313736,0.020220796328970315,0.026442179219956997,0.04289378317156095,khong cai thien (4/50)
bt_dkgrec_l05,active,2022,326,0.012065793355647222,479.0,False,,,,,,,,,
bt_dkgrec_l05,active,2022,327,0.011993062668601633,480.4,False,,,,,,,,,
bt_dkgrec_l05,active,2022,328,0.012092324802974022,481.8,False,,,,,,,,,
bt_dkgrec_l05,active,2022,329,0.012084391064672202,483.2,False,,,,,,,,,
bt_dkgrec_l05,active,2022,330,0.012202635629791172,484.6,True,0.01512826134619601,0.02889486377641099,0.05128205128205128,0.08974358974358974,0.014498977229313736,0.020068651909430833,0.026442179219956997,0.042505282783060566,khong cai thien (5/50)
bt_dkgrec_l05,active,2022,331,0.011999177934813726,486.4,False,,,,,,,,,
bt_dkgrec_l05,active,2022,332,0.012021893641424333,487.7,False,,,,,,,,,
bt_dkgrec_l05,active,2022,333,0.011960048036062168,489.1,False,,,,,,,,,
bt_dkgrec_l05,active,2022,334,0.01193360866268259,490.5,False,,,,,,,,,
bt_dkgrec_l05,active,2022,335,0.011935507892123135,491.8,True,0.015139800828534831,0.029229508764236835,0.05555555555555555,0.08974358974358974,0.014824376121268365,0.02009443542630533,0.026976367254145033,0.042505282783060566,khong cai thien (6/50)
bt_dkgrec_l05,active,2022,336,0.011966463127932191,493.7,False,,,,,,,,,
bt_dkgrec_l05,active,2022,337,0.012065478136344,495.0,False,,,,,,,,,
bt_dkgrec_l05,active,2022,338,0.011955888796928677,496.4,False,,,,,,,,,
bt_dkgrec_l05,active,2022,339,0.012041970809425404,497.8,False,,,,,,,,,
bt_dkgrec_l05,active,2022,340,0.01192558853002816,499.2,True,0.015278274616600699,0.029483377375690928,0.05555555555555555,0.08974358974358974,0.015165281805548037,0.020488060404828576,0.026976367254145033,0.042505282783060566,best
bt_dkgrec_l05,active,2022,341,0.011873552658833322,501.0,False,,,,,,,,,
bt_dkgrec_l05,active,2022,342,0.011731766843764998,502.3,False,,,,,,,,,
bt_dkgrec_l05,active,2022,343,0.011962907426268165,503.7,False,,,,,,,,,
bt_dkgrec_l05,active,2022,344,0.01192645692413631,505.0,False,,,,,,,,,
bt_dkgrec_l05,active,2022,345,0.011887600586775047,506.4,True,0.015255195651923055,0.029725706504806194,0.05982905982905983,0.09401709401709402,0.01624211688068168,0.021617699937507954,0.031249871527649305,0.04677878705656484,best
bt_dkgrec_l05,active,2022,346,0.011875265270878522,508.3,False,,,,,,,,,
bt_dkgrec_l05,active,2022,347,0.01185582222359287,509.8,False,,,,,,,,,
bt_dkgrec_l05,active,2022,348,0.011848954034545526,511.1,False,,,,,,,,,
bt_dkgrec_l05,active,2022,349,0.011717981184506666,512.5,False,,,,,,,,,
bt_dkgrec_l05,active,2022,350,0.011684909841188338,513.9,True,0.015312893063617166,0.029621851163756794,0.05982905982905983,0.09829059829059829,0.01626057825377169,0.02187403317028927,0.031249871527649305,0.04716728744506522,best
bt_dkgrec_l05,active,2022,351,0.01174710070155388,515.7,False,,,,,,,,,
bt_dkgrec_l05,active,2022,352,0.011780556882583847,517.1,False,,,,,,,,,
bt_dkgrec_l05,active,2022,353,0.011772467355354003,518.4,False,,,,,,,,,
bt_dkgrec_l05,active,2022,354,0.011730370174383753,519.8,False,,,,,,,,,
bt_dkgrec_l05,active,2022,355,0.011514970427630045,521.2,True,0.015301353581278343,0.029564153752062682,0.05128205128205128,0.09401709401709402,0.01520951458336479,0.02136093269072257,0.0296473074250852,0.04677878705656484,khong cai thien (1/50)
bt_dkgrec_l05,active,2022,356,0.011680233348832978,523.1,False,,,,,,,,,
bt_dkgrec_l05,active,2022,357,0.011620364215765889,524.5,False,,,,,,,,,
bt_dkgrec_l05,active,2022,358,0.01165643551464998,525.9,False,,,,,,,,,
bt_dkgrec_l05,active,2022,359,0.01167845700038183,527.2,False,,,,,,,,,
bt_dkgrec_l05,active,2022,360,0.011547626099711973,528.6,True,0.015359050992972455,0.029737245987145017,0.05555555555555555,0.08974358974358974,0.014867008797482791,0.020688992032608565,0.028756994034771815,0.045710410988188774,khong cai thien (2/50)
bt_dkgrec_l05,active,2022,361,0.01158580602293645,530.4,False,,,,,,,,,
bt_dkgrec_l05,active,2022,362,0.01170430519431594,531.8,False,,,,,,,,,
bt_dkgrec_l05,active,2022,363,0.011407935878486326,533.1,False,,,,,,,,,
bt_dkgrec_l05,active,2022,364,0.01148453141738989,534.5,False,,,,,,,,,
bt_dkgrec_l05,active,2022,365,0.011492886632149476,535.9,True,0.015416748404666567,0.02991033822222735,0.05128205128205128,0.08974358974358974,0.013427601629451502,0.020420299821820927,0.02448348976126754,0.04544133849689406,khong cai thien (3/50)
bt_dkgrec_l05,active,2022,366,0.011555314117800235,537.9,False,,,,,,,,,
bt_dkgrec_l05,active,2022,367,0.011464151222170458,539.2,False,,,,,,,,,
bt_dkgrec_l05,active,2022,368,0.011477655985098508,540.6,False,,,,,,,,,
bt_dkgrec_l05,active,2022,369,0.011453320860860672,542.0,False,,,,,,,,,
bt_dkgrec_l05,active,2022,370,0.01161562162968684,543.3,True,0.015439827369344211,0.03015266735134262,0.04700854700854701,0.08974358974358974,0.013369244370460841,0.02091932909681458,0.023949301727079507,0.045868688924244484,khong cai thien (4/50)
bt_dkgrec_l05,active,2022,371,0.011346605310342301,545.1,False,,,,,,,,,
bt_dkgrec_l05,active,2022,372,0.011419263035774004,546.5,False,,,,,,,,,
bt_dkgrec_l05,active,2022,373,0.01148197672477281,547.9,False,,,,,,,,,
bt_dkgrec_l05,active,2022,374,0.011350517433869165,549.3,False,,,,,,,,,
bt_dkgrec_l05,active,2022,375,0.011323910753715919,550.7,True,0.015647538051443012,0.03010650942198733,0.05555555555555555,0.09401709401709402,0.014302832642224055,0.021040861580209794,0.027332492610270386,0.04693706499262055,khong cai thien (5/50)
bt_dkgrec_l05,active,2022,376,0.011358092436153343,552.5,False,,,,,,,,,
bt_dkgrec_l05,active,2022,377,0.011406614713617088,553.9,False,,,,,,,,,
bt_dkgrec_l05,active,2022,378,0.01132528375553879,555.2,False,,,,,,,,,
bt_dkgrec_l05,active,2022,379,0.011353951154307956,556.6,False,,,,,,,,,
bt_dkgrec_l05,active,2022,380,0.011563370176800909,557.9,True,0.01573985391015359,0.030164206833681442,0.05128205128205128,0.08974358974358974,0.01363728591415927,0.02044671036678052,0.02519574047351825,0.04544133849689406,khong cai thien (6/50)
bt_dkgrec_l05,active,2022,381,0.011204270236084526,559.7,False,,,,,,,,,
bt_dkgrec_l05,active,2022,382,0.011196136937263786,561.1,False,,,,,,,,,
bt_dkgrec_l05,active,2022,383,0.011270023543522344,562.5,False,,,,,,,,,
bt_dkgrec_l05,active,2022,384,0.011225540241288825,563.9,False,,,,,,,,,
bt_dkgrec_l05,active,2022,385,0.011245672691425335,565.3,True,0.01584370925120299,0.03031422010408613,0.05128205128205128,0.09401709401709402,0.013599265798491269,0.020951775701195448,0.02519574047351825,0.04693706499262055,khong cai thien (7/50)
bt_dkgrec_l05,active,2022,386,0.011252809408719262,567.1,False,,,,,,,,,
bt_dkgrec_l05,active,2022,387,0.01138736867223737,568.5,False,,,,,,,,,
bt_dkgrec_l05,active,2022,388,0.01122323956284423,569.8,False,,,,,,,,,
bt_dkgrec_l05,active,2022,389,0.01119729351501033,571.2,False,,,,,,,,,
bt_dkgrec_l05,active,2022,390,0.01117100552295575,572.6,True,0.01587832769821946,0.030487312339168463,0.05128205128205128,0.09401709401709402,0.014054263630315714,0.02138419168781461,0.02519574047351825,0.04693706499262055,khong cai thien (8/50)
bt_dkgrec_l05,active,2022,391,0.011333396156088584,574.4,False,,,,,,,,,
bt_dkgrec_l05,active,2022,392,0.011301759832702396,575.8,False,,,,,,,,,
bt_dkgrec_l05,active,2022,393,0.011211642456776838,577.2,False,,,,,,,,,
bt_dkgrec_l05,active,2022,394,0.011194843360956866,578.6,False,,,,,,,,,
bt_dkgrec_l05,active,2022,395,0.011208164935947342,580.0,True,0.01593602510991357,0.030798878362316668,0.06837606837606838,0.09829059829059829,0.016771496703942988,0.022256115430308688,0.03409887437665215,0.05121056926612483,best
bt_dkgrec_l05,active,2022,396,0.011076162316150646,581.8,False,,,,,,,,,
bt_dkgrec_l05,active,2022,397,0.011139472133031151,583.1,False,,,,,,,,,
bt_dkgrec_l05,active,2022,398,0.01106792750978992,584.5,False,,,,,,,,,
bt_dkgrec_l05,active,2022,399,0.011192902862088181,585.9,False,,,,,,,,,
bt_dkgrec_l05,active,2022,400,0.011163374282110276,587.2,True,0.01599372252160768,0.031087365420787223,0.07264957264957266,0.09401709401709402,0.017208071933723684,0.021952556350877856,0.03481112508890286,0.050142193197748756,khong cai thien (1/50)
bt_dkgrec_l05,active,2022,401,0.011074552685493155,589.2,False,,,,,,,,,
bt_dkgrec_l05,active,2022,402,0.010970671675598044,590.6,False,,,,,,,,,
bt_dkgrec_l05,active,2022,403,0.010951870361538373,592.0,False,,,,,,,,,
bt_dkgrec_l05,active,2022,404,0.011094315394737698,593.4,False,,,,,,,,,
bt_dkgrec_l05,active,2022,405,0.010881929486253317,594.7,True,0.016016801486285325,0.03112198386780369,0.07264957264957266,0.09829059829059829,0.017210475469503245,0.022336747812833117,0.03481112508890286,0.05121056926612483,best
bt_dkgrec_l05,active,2022,406,0.01101121793250175,596.5,False,,,,,,,,,
bt_dkgrec_l05,active,2022,407,0.011102785375266806,597.9,False,,,,,,,,,
bt_dkgrec_l05,active,2022,408,0.010883735296081982,599.3,False,,,,,,,,,
bt_dkgrec_l05,active,2022,409,0.010925713726757347,600.6,False,,,,,,,,,
bt_dkgrec_l05,active,2022,410,0.01090214389211433,602.0,True,0.01609757786265708,0.031248918173530735,0.0641025641025641,0.09829059829059829,0.016076828340196095,0.022330197317905864,0.03196212223990001,0.05121056926612483,khong cai thien (1/50)
bt_dkgrec_l05,active,2022,411,0.010925783957851366,604.0,False,,,,,,,,,
bt_dkgrec_l05,active,2022,412,0.01092107706869479,605.4,False,,,,,,,,,
bt_dkgrec_l05,active,2022,413,0.010992879987293976,606.7,False,,,,,,,,,
bt_dkgrec_l05,active,2022,414,0.01079308388295363,608.1,False,,,,,,,,,
bt_dkgrec_l05,active,2022,415,0.011019315383853886,609.5,True,0.01603988045096297,0.03152586574966247,0.0641025641025641,0.08974358974358974,0.016299811838551153,0.020798733783541024,0.03257262285040063,0.04608236413791969,khong cai thien (2/50)
bt_dkgrec_l05,active,2022,416,0.010845180973256124,611.3,False,,,,,,,,,
bt_dkgrec_l05,active,2022,417,0.010892314980529038,612.6,False,,,,,,,,,
bt_dkgrec_l05,active,2022,418,0.01080406452977957,614.0,False,,,,,,,,,
bt_dkgrec_l05,active,2022,419,0.010945953870967631,615.4,False,,,,,,,,,
bt_dkgrec_l05,active,2022,420,0.010869168255749075,616.8,True,0.016305288544755884,0.03168741850240598,0.05555555555555555,0.09401709401709402,0.014647185293939154,0.020746268151671528,0.02776493054270832,0.04677878705656484,khong cai thien (3/50)
bt_dkgrec_l05,active,2022,421,0.010739774265058625,618.8,False,,,,,,,,,
bt_dkgrec_l05,active,2022,422,0.010897796824099255,620.1,False,,,,,,,,,
bt_dkgrec_l05,active,2022,423,0.010882938726307885,621.5,False,,,,,,,,,
bt_dkgrec_l05,active,2022,424,0.010803271304038523,622.9,False,,,,,,,,,
bt_dkgrec_l05,active,2022,425,0.01074820140153093,624.2,True,0.016409143885805284,0.03174511591410009,0.0641025641025641,0.09401709401709402,0.015866119625316793,0.02164419842265376,0.03043587071364849,0.05019759047536825,khong cai thien (4/50)
bt_dkgrec_l05,active,2022,426,0.010813587608702992,626.0,False,,,,,,,,,
bt_dkgrec_l05,active,2022,427,0.010785134941111007,627.4,False,,,,,,,,,
bt_dkgrec_l05,active,2022,428,0.01067737175005647,628.8,False,,,,,,,,,
bt_dkgrec_l05,active,2022,429,0.010859654732550945,630.2,False,,,,,,,,,
bt_dkgrec_l05,active,2022,430,0.010826096651910021,631.6,True,0.016420683368144104,0.03175665539643892,0.0641025641025641,0.09401709401709402,0.015939120953845278,0.021634255942525864,0.030391933169710946,0.05019759047536825,khong cai thien (5/50)
bt_dkgrec_l05,active,2022,431,0.010880947477466882,633.4,False,,,,,,,,,
bt_dkgrec_l05,active,2022,432,0.010829151793961283,634.8,False,,,,,,,,,
bt_dkgrec_l05,active,2022,433,0.010701938750755766,636.1,False,,,,,,,,,
bt_dkgrec_l05,active,2022,434,0.010786075656046477,637.5,False,,,,,,,,,
bt_dkgrec_l05,active,2022,435,0.010662599792145828,638.9,True,0.01644376233282175,0.031698957984744806,0.05982905982905983,0.09401709401709402,0.015363472813532864,0.021419618073255393,0.028789369067146842,0.049770240048017826,khong cai thien (6/50)
bt_dkgrec_l05,active,2022,436,0.010656276245546064,640.7,False,,,,,,,,,
bt_dkgrec_l05,active,2022,437,0.010756565523229296,642.1,False,,,,,,,,,
bt_dkgrec_l05,active,2022,438,0.010641476427571451,643.5,False,,,,,,,,,
bt_dkgrec_l05,active,2022,439,0.010625860043578012,644.9,False,,,,,,,,,
bt_dkgrec_l05,active,2022,440,0.010773338806088995,646.2,True,0.01654761767387115,0.03190666866684361,0.05982905982905983,0.08974358974358974,0.015848395464581926,0.020700365559868723,0.02975599503377281,0.045655013710569264,khong cai thien (7/50)
bt_dkgrec_l05,active,2022,441,0.010657467257878606,648.0,False,,,,,,,,,
bt_dkgrec_l05,active,2022,442,0.010740712839925495,649.4,False,,,,,,,,,
bt_dkgrec_l05,active,2022,443,0.010680723748185307,650.8,False,,,,,,,,,
bt_dkgrec_l05,active,2022,444,0.010656967514646646,652.1,False,,,,,,,,,
bt_dkgrec_l05,active,2022,445,0.010672756644035247,653.5,True,0.016570696638548793,0.032056681937248296,0.0641025641025641,0.08974358974358974,0.016477357711474648,0.021095020670899346,0.03082437110214888,0.04608236413791969,khong cai thien (8/50)
bt_dkgrec_l05,active,2022,446,0.010505747288776375,655.3,False,,,,,,,,,
bt_dkgrec_l05,active,2022,447,0.010547416838239922,656.7,False,,,,,,,,,
bt_dkgrec_l05,active,2022,448,0.010691544068366114,658.1,False,,,,,,,,,
bt_dkgrec_l05,active,2022,449,0.0104955022278521,659.5,False,,,,,,,,,
bt_dkgrec_l05,active,2022,450,0.010614750159207023,660.9,True,0.01654761767387115,0.03189512918450478,0.06837606837606838,0.09401709401709402,0.01795711652257672,0.021141311212705606,0.035097875375653155,0.04544133849689406,khong cai thien (9/50)
bt_dkgrec_l05,active,2022,451,0.010576852456368434,662.7,False,,,,,,,,,
bt_dkgrec_l05,active,2022,452,0.010617049896968185,664.0,False,,,,,,,,,
bt_dkgrec_l05,active,2022,453,0.010504968624612563,665.4,False,,,,,,,,,
bt_dkgrec_l05,active,2022,454,0.010458889098492631,666.7,False,,,,,,,,,
bt_dkgrec_l05,active,2022,455,0.010498727047824563,668.1,True,0.016536078191532327,0.03192974763152125,0.06837606837606838,0.09401709401709402,0.018580434884616928,0.02160769703778553,0.03581012608790386,0.045868688924244484,khong cai thien (10/50)
bt_dkgrec_l05,active,2022,456,0.01056215321367331,670.1,False,,,,,,,,,
bt_dkgrec_l05,active,2022,457,0.010449202505708381,671.5,False,,,,,,,,,
bt_dkgrec_l05,active,2022,458,0.010554646513889014,672.8,False,,,,,,,,,
bt_dkgrec_l05,active,2022,459,0.0105320445387927,674.2,False,,,,,,,,,
bt_dkgrec_l05,active,2022,460,0.010476073424463024,675.6,True,0.016628394050242905,0.03207976090192594,0.0641025641025641,0.09401709401709402,0.017392208873025547,0.02167681825268814,0.03153662181439959,0.045868688924244484,khong cai thien (11/50)
bt_dkgrec_l05,active,2022,461,0.010476190832274837,677.4,False,,,,,,,,,
bt_dkgrec_l05,active,2022,462,0.010575498975575045,678.7,False,,,,,,,,,
bt_dkgrec_l05,active,2022,463,0.01046038259857124,680.1,False,,,,,,,,,
bt_dkgrec_l05,active,2022,464,0.010484390448560314,681.4,False,,,,,,,,,
bt_dkgrec_l05,active,2022,465,0.010357014017580489,682.8,True,0.016605315085565262,0.032068221419587116,0.0641025641025641,0.08974358974358974,0.01733203437215875,0.021608118469455876,0.03153662181439959,0.04608236413791969,khong cai thien (12/50)
bt_dkgrec_l05,active,2022,466,0.010358105651517579,684.8,False,,,,,,,,,
bt_dkgrec_l05,active,2022,467,0.010470609675688048,686.1,False,,,,,,,,,
bt_dkgrec_l05,active,2022,468,0.010458941353172236,687.5,False,,,,,,,,,
bt_dkgrec_l05,active,2022,469,0.010362255952650425,688.9,False,,,,,,,,,
bt_dkgrec_l05,active,2022,470,0.010506830165934613,690.2,True,0.016605315085565262,0.03228747158402474,0.0641025641025641,0.09829059829059829,0.01773478418596231,0.023354049238370016,0.03153662181439959,0.05074436879992435,best
bt_dkgrec_l05,active,2022,471,0.01038197842951744,692.0,False,,,,,,,,,
bt_dkgrec_l05,active,2022,472,0.010413874891651687,693.4,False,,,,,,,,,
bt_dkgrec_l05,active,2022,473,0.010359243400993276,694.7,False,,,,,,,,,
bt_dkgrec_l05,active,2022,474,0.01041402101583445,696.1,False,,,,,,,,,
bt_dkgrec_l05,active,2022,475,0.010202886417141194,697.5,True,0.016824565250002886,0.03229901106636356,0.06837606837606838,0.09829059829059829,0.01907318803615032,0.02391756283328597,0.03581012608790386,0.052492620548176105,best
bt_dkgrec_l05,active,2022,476,0.01040704873975154,699.5,False,,,,,,,,,
bt_dkgrec_l05,active,2022,477,0.010373788067938558,700.8,False,,,,,,,,,
bt_dkgrec_l05,active,2022,478,0.010395468373122836,702.2,False,,,,,,,,,
bt_dkgrec_l05,active,2022,479,0.01027756500203181,703.6,False,,,,,,,,,
bt_dkgrec_l05,active,2022,480,0.010290104778938974,704.9,True,0.01674378887363113,0.03227593210168592,0.06837606837606838,0.09401709401709402,0.0186494888889635,0.02266094790696455,0.035199625477403254,0.0477917658473214,khong cai thien (1/50)
bt_dkgrec_l05,active,2022,481,0.01031048346141439,706.7,False,,,,,,,,,
bt_dkgrec_l05,active,2022,482,0.010325978695735712,708.1,False,,,,,,,,,
bt_dkgrec_l05,active,2022,483,0.010295915808138411,709.5,False,,,,,,,,,
bt_dkgrec_l05,active,2022,484,0.010240964102421321,710.9,False,,,,,,,,,
bt_dkgrec_l05,active,2022,485,0.010345368159596526,712.3,True,0.016836104732341706,0.03240286640741297,0.0641025641025641,0.09829059829059829,0.01839584259789864,0.023170855482178315,0.03413124940902719,0.04864646670202226,khong cai thien (2/50)
bt_dkgrec_l05,active,2022,486,0.010397165266835236,714.1,False,,,,,,,,,
bt_dkgrec_l05,active,2022,487,0.010319529114604192,715.5,False,,,,,,,,,
bt_dkgrec_l05,active,2022,488,0.010248194354268898,716.8,False,,,,,,,,,
bt_dkgrec_l05,active,2022,489,0.01021699870495141,718.2,False,,,,,,,,,
bt_dkgrec_l05,active,2022,490,0.010199867186576504,719.6,True,0.016939960073391106,0.032552879677817656,0.06837606837606838,0.09401709401709402,0.01963174109229776,0.022893605273983313,0.03840475368253146,0.0477917658473214,khong cai thien (3/50)
bt_dkgrec_l05,active,2022,491,0.010315084216633996,721.4,False,,,,,,,,,
bt_dkgrec_l05,active,2022,492,0.010174728193578373,722.8,False,,,,,,,,,
bt_dkgrec_l05,active,2022,493,0.010236081080673603,724.2,False,,,,,,,,,
bt_dkgrec_l05,active,2022,494,0.01051673165136624,725.6,False,,,,,,,,,
bt_dkgrec_l05,active,2022,495,0.01025726333480783,727.0,True,0.01710151282613462,0.032725971912899984,0.06837606837606838,0.09829059829059829,0.01973931729179352,0.023049028248849645,0.038938941716719494,0.04805885986441542,khong cai thien (4/50)
bt_dkgrec_l05,active,2022,496,0.010231203535487355,728.7,False,,,,,,,,,
bt_dkgrec_l05,active,2022,497,0.010293320559412615,730.1,False,,,,,,,,,
bt_dkgrec_l05,active,2022,498,0.010242516295978318,731.5,False,,,,,,,,,
bt_dkgrec_l05,active,2022,499,0.010214605905571399,732.8,False,,,,,,,,,
bt_dkgrec_l05,active,2022,500,0.010160244078876196,734.2,True,0.017043815414440507,0.032702892948222345,0.0641025641025641,0.09829059829059829,0.019227772258112723,0.02308309805833606,0.03787056564834343,0.04818026623582179,khong cai thien (5/50)
bt_dkgrec_l05,active,2022,501,0.010156046107180544,736.0,False,,,,,,,,,
bt_dkgrec_l05,active,2022,502,0.010141558778246757,737.4,False,,,,,,,,,
bt_dkgrec_l05,active,2022,503,0.010049588594532177,738.8,False,,,,,,,,,
bt_dkgrec_l05,active,2022,504,0.010190075032283682,740.2,False,,,,,,,,,
bt_dkgrec_l05,active,2022,505,0.010184277269001084,741.6,True,0.017078433861456976,0.032910603630321146,0.06837606837606838,0.09401709401709402,0.01987111011565853,0.022826273034658257,0.039295067072844844,0.047181265236820785,khong cai thien (6/50)
bt_dkgrec_l05,active,2022,506,0.01022826783312412,743.4,False,,,,,,,,,
bt_dkgrec_l05,active,2022,507,0.010278702621650895,744.7,False,,,,,,,,,
bt_dkgrec_l05,active,2022,508,0.010260725370259308,746.1,False,,,,,,,,,
bt_dkgrec_l05,active,2022,509,0.009984709206076303,747.5,False,,,,,,,,,
bt_dkgrec_l05,active,2022,510,0.010123461966947248,748.8,True,0.017170749720167553,0.0329913800066929,0.0641025641025641,0.09829059829059829,0.01952490092625029,0.02306838927920546,0.03787056564834343,0.047569765625321184,khong cai thien (7/50)
bt_dkgrec_l05,active,2022,511,0.010102175796240693,750.8,False,,,,,,,,,
bt_dkgrec_l05,active,2022,512,0.010057226486129054,752.2,False,,,,,,,,,
bt_dkgrec_l05,active,2022,513,0.010177664008970745,753.6,False,,,,,,,,,
bt_dkgrec_l05,active,2022,514,0.010165440878998738,755.0,False,,,,,,,,,
bt_dkgrec_l05,active,2022,515,0.010097653160743379,756.3,True,0.0171938286848452,0.03301445897137054,0.06837606837606838,0.10683760683760683,0.02018756201630966,0.024680536942769112,0.039295067072844844,0.052697970753526314,best
bt_dkgrec_l05,active,2022,516,0.009970336482140687,758.1,False,,,,,,,,,
bt_dkgrec_l05,active,2022,517,0.010028866881075453,759.5,False,,,,,,,,,
bt_dkgrec_l05,active,2022,518,0.010183865603623242,760.9,False,,,,,,,,,
bt_dkgrec_l05,active,2022,519,0.010061939950947877,762.2,False,,,,,,,,,
bt_dkgrec_l05,active,2022,520,0.01004141846281487,763.7,True,0.017286144543555777,0.03302599845370937,0.06837606837606838,0.10683760683760683,0.019247720150197725,0.024160815450691774,0.03787056564834342,0.052697970753526314,khong cai thien (1/50)
bt_dkgrec_l05,active,2022,521,0.010020615166026583,765.6,False,,,,,,,,,
bt_dkgrec_l05,active,2022,522,0.010127681693717373,767.0,False,,,,,,,,,
bt_dkgrec_l05,active,2022,523,0.010138713585887065,768.4,False,,,,,,,,,
bt_dkgrec_l05,active,2022,524,0.009957513000075845,769.7,False,,,,,,,,,
bt_dkgrec_l05,active,2022,525,0.010075778314997777,771.1,True,0.01725152609653931,0.033072156383064655,0.06837606837606838,0.09829059829059829,0.02002419388257479,0.024162877898017937,0.03802884358439914,0.0507832188387744,khong cai thien (2/50)
bt_dkgrec_l05,active,2022,526,0.010025289233496836,772.9,False,,,,,,,,,
bt_dkgrec_l05,active,2022,527,0.010013930889141908,774.3,False,,,,,,,,,
bt_dkgrec_l05,active,2022,528,0.010132386253896251,775.7,False,,,,,,,,,
bt_dkgrec_l05,active,2022,529,0.010065206748867928,777.1,False,,,,,,,,,
bt_dkgrec_l05,active,2022,530,0.009954963251867437,778.5,True,0.017286144543555777,0.0330952353477423,0.06837606837606838,0.09829059829059829,0.019870213420570715,0.023708122690914837,0.03802884358439914,0.04864646670202226,khong cai thien (3/50)
bt_dkgrec_l05,active,2022,531,0.009989840003600993,780.4,False,,,,,,,,,
bt_dkgrec_l05,active,2022,532,0.009971908835748226,781.8,False,,,,,,,,,
bt_dkgrec_l05,active,2022,533,0.009883519959965061,783.2,False,,,,,,,,,
bt_dkgrec_l05,active,2022,534,0.010001491064989614,784.6,False,,,,,,,,,
bt_dkgrec_l05,active,2022,535,0.010025417406202953,785.9,True,0.01741307884928282,0.0331990906887917,0.06837606837606838,0.09829059829059829,0.02009578039940219,0.023451072840145623,0.03802884358439914,0.04677680858236414,khong cai thien (4/50)
bt_dkgrec_l05,active,2022,536,0.010108867721516151,787.7,False,,,,,,,,,
bt_dkgrec_l05,active,2022,537,0.009835355820325214,789.1,False,,,,,,,,,
bt_dkgrec_l05,active,2022,538,0.010000693257338648,790.5,False,,,,,,,,,
bt_dkgrec_l05,active,2022,539,0.009879362811171766,791.9,False,,,,,,,,,
bt_dkgrec_l05,active,2022,540,0.010039397657332612,793.4,True,0.01744769729629929,0.0334068013708905,0.07692307692307693,0.09401709401709402,0.02180846775260501,0.02393288720748383,0.04069978375533931,0.04650971456527012,khong cai thien (5/50)
bt_dkgrec_l05,active,2022,541,0.010081891692780984,795.2,False,,,,,,,,,
bt_dkgrec_l05,active,2022,542,0.009898449310912653,796.6,False,,,,,,,,,
bt_dkgrec_l05,active,2022,543,0.009836136895176529,797.9,False,,,,,,,,,
bt_dkgrec_l05,active,2022,544,0.00992905140717279,799.3,False,,,,,,,,,
bt_dkgrec_l05,active,2022,545,0.010023311473265453,800.7,True,0.017436157813960466,0.03352219619427872,0.0641025641025641,0.10256410256410256,0.01847931466827501,0.02455204883692707,0.031994497272275046,0.05105031285586842,khong cai thien (6/50)
bt_dkgrec_l05,active,2022,546,0.009949791200638644,802.5,False,,,,,,,,,
bt_dkgrec_l05,active,2022,547,0.009911205413009442,803.9,False,,,,,,,,,
bt_dkgrec_l05,active,2022,548,0.009899341892538955,805.3,False,,,,,,,,,
bt_dkgrec_l05,active,2022,549,0.00984801555811236,806.7,False,,,,,,,,,
bt_dkgrec_l05,active,2022,550,0.009730393235552906,808.1,True,0.01734384195524989,0.03359143308831166,0.06837606837606838,0.10256410256410256,0.01915252022790118,0.024465356728006413,0.03413124940902718,0.05105031285586842,khong cai thien (7/50)
bt_dkgrec_l05,active,2022,551,0.009834093062242009,809.9,False,,,,,,,,,
bt_dkgrec_l05,active,2022,552,0.010005852714333515,811.2,False,,,,,,,,,
bt_dkgrec_l05,active,2022,553,0.009895200211854829,812.6,False,,,,,,,,,
bt_dkgrec_l05,active,2022,554,0.009850592152212139,814.0,False,,,,,,,,,
bt_dkgrec_l05,active,2022,555,0.009876772978869908,815.3,True,0.017459236778638112,0.0335106567119399,0.06837606837606838,0.10256410256410256,0.01924333889312492,0.024573821122312482,0.03413124940902718,0.05105031285586842,khong cai thien (8/50)
bt_dkgrec_l05,active,2022,556,0.009842489219792814,817.2,False,,,,,,,,,
bt_dkgrec_l05,active,2022,557,0.009794839448685876,818.6,False,,,,,,,,,
bt_dkgrec_l05,active,2022,558,0.009783237868717046,820.0,False,,,,,,,,,
bt_dkgrec_l05,active,2022,559,0.00979424738332443,821.4,False,,,,,,,,,
bt_dkgrec_l05,active,2022,560,0.009741846742551864,822.7,True,0.017586171084365155,0.0336145120529893,0.06837606837606838,0.10256410256410256,0.02005275340452567,0.02467164235934474,0.036426279481835036,0.05105031285586842,khong cai thien (9/50)
bt_dkgrec_l05,active,2022,561,0.009811234649982346,824.6,False,,,,,,,,,
bt_dkgrec_l05,active,2022,562,0.009789293200502638,825.9,False,,,,,,,,,
bt_dkgrec_l05,active,2022,563,0.009828558329587189,827.3,False,,,,,,,,,
bt_dkgrec_l05,active,2022,564,0.009844889941456048,828.7,False,,,,,,,,,
bt_dkgrec_l05,active,2022,565,0.009956326870469623,830.0,True,0.0176092500490428,0.03372990687637752,0.0641025641025641,0.10256410256410256,0.019131458317405294,0.02472007602575925,0.033577276632832186,0.051477663283218844,best
bt_dkgrec_l05,active,2022,566,0.009772351708695929,832.0,False,,,,,,,,,
bt_dkgrec_l05,active,2022,567,0.009756392704660992,833.4,False,,,,,,,,,
bt_dkgrec_l05,active,2022,568,0.00980068517418912,834.8,False,,,,,,,,,
bt_dkgrec_l05,active,2022,569,0.009757770643039712,836.2,False,,,,,,,,,
bt_dkgrec_l05,active,2022,570,0.009732581949478413,837.6,True,0.01770156590775338,0.0338222227350881,0.0641025641025641,0.09829059829059829,0.01920417482831012,0.024017048471431234,0.03413124940902719,0.05017271822827378,khong cai thien (1/50)
bt_dkgrec_l05,active,2022,571,0.009732994989541414,839.4,False,,,,,,,,,
bt_dkgrec_l05,active,2022,572,0.009778222445987732,840.8,False,,,,,,,,,
bt_dkgrec_l05,active,2022,573,0.009742895336221954,842.1,False,,,,,,,,,
bt_dkgrec_l05,active,2022,574,0.009847001704405556,843.5,False,,,,,,,,,
bt_dkgrec_l05,active,2022,575,0.009761854506966088,844.9,True,0.01775926331944749,0.033914538593798685,0.0641025641025641,0.10683760683760683,0.01888784812861937,0.02492676166279374,0.03413124940902719,0.053187064992620554,best
bt_dkgrec_l05,active,2022,576,0.009700857562564452,846.9,False,,,,,,,,,
bt_dkgrec_l05,active,2022,577,0.009741601489259356,848.2,False,,,,,,,,,
bt_dkgrec_l05,active,2022,578,0.009675767082918953,849.6,False,,,,,,,,,
bt_dkgrec_l05,active,2022,579,0.009778774537379138,851.0,False,,,,,,,,,
bt_dkgrec_l05,active,2022,580,0.009664063367497047,852.3,True,0.01790927658985218,0.03401839393484808,0.06837606837606838,0.1111111111111111,0.020520612757507793,0.026381376247116988,0.03840475368253146,0.05746056926612483,best
bt_dkgrec_l05,active,2022,581,0.009598092600366764,854.1,False,,,,,,,,,
bt_dkgrec_l05,active,2022,582,0.009736837388435279,855.5,False,,,,,,,,,
bt_dkgrec_l05,active,2022,583,0.009711376614080783,856.9,False,,,,,,,,,
bt_dkgrec_l05,active,2022,584,0.009660891436719533,858.3,False,,,,,,,,,
bt_dkgrec_l05,active,2022,585,0.00952434604375644,859.7,True,0.017886197625174533,0.03400685445250926,0.07692307692307693,0.1111111111111111,0.020982976406465594,0.026353902746515483,0.03974022376800155,0.05788791969347525,khong cai thien (1/50)
bt_dkgrec_l05,active,2022,586,0.009659687521171202,861.6,False,,,,,,,,,
bt_dkgrec_l05,active,2022,587,0.009660288895657272,863.0,False,,,,,,,,,
bt_dkgrec_l05,active,2022,588,0.009645435446478827,864.4,False,,,,,,,,,
bt_dkgrec_l05,active,2022,589,0.009703568177166144,865.8,False,,,,,,,,,
bt_dkgrec_l05,active,2022,590,0.009614782794268077,867.1,True,0.01786311866049689,0.0341799466875916,0.06837606837606838,0.10683760683760683,0.019307082149120882,0.025773685755823,0.034220280748058524,0.054041765847321406,khong cai thien (2/50)
bt_dkgrec_l05,active,2022,591,0.009614623624102652,868.9,False,,,,,,,,,
bt_dkgrec_l05,active,2022,592,0.009694448103411189,870.3,False,,,,,,,,,
bt_dkgrec_l05,active,2022,593,0.009689034998788539,871.7,False,,,,,,,,,
bt_dkgrec_l05,active,2022,594,0.00962686133608394,873.1,False,,,,,,,,,
bt_dkgrec_l05,active,2022,595,0.009651409367271945,874.5,True,0.017978513483885114,0.034145328240575125,0.06837606837606838,0.10683760683760683,0.019427270765526816,0.025882162659726638,0.034220280748058524,0.054041765847321406,khong cai thien (3/50)
bt_dkgrec_l05,active,2022,596,0.009684126734449188,876.3,False,,,,,,,,,
bt_dkgrec_l05,active,2022,597,0.00966985676786598,877.7,False,,,,,,,,,
bt_dkgrec_l05,active,2022,598,0.009649824168471221,879.0,False,,,,,,,,,
bt_dkgrec_l05,active,2022,599,0.009531926793460068,880.4,False,,,,,,,,,
bt_dkgrec_l05,active,2022,600,0.0095546852696636,881.8,True,0.017874658142835714,0.03411070979355866,0.07692307692307693,0.1111111111111111,0.01992808340797477,0.02633421438313178,0.03706928359706137,0.05831527012082568,khong cai thien (4/50)
bt_dkgrec_l05,active,2022,601,0.009615751630304873,883.6,False,,,,,,,,,
bt_dkgrec_l05,active,2022,602,0.009617993662296055,885.0,False,,,,,,,,,
bt_dkgrec_l05,active,2022,603,0.009557777248749334,886.4,False,,,,,,,,,
bt_dkgrec_l05,active,2022,604,0.009504517986603967,887.8,False,,,,,,,,,
bt_dkgrec_l05,active,2022,605,0.009557129307656374,889.2,True,0.017932355554529825,0.03423764409928571,0.0811965811965812,0.10683760683760683,0.021202767078734145,0.02597213482091558,0.04134278787056564,0.05735373165928722,khong cai thien (5/50)
bt_dkgrec_l05,active,2022,606,0.009582298402855368,891.0,False,,,,,,,,,
bt_dkgrec_l05,active,2022,607,0.00957132124225924,892.3,False,,,,,,,,,
bt_dkgrec_l05,active,2022,608,0.00961162838357696,893.7,False,,,,,,,,,
bt_dkgrec_l05,active,2022,609,0.009632550199029482,895.1,False,,,,,,,,,
bt_dkgrec_l05,active,2022,610,0.009580859046712832,896.4,True,0.01796697400154629,0.03445689426372333,0.07264957264957266,0.10683760683760683,0.020344705357637834,0.02604554688786434,0.03910428563206341,0.057781082086637646,khong cai thien (6/50)
bt_dkgrec_l05,active,2022,611,0.009526049778527033,898.3,False,,,,,,,,,
bt_dkgrec_l05,active,2022,612,0.00948091605792039,899.7,False,,,,,,,,,
bt_dkgrec_l05,active,2022,613,0.00944288653986185,901.1,False,,,,,,,,,
bt_dkgrec_l05,active,2022,614,0.009540893931233644,902.5,False,,,,,,,,,
bt_dkgrec_l05,active,2022,615,0.00948392607100123,903.8,True,0.017978513483885114,0.03445689426372333,0.07264957264957266,0.1111111111111111,0.02022894759211632,0.026915719921705564,0.03910428563206341,0.06205458636014192,best
bt_dkgrec_l05,active,2022,616,0.009519047864111455,905.6,False,,,,,,,,,
bt_dkgrec_l05,active,2022,617,0.009494141174974257,907.0,False,,,,,,,,,
bt_dkgrec_l05,active,2022,618,0.009518593931960348,908.4,False,,,,,,,,,
bt_dkgrec_l05,active,2022,619,0.00947388610137308,909.8,False,,,,,,,,,
bt_dkgrec_l05,active,2022,620,0.009488441958111004,911.1,True,0.01796697400154629,0.03456074960477273,0.06837606837606838,0.1111111111111111,0.020421993294068637,0.027635852965339013,0.03822669100446878,0.06205458636014192,best
bt_dkgrec_l05,active,2022,621,0.009553010502333563,913.1,False,,,,,,,,,
bt_dkgrec_l05,active,2022,622,0.009430140264458675,914.5,False,,,,,,,,,
bt_dkgrec_l05,active,2022,623,0.009404860863874447,915.9,False,,,,,,,,,
bt_dkgrec_l05,active,2022,624,0.0095951912311833,917.2,False,,,,,,,,,
bt_dkgrec_l05,active,2022,625,0.009607403290736588,918.6,True,0.018082368824934515,0.034629986498805665,0.07692307692307693,0.1111111111111111,0.02037717469100395,0.02684240757261746,0.0392060357338135,0.06162723593279149,khong cai thien (1/50)
bt_dkgrec_l05,active,2022,626,0.009495848450300737,920.4,False,,,,,,,,,
bt_dkgrec_l05,active,2022,627,0.009550693106188068,921.8,False,,,,,,,,,
bt_dkgrec_l05,active,2022,628,0.009480351853321762,923.1,False,,,,,,,,,
bt_dkgrec_l05,active,2022,629,0.00945407384994593,924.5,False,,,,,,,,,
bt_dkgrec_l05,active,2022,630,0.009455004510106536,925.9,True,0.01826700054235567,0.03450305219307862,0.07692307692307693,0.11538461538461539,0.020804890523791832,0.02727243066414874,0.03936431366986922,0.062161423966979525,khong cai thien (2/50)
bt_dkgrec_l05,active,2022,631,0.009385236829666544,927.9,False,,,,,,,,,
bt_dkgrec_l05,active,2022,632,0.009392305896520646,929.3,False,,,,,,,,,
bt_dkgrec_l05,active,2022,633,0.009430538527111388,930.7,False,,,,,,,,,
bt_dkgrec_l05,active,2022,634,0.009393073371369975,932.0,False,,,,,,,,,
bt_dkgrec_l05,active,2022,635,0.009304089506934355,933.4,True,0.01811698727195098,0.03468768391049978,0.07692307692307693,0.10683760683760683,0.021162803265199714,0.026371602883099757,0.03936431366986922,0.05735373165928722,khong cai thien (3/50)
bt_dkgrec_l05,active,2022,636,0.009510581145390655,935.2,False,,,,,,,,,
bt_dkgrec_l05,active,2022,637,0.00942844679029147,936.6,False,,,,,,,,,
bt_dkgrec_l05,active,2022,638,0.009424023150497885,937.9,False,,,,,,,,,
bt_dkgrec_l05,active,2022,639,0.00942075034680607,939.4,False,,,,,,,,,
bt_dkgrec_l05,active,2022,640,0.00933669913521973,940.8,True,0.018036210895579226,0.03482615769856564,0.0811965811965812,0.1111111111111111,0.02158158831387695,0.026788000126654676,0.04078881509437064,0.05877823308378864,khong cai thien (4/50)
bt_dkgrec_l05,active,2022,641,0.009422611283313731,942.7,False,,,,,,,,,
bt_dkgrec_l05,active,2022,642,0.009401534222966369,944.0,False,,,,,,,,,
bt_dkgrec_l05,active,2022,643,0.009357086677700901,945.4,False,,,,,,,,,
bt_dkgrec_l05,active,2022,644,0.009291872166772323,946.8,False,,,,,,,,,
bt_dkgrec_l05,active,2022,645,0.00939338082561192,948.1,True,0.018174684683645092,0.03473384183985506,0.0811965811965812,0.1111111111111111,0.02166946760077474,0.026823807789581777,0.04063053715831493,0.05806598237153793,khong cai thien (5/50)
bt_dkgrec_l05,active,2022,646,0.00938032464388187,949.9,False,,,,,,,,,
bt_dkgrec_l05,active,2022,647,0.009464510263700893,951.3,False,,,,,,,,,
bt_dkgrec_l05,active,2022,648,0.009398822576941614,952.7,False,,,,,,,,,
bt_dkgrec_l05,active,2022,649,0.009383389625022066,954.1,False,,,,,,,,,
bt_dkgrec_l05,active,2022,650,0.009356157943008018,955.5,True,0.018209303130661558,0.03461844701646684,0.0811965811965812,0.1111111111111111,0.021954358230595574,0.026438365735003355,0.04078881509437064,0.056997606303161856,khong cai thien (6/50)
bt_dkgrec_l05,active,2022,651,0.009362745272782306,957.3,False,,,,,,,,,
bt_dkgrec_l05,active,2022,652,0.009341047797449546,958.7,False,,,,,,,,,
bt_dkgrec_l05,active,2022,653,0.009397420305206626,960.1,False,,,,,,,,,
bt_dkgrec_l05,active,2022,654,0.009339907886038725,961.4,False,,,,,,,,,
bt_dkgrec_l05,active,2022,655,0.009337103429225647,962.8,True,0.018209303130661558,0.034699223392838596,0.07692307692307693,0.11538461538461539,0.020466723066241668,0.026009581411271673,0.03629138351360573,0.0566134225856448,khong cai thien (7/50)
bt_dkgrec_l05,active,2022,656,0.009319303491621987,964.6,False,,,,,,,,,
bt_dkgrec_l05,active,2022,657,0.009413595709336439,966.0,False,,,,,,,,,
bt_dkgrec_l05,active,2022,658,0.009369274391888806,967.4,False,,,,,,,,,
bt_dkgrec_l05,active,2022,659,0.00929628066051438,968.8,False,,,,,,,,,
bt_dkgrec_l05,active,2022,660,0.009318842275914466,970.2,True,0.018290079507033315,0.03461844701646684,0.0811965811965812,0.11538461538461539,0.020775530852827816,0.026058582268762964,0.03655847753069975,0.0566134225856448,khong cai thien (8/50)
bt_dkgrec_l05,active,2022,661,0.009286991926725743,972.0,False,,,,,,,,,
bt_dkgrec_l05,active,2022,662,0.009321509605818594,973.4,False,,,,,,,,,
bt_dkgrec_l05,active,2022,663,0.009264651425761758,974.7,False,,,,,,,,,
bt_dkgrec_l05,active,2022,664,0.009314640354543794,976.1,False,,,,,,,,,
bt_dkgrec_l05,active,2022,665,0.009318318155611587,977.5,True,0.01842855329509918,0.034837697180904466,0.07264957264957266,0.1111111111111111,0.01967906943631754,0.02566873617884581,0.0354469347524903,0.05647097244319467,khong cai thien (9/50)
bt_dkgrec_l05,active,2022,666,0.009338344793611298,979.3,False,,,,,,,,,
bt_dkgrec_l05,active,2022,667,0.00930154651684216,980.7,False,,,,,,,,,
bt_dkgrec_l05,active,2022,668,0.009309200972007626,982.1,False,,,,,,,,,
bt_dkgrec_l05,active,2022,669,0.009237730146052912,983.5,False,,,,,,,,,
bt_dkgrec_l05,active,2022,670,0.009319245775626787,984.8,True,0.018347776918727427,0.03475692080453271,0.07264957264957266,0.11965811965811966,0.019645047316000048,0.027237622731522443,0.03522300744522966,0.06202652799875022,khong cai thien (10/50)
bt_dkgrec_l05,active,2022,671,0.009270647131422257,986.6,False,,,,,,,,,
bt_dkgrec_l05,active,2022,672,0.009210643754847831,988.0,False,,,,,,,,,
bt_dkgrec_l05,active,2022,673,0.009248121200586105,989.4,False,,,,,,,,,
bt_dkgrec_l05,active,2022,674,0.009246414315013367,990.7,False,,,,,,,,,
bt_dkgrec_l05,active,2022,675,0.009292459569856566,992.1,True,0.018382395365743893,0.03487231562792093,0.06837606837606838,0.12393162393162394,0.01975512837935852,0.027774416210218512,0.03517984073539628,0.06256071603293825,best
bt_dkgrec_l05,active,2022,676,0.009264975147905283,994.1,False,,,,,,,,,
bt_dkgrec_l05,active,2022,677,0.009204319189128372,995.5,False,,,,,,,,,
bt_dkgrec_l05,active,2022,678,0.009265930607773096,996.9,False,,,,,,,,,
bt_dkgrec_l05,active,2022,679,0.009266705705891535,998.3,False,,,,,,,,,
bt_dkgrec_l05,active,2022,680,0.009326920218043938,999.7,True,0.018278540024694492,0.03517234216873031,0.0641025641025641,0.1111111111111111,0.01873853612523954,0.02682383482733343,0.03304308859864415,0.06112866043421599,khong cai thien (1/50)
bt_dkgrec_l05,active,2022,681,0.009194933588615024,1001.5,False,,,,,,,,,
bt_dkgrec_l05,active,2022,682,0.009219159230119654,1002.8,False,,,,,,,,,
bt_dkgrec_l05,active,2022,683,0.00931830187132391,1004.2,False,,,,,,,,,
bt_dkgrec_l05,active,2022,684,0.009130446369886653,1005.6,False,,,,,,,,,
bt_dkgrec_l05,active,2022,685,0.009255720120523551,1007.0,True,0.01832469795404978,0.035414671297845576,0.06837606837606838,0.11538461538461539,0.019340057346705877,0.026865354786729786,0.03517984073539628,0.06166284846840402,khong cai thien (2/50)
bt_dkgrec_l05,active,2022,686,0.009218315338433319,1009.0,False,,,,,,,,,
bt_dkgrec_l05,active,2022,687,0.009285687506039987,1010.3,False,,,,,,,,,
bt_dkgrec_l05,active,2022,688,0.009175468656913224,1011.7,False,,,,,,,,,
bt_dkgrec_l05,active,2022,689,0.009143332767415746,1013.1,False,,,,,,,,,
bt_dkgrec_l05,active,2022,690,0.009148626133593725,1014.4,True,0.01837085588340507,0.035322355439135,0.0641025641025641,0.11965811965811966,0.017833753828281645,0.027419922304847848,0.03304308859864415,0.06700472881028437,khong cai thien (3/50)
bt_dkgrec_l05,active,2022,691,0.009145728130125926,1016.2,False,,,,,,,,,
bt_dkgrec_l05,active,2022,692,0.009261819244111399,1017.6,False,,,,,,,,,
bt_dkgrec_l05,active,2022,693,0.009199461537290983,1019.0,False,,,,,,,,,
bt_dkgrec_l05,active,2022,694,0.009247562179750883,1020.4,False,,,,,,,,,
bt_dkgrec_l05,active,2022,695,0.009106528786537216,1021.8,True,0.018359316401066247,0.035483908191878515,0.07264957264957266,0.1282051282051282,0.02030870860213164,0.028977785219934,0.03571402876958432,0.06683422030644254,best
bt_dkgrec_l05,active,2022,696,0.009162184953911294,1023.7,False,,,,,,,,,
bt_dkgrec_l05,active,2022,697,0.009186244750848675,1025.0,False,,,,,,,,,
bt_dkgrec_l05,active,2022,698,0.009188145823991967,1026.4,False,,,,,,,,,
bt_dkgrec_l05,active,2022,699,0.009240570898773007,1027.8,False,,,,,,,,,
bt_dkgrec_l05,active,2022,700,0.009141813632288331,1029.1,True,0.018486250706793293,0.035495447674217334,0.06837606837606838,0.11538461538461539,0.019106829702166053,0.02680045290969842,0.033577276632832186,0.05931242111797668,khong cai thien (1/50)
bt_dkgrec_l05,active,2022,701,0.009008015100179106,1030.9,False,,,,,,,,,
bt_dkgrec_l05,active,2022,702,0.009106660150927965,1032.3,False,,,,,,,,,
bt_dkgrec_l05,active,2022,703,0.009171413377570168,1033.7,False,,,,,,,,,
bt_dkgrec_l05,active,2022,704,0.009101633986807642,1035.1,False,,,,,,,,,
bt_dkgrec_l05,active,2022,705,0.009086427529334582,1036.5,True,0.01841701381276036,0.03531081595679618,0.06837606837606838,0.11538461538461539,0.01867000202982538,0.026442418717357384,0.033577276632832186,0.05931242111797668,khong cai thien (2/50)
bt_dkgrec_l05,active,2022,706,0.009132520726113503,1038.3,False,,,,,,,,,
bt_dkgrec_l05,active,2022,707,0.009046496040796157,1039.7,False,,,,,,,,,
bt_dkgrec_l05,active,2022,708,0.009008678389988919,1041.1,False,,,,,,,,,
bt_dkgrec_l05,active,2022,709,0.009186480079958557,1042.4,False,,,,,,,,,
bt_dkgrec_l05,active,2022,710,0.009131875731336685,1043.8,True,0.018393934848082716,0.035333894921473825,0.06837606837606838,0.11965811965811966,0.018240520366180204,0.026143829942691925,0.03331018261573817,0.05935558782781005,khong cai thien (3/50)
bt_dkgrec_l05,active,2022,711,0.009082718246967004,1045.6,False,,,,,,,,,
bt_dkgrec_l05,active,2022,712,0.009062374772240287,1047.0,False,,,,,,,,,
bt_dkgrec_l05,active,2022,713,0.009071756140285082,1048.5,False,,,,,,,,,
bt_dkgrec_l05,active,2022,714,0.009008845474529573,1049.8,False,,,,,,,,,
bt_dkgrec_l05,active,2022,715,0.009087493350826339,1051.2,True,0.018463171742115647,0.035506987156556154,0.07264957264957266,0.11965811965811966,0.019824338732130475,0.027334868492548698,0.03464565270120825,0.05935558782781005,khong cai thien (4/50)
bt_dkgrec_l05,active,2022,716,0.009133191289420027,1053.0,False,,,,,,,,,
bt_dkgrec_l05,active,2022,717,0.008997973507021464,1054.4,False,,,,,,,,,
bt_dkgrec_l05,active,2022,718,0.009070244613677449,1055.8,False,,,,,,,,,
bt_dkgrec_l05,active,2022,719,0.009049106227924281,1057.1,False,,,,,,,,,
bt_dkgrec_l05,active,2022,720,0.009134771861032972,1058.5,True,0.018567027083165048,0.03544928974486205,0.07264957264957266,0.11965811965811966,0.01977627093057263,0.027028428588173562,0.03571402876958432,0.05935558782781005,khong cai thien (5/50)
bt_dkgrec_l05,active,2022,721,0.009057357680133512,1060.3,False,,,,,,,,,
bt_dkgrec_l05,active,2022,722,0.009085658364013679,1061.8,False,,,,,,,,,
bt_dkgrec_l05,active,2022,723,0.009092914278238617,1063.1,False,,,,,,,,,
bt_dkgrec_l05,active,2022,724,0.009125827988871004,1064.5,False,,,,,,,,,
bt_dkgrec_l05,active,2022,725,0.00907961195222425,1065.9,True,0.018567027083165048,0.035541605603572626,0.08547008547008547,0.11538461538461539,0.020175474740243417,0.025597559560347285,0.03816104163326385,0.057218835691057915,khong cai thien (6/50)
bt_dkgrec_l05,active,2022,726,0.009048907195217963,1067.6,False,,,,,,,,,
bt_dkgrec_l05,active,2022,727,0.008997548454072416,1069.0,False,,,,,,,,,
bt_dkgrec_l05,active,2022,728,0.009014150484437421,1070.4,False,,,,,,,,,
bt_dkgrec_l05,active,2022,729,0.008952292368500547,1071.8,False,,,,,,,,,
bt_dkgrec_l05,active,2022,730,0.009190936109441323,1073.1,True,0.018636263977197982,0.03529927647445735,0.0811965811965812,0.11538461538461539,0.019881392330920646,0.0260669059929698,0.036024289496511715,0.057218835691057915,khong cai thien (7/50)
bt_dkgrec_l05,active,2022,731,0.00903019247100386,1075.1,False,,,,,,,,,
bt_dkgrec_l05,active,2022,732,0.009005119514607956,1076.5,False,,,,,,,,,
bt_dkgrec_l05,active,2022,733,0.0090475406037251,1077.9,False,,,,,,,,,
bt_dkgrec_l05,active,2022,734,0.009109784034519881,1079.2,False,,,,,,,,,
bt_dkgrec_l05,active,2022,735,0.008960203072563941,1080.6,True,0.01861318501252034,0.03523003958042442,0.0811965811965812,0.11538461538461539,0.020133833285846097,0.025379811669912853,0.04003069975292197,0.057218835691057915,khong cai thien (8/50)
bt_dkgrec_l05,active,2022,736,0.009045725281830624,1082.4,False,,,,,,,,,
bt_dkgrec_l05,active,2022,737,0.00904859047946487,1083.8,False,,,,,,,,,
bt_dkgrec_l05,active,2022,738,0.00901533757723727,1085.2,False,,,,,,,,,
bt_dkgrec_l05,active,2022,739,0.008993388036224884,1086.6,False,,,,,,,,,
bt_dkgrec_l05,active,2022,740,0.00894404164857153,1088.0,True,0.01857856656550387,0.035333894921473825,0.07692307692307693,0.11965811965811966,0.01912639042364401,0.026372327990777076,0.0357571954794177,0.06149233996456219,khong cai thien (9/50)
bt_dkgrec_l05,active,2022,741,0.0090221674084694,1089.9,False,,,,,,,,,
bt_dkgrec_l05,active,2022,742,0.008933507959873866,1091.3,False,,,,,,,,,
bt_dkgrec_l05,active,2022,743,0.008964831569687382,1092.7,False,,,,,,,,,
bt_dkgrec_l05,active,2022,744,0.008967806827926871,1094.0,False,,,,,,,,,
bt_dkgrec_l05,active,2022,745,0.008988746581596358,1095.4,True,0.01865934294187563,0.03538005285082911,0.07692307692307693,0.12393162393162394,0.019689374279104638,0.026677611320998683,0.03636769608991831,0.06116858964081186,khong cai thien (10/50)
bt_dkgrec_l05,active,2022,746,0.008929991897009685,1097.2,False,,,,,,,,,
bt_dkgrec_l05,active,2022,747,0.009033896112305307,1098.6,False,,,,,,,,,
bt_dkgrec_l05,active,2022,748,0.00895877294045234,1099.9,False,,,,,,,,,
bt_dkgrec_l05,active,2022,749,0.008976981872021629,1101.3,False,,,,,,,,,
bt_dkgrec_l05,active,2022,750,0.009034048456805542,1102.8,True,0.018705500871230917,0.03539159233316794,0.07692307692307693,0.11965811965811966,0.020109471835960322,0.027403791583172202,0.03449803797026019,0.06078008925231147,khong cai thien (11/50)
bt_dkgrec_l05,active,2022,751,0.008989432159148384,1104.6,False,,,,,,,,,
bt_dkgrec_l05,active,2022,752,0.009016774536374974,1106.0,False,,,,,,,,,
bt_dkgrec_l05,active,2022,753,0.008928287670417059,1107.4,False,,,,,,,,,
bt_dkgrec_l05,active,2022,754,0.008864873501969404,1108.7,False,,,,,,,,,
bt_dkgrec_l05,active,2022,755,0.008991745517693004,1110.1,True,0.018740119318247383,0.03529927647445735,0.07264957264957266,0.1282051282051282,0.018970356184582073,0.027773741772583183,0.03423094395316617,0.06544209391431613,khong cai thien (12/50)
bt_dkgrec_l05,active,2022,756,0.008903126922583533,1112.0,False,,,,,,,,,
bt_dkgrec_l05,active,2022,757,0.008969167227295181,1113.3,False,,,,,,,,,
bt_dkgrec_l05,active,2022,758,0.008984122106037117,1114.7,False,,,,,,,,,
bt_dkgrec_l05,active,2022,759,0.008840766629536548,1116.2,False,,,,,,,,,
bt_dkgrec_l05,active,2022,760,0.008918410279649024,1117.5,True,0.018693961388892094,0.03526465802744089,0.07692307692307693,0.1282051282051282,0.01971310485458502,0.027888956520209753,0.03636769608991831,0.06544209391431613,khong cai thien (13/50)
bt_dkgrec_l05,active,2022,761,0.008865391672592104,1119.4,False,,,,,,,,,
bt_dkgrec_l05,active,2022,762,0.008939405226921202,1120.7,False,,,,,,,,,
bt_dkgrec_l05,active,2022,763,0.00898158406243174,1122.1,False,,,,,,,,,
bt_dkgrec_l05,active,2022,764,0.008936704846697783,1123.5,False,,,,,,,,,
bt_dkgrec_l05,active,2022,765,0.008916465130218001,1124.8,True,0.01871704035356974,0.035322355439135,0.0811965811965812,0.11965811965811966,0.020139332335002612,0.02706160820507231,0.037893947616169835,0.06161374633596856,khong cai thien (14/50)
bt_dkgrec_l05,active,2022,766,0.008915505458552764,1126.7,False,,,,,,,,,
bt_dkgrec_l05,active,2022,767,0.008878458313250666,1128.1,False,,,,,,,,,
bt_dkgrec_l05,active,2022,768,0.00887509678205386,1129.5,False,,,,,,,,,
bt_dkgrec_l05,active,2022,769,0.008836064895343571,1130.9,False,,,,,,,,,
bt_dkgrec_l05,active,2022,770,0.008944802017959818,1132.3,True,0.018601645530181517,0.035414671297845576,0.0811965811965812,0.11538461538461539,0.02160389775503928,0.028369879285206366,0.04064120036342258,0.06464404936627159,khong cai thien (15/50)
bt_dkgrec_l05,active,2022,771,0.008841525426319146,1134.0,False,,,,,,,,,
bt_dkgrec_l05,active,2022,772,0.008930239814946634,1135.4,False,,,,,,,,,
bt_dkgrec_l05,active,2022,773,0.008894658571487324,1136.8,False,,,,,,,,,
bt_dkgrec_l05,active,2022,774,0.00891046671031339,1138.2,False,,,,,,,,,
bt_dkgrec_l05,active,2022,775,0.008913451180537917,1139.5,True,0.018601645530181517,0.035483908191878515,0.08974358974358974,0.1111111111111111,0.023953010207592662,0.02798214895246042,0.04644095616317838,0.06037054509276731,khong cai thien (16/50)
bt_dkgrec_l05,active,2022,776,0.008886128386151895,1141.4,False,,,,,,,,,
bt_dkgrec_l05,active,2022,777,0.00882742101032812,1142.8,False,,,,,,,,,
bt_dkgrec_l05,active,2022,778,0.008840315327253101,1144.1,False,,,,,,,,,
bt_dkgrec_l05,active,2022,779,0.008818573325539035,1145.5,False,,,,,,,,,
bt_dkgrec_l05,active,2022,780,0.008807884938480847,1146.9,True,0.018797816729941495,0.03544928974486205,0.08547008547008547,0.11965811965811966,0.023318725053492095,0.02843131232030754,0.04430420402642624,0.06102613949836172,khong cai thien (17/50)
bt_dkgrec_l05,active,2022,781,0.008887563686854592,1148.6,False,,,,,,,,,
bt_dkgrec_l05,active,2022,782,0.008817209067492802,1150.0,False,,,,,,,,,
bt_dkgrec_l05,active,2022,783,0.008831526468502446,1151.4,False,,,,,,,,,
bt_dkgrec_l05,active,2022,784,0.008961161294601987,1152.7,False,,,,,,,,,
bt_dkgrec_l05,active,2022,785,0.008884566027494328,1154.1,True,0.01865934294187563,0.03551852663889498,0.08547008547008547,0.11965811965811966,0.02290874656440184,0.027829329606680917,0.04430420402642624,0.060598789071011294,khong cai thien (18/50)
bt_dkgrec_l05,active,2022,786,0.008758325545579123,1156.0,False,,,,,,,,,
bt_dkgrec_l05,active,2022,787,0.008871793797007681,1157.4,False,,,,,,,,,
bt_dkgrec_l05,active,2022,788,0.00876479823557846,1158.8,False,,,,,,,,,
bt_dkgrec_l05,active,2022,789,0.00881141499790531,1160.1,False,,,,,,,,,
bt_dkgrec_l05,active,2022,790,0.00879890010818983,1161.5,True,0.018740119318247383,0.03564546094462202,0.08547008547008547,0.11965811965811966,0.022519593248039177,0.028217360689968912,0.040458050180272404,0.060598789071011294,khong cai thien (19/50)
bt_dkgrec_l05,active,2022,791,0.008842543396780327,1163.3,False,,,,,,,,,
bt_dkgrec_l05,active,2022,792,0.008826153427651544,1164.6,False,,,,,,,,,
bt_dkgrec_l05,active,2022,793,0.008840124898977217,1166.0,False,,,,,,,,,
bt_dkgrec_l05,active,2022,794,0.008736501630163266,1167.4,False,,,,,,,,,
bt_dkgrec_l05,active,2022,795,0.00882431730273147,1168.8,True,0.01868242190655327,0.035564684568250265,0.09401709401709402,0.11965811965811966,0.024192870220877252,0.02802845001324428,0.04686830659052881,0.060598789071011294,khong cai thien (20/50)
bt_dkgrec_l05,active,2022,796,0.00877288484578852,1170.7,False,,,,,,,,,
bt_dkgrec_l05,active,2022,797,0.008871558202317945,1172.0,False,,,,,,,,,
bt_dkgrec_l05,active,2022,798,0.008783712784181,1173.4,False,,,,,,,,,
bt_dkgrec_l05,active,2022,799,0.00875389779918282,1174.8,False,,,,,,,,,
bt_dkgrec_l05,active,2022,800,0.008824282926627845,1176.1,True,0.018636263977197982,0.03561084249760556,0.08547008547008547,0.1282051282051282,0.02261436141622232,0.030343767133835062,0.040458050180272404,0.06961199808422032,best
bt_dkgrec_l05,active,2022,801,0.008730860165911064,1177.9,False,,,,,,,,,
bt_dkgrec_l05,active,2022,802,0.008833956097339968,1179.3,False,,,,,,,,,
bt_dkgrec_l05,active,2022,803,0.00871813680645744,1180.6,False,,,,,,,,,
bt_dkgrec_l05,active,2022,804,0.008824165174744745,1182.0,False,,,,,,,,,
bt_dkgrec_l05,active,2022,805,0.008743326153991425,1183.4,True,0.018705500871230917,0.035841632144382005,0.07692307692307693,0.12393162393162394,0.020404278199361574,0.02865216788416248,0.03404779377001599,0.061924007062895955,khong cai thien (1/50)
bt_dkgrec_l05,active,2022,806,0.0088407968782192,1185.2,False,,,,,,,,,
bt_dkgrec_l05,active,2022,807,0.008707320394701352,1186.6,False,,,,,,,,,
bt_dkgrec_l05,active,2022,808,0.008784223978794676,1188.0,False,,,,,,,,,
bt_dkgrec_l05,active,2022,809,0.00873094325786713,1189.3,False,,,,,,,,,
bt_dkgrec_l05,active,2022,810,0.008705500675612978,1190.7,True,0.01876319828292503,0.03583009266204318,0.07692307692307693,0.12393162393162394,0.02046596718719646,0.02826998682494734,0.03404779377001599,0.061453489925712146,khong cai thien (2/50)
bt_dkgrec_l05,active,2022,811,0.00872516722126379,1192.5,False,,,,,,,,,
bt_dkgrec_l05,active,2022,812,0.008710293464982902,1193.9,False,,,,,,,,,
bt_dkgrec_l05,active,2022,813,0.008712645343438217,1195.3,False,,,,,,,,,
bt_dkgrec_l05,active,2022,814,0.008751786740743594,1196.7,False,,,,,,,,,
bt_dkgrec_l05,active,2022,815,0.008682782990624655,1198.1,True,0.018855514141635606,0.03574931628567143,0.08547008547008547,0.11965811965811966,0.021311956826662835,0.027916756699627517,0.03645163992386215,0.060598789071011294,khong cai thien (3/50)
bt_dkgrec_l05,active,2022,816,0.008705828254356278,1199.8,False,,,,,,,,,
bt_dkgrec_l05,active,2022,817,0.008740355256146077,1201.2,False,,,,,,,,,
bt_dkgrec_l05,active,2022,818,0.008710433266724733,1202.6,False,,,,,,,,,
bt_dkgrec_l05,active,2022,819,0.008722496146354551,1203.9,False,,,,,,,,,
bt_dkgrec_l05,active,2022,820,0.00881938276617971,1205.3,True,0.018901672070990895,0.03566853990929967,0.0811965811965812,0.11965811965811966,0.0217648338144977,0.028484264968885478,0.03679504651726874,0.0610693062081951,khong cai thien (4/50)
bt_dkgrec_l05,active,2022,821,0.008680302347614265,1207.1,False,,,,,,,,,
bt_dkgrec_l05,active,2022,822,0.008729307916060186,1208.5,False,,,,,,,,,
bt_dkgrec_l05,active,2022,823,0.008717635122180852,1209.9,False,,,,,,,,,
bt_dkgrec_l05,active,2022,824,0.008637124200020265,1211.3,False,,,,,,,,,
bt_dkgrec_l05,active,2022,825,0.008785257712976861,1212.6,True,0.018670882424214448,0.035564684568250265,0.08547008547008547,0.1282051282051282,0.02199540945813309,0.030233158227737745,0.038931798654020876,0.0700825152214041,khong cai thien (5/50)
bt_dkgrec_l05,active,2022,826,0.008680891367717696,1214.4,False,,,,,,,,,
bt_dkgrec_l05,active,2022,827,0.008709034448557702,1215.8,False,,,,,,,,,
bt_dkgrec_l05,active,2022,828,0.008661098633476378,1217.1,False,,,,,,,,,
bt_dkgrec_l05,active,2022,829,0.008719922394350915,1218.5,False,,,,,,,,,
bt_dkgrec_l05,active,2022,830,0.008688353521644956,1219.9,True,0.018670882424214448,0.03558776353292791,0.0811965811965812,0.12393162393162394,0.022004548817807633,0.030341526621200175,0.03850444822667044,0.06977225449447673,khong cai thien (6/50)
bt_dkgrec_l05,active,2022,831,0.008724790622817186,1221.7,False,,,,,,,,,
bt_dkgrec_l05,active,2022,832,0.008733620553093839,1223.1,False,,,,,,,,,
bt_dkgrec_l05,active,2022,833,0.008588724445074726,1224.5,False,,,,,,,,,
bt_dkgrec_l05,active,2022,834,0.008679841977510346,1225.8,False,,,,,,,,,
bt_dkgrec_l05,active,2022,835,0.008645800152869554,1227.2,True,0.018751658800586206,0.03558776353292791,0.08974358974358974,0.12393162393162394,0.02310896911518577,0.030271806936357486,0.04259480231702454,0.06977225449447673,khong cai thien (7/50)
bt_dkgrec_l05,active,2022,836,0.00859930416638741,1229.0,False,,,,,,,,,
bt_dkgrec_l05,active,2022,837,0.00861741066968717,1230.4,False,,,,,,,,,
bt_dkgrec_l05,active,2022,838,0.008772277426965423,1231.8,False,,,,,,,,,
bt_dkgrec_l05,active,2022,839,0.008732316120086327,1233.1,False,,,,,,,,,
bt_dkgrec_l05,active,2022,840,0.008638247961101145,1234.5,True,0.01882089569461914,0.03576085576801025,0.08547008547008547,0.12393162393162394,0.02296096177989891,0.030390216355189025,0.04216745188967411,0.06977225449447673,best
bt_dkgrec_l05,active,2022,841,0.008714724073153378,1236.4,False,,,,,,,,,
bt_dkgrec_l05,active,2022,842,0.008654645842398275,1237.8,False,,,,,,,,,
bt_dkgrec_l05,active,2022,843,0.008634135062332363,1239.2,False,,,,,,,,,
bt_dkgrec_l05,active,2022,844,0.008676075747455127,1240.6,False,,,,,,,,,
bt_dkgrec_l05,active,2022,845,0.008625353997957733,1242.0,True,0.01893629051800736,0.035772395250349066,0.08547008547008547,0.12393162393162394,0.021715309109045355,0.029832896156901472,0.03832129804352027,0.06806285278507501,khong cai thien (1/50)
bt_dkgrec_l05,active,2022,846,0.008652027330212581,1243.7,False,,,,,,,,,
bt_dkgrec_l05,active,2022,847,0.008591251034558175,1245.1,False,,,,,,,,,
bt_dkgrec_l05,active,2022,848,0.00872858432610675,1246.5,False,,,,,,,,,
bt_dkgrec_l05,active,2022,849,0.008605832936181276,1247.9,False,,,,,,,,,
bt_dkgrec_l05,active,2022,850,0.008609349690847779,1249.3,True,0.01892475103566854,0.035633921462283204,0.09401709401709402,0.12393162393162394,0.023624877446653595,0.03013739763240384,0.04366317838540061,0.06806285278507501,khong cai thien (2/50)
bt_dkgrec_l05,active,2022,851,0.008639541120601625,1251.3,False,,,,,,,,,
bt_dkgrec_l05,active,2022,852,0.008576785316920502,1252.6,False,,,,,,,,,
bt_dkgrec_l05,active,2022,853,0.00864130174794298,1254.0,False,,,,,,,,,
bt_dkgrec_l05,active,2022,854,0.008620501314620808,1255.4,False,,,,,,,,,
bt_dkgrec_l05,active,2022,855,0.008596275287923325,1256.7,True,0.018855514141635606,0.03564546094462202,0.08974358974358974,0.1282051282051282,0.022997717254010508,0.03116065781595479,0.04000017472239694,0.07174875022097245,best
bt_dkgrec_l05,active,2022,856,0.008585555501918828,1258.5,False,,,,,,,,,
bt_dkgrec_l05,active,2022,857,0.008613822182584857,1259.9,False,,,,,,,,,
bt_dkgrec_l05,active,2022,858,0.008638092431316234,1261.3,False,,,,,,,,,
bt_dkgrec_l05,active,2022,859,0.008623748057390773,1262.7,False,,,,,,,,,
bt_dkgrec_l05,active,2022,860,0.0085963464487951,1264.1,True,0.018890132588652072,0.03568007939163849,0.08547008547008547,0.12393162393162394,0.02250484446279229,0.031000738038505386,0.039287924010146226,0.07148165620387843,khong cai thien (1/50)
bt_dkgrec_l05,active,2022,861,0.008585111417242806,1265.9,False,,,,,,,,,
bt_dkgrec_l05,active,2022,862,0.008526235975790613,1267.3,False,,,,,,,,,
bt_dkgrec_l05,active,2022,863,0.008617138594944507,1268.6,False,,,,,,,,,
bt_dkgrec_l05,active,2022,864,0.008706681942336427,1270.0,False,,,,,,,,,
bt_dkgrec_l05,active,2022,865,0.008605021566872898,1271.4,True,0.01876319828292503,0.03566853990929967,0.0811965811965812,0.12393162393162394,0.021597881265917183,0.030303613087406332,0.037609047331269546,0.0691846476568699,khong cai thien (2/50)
bt_dkgrec_l05,active,2022,866,0.008592102883396468,1273.2,False,,,,,,,,,
bt_dkgrec_l05,active,2022,867,0.008579980193771508,1274.5,False,,,,,,,,,
bt_dkgrec_l05,active,2022,868,0.00861903771575129,1275.9,False,,,,,,,,,
bt_dkgrec_l05,active,2022,869,0.008535754240125195,1277.4,False,,,,,,,,,
bt_dkgrec_l05,active,2022,870,0.008535911125560907,1278.8,True,0.018901672070990895,0.03583009266204318,0.0811965811965812,0.11965811965811966,0.020921239997834372,0.028470011698853243,0.037609047331269546,0.06491114338336561,khong cai thien (3/50)
bt_dkgrec_l05,active,2022,871,0.008497990536105905,1280.6,False,,,,,,,,,
bt_dkgrec_l05,active,2022,872,0.008585641946956159,1282.0,False,,,,,,,,,
bt_dkgrec_l05,active,2022,873,0.008541461699637367,1283.3,False,,,,,,,,,
bt_dkgrec_l05,active,2022,874,0.00852615064050226,1284.7,False,,,,,,,,,
bt_dkgrec_l05,active,2022,875,0.008552105034543017,1286.1,True,0.01886705362397443,0.035841632144382005,0.0811965811965812,0.11538461538461539,0.021196561637006218,0.028237209840331214,0.03827813133368689,0.06486797667353222,khong cai thien (4/50)
bt_dkgrec_l05,active,2022,876,0.00860427893949138,1287.9,False,,,,,,,,,
bt_dkgrec_l05,active,2022,877,0.008560211361919194,1289.3,False,,,,,,,,,
bt_dkgrec_l05,active,2022,878,0.00852720277925235,1290.7,False,,,,,,,,,
bt_dkgrec_l05,active,2022,879,0.008503915050108626,1292.1,False,,,,,,,,,
bt_dkgrec_l05,active,2022,880,0.008479026024302854,1293.4,True,0.018901672070990895,0.03583009266204318,0.07692307692307693,0.1111111111111111,0.020320488060469957,0.026591200881191802,0.03756588062143617,0.06016712197267753,khong cai thien (5/50)
bt_dkgrec_l05,active,2022,881,0.008524364275087494,1295.3,False,,,,,,,,,
bt_dkgrec_l05,active,2022,882,0.008526671258060498,1296.6,False,,,,,,,,,
bt_dkgrec_l05,active,2022,883,0.008559573331087112,1298.0,False,,,,,,,,,
bt_dkgrec_l05,active,2022,884,0.008536632421423771,1299.4,False,,,,,,,,,
bt_dkgrec_l05,active,2022,885,0.00852816519423737,1300.7,True,0.018809356212280318,0.03580701369736554,0.07264957264957266,0.10683760683760683,0.019736909310891466,0.02625235845241521,0.03542912848468403,0.059289527345082894,khong cai thien (6/50)
bt_dkgrec_l05,active,2022,886,0.008487615694982699,1302.6,False,,,,,,,,,
bt_dkgrec_l05,active,2022,887,0.008518899942941664,1304.0,False,,,,,,,,,
bt_dkgrec_l05,active,2022,888,0.008467612642003975,1305.4,False,,,,,,,,,
bt_dkgrec_l05,active,2022,889,0.008582439103353257,1306.8,False,,,,,,,,,
bt_dkgrec_l05,active,2022,890,0.008516649171219793,1308.1,True,0.01883243517695796,0.035703158356316135,0.07692307692307693,0.11538461538461539,0.02097527502056039,0.02840945273662271,0.03756588062143617,0.0656997837553393,khong cai thien (7/50)
bt_dkgrec_l05,active,2022,891,0.008482715646607387,1309.9,False,,,,,,,,,
bt_dkgrec_l05,active,2022,892,0.008437784520265112,1311.3,False,,,,,,,,,
bt_dkgrec_l05,active,2022,893,0.00845052136363873,1312.7,False,,,,,,,,,
bt_dkgrec_l05,active,2022,894,0.008440124707082828,1314.0,False,,,,,,,,,
bt_dkgrec_l05,active,2022,895,0.008504751581034458,1315.4,True,0.018797816729941495,0.03566853990929967,0.0811965811965812,0.11965811965811966,0.02092806974720265,0.029008642143147,0.03827813133368689,0.06997328802884357,khong cai thien (8/50)
bt_dkgrec_l05,active,2022,896,0.00845277620347162,1317.4,False,,,,,,,,,
bt_dkgrec_l05,active,2022,897,0.008539013221379715,1318.8,False,,,,,,,,,
bt_dkgrec_l05,active,2022,898,0.008475306279144721,1320.1,False,,,,,,,,,
bt_dkgrec_l05,active,2022,899,0.00847441781850265,1321.5,False,,,,,,,,,
bt_dkgrec_l05,active,2022,900,0.008472397762403942,1322.9,True,0.01892475103566854,0.03580701369736554,0.0811965811965812,0.1111111111111111,0.02087979508650851,0.026959441880104483,0.03827813133368689,0.06142627948183504,khong cai thien (9/50)
bt_dkgrec_l05,active,2022,901,0.008503832508769607,1324.7,False,,,,,,,,,
bt_dkgrec_l05,active,2022,902,0.008431350011990201,1326.0,False,,,,,,,,,
bt_dkgrec_l05,active,2022,903,0.008461261685268296,1327.4,False,,,,,,,,,
bt_dkgrec_l05,active,2022,904,0.008481957959481815,1328.8,False,,,,,,,,,
bt_dkgrec_l05,active,2022,905,0.008442410123209997,1330.2,True,0.018913211553329718,0.03578393473268789,0.0811965811965812,0.1111111111111111,0.020993077851463704,0.02729239865353289,0.03827813133368689,0.06181477987033543,khong cai thien (10/50)
bt_dkgrec_l05,active,2022,906,0.008490839381132776,1332.2,False,,,,,,,,,
bt_dkgrec_l05,active,2022,907,0.008455082315130846,1333.6,False,,,,,,,,,
bt_dkgrec_l05,active,2022,908,0.008451242997503956,1334.9,False,,,,,,,,,
bt_dkgrec_l05,active,2022,909,0.00844103934368047,1336.3,False,,,,,,,,,
bt_dkgrec_l05,active,2022,910,0.008380559583866678,1337.7,True,0.018890132588652072,0.03583009266204318,0.07692307692307693,0.1111111111111111,0.020491287036786526,0.027144219921641483,0.03756588062143617,0.06142627948183504,khong cai thien (11/50)
bt_dkgrec_l05,active,2022,911,0.008433076974984141,1339.5,False,,,,,,,,,
bt_dkgrec_l05,active,2022,912,0.008396733022860066,1340.8,False,,,,,,,,,
bt_dkgrec_l05,active,2022,913,0.008456129473739167,1342.2,False,,,,,,,,,
bt_dkgrec_l05,active,2022,914,0.008390304867922437,1343.6,False,,,,,,,,,
bt_dkgrec_l05,active,2022,915,0.008473015837873783,1345.1,True,0.018901672070990895,0.03578393473268789,0.07692307692307693,0.1111111111111111,0.019354520911737,0.02649968998267254,0.03756588062143617,0.06246413051968608,khong cai thien (12/50)
bt_dkgrec_l05,active,2022,916,0.008391551604042667,1346.9,False,,,,,,,,,
bt_dkgrec_l05,active,2022,917,0.00840212950283867,1348.3,False,,,,,,,,,
bt_dkgrec_l05,active,2022,918,0.00843062965601997,1349.6,False,,,,,,,,,
bt_dkgrec_l05,active,2022,919,0.00843974487169212,1351.0,False,,,,,,,,,
bt_dkgrec_l05,active,2022,920,0.00840377450041622,1352.4,True,0.018959369482685007,0.03598010593244787,0.07692307692307693,0.11538461538461539,0.01929623142325595,0.027532196328689657,0.03756588062143617,0.06673763479319035,khong cai thien (13/50)
bt_dkgrec_l05,active,2022,921,0.008405263993330532,1354.2,False,,,,,,,,,
bt_dkgrec_l05,active,2022,922,0.0084733951047717,1355.6,False,,,,,,,,,
bt_dkgrec_l05,active,2022,923,0.008424867675912147,1357.0,False,,,,,,,,,
bt_dkgrec_l05,active,2022,924,0.008316052055663466,1358.4,False,,,,,,,,,
bt_dkgrec_l05,active,2022,925,0.00841278968305817,1359.8,True,0.01902860637671794,0.03613011920285256,0.0811965811965812,0.1111111111111111,0.020961462370011407,0.026992273250136093,0.04183938489494045,0.06246413051968608,khong cai thien (14/50)
bt_dkgrec_l05,active,2022,926,0.008343289080152517,1361.6,False,,,,,,,,,
bt_dkgrec_l05,active,2022,927,0.008498887115645991,1363.0,False,,,,,,,,,
bt_dkgrec_l05,active,2022,928,0.008401485944852348,1364.4,False,,,,,,,,,
bt_dkgrec_l05,active,2022,929,0.008366319661259431,1365.7,False,,,,,,,,,
bt_dkgrec_l05,active,2022,930,0.008367504307344432,1367.1,True,0.019155540682444985,0.035991645414786694,0.0811965811965812,0.11538461538461539,0.020693454790980982,0.02754902842861539,0.04183938489494045,0.06655448461004017,khong cai thien (15/50)
bt_dkgrec_l05,active,2022,931,0.008351912192652512,1368.9,False,,,,,,,,,
bt_dkgrec_l05,active,2022,932,0.008312497201331764,1370.3,False,,,,,,,,,
bt_dkgrec_l05,active,2022,933,0.008347885442867848,1371.7,False,,,,,,,,,
bt_dkgrec_l05,active,2022,934,0.008326460443599231,1373.1,False,,,,,,,,,
bt_dkgrec_l05,active,2022,935,0.008361057588575586,1374.5,True,0.019132461717767342,0.036257053508579606,0.0811965811965812,0.12393162393162394,0.020913251747783034,0.02857367890986709,0.04183938489494045,0.07011573817129374,khong cai thien (16/50)
bt_dkgrec_l05,active,2022,936,0.008360430746506267,1376.3,False,,,,,,,,,
bt_dkgrec_l05,active,2022,937,0.008376187631565645,1377.6,False,,,,,,,,,
bt_dkgrec_l05,active,2022,938,0.008339469699864998,1379.0,False,,,,,,,,,
bt_dkgrec_l05,active,2022,939,0.008403506046927764,1380.4,False,,,,,,,,,
bt_dkgrec_l05,active,2022,940,0.008365583757640328,1381.8,True,0.01912092223542852,0.03622243506156314,0.08547008547008547,0.11538461538461539,0.021807685189220046,0.02740630909509155,0.04290776096331651,0.06217923023478579,khong cai thien (17/50)
bt_dkgrec_l05,active,2022,941,0.008397699674598668,1383.6,False,,,,,,,,,
bt_dkgrec_l05,active,2022,942,0.008310758598617123,1385.0,False,,,,,,,,,
bt_dkgrec_l05,active,2022,943,0.008331854088562107,1386.4,False,,,,,,,,,
bt_dkgrec_l05,active,2022,944,0.008398428432940901,1387.8,False,,,,,,,,,
bt_dkgrec_l05,active,2022,945,0.008364376173371438,1389.1,True,0.01902860637671794,0.03614165868519138,0.0811965811965812,0.11538461538461539,0.021718396195059043,0.028210546863298262,0.04077100882656438,0.06282025587581143,khong cai thien (18/50)
bt_dkgrec_l05,active,2022,946,0.008394746438098554,1390.9,False,,,,,,,,,
bt_dkgrec_l05,active,2022,947,0.008308361550676713,1392.3,False,,,,,,,,,
bt_dkgrec_l05,active,2022,948,0.008302045687428419,1393.7,False,,,,,,,,,
bt_dkgrec_l05,active,2022,949,0.008460350650743376,1395.0,False,,,,,,,,,
bt_dkgrec_l05,active,2022,950,0.008331451844712743,1396.4,True,0.019109382753089696,0.03611857972051374,0.08974358974358974,0.11965811965811966,0.023171466856597007,0.027834010549407373,0.04931801737357292,0.06605590911146467,khong cai thien (19/50)
bt_dkgrec_l05,active,2022,951,0.008320239538159541,1398.4,False,,,,,,,,,
bt_dkgrec_l05,active,2022,952,0.00834655779949434,1399.8,False,,,,,,,,,
bt_dkgrec_l05,active,2022,953,0.008379532535635665,1401.2,False,,,,,,,,,
bt_dkgrec_l05,active,2022,954,0.008277761189834981,1402.6,False,,,,,,,,,
bt_dkgrec_l05,active,2022,955,0.008303668284400132,1403.9,True,0.019201698611800273,0.035991645414786694,0.09829059829059829,0.11965811965811966,0.024136931929574428,0.02805026995471034,0.05109864415419971,0.06605590911146467,khong cai thien (20/50)
bt_dkgrec_l05,active,2022,956,0.008293134860307616,1405.7,False,,,,,,,,,
bt_dkgrec_l05,active,2022,957,0.008343284692944758,1407.1,False,,,,,,,,,
bt_dkgrec_l05,active,2022,958,0.008260481304496746,1408.5,False,,,,,,,,,
bt_dkgrec_l05,active,2022,959,0.008355519742433317,1409.8,False,,,,,,,,,
bt_dkgrec_l05,active,2022,960,0.008306270916801221,1411.2,True,0.019213238094139096,0.03610704023817492,0.07692307692307693,0.1282051282051282,0.02080263672710233,0.02810962745151907,0.04354878660434216,0.06952813133368689,khong cai thien (21/50)
bt_dkgrec_l05,active,2022,961,0.008342205977892321,1413.2,False,,,,,,,,,
bt_dkgrec_l05,active,2022,962,0.008342144191781517,1414.6,False,,,,,,,,,
bt_dkgrec_l05,active,2022,963,0.008320159124640928,1415.9,False,,,,,,,,,
bt_dkgrec_l05,active,2022,964,0.008310565200098818,1417.3,False,,,,,,,,,
bt_dkgrec_l05,active,2022,965,0.008225474764067762,1418.7,True,0.019190159129461454,0.03603780334414198,0.07692307692307693,0.12393162393162394,0.021710558507089882,0.029159938496897027,0.04354878660434216,0.07032941338496894,khong cai thien (22/50)
bt_dkgrec_l05,active,2022,966,0.008307693641568721,1420.5,False,,,,,,,,,
bt_dkgrec_l05,active,2022,967,0.008261067521970441,1421.9,False,,,,,,,,,
bt_dkgrec_l05,active,2022,968,0.008294167378553017,1423.2,False,,,,,,,,,
bt_dkgrec_l05,active,2022,969,0.008298365180833697,1424.6,False,,,,,,,,,
bt_dkgrec_l05,active,2022,970,0.00831480071887482,1426.1,True,0.01912092223542852,0.03596856645010905,0.07692307692307693,0.12393162393162394,0.020580264289597874,0.028957425640337747,0.039987533043088594,0.06949760630316186,khong cai thien (23/50)
bt_dkgrec_l05,active,2022,971,0.008351449482867519,1428.0,False,,,,,,,,,
bt_dkgrec_l05,active,2022,972,0.00820104167209181,1429.3,False,,,,,,,,,
bt_dkgrec_l05,active,2022,973,0.00829851696947554,1430.7,False,,,,,,,,,
bt_dkgrec_l05,active,2022,974,0.008202179964552421,1432.1,False,,,,,,,,,
bt_dkgrec_l05,active,2022,975,0.008289287820892726,1433.4,True,0.019190159129461454,0.03596856645010905,0.06837606837606838,0.12393162393162394,0.01733173487642144,0.0266870632611658,0.033577276632832186,0.06527889054598457,khong cai thien (24/50)
bt_dkgrec_l05,active,2022,976,0.008321783532874225,1435.2,False,,,,,,,,,
bt_dkgrec_l05,active,2022,977,0.008216797316166296,1436.6,False,,,,,,,,,
bt_dkgrec_l05,active,2022,978,0.008202615262656685,1438.0,False,,,,,,,,,
bt_dkgrec_l05,active,2022,979,0.008337001623392166,1439.4,False,,,,,,,,,
bt_dkgrec_l05,active,2022,980,0.008238262332825355,1440.8,True,0.019259396023494385,0.036060882308819625,0.07692307692307693,0.1282051282051282,0.018727406116157943,0.02753284937842353,0.036782404837960386,0.0674156426827367,khong cai thien (25/50)
bt_dkgrec_l05,active,2022,981,0.008228550520143575,1442.6,False,,,,,,,,,
bt_dkgrec_l05,active,2022,982,0.00822993908716003,1444.0,False,,,,,,,,,
bt_dkgrec_l05,active,2022,983,0.008226981725721685,1445.4,False,,,,,,,,,
bt_dkgrec_l05,active,2022,984,0.008246185389818526,1446.8,False,,,,,,,,,
bt_dkgrec_l05,active,2022,985,0.008176264231699587,1448.1,True,0.01922477757647792,0.03610704023817492,0.07264957264957266,0.1282051282051282,0.018450422559185442,0.02681726464622176,0.03571402876958432,0.06318530511906581,khong cai thien (26/50)
bt_dkgrec_l05,active,2022,986,0.008299001543548078,1449.9,False,,,,,,,,,
bt_dkgrec_l05,active,2022,987,0.008212907938107352,1451.4,False,,,,,,,,,
bt_dkgrec_l05,active,2022,988,0.008270398381457413,1452.8,False,,,,,,,,,
bt_dkgrec_l05,active,2022,989,0.008174963517747932,1454.2,False,,,,,,,,,
bt_dkgrec_l05,active,2022,990,0.00829281540500483,1455.6,True,0.019213238094139096,0.0361531981675302,0.0811965811965812,0.13675213675213677,0.021090103660752785,0.0297572378193605,0.03947642946180958,0.07007914227606087,khong cai thien (27/50)
bt_dkgrec_l05,active,2022,991,0.008278755979943759,1457.4,False,,,,,,,,,
bt_dkgrec_l05,active,2022,992,0.008216023541220713,1458.7,False,,,,,,,,,
bt_dkgrec_l05,active,2022,993,0.00824120551467934,1460.1,False,,,,,,,,,
bt_dkgrec_l05,active,2022,994,0.008234316292336657,1461.5,False,,,,,,,,,
bt_dkgrec_l05,active,2022,995,0.008257938346330776,1462.8,True,0.019155540682444985,0.036199356096885495,0.07264957264957266,0.13247863247863248,0.0190954304798388,0.02734449093091149,0.03872101203972549,0.06537828757520615,khong cai thien (28/50)
bt_dkgrec_l05,active,2022,996,0.008209582010279616,1464.7,False,,,,,,,,,
bt_dkgrec_l05,active,2022,997,0.008278708896411555,1466.1,False,,,,,,,,,
bt_dkgrec_l05,active,2022,998,0.008172766979782229,1467.5,False,,,,,,,,,
bt_dkgrec_l05,active,2022,999,0.008229772306507017,1468.8,False,,,,,,,,,
bt_dkgrec_l05,active,2022,1000,0.008189019442399975,1470.2,True,0.019259396023494385,0.03617627713220785,0.0811965811965812,0.13675213675213677,0.020680392276820697,0.02830470319674947,0.04326161033032378,0.06755820642179167,khong cai thien (29/50)
