model,cohort,seed,epoch,loss,seconds,evaluated,valid_coverage@10,valid_coverage@20,valid_hit_rate@10,valid_hit_rate@20,valid_ndcg@10,valid_ndcg@20,valid_recall@10,valid_recall@20,note
static_kg_gcn,active,2022,1,0.6874582712367489,1.7,False,,,,,,,,,
static_kg_gcn,active,2022,2,0.6784699243692347,3.1,False,,,,,,,,,
static_kg_gcn,active,2022,3,0.6580036823207791,4.5,False,,,,,,,,,
static_kg_gcn,active,2022,4,0.6192187621060481,5.9,False,,,,,,,,,
static_kg_gcn,active,2022,5,0.5637739211934685,7.3,True,0.003646476419067841,0.006646741827161634,0.021367521367521368,0.042735042735042736,0.005922116232150856,0.007570863865744145,0.007219551079200201,0.013160773661785807,best
static_kg_gcn,active,2022,6,0.5016998777054599,9.1,False,,,,,,,,,
static_kg_gcn,active,2022,7,0.44291406678566353,10.5,False,,,,,,,,,
static_kg_gcn,active,2022,8,0.3920185421330041,11.8,False,,,,,,,,,
static_kg_gcn,active,2022,9,0.3502063842779822,13.2,False,,,,,,,,,
static_kg_gcn,active,2022,10,0.3154783802758117,14.6,True,0.0037964896894725304,0.006877531473938079,0.029914529914529916,0.05128205128205128,0.00689640563259211,0.00913946430613025,0.01192784635767092,0.01824857626420829,best
static_kg_gcn,active,2022,11,0.2837540171929383,16.4,False,,,,,,,,,
static_kg_gcn,active,2022,12,0.25751669259035664,17.8,False,,,,,,,,,
static_kg_gcn,active,2022,13,0.234444415975254,19.3,False,,,,,,,,,
static_kg_gcn,active,2022,14,0.21606757165988247,20.7,False,,,,,,,,,
static_kg_gcn,active,2022,15,0.1970447237597279,22.1,True,0.004477319147463045,0.008343045730968508,0.038461538461538464,0.06837606837606838,0.008707839349440917,0.011945737480772864,0.016913601343425906,0.027832397251538053,best
static_kg_gcn,active,2022,16,0.18201649407094148,23.9,False,,,,,,,,,
static_kg_gcn,active,2022,17,0.16832740797876655,25.3,False,,,,,,,,,
static_kg_gcn,active,2022,18,0.156408076330124,26.6,False,,,,,,,,,
static_kg_gcn,active,2022,19,0.1448682259120675,28.0,False,,,,,,,,,
static_kg_gcn,active,2022,20,0.13769965829458902,29.4,True,0.005285082911180604,0.009577770341222492,0.038461538461538464,0.0641025641025641,0.009220887563210949,0.012139096704228108,0.01691215954036467,0.027733000222316465,best
static_kg_gcn,active,2022,21,0.1281465388613347,31.4,False,,,,,,,,,
static_kg_gcn,active,2022,22,0.12070045972877466,32.8,False,,,,,,,,,
static_kg_gcn,active,2022,23,0.11474888462073284,34.2,False,,,,,,,,,
static_kg_gcn,active,2022,24,0.10889412324531099,35.5,False,,,,,,,,,
static_kg_gcn,active,2022,25,0.10313113923012529,36.9,True,0.005965912369171119,0.010858652880831765,0.042735042735042736,0.0641025641025641,0.009070806169304071,0.011853470269325168,0.017179253557458685,0.027733000222316465,khong cai thien (1/50)
static_kg_gcn,active,2022,26,0.09854367782043334,38.8,False,,,,,,,,,
static_kg_gcn,active,2022,27,0.09419484958954515,40.2,False,,,,,,,,,
static_kg_gcn,active,2022,28,0.08945190090949363,41.5,False,,,,,,,,,
static_kg_gcn,active,2022,29,0.08643299898719013,42.9,False,,,,,,,,,
static_kg_gcn,active,2022,30,0.08211385542392773,44.3,True,0.006531347003773411,0.011747193020921082,0.038461538461538464,0.0641025641025641,0.00894270137449048,0.01205598964099684,0.016645065523270653,0.027733000222316465,khong cai thien (2/50)
static_kg_gcn,active,2022,31,0.07976670200968662,46.2,False,,,,,,,,,
static_kg_gcn,active,2022,32,0.07689724566823924,47.6,False,,,,,,,,,
static_kg_gcn,active,2022,33,0.073488903079552,49.0,False,,,,,,,,,
static_kg_gcn,active,2022,34,0.07135631109398737,50.4,False,,,,,,,,,
static_kg_gcn,active,2022,35,0.0687809192522972,51.7,True,0.007004465779665125,0.012739588502059798,0.042735042735042736,0.06837606837606838,0.009537813910292087,0.013102032996822869,0.016803343459326367,0.03004781503713128,best
static_kg_gcn,active,2022,36,0.06661765199468066,53.5,False,,,,,,,,,
static_kg_gcn,active,2022,37,0.06449924344220272,54.9,False,,,,,,,,,
static_kg_gcn,active,2022,38,0.06256882528020073,56.3,False,,,,,,,,,
static_kg_gcn,active,2022,39,0.06097941383629992,57.7,False,,,,,,,,,
static_kg_gcn,active,2022,40,0.05895729065984526,59.1,True,0.007304492320474504,0.013628128642149113,0.038461538461538464,0.0641025641025641,0.009292353810874834,0.013083339169596194,0.01676017674949299,0.030716899039548613,khong cai thien (1/50)
static_kg_gcn,active,2022,41,0.05694409555828695,61.0,False,,,,,,,,,
static_kg_gcn,active,2022,42,0.05644481313240142,62.4,False,,,,,,,,,
static_kg_gcn,active,2022,43,0.05424060141898895,63.8,False,,,,,,,,,
static_kg_gcn,active,2022,44,0.05311878729218148,65.2,False,,,,,,,,,
static_kg_gcn,active,2022,45,0.05184044730583911,66.5,True,0.007685295237655639,0.014551287229254896,0.03418803418803419,0.05982905982905983,0.009039677040324674,0.013016594554508222,0.016705388233166012,0.030649065638381878,khong cai thien (2/50)
static_kg_gcn,active,2022,46,0.05036600131543477,68.3,False,,,,,,,,,
static_kg_gcn,active,2022,47,0.048950571469643774,69.7,False,,,,,,,,,
static_kg_gcn,active,2022,48,0.04780401499771537,71.1,False,,,,,,,,,
static_kg_gcn,active,2022,49,0.04669711997316928,72.5,False,,,,,,,,,
static_kg_gcn,active,2022,50,0.04538032100394965,73.9,True,0.008135335048869707,0.015266735134261878,0.03418803418803419,0.0641025641025641,0.00906119134322773,0.013315722518811938,0.016705388233166012,0.031840715868493644,best
static_kg_gcn,active,2022,51,0.04465603683496882,75.7,False,,,,,,,,,
static_kg_gcn,active,2022,52,0.04346645121732968,77.1,False,,,,,,,,,
static_kg_gcn,active,2022,53,0.04355326234224446,78.4,False,,,,,,,,,
static_kg_gcn,active,2022,54,0.041740623501652974,79.8,False,,,,,,,,,
static_kg_gcn,active,2022,55,0.041339840465650014,81.1,True,0.008331506248629687,0.01588986718055828,0.03418803418803419,0.0641025641025641,0.009039677040324674,0.013120722509440654,0.016705388233166012,0.03155581558359336,khong cai thien (1/50)
static_kg_gcn,active,2022,56,0.04042918142220029,82.9,False,,,,,,,,,
static_kg_gcn,active,2022,57,0.03964302454039524,84.3,False,,,,,,,,,
static_kg_gcn,active,2022,58,0.038912233119933366,85.7,False,,,,,,,,,
static_kg_gcn,active,2022,59,0.037692062436689246,87.1,False,,,,,,,,,
static_kg_gcn,active,2022,60,0.037287629462459455,88.5,True,0.008689230201133177,0.016605315085565262,0.03418803418803419,0.0641025641025641,0.009022870629373465,0.013118632839218075,0.016705388233166012,0.03155581558359336,khong cai thien (2/50)
static_kg_gcn,active,2022,61,0.0362006505428144,90.3,False,,,,,,,,,
static_kg_gcn,active,2022,62,0.035481290673616266,91.6,False,,,,,,,,,
static_kg_gcn,active,2022,63,0.03568301120178681,93.0,False,,,,,,,,,
static_kg_gcn,active,2022,64,0.034473765978441755,94.4,False,,,,,,,,,
static_kg_gcn,active,2022,65,0.033684822024389084,95.8,True,0.008908480365570801,0.017147670755489907,0.042735042735042736,0.0641025641025641,0.010591755144109162,0.012976252027648046,0.019910516438294217,0.02870681273459051,khong cai thien (3/50)
static_kg_gcn,active,2022,66,0.03325734781459413,97.6,False,,,,,,,,,
static_kg_gcn,active,2022,67,0.032311952266152036,99.0,False,,,,,,,,,
static_kg_gcn,active,2022,68,0.03237857656622794,100.4,False,,,,,,,,,
static_kg_gcn,active,2022,69,0.03157303620503743,101.8,False,,,,,,,,,
static_kg_gcn,active,2022,70,0.031585801464480534,103.1,True,0.009185427941702535,0.0175053947079934,0.042735042735042736,0.07264957264957266,0.010468607448705253,0.013360259181009882,0.019910516438294217,0.029629501157278935,best
static_kg_gcn,active,2022,71,0.030747136939815376,105.0,False,,,,,,,,,
static_kg_gcn,active,2022,72,0.030477461358220586,106.3,False,,,,,,,,,
static_kg_gcn,active,2022,73,0.03038366776385585,107.7,False,,,,,,,,,
static_kg_gcn,active,2022,74,0.029577747278982283,109.1,False,,,,,,,,,
static_kg_gcn,active,2022,75,0.029078225621281647,110.4,True,0.009427757070817803,0.018001592448562757,0.042735042735042736,0.06837606837606838,0.010553251469256184,0.013239029010806359,0.019910516438294217,0.029241000768778547,khong cai thien (1/50)
static_kg_gcn,active,2022,76,0.029201253146722922,112.4,False,,,,,,,,,
static_kg_gcn,active,2022,77,0.028401186379189387,113.8,False,,,,,,,,,
static_kg_gcn,active,2022,78,0.027831316676336343,115.2,False,,,,,,,,,
static_kg_gcn,active,2022,79,0.027454191882501894,116.5,False,,,,,,,,,
static_kg_gcn,active,2022,80,0.02727589099655185,117.9,True,0.009693165164610716,0.018543948118487405,0.042735042735042736,0.06837606837606838,0.010952980668349923,0.013534688977193704,0.019910516438294217,0.0290953131230909,best
static_kg_gcn,active,2022,81,0.026451657292835672,119.7,False,,,,,,,,,
static_kg_gcn,active,2022,82,0.026426913491761145,121.1,False,,,,,,,,,
static_kg_gcn,active,2022,83,0.026144590195839902,122.5,False,,,,,,,,,
static_kg_gcn,active,2022,84,0.02544484676558957,123.8,False,,,,,,,,,
static_kg_gcn,active,2022,85,0.025303557251716204,125.2,True,0.009935494293725984,0.01904014585905676,0.042735042735042736,0.06837606837606838,0.011300114524864988,0.013782903418515777,0.019910516438294217,0.0290953131230909,best
static_kg_gcn,active,2022,86,0.02507940394574844,127.2,False,,,,,,,,,
static_kg_gcn,active,2022,87,0.024729497788037333,128.6,False,,,,,,,,,
static_kg_gcn,active,2022,88,0.02410728401818,130.0,False,,,,,,,,,
static_kg_gcn,active,2022,89,0.024054512163403367,131.3,False,,,,,,,,,
static_kg_gcn,active,2022,90,0.023922237376395657,132.7,True,0.01016628394050243,0.019340172399866143,0.042735042735042736,0.0641025641025641,0.011185283713739797,0.013269452044217022,0.019910516438294217,0.027670811698589478,khong cai thien (1/50)
static_kg_gcn,active,2022,91,0.02369296967847743,134.5,False,,,,,,,,,
static_kg_gcn,active,2022,92,0.02317719803915413,135.9,False,,,,,,,,,
static_kg_gcn,active,2022,93,0.02320744043546737,137.3,False,,,,,,,,,
static_kg_gcn,active,2022,94,0.022809353589297154,138.7,False,,,,,,,,,
static_kg_gcn,active,2022,95,0.02274336236836195,140.1,True,0.010362455140262407,0.019767133246402568,0.042735042735042736,0.0641025641025641,0.011146962999885534,0.013228855651675498,0.019910516438294217,0.027670811698589478,khong cai thien (2/50)
static_kg_gcn,active,2022,96,0.02176139871961423,142.0,False,,,,,,,,,
static_kg_gcn,active,2022,97,0.02168101503514066,143.4,False,,,,,,,,,
static_kg_gcn,active,2022,98,0.02198795341850516,144.8,False,,,,,,,,,
static_kg_gcn,active,2022,99,0.021831835912498734,146.1,False,,,,,,,,,
static_kg_gcn,active,2022,100,0.021044452983484865,147.5,True,0.010639402716394143,0.020113317716567235,0.042735042735042736,0.06837606837606838,0.011281755193094021,0.01363531506459612,0.019910516438294217,0.028204999732777514,khong cai thien (3/50)
static_kg_gcn,active,2022,101,0.020831801624195612,149.3,False,,,,,,,,,
static_kg_gcn,active,2022,102,0.020824013010340644,150.7,False,,,,,,,,,
static_kg_gcn,active,2022,103,0.020713288776860617,152.0,False,,,,,,,,,
static_kg_gcn,active,2022,104,0.020328172752212728,153.5,False,,,,,,,,,
static_kg_gcn,active,2022,105,0.0203831015148724,154.9,True,0.010754797539782365,0.02039026529269897,0.04700854700854701,0.06837606837606838,0.012039188042598499,0.013646384071375008,0.022047268575046353,0.028204999732777514,khong cai thien (4/50)
static_kg_gcn,active,2022,106,0.02022965249637164,156.7,False,,,,,,,,,
static_kg_gcn,active,2022,107,0.020207774537561576,158.0,False,,,,,,,,,
static_kg_gcn,active,2022,108,0.01986503525010354,159.4,False,,,,,,,,,
static_kg_gcn,active,2022,109,0.019404537511570497,160.7,False,,,,,,,,,
static_kg_gcn,active,2022,110,0.01931141424292305,162.1,True,0.010881731845509411,0.020724910280524814,0.04700854700854701,0.06837606837606838,0.011925030264974837,0.013523453256410405,0.022047268575046353,0.028204999732777514,khong cai thien (5/50)
static_kg_gcn,active,2022,111,0.01960783516265956,163.9,False,,,,,,,,,
static_kg_gcn,active,2022,112,0.018947585879491392,165.3,False,,,,,,,,,
static_kg_gcn,active,2022,113,0.01829954600565037,166.7,False,,,,,,,,,
static_kg_gcn,active,2022,114,0.01890973309133499,168.1,False,,,,,,,,,
static_kg_gcn,active,2022,115,0.018483171576265462,169.5,True,0.011054824080591745,0.021094173715367127,0.04700854700854701,0.07692307692307693,0.011977896747345932,0.014672401371919679,0.022047268575046353,0.03176625329403107,best
static_kg_gcn,active,2022,116,0.018178484998620594,171.2,False,,,,,,,,,
static_kg_gcn,active,2022,117,0.017876267673017792,172.6,False,,,,,,,,,
static_kg_gcn,active,2022,118,0.018297817771860236,174.0,False,,,,,,,,,
static_kg_gcn,active,2022,119,0.018050118145264017,175.3,False,,,,,,,,,
static_kg_gcn,active,2022,120,0.017502278691119335,176.7,True,0.011274074245029369,0.021578831973597664,0.04700854700854701,0.0811965811965812,0.011630762890830865,0.014997803254533556,0.022047268575046353,0.03319075471853249,best
static_kg_gcn,active,2022,121,0.017409631437309094,178.5,False,,,,,,,,,
static_kg_gcn,active,2022,122,0.01741063254538987,179.9,False,,,,,,,,,
static_kg_gcn,active,2022,123,0.017199307507257584,181.3,False,,,,,,,,,
static_kg_gcn,active,2022,124,0.017006145795221573,182.7,False,,,,,,,,,
static_kg_gcn,active,2022,125,0.017038321648868468,184.1,True,0.01149332440946699,0.021798082138035288,0.04700854700854701,0.08547008547008547,0.011630762890830865,0.016005232579885367,0.022047268575046353,0.03746425899203677,best
static_kg_gcn,active,2022,126,0.016636106226865364,185.8,False,,,,,,,,,
static_kg_gcn,active,2022,127,0.016667781018374083,187.2,False,,,,,,,,,
static_kg_gcn,active,2022,128,0.016292065018180903,188.6,False,,,,,,,,,
static_kg_gcn,active,2022,129,0.01651541670655509,190.0,False,,,,,,,,,
static_kg_gcn,active,2022,130,0.015745285246681232,191.3,True,0.011551021821161103,0.021971174373117623,0.04700854700854701,0.08547008547008547,0.012515594026932728,0.01697668825241768,0.022047268575046353,0.03746425899203677,best
static_kg_gcn,active,2022,131,0.016210141572803722,193.3,False,,,,,,,,,
static_kg_gcn,active,2022,132,0.015970390494084913,194.7,False,,,,,,,,,
static_kg_gcn,active,2022,133,0.015833708467414206,196.1,False,,,,,,,,,
static_kg_gcn,active,2022,134,0.015977500011963373,197.5,False,,,,,,,,,
static_kg_gcn,active,2022,135,0.01563204543116678,198.8,True,0.011701035091565792,0.022328898325621113,0.05128205128205128,0.08547008547008547,0.012793996764468839,0.01668299900934473,0.023471769999547774,0.03746425899203677,khong cai thien (1/50)
static_kg_gcn,active,2022,136,0.015531852336295542,200.6,False,,,,,,,,,
static_kg_gcn,active,2022,137,0.015693583121195797,202.0,False,,,,,,,,,
static_kg_gcn,active,2022,138,0.01518883886405823,203.3,False,,,,,,,,,
static_kg_gcn,active,2022,139,0.01511464324154507,204.7,False,,,,,,,,,
static_kg_gcn,active,2022,140,0.015203375500178478,206.1,True,0.01183950887963166,0.02246737211368698,0.05128205128205128,0.08547008547008547,0.013128785503791977,0.01707348191891545,0.023471769999547774,0.03762253692809248,best
static_kg_gcn,active,2022,141,0.015141067430859578,208.0,False,,,,,,,,,
static_kg_gcn,active,2022,142,0.01507918205237202,209.4,False,,,,,,,,,
static_kg_gcn,active,2022,143,0.014897945956855478,210.8,False,,,,,,,,,
static_kg_gcn,active,2022,144,0.014907850229137634,212.1,False,,,,,,,,,
static_kg_gcn,active,2022,145,0.01468614441791219,213.5,True,0.011885666808986948,0.022894332960223404,0.05128205128205128,0.08974358974358974,0.012844066926199275,0.018240182972031106,0.02243576896354674,0.04262807665585443,best
static_kg_gcn,active,2022,146,0.014710538415195044,215.3,False,,,,,,,,,
static_kg_gcn,active,2022,147,0.014471091011819044,216.7,False,,,,,,,,,
static_kg_gcn,active,2022,148,0.01441275477560902,218.0,False,,,,,,,,,
static_kg_gcn,active,2022,149,0.014640241885968509,219.4,False,,,,,,,,,
static_kg_gcn,active,2022,150,0.014009384585760043,220.9,True,0.011885666808986948,0.02306742519530574,0.05128205128205128,0.08547008547008547,0.012983728650733977,0.01800876921838503,0.02243576896354674,0.041203575231353005,khong cai thien (1/50)
static_kg_gcn,active,2022,151,0.01405825377664378,222.7,False,,,,,,,,,
static_kg_gcn,active,2022,152,0.013947675281620336,224.1,False,,,,,,,,,
static_kg_gcn,active,2022,153,0.013970204295452185,225.4,False,,,,,,,,,
static_kg_gcn,active,2022,154,0.013738330367970461,226.8,False,,,,,,,,,
static_kg_gcn,active,2022,155,0.013555054886165844,228.2,True,0.012185693349796328,0.02337899121845394,0.04700854700854701,0.08974358974358974,0.012339880170557468,0.017974880176515603,0.022047268575046353,0.04205827608605386,khong cai thien (2/50)
static_kg_gcn,active,2022,156,0.013355501567161919,230.0,False,,,,,,,,,
static_kg_gcn,active,2022,157,0.013667029531475118,231.3,False,,,,,,,,,
static_kg_gcn,active,2022,158,0.013441611223503359,232.7,False,,,,,,,,,
static_kg_gcn,active,2022,159,0.013355488644746257,234.1,False,,,,,,,,,
static_kg_gcn,active,2022,160,0.013522332572722473,235.5,True,0.012185693349796328,0.023598241382891565,0.04700854700854701,0.08974358974358974,0.012284985424516373,0.017787615803257915,0.022047268575046353,0.041737763265541045,khong cai thien (3/50)
static_kg_gcn,active,2022,161,0.013361534531169044,237.3,False,,,,,,,,,
static_kg_gcn,active,2022,162,0.013347995729348932,238.7,False,,,,,,,,,
static_kg_gcn,active,2022,163,0.013229431446197879,240.0,False,,,,,,,,,
static_kg_gcn,active,2022,164,0.013295645362413903,241.4,False,,,,,,,,,
static_kg_gcn,active,2022,165,0.012880208040549443,242.8,True,0.012289548690845729,0.023748254653296254,0.04700854700854701,0.08974358974358974,0.012268179013565165,0.017904408386516385,0.022047268575046353,0.041737763265541045,khong cai thien (4/50)
static_kg_gcn,active,2022,166,0.012908978751389187,244.6,False,,,,,,,,,
static_kg_gcn,active,2022,167,0.012745267464979133,246.0,False,,,,,,,,,
static_kg_gcn,active,2022,168,0.013039722831962124,247.4,False,,,,,,,,,
static_kg_gcn,active,2022,169,0.012816246513938843,248.8,False,,,,,,,,,
static_kg_gcn,active,2022,170,0.012691279963108792,250.1,True,0.012566496266977463,0.023979044300072697,0.05128205128205128,0.08974358974358974,0.011975031204793828,0.01740604354630729,0.02243576896354674,0.041737763265541045,khong cai thien (5/50)
static_kg_gcn,active,2022,171,0.012815003860587005,252.0,False,,,,,,,,,
static_kg_gcn,active,2022,172,0.012572950548160329,253.3,False,,,,,,,,,
static_kg_gcn,active,2022,173,0.012488745167295019,254.7,False,,,,,,,,,
static_kg_gcn,active,2022,174,0.012505013506901986,256.0,False,,,,,,,,,
static_kg_gcn,active,2022,175,0.012334617969887543,257.4,True,0.01279728591375391,0.024371386699592656,0.04700854700854701,0.08547008547008547,0.011648714087064586,0.01724437566138158,0.022168674946452725,0.041203575231353005,khong cai thien (6/50)
static_kg_gcn,active,2022,176,0.012249785678263715,259.2,False,,,,,,,,,
static_kg_gcn,active,2022,177,0.012134604563223805,260.6,False,,,,,,,,,
static_kg_gcn,active,2022,178,0.012063157475300562,262.0,False,,,,,,,,,
static_kg_gcn,active,2022,179,0.012090129818965855,263.4,False,,,,,,,,,
static_kg_gcn,active,2022,180,0.011868598174441112,264.7,True,0.012935759701819776,0.02469449220507968,0.05128205128205128,0.08547008547008547,0.01212428766222182,0.016946649912823384,0.02430542708320486,0.041203575231353005,khong cai thien (7/50)
static_kg_gcn,active,2022,181,0.012074956833455275,266.5,False,,,,,,,,,
static_kg_gcn,active,2022,182,0.01196282478727462,267.9,False,,,,,,,,,
static_kg_gcn,active,2022,183,0.011926534189997583,269.3,False,,,,,,,,,
static_kg_gcn,active,2022,184,0.01203648213242913,270.6,False,,,,,,,,,
static_kg_gcn,active,2022,185,0.011712951635323678,272.0,True,0.013062694007546822,0.02499451874588906,0.05128205128205128,0.09829059829059829,0.011354376783201415,0.018111272174554095,0.02056611084388862,0.04401696554474332,khong cai thien (8/50)
static_kg_gcn,active,2022,186,0.011863060348252734,273.9,False,,,,,,,,,
static_kg_gcn,active,2022,187,0.01162109634745592,275.3,False,,,,,,,,,
static_kg_gcn,active,2022,188,0.011707797634531796,276.7,False,,,,,,,,,
static_kg_gcn,active,2022,189,0.011923623218707526,278.1,False,,,,,,,,,
static_kg_gcn,active,2022,190,0.011609745804097661,279.4,True,0.013166549348596223,0.025167610980971394,0.04700854700854701,0.09401709401709402,0.012774313337706258,0.018153749475591268,0.02605367883145661,0.042592464120241896,khong cai thien (9/50)
static_kg_gcn,active,2022,191,0.011750605332033922,281.2,False,,,,,,,,,
static_kg_gcn,active,2022,192,0.011387091695825986,282.6,False,,,,,,,,,
static_kg_gcn,active,2022,193,0.01127838801719999,284.0,False,,,,,,,,,
static_kg_gcn,active,2022,194,0.011410929076800242,285.4,False,,,,,,,,,
static_kg_gcn,active,2022,195,0.011400319146712688,286.8,True,0.013247325724967979,0.025375321663070195,0.05555555555555555,0.08547008547008547,0.013572674736835029,0.017862614418482033,0.026976367254145033,0.041203575231353005,khong cai thien (10/50)
static_kg_gcn,active,2022,196,0.0110573639215935,288.7,False,,,,,,,,,
static_kg_gcn,active,2022,197,0.011200647798052786,290.1,False,,,,,,,,,
static_kg_gcn,active,2022,198,0.011117041170412728,291.4,False,,,,,,,,,
static_kg_gcn,active,2022,199,0.011052819748657053,292.8,False,,,,,,,,,
static_kg_gcn,active,2022,200,0.010866481664252829,294.2,True,0.013374260030695024,0.025375321663070195,0.05555555555555555,0.09401709401709402,0.013655300865980713,0.018795993582428956,0.026976367254145033,0.04332054262609818,best
static_kg_gcn,active,2022,201,0.01103675531788047,296.0,False,,,,,,,,,
static_kg_gcn,active,2022,202,0.011101179310820206,297.3,False,,,,,,,,,
static_kg_gcn,active,2022,203,0.010846287796683535,298.7,False,,,,,,,,,
static_kg_gcn,active,2022,204,0.010951556387928059,300.1,False,,,,,,,,,
static_kg_gcn,active,2022,205,0.010866270040071187,301.5,True,0.0133627205483562,0.02549071648645842,0.05555555555555555,0.08974358974358974,0.013989495359098129,0.019478356052578992,0.026976367254145033,0.045635357440913,best
static_kg_gcn,active,2022,206,0.010837079650021557,303.3,False,,,,,,,,,
static_kg_gcn,active,2022,207,0.010710149464733342,304.6,False,,,,,,,,,
static_kg_gcn,active,2022,208,0.010863013788361828,306.0,False,,,,,,,,,
static_kg_gcn,active,2022,209,0.010805638064639066,307.4,False,,,,,,,,,
static_kg_gcn,active,2022,210,0.010774926870286857,308.7,True,0.013385799513033845,0.025640729756863108,0.05555555555555555,0.09401709401709402,0.014018319498683367,0.019950425264014245,0.026976367254145033,0.04661470217025772,best
static_kg_gcn,active,2022,211,0.01054819526792253,310.5,False,,,,,,,,,
static_kg_gcn,active,2022,212,0.010732267716537696,311.9,False,,,,,,,,,
static_kg_gcn,active,2022,213,0.01051738890447116,313.3,False,,,,,,,,,
static_kg_gcn,active,2022,214,0.01040326868816017,314.7,False,,,,,,,,,
static_kg_gcn,active,2022,215,0.010460217878851721,316.1,True,0.01355889174811618,0.02574458509791251,0.05555555555555555,0.09401709401709402,0.014551034004761331,0.019561541529939202,0.030715683493461272,0.04661470217025772,khong cai thien (1/50)
static_kg_gcn,active,2022,216,0.010363162670624591,317.9,False,,,,,,,,,
static_kg_gcn,active,2022,217,0.010432356085585385,319.2,False,,,,,,,,,
static_kg_gcn,active,2022,218,0.010427542990970476,320.6,False,,,,,,,,,
static_kg_gcn,active,2022,219,0.01034606749093343,321.9,False,,,,,,,,,
static_kg_gcn,active,2022,220,0.01026095194856731,323.3,True,0.013685826053843225,0.02590613785065602,0.05555555555555555,0.08974358974358974,0.01385136394844912,0.01965012335572784,0.026976367254145033,0.0463476081531637,khong cai thien (2/50)
static_kg_gcn,active,2022,221,0.010541431674486698,325.1,False,,,,,,,,,
static_kg_gcn,active,2022,222,0.01044952902158055,326.5,False,,,,,,,,,
static_kg_gcn,active,2022,223,0.009947643719507033,327.9,False,,,,,,,,,
static_kg_gcn,active,2022,224,0.01012871752789486,329.3,False,,,,,,,,,
static_kg_gcn,active,2022,225,0.010226895424511117,330.7,True,0.013639668124487936,0.02590613785065602,0.05555555555555555,0.08974358974358974,0.012885900605421366,0.019016977686545644,0.024127364405142182,0.045635357440913,khong cai thien (3/50)
static_kg_gcn,active,2022,226,0.010154052401178787,332.5,False,,,,,,,,,
static_kg_gcn,active,2022,227,0.010147816852801481,333.8,False,,,,,,,,,
static_kg_gcn,active,2022,228,0.01014551953194387,335.2,False,,,,,,,,,
static_kg_gcn,active,2022,229,0.010116287205895799,336.6,False,,,,,,,,,
static_kg_gcn,active,2022,230,0.00986861356884719,337.9,True,0.013766602430214981,0.026033072156383064,0.05982905982905983,0.08974358974358974,0.013756752470828682,0.019450783788688128,0.026264116541894318,0.0463476081531637,khong cai thien (4/50)
static_kg_gcn,active,2022,231,0.009962942151304985,339.7,False,,,,,,,,,
static_kg_gcn,active,2022,232,0.009935946955432247,341.2,False,,,,,,,,,
static_kg_gcn,active,2022,233,0.010031853655156004,342.6,False,,,,,,,,,
static_kg_gcn,active,2022,234,0.009934865021495355,343.9,False,,,,,,,,,
static_kg_gcn,active,2022,235,0.01004001613690093,345.3,True,0.013731983983198514,0.026136927497432464,0.05982905982905983,0.08974358974358974,0.014055979723331558,0.019417437079716892,0.026264116541894318,0.045635357440913,khong cai thien (5/50)
static_kg_gcn,active,2022,236,0.009827790600799309,347.1,False,,,,,,,,,
static_kg_gcn,active,2022,237,0.009796944392259806,348.5,False,,,,,,,,,
static_kg_gcn,active,2022,238,0.009677218136161118,349.8,False,,,,,,,,,
static_kg_gcn,active,2022,239,0.009597872364784616,351.2,False,,,,,,,,,
static_kg_gcn,active,2022,240,0.009671254762277539,352.6,True,0.01381276035957027,0.026333098697192445,0.05982905982905983,0.09401709401709402,0.01419711485289454,0.01992628968764389,0.026264116541894318,0.046490058295613854,khong cai thien (6/50)
static_kg_gcn,active,2022,241,0.009483808573442885,354.6,False,,,,,,,,,
static_kg_gcn,active,2022,242,0.00984068245346473,356.0,False,,,,,,,,,
static_kg_gcn,active,2022,243,0.009585806947038254,357.3,False,,,,,,,,,
static_kg_gcn,active,2022,244,0.009623019873422964,358.7,False,,,,,,,,,
static_kg_gcn,active,2022,245,0.009796217479716856,360.1,True,0.01402047104166907,0.026586967308646535,0.0641025641025641,0.09401709401709402,0.015399758254593558,0.019828984257648716,0.03053762081539859,0.04602385782941339,khong cai thien (7/50)
static_kg_gcn,active,2022,246,0.00953540749151912,361.9,False,,,,,,,,,
static_kg_gcn,active,2022,247,0.009703877146598068,363.2,False,,,,,,,,,
static_kg_gcn,active,2022,248,0.00955410346139292,364.6,False,,,,,,,,,
static_kg_gcn,active,2022,249,0.009393268555789107,366.0,False,,,,,,,,,
static_kg_gcn,active,2022,250,0.00944503317323815,367.4,True,0.01421664224142905,0.02687545436711709,0.0641025641025641,0.09829059829059829,0.015527073706444811,0.02005523129081232,0.03053762081539859,0.04655804586360142,best
static_kg_gcn,active,2022,251,0.009316945443110939,369.4,False,,,,,,,,,
static_kg_gcn,active,2022,252,0.009361351490499204,370.8,False,,,,,,,,,
static_kg_gcn,active,2022,253,0.00913161996374132,372.1,False,,,,,,,,,
static_kg_gcn,active,2022,254,0.00915343487531789,373.5,False,,,,,,,,,
static_kg_gcn,active,2022,255,0.00946321245137602,374.9,True,0.014239721206106695,0.027002388672844137,0.0641025641025641,0.09401709401709402,0.01542688293871608,0.01989615003886142,0.03053762081539859,0.04661146466702022,khong cai thien (1/50)
static_kg_gcn,active,2022,256,0.00929517164535894,376.6,False,,,,,,,,,
static_kg_gcn,active,2022,257,0.009216281379695547,378.0,False,,,,,,,,,
static_kg_gcn,active,2022,258,0.009143761163459921,379.4,False,,,,,,,,,
static_kg_gcn,active,2022,259,0.009342902072024267,380.8,False,,,,,,,,,
static_kg_gcn,active,2022,260,0.009180407793452944,382.2,True,0.014412813441189028,0.02723317831962058,0.0641025641025641,0.09829059829059829,0.015684501962892915,0.020506704240274027,0.03053762081539859,0.047145652701208254,best
static_kg_gcn,active,2022,261,0.009353945374711578,384.1,False,,,,,,,,,
static_kg_gcn,active,2022,262,0.00915395578894773,385.4,False,,,,,,,,,
static_kg_gcn,active,2022,263,0.009157089433891161,386.8,False,,,,,,,,,
static_kg_gcn,active,2022,264,0.009103825921327937,388.2,False,,,,,,,,,
static_kg_gcn,active,2022,265,0.008992426387855482,389.6,True,0.01436665551183374,0.027360112625347627,0.0641025641025641,0.09401709401709402,0.015570759958648555,0.020275509974821186,0.03053762081539859,0.04661146466702022,khong cai thien (1/50)
static_kg_gcn,active,2022,266,0.00906435058096274,391.4,False,,,,,,,,,
static_kg_gcn,active,2022,267,0.009075238668897541,392.8,False,,,,,,,,,
static_kg_gcn,active,2022,268,0.008991909839438143,394.2,False,,,,,,,,,
static_kg_gcn,active,2022,269,0.009016557589377968,395.6,False,,,,,,,,,
static_kg_gcn,active,2022,270,0.009009646634489398,396.9,True,0.014539747746916073,0.027510125895752316,0.0641025641025641,0.09401709401709402,0.016178827752602182,0.020785071616831803,0.03053762081539859,0.04661146466702022,best
static_kg_gcn,active,2022,271,0.008914725233167095,398.7,False,,,,,,,,,
static_kg_gcn,active,2022,272,0.009115398094245327,400.1,False,,,,,,,,,
static_kg_gcn,active,2022,273,0.008812971383177106,401.5,False,,,,,,,,,
static_kg_gcn,active,2022,274,0.008751864120902963,402.8,False,,,,,,,,,
static_kg_gcn,active,2022,275,0.00873816211918776,404.2,True,0.014701300499659585,0.027694757613173474,0.0641025641025641,0.09401709401709402,0.015404577043532201,0.020006168106766926,0.03053762081539859,0.04661146466702022,khong cai thien (1/50)
static_kg_gcn,active,2022,276,0.008944476611487204,406.0,False,,,,,,,,,
static_kg_gcn,active,2022,277,0.008822667129629537,407.4,False,,,,,,,,,
static_kg_gcn,active,2022,278,0.008793209527903925,408.9,False,,,,,,,,,
static_kg_gcn,active,2022,279,0.008837282101066053,410.3,False,,,,,,,,,
static_kg_gcn,active,2022,280,0.008873241754601361,411.6,True,0.014782076876031341,0.02777553398954523,0.0641025641025641,0.08974358974358974,0.015609600002358493,0.019953892615753106,0.03053762081539859,0.04622296427851984,khong cai thien (2/50)
static_kg_gcn,active,2022,281,0.008661888695744099,413.4,False,,,,,,,,,
static_kg_gcn,active,2022,282,0.008819945874601684,414.8,False,,,,,,,,,
static_kg_gcn,active,2022,283,0.008846986079666325,416.2,False,,,,,,,,,
static_kg_gcn,active,2022,284,0.008802111526485431,417.5,False,,,,,,,,,
static_kg_gcn,active,2022,285,0.008797320015838082,418.9,True,0.014793616358370164,0.027810152436561694,0.05982905982905983,0.08974358974358974,0.014982519355285658,0.01977335801018765,0.02911311939089717,0.04622296427851984,khong cai thien (3/50)
static_kg_gcn,active,2022,286,0.008738441509707312,420.7,False,,,,,,,,,
static_kg_gcn,active,2022,287,0.008800711591636133,422.1,False,,,,,,,,,
static_kg_gcn,active,2022,288,0.008737585302589805,423.5,False,,,,,,,,,
static_kg_gcn,active,2022,289,0.00853918963779427,424.9,False,,,,,,,,,
static_kg_gcn,active,2022,290,0.008769422911117986,426.2,True,0.01482823480538663,0.02808710001269343,0.05982905982905983,0.08974358974358974,0.014930713570782989,0.019718691945236882,0.02911311939089717,0.04622296427851984,khong cai thien (4/50)
static_kg_gcn,active,2022,291,0.008629429202483921,428.0,False,,,,,,,,,
static_kg_gcn,active,2022,292,0.0087169798588007,429.4,False,,,,,,,,,
static_kg_gcn,active,2022,293,0.00859825393550516,430.8,False,,,,,,,,,
static_kg_gcn,active,2022,294,0.008601706874832901,432.1,False,,,,,,,,,
static_kg_gcn,active,2022,295,0.00851880597802764,433.5,True,0.01503594548748543,0.0283294291418087,0.0641025641025641,0.10256410256410256,0.016405348850354228,0.021202786300887025,0.03338662366440144,0.04874821680377236,best
static_kg_gcn,active,2022,296,0.008624696535051901,435.5,False,,,,,,,,,
static_kg_gcn,active,2022,297,0.008473673538847004,436.9,False,,,,,,,,,
static_kg_gcn,active,2022,298,0.008578104550676079,438.3,False,,,,,,,,,
static_kg_gcn,active,2022,299,0.008543992131339077,439.6,False,,,,,,,,,
static_kg_gcn,active,2022,300,0.008407174439910667,441.0,True,0.014920550664097209,0.028467902929874566,0.0641025641025641,0.10256410256410256,0.016054831117064794,0.020878359689979926,0.03338662366440144,0.04874821680377236,khong cai thien (1/50)
static_kg_gcn,active,2022,301,0.00843758142608681,442.8,False,,,,,,,,,
static_kg_gcn,active,2022,302,0.008450299457502116,444.2,False,,,,,,,,,
static_kg_gcn,active,2022,303,0.008400282965132308,445.6,False,,,,,,,,,
static_kg_gcn,active,2022,304,0.008399974151579812,446.9,False,,,,,,,,,
static_kg_gcn,active,2022,305,0.008309642243501043,448.3,True,0.015012866522807786,0.028571758270923966,0.0641025641025641,0.09829059829059829,0.015675199837393013,0.02006308650062491,0.03338662366440144,0.047323715379270936,khong cai thien (2/50)
static_kg_gcn,active,2022,306,0.00834710849124443,450.3,False,,,,,,,,,
static_kg_gcn,active,2022,307,0.008348888928771975,451.6,False,,,,,,,,,
static_kg_gcn,active,2022,308,0.008367625190333256,453.0,False,,,,,,,,,
static_kg_gcn,active,2022,309,0.008389385893863831,454.4,False,,,,,,,,,
static_kg_gcn,active,2022,310,0.008331769932980895,455.8,True,0.01503594548748543,0.028698692576651013,0.05982905982905983,0.09401709401709402,0.01438317462516577,0.01967083762024618,0.02911311939089717,0.046896364951920504,khong cai thien (3/50)
static_kg_gcn,active,2022,311,0.008259158301938513,457.5,False,,,,,,,,,
static_kg_gcn,active,2022,312,0.008307004480904767,458.9,False,,,,,,,,,
static_kg_gcn,active,2022,313,0.008260793056291871,460.3,False,,,,,,,,,
static_kg_gcn,active,2022,314,0.008278068297614852,461.7,False,,,,,,,,,
static_kg_gcn,active,2022,315,0.008104361429972656,463.1,True,0.015151340310873654,0.028802547917700413,0.0641025641025641,0.09401709401709402,0.015957481053843463,0.020186049652143438,0.03338662366440144,0.046896364951920504,khong cai thien (4/50)
static_kg_gcn,active,2022,316,0.008270638278500298,464.9,False,,,,,,,,,
static_kg_gcn,active,2022,317,0.008160083302585634,466.3,False,,,,,,,,,
static_kg_gcn,active,2022,318,0.00828438707817718,467.7,False,,,,,,,,,
static_kg_gcn,active,2022,319,0.008050340166964738,469.1,False,,,,,,,,,
static_kg_gcn,active,2022,320,0.008155020069763406,470.4,True,0.015093642899179542,0.02889486377641099,0.0641025641025641,0.08974358974358974,0.01638843083180711,0.020588424884825107,0.03338662366440144,0.047220115275670826,khong cai thien (5/50)
static_kg_gcn,active,2022,321,0.008115685006575975,472.2,False,,,,,,,,,
static_kg_gcn,active,2022,322,0.008151495388951636,473.6,False,,,,,,,,,
static_kg_gcn,active,2022,323,0.008040738754766415,475.0,False,,,,,,,,,
static_kg_gcn,active,2022,324,0.008234597000879673,476.4,False,,,,,,,,,
static_kg_gcn,active,2022,325,0.008122644844194045,477.8,True,0.015278274616600699,0.02899871911746039,0.0641025641025641,0.08974358974358974,0.01616767000779528,0.020403667815359846,0.03338662366440144,0.047220115275670826,khong cai thien (6/50)
static_kg_gcn,active,2022,326,0.00804892437318587,479.6,False,,,,,,,,,
static_kg_gcn,active,2022,327,0.007950416569896887,481.0,False,,,,,,,,,
static_kg_gcn,active,2022,328,0.008098360758570296,482.4,False,,,,,,,,,
static_kg_gcn,active,2022,329,0.00807135171892707,483.7,False,,,,,,,,,
static_kg_gcn,active,2022,330,0.00817872260118376,485.1,True,0.015220577204906587,0.029264127211253304,0.0641025641025641,0.08974358974358974,0.016595039647023694,0.020539911363839973,0.03338662366440144,0.04606270786826342,khong cai thien (7/50)
static_kg_gcn,active,2022,331,0.007948722056637705,486.9,False,,,,,,,,,
static_kg_gcn,active,2022,332,0.00803487757051486,488.3,False,,,,,,,,,
static_kg_gcn,active,2022,333,0.007912428345183568,489.7,False,,,,,,,,,
static_kg_gcn,active,2022,334,0.00801253515798651,491.1,False,,,,,,,,,
static_kg_gcn,active,2022,335,0.008039673045733685,492.4,True,0.015312893063617166,0.02940260099931917,0.0641025641025641,0.08974358974358974,0.01678232063351451,0.020736234481705564,0.03338662366440144,0.04606270786826342,khong cai thien (8/50)
static_kg_gcn,active,2022,336,0.007991484695973538,494.3,False,,,,,,,,,
static_kg_gcn,active,2022,337,0.00804619463004865,495.6,False,,,,,,,,,
static_kg_gcn,active,2022,338,0.007988206559958376,497.0,False,,,,,,,,,
static_kg_gcn,active,2022,339,0.008017991517900024,498.3,False,,,,,,,,,
static_kg_gcn,active,2022,340,0.008010536170419691,499.7,True,0.015405208922327744,0.029575693234401505,0.0641025641025641,0.09401709401709402,0.016702020308937023,0.021021825741672787,0.03338662366440144,0.046774958580514135,khong cai thien (9/50)
static_kg_gcn,active,2022,341,0.007938372457076251,501.6,False,,,,,,,,,
static_kg_gcn,active,2022,342,0.007819236478470378,503.0,False,,,,,,,,,
static_kg_gcn,active,2022,343,0.007963005013148772,504.4,False,,,,,,,,,
static_kg_gcn,active,2022,344,0.007999074199734195,505.8,False,,,,,,,,,
static_kg_gcn,active,2022,345,0.007886722082108237,507.1,True,0.015566761675071256,0.029679548575450906,0.0641025641025641,0.10256410256410256,0.016636258650134503,0.022064114199429462,0.03338662366440144,0.051091629563851784,best
static_kg_gcn,active,2022,346,0.007927597536705452,508.9,False,,,,,,,,,
static_kg_gcn,active,2022,347,0.007845989691153113,510.3,False,,,,,,,,,
static_kg_gcn,active,2022,348,0.00787175422242229,511.7,False,,,,,,,,,
static_kg_gcn,active,2022,349,0.007794508926483759,513.0,False,,,,,,,,,
static_kg_gcn,active,2022,350,0.007747404947260474,514.4,True,0.0154859852986995,0.02954107478738504,0.0641025641025641,0.09829059829059829,0.016622204916826082,0.02118817699767602,0.0337427490205268,0.04745915093137315,khong cai thien (1/50)
static_kg_gcn,active,2022,351,0.007841684365372244,516.4,False,,,,,,,,,
static_kg_gcn,active,2022,352,0.007891237737752875,517.8,False,,,,,,,,,
static_kg_gcn,active,2022,353,0.00781441836163582,519.2,False,,,,,,,,,
static_kg_gcn,active,2022,354,0.007828265582325982,520.5,False,,,,,,,,,
static_kg_gcn,active,2022,355,0.0076961192299444935,521.9,True,0.015601380122087723,0.02976032495182266,0.0641025641025641,0.09401709401709402,0.01651847217041129,0.020928035545174757,0.0337427490205268,0.04741598422153978,khong cai thien (2/50)
static_kg_gcn,active,2022,356,0.007754622234026004,523.7,False,,,,,,,,,
static_kg_gcn,active,2022,357,0.007816068198942273,525.0,False,,,,,,,,,
static_kg_gcn,active,2022,358,0.007818250640706974,526.4,False,,,,,,,,,
static_kg_gcn,active,2022,359,0.007878963285619232,527.8,False,,,,,,,,,
static_kg_gcn,active,2022,360,0.007673252020841875,529.2,True,0.015624459086765368,0.029818022363516772,0.0641025641025641,0.09829059829059829,0.016608229011327576,0.02234056025093623,0.0337427490205268,0.05284689590245146,best
static_kg_gcn,active,2022,361,0.0077110114293033735,531.2,False,,,,,,,,,
static_kg_gcn,active,2022,362,0.007808159871994186,532.5,False,,,,,,,,,
static_kg_gcn,active,2022,363,0.0075912302170900794,533.9,False,,,,,,,,,
static_kg_gcn,active,2022,364,0.007683369897219014,535.3,False,,,,,,,,,
static_kg_gcn,active,2022,365,0.007628235457428014,536.7,True,0.015682156498459478,0.029921877704566172,0.06837606837606838,0.09829059829059829,0.01698203975535069,0.022373737559434545,0.03445499973277751,0.05284689590245146,best
static_kg_gcn,active,2022,366,0.007677850230892112,538.5,False,,,,,,,,,
static_kg_gcn,active,2022,367,0.007574444470404787,539.9,False,,,,,,,,,
static_kg_gcn,active,2022,368,0.00763195514906926,541.2,False,,,,,,,,,
static_kg_gcn,active,2022,369,0.007649164377054228,542.7,False,,,,,,,,,
static_kg_gcn,active,2022,370,0.007846590808905249,544.1,True,0.0157975513218477,0.03015266735134262,0.06837606837606838,0.09829059829059829,0.016880540319011362,0.022585521689922294,0.034098874376652155,0.053274246329801885,best
static_kg_gcn,active,2022,371,0.007475424805076659,545.9,False,,,,,,,,,
static_kg_gcn,active,2022,372,0.00761059344964856,547.3,False,,,,,,,,,
static_kg_gcn,active,2022,373,0.007700004606981628,548.6,False,,,,,,,,,
static_kg_gcn,active,2022,374,0.00753900629076228,550.0,False,,,,,,,,,
static_kg_gcn,active,2022,375,0.007468134699261817,551.4,True,0.015705235463137124,0.030141127869003796,0.0641025641025641,0.08974358974358974,0.016571425452981247,0.021199453854662396,0.03338662366440144,0.047576240631796184,khong cai thien (1/50)
static_kg_gcn,active,2022,376,0.007638062295647711,553.2,False,,,,,,,,,
static_kg_gcn,active,2022,377,0.007615199802017346,554.6,False,,,,,,,,,
static_kg_gcn,active,2022,378,0.007491811398816277,556.0,False,,,,,,,,,
static_kg_gcn,active,2022,379,0.0076552093349314355,557.4,False,,,,,,,,,
static_kg_gcn,active,2022,380,0.0076486916040346565,558.8,True,0.01577447235717006,0.030025733045615573,0.07264957264957266,0.09401709401709402,0.01714084668902301,0.02121195129188963,0.035523375801153584,0.04823183503739059,khong cai thien (2/50)
static_kg_gcn,active,2022,381,0.007426345394305436,560.6,False,,,,,,,,,
static_kg_gcn,active,2022,382,0.007411475844194425,562.0,False,,,,,,,,,
static_kg_gcn,active,2022,383,0.00745894679180388,563.4,False,,,,,,,,,
static_kg_gcn,active,2022,384,0.007397365399507649,564.7,False,,,,,,,,,
static_kg_gcn,active,2022,385,0.007480484131543119,566.1,True,0.015786011839508878,0.030129588386664973,0.07692307692307693,0.09401709401709402,0.018707986234948296,0.021317915531320324,0.039955158010713566,0.04823183503739059,khong cai thien (3/50)
static_kg_gcn,active,2022,386,0.00744241824087922,567.9,False,,,,,,,,,
static_kg_gcn,active,2022,387,0.0076248840245184265,569.3,False,,,,,,,,,
static_kg_gcn,active,2022,388,0.007375822604429786,570.7,False,,,,,,,,,
static_kg_gcn,active,2022,389,0.007474359938208473,572.1,False,,,,,,,,,
static_kg_gcn,active,2022,390,0.007453858371249428,573.5,True,0.0157975513218477,0.030198825280697908,0.07264957264957266,0.09829059829059829,0.017013350099823202,0.021348568280352496,0.035523375801153584,0.04926783607339163,khong cai thien (4/50)
static_kg_gcn,active,2022,391,0.007532225922081101,575.3,False,,,,,,,,,
static_kg_gcn,active,2022,392,0.0075331447631382855,576.7,False,,,,,,,,,
static_kg_gcn,active,2022,393,0.007521276127115433,578.1,False,,,,,,,,,
static_kg_gcn,active,2022,394,0.007492984401355316,579.5,False,,,,,,,,,
static_kg_gcn,active,2022,395,0.0074693088114670785,580.8,True,0.01603988045096297,0.03030268062174731,0.07264957264957266,0.10683760683760683,0.017086503176033066,0.023127451467013664,0.036235626513404284,0.05545794226349782,best
static_kg_gcn,active,2022,396,0.007327564445834896,582.7,False,,,,,,,,,
static_kg_gcn,active,2022,397,0.007359441783691059,584.1,False,,,,,,,,,
static_kg_gcn,active,2022,398,0.0073228900871573745,585.5,False,,,,,,,,,
static_kg_gcn,active,2022,399,0.007419282629809644,586.9,False,,,,,,,,,
static_kg_gcn,active,2022,400,0.007431980397781988,588.3,True,0.01603988045096297,0.03046423337449082,0.06837606837606838,0.10256410256410256,0.01586989137543401,0.022843490375076842,0.03196212223990002,0.05506944187499743,khong cai thien (1/50)
static_kg_gcn,active,2022,401,0.007426137665325612,590.1,False,,,,,,,,,
static_kg_gcn,active,2022,402,0.007268081892380565,591.4,False,,,,,,,,,
static_kg_gcn,active,2022,403,0.007233168815112603,592.8,False,,,,,,,,,
static_kg_gcn,active,2022,404,0.007457129497278778,594.2,False,,,,,,,,,
static_kg_gcn,active,2022,405,0.00721397500296898,595.5,True,0.016109117344995903,0.03071810198594491,0.06837606837606838,0.09829059829059829,0.015812698051184744,0.021516603343031553,0.03196212223990002,0.05008368688924244,khong cai thien (2/50)
static_kg_gcn,active,2022,406,0.007310378797565204,597.5,False,,,,,,,,,
static_kg_gcn,active,2022,407,0.007409294686540768,598.9,False,,,,,,,,,
static_kg_gcn,active,2022,408,0.007271925477436697,600.3,False,,,,,,,,,
static_kg_gcn,active,2022,409,0.007266315275579982,601.6,False,,,,,,,,,
static_kg_gcn,active,2022,410,0.007246524267966322,603.0,True,0.01615527527435119,0.03106428645610958,0.07264957264957266,0.09829059829059829,0.016906762852478434,0.02203039503651619,0.03338662366440144,0.05008368688924244,khong cai thien (3/50)
static_kg_gcn,active,2022,411,0.007213950409504088,604.8,False,,,,,,,,,
static_kg_gcn,active,2022,412,0.007301507957876423,606.1,False,,,,,,,,,
static_kg_gcn,active,2022,413,0.007267847054026055,607.5,False,,,,,,,,,
static_kg_gcn,active,2022,414,0.0071635052123289284,608.9,False,,,,,,,,,
static_kg_gcn,active,2022,415,0.007382949719856198,610.3,True,0.016282209580078238,0.030983510079737823,0.0811965811965812,0.09829059829059829,0.01857925617007214,0.022323308294614756,0.03792722195499973,0.05008368688924244,khong cai thien (4/50)
static_kg_gcn,active,2022,416,0.007176560667075283,612.3,False,,,,,,,,,
static_kg_gcn,active,2022,417,0.00727294445673718,613.6,False,,,,,,,,,
static_kg_gcn,active,2022,418,0.0071554291959246485,615.0,False,,,,,,,,,
static_kg_gcn,active,2022,419,0.007309418781368913,616.4,False,,,,,,,,,
static_kg_gcn,active,2022,420,0.007231955659312755,617.7,True,0.01629374906241706,0.030983510079737823,0.0811965811965812,0.09829059829059829,0.018169440931390012,0.021694914184697822,0.03792722195499973,0.04992540895318673,khong cai thien (5/50)
static_kg_gcn,active,2022,421,0.0071714097561848,619.5,False,,,,,,,,,
static_kg_gcn,active,2022,422,0.007291438941010545,620.9,False,,,,,,,,,
static_kg_gcn,active,2022,423,0.007234800103134869,622.3,False,,,,,,,,,
static_kg_gcn,active,2022,424,0.007156011838028893,623.7,False,,,,,,,,,
static_kg_gcn,active,2022,425,0.007114186210269121,625.1,True,0.01633990699177235,0.031133523350142512,0.08547008547008547,0.09401709401709402,0.018243077287295184,0.020316951772611648,0.03863947266725044,0.04538283218838774,khong cai thien (6/50)
static_kg_gcn,active,2022,426,0.007134689138570885,626.9,False,,,,,,,,,
static_kg_gcn,active,2022,427,0.007158198749998505,628.3,False,,,,,,,,,
static_kg_gcn,active,2022,428,0.007056506716344408,629.7,False,,,,,,,,,
static_kg_gcn,active,2022,429,0.007174956389734102,631.0,False,,,,,,,,,
static_kg_gcn,active,2022,430,0.007270862273270155,632.4,True,0.01648992026217704,0.030983510079737823,0.08547008547008547,0.09401709401709402,0.01821680203679032,0.020276067726576984,0.03863947266725044,0.04538283218838774,khong cai thien (7/50)
static_kg_gcn,active,2022,431,0.007221155702657005,634.2,False,,,,,,,,,
static_kg_gcn,active,2022,432,0.0072450037113862414,635.6,False,,,,,,,,,
static_kg_gcn,active,2022,433,0.007078444258622377,637.0,False,,,,,,,,,
static_kg_gcn,active,2022,434,0.007162343702127658,638.4,False,,,,,,,,,
static_kg_gcn,active,2022,435,0.0070648396508559835,639.8,True,0.016328367509433526,0.0311796812794978,0.08547008547008547,0.09829059829059829,0.018050091418314703,0.02132632998965401,0.03863947266725044,0.05008368688924244,khong cai thien (8/50)
static_kg_gcn,active,2022,436,0.0071213440068534865,641.6,False,,,,,,,,,
static_kg_gcn,active,2022,437,0.007164760113323882,643.0,False,,,,,,,,,
static_kg_gcn,active,2022,438,0.0071259004501547365,644.4,False,,,,,,,,,
static_kg_gcn,active,2022,439,0.007058768846593437,645.7,False,,,,,,,,,
static_kg_gcn,active,2022,440,0.007193637528689923,647.1,True,0.016432222850482927,0.03127199713820838,0.08547008547008547,0.10256410256410256,0.018699458722988116,0.021908804453010113,0.03863947266725044,0.04988655891433669,khong cai thien (9/50)
static_kg_gcn,active,2022,441,0.007103587896224265,648.9,False,,,,,,,,,
static_kg_gcn,active,2022,442,0.0071560667054176505,650.3,False,,,,,,,,,
static_kg_gcn,active,2022,443,0.007031560540709805,651.7,False,,,,,,,,,
static_kg_gcn,active,2022,444,0.007075361365186884,653.1,False,,,,,,,,,
static_kg_gcn,active,2022,445,0.007091884431182313,654.5,True,0.016478380779838216,0.0313873919615966,0.0811965811965812,0.09401709401709402,0.01756736305278688,0.020819367911422592,0.03436596839374617,0.04538283218838774,khong cai thien (10/50)
static_kg_gcn,active,2022,446,0.006956595931357317,656.3,False,,,,,,,,,
static_kg_gcn,active,2022,447,0.007050482719156125,657.7,False,,,,,,,,,
static_kg_gcn,active,2022,448,0.007205093496674899,659.0,False,,,,,,,,,
static_kg_gcn,active,2022,449,0.006947889398903426,660.4,False,,,,,,,,,
static_kg_gcn,active,2022,450,0.007068377279940716,661.7,True,0.016432222850482927,0.031364312996918955,0.0811965811965812,0.09401709401709402,0.01765495767152785,0.020934149467466114,0.03436596839374617,0.04538283218838774,khong cai thien (11/50)
static_kg_gcn,active,2022,451,0.007091101571377289,663.7,False,,,,,,,,,
static_kg_gcn,active,2022,452,0.007107190212375322,665.1,False,,,,,,,,,
static_kg_gcn,active,2022,453,0.00699141166287845,666.5,False,,,,,,,,,
static_kg_gcn,active,2022,454,0.006889737965084664,667.8,False,,,,,,,,,
static_kg_gcn,active,2022,455,0.006968929563991415,669.2,True,0.01659377560322644,0.03142201040861307,0.08547008547008547,0.09829059829059829,0.01904165351411029,0.02163390108565191,0.03863947266725044,0.04648358328913885,khong cai thien (12/50)
static_kg_gcn,active,2022,456,0.006998572136116372,671.0,False,,,,,,,,,
static_kg_gcn,active,2022,457,0.006949510807322084,672.4,False,,,,,,,,,
static_kg_gcn,active,2022,458,0.00701757197787421,673.7,False,,,,,,,,,
static_kg_gcn,active,2022,459,0.006981397552030959,675.1,False,,,,,,,,,
static_kg_gcn,active,2022,460,0.006957556273142259,676.5,True,0.016570696638548793,0.03146816833796836,0.07692307692307693,0.09829059829059829,0.017060902884247667,0.021835013758181542,0.03294146696924474,0.04933258613814169,khong cai thien (13/50)
static_kg_gcn,active,2022,461,0.006940286658237231,678.5,False,,,,,,,,,
static_kg_gcn,active,2022,462,0.007006266931750604,679.9,False,,,,,,,,,
static_kg_gcn,active,2022,463,0.006930116390381392,681.3,False,,,,,,,,,
static_kg_gcn,active,2022,464,0.006896448842354288,682.6,False,,,,,,,,,
static_kg_gcn,active,2022,465,0.006880994640368419,684.0,True,0.016524538709193504,0.03152586574966247,0.07264957264957266,0.09829059829059829,0.016967320054509735,0.022097805488792796,0.032229216256994035,0.04933258613814169,khong cai thien (14/50)
static_kg_gcn,active,2022,466,0.006867200151540913,685.8,False,,,,,,,,,
static_kg_gcn,active,2022,467,0.006947710167491402,687.2,False,,,,,,,,,
static_kg_gcn,active,2022,468,0.006954503996212274,688.5,False,,,,,,,,,
static_kg_gcn,active,2022,469,0.006862844815672486,689.9,False,,,,,,,,,
static_kg_gcn,active,2022,470,0.0069642532716807076,691.3,True,0.01659377560322644,0.031514326267323645,0.07692307692307693,0.09401709401709402,0.018691596240331714,0.021610941331384147,0.0365027205304983,0.04505908186463742,khong cai thien (15/50)
static_kg_gcn,active,2022,471,0.006959030107934868,693.2,False,,,,,,,,,
static_kg_gcn,active,2022,472,0.006834884669723452,694.6,False,,,,,,,,,
static_kg_gcn,active,2022,473,0.006863333281250315,696.0,False,,,,,,,,,
static_kg_gcn,active,2022,474,0.006933600512730434,697.3,False,,,,,,,,,
static_kg_gcn,active,2022,475,0.00678097410987285,698.7,True,0.016605315085565262,0.03173357643176127,0.07692307692307693,0.09401709401709402,0.01820533545361143,0.02112871884895644,0.0365027205304983,0.04505908186463742,khong cai thien (16/50)
static_kg_gcn,active,2022,476,0.006874333591697898,700.5,False,,,,,,,,,
static_kg_gcn,active,2022,477,0.006920954570042834,701.9,False,,,,,,,,,
static_kg_gcn,active,2022,478,0.006922724070612846,703.2,False,,,,,,,,,
static_kg_gcn,active,2022,479,0.006827436179825341,704.7,False,,,,,,,,,
static_kg_gcn,active,2022,480,0.006779304066796617,706.1,True,0.016582236120887616,0.03188358970216596,0.07692307692307693,0.08974358974358974,0.018237600707806362,0.020961183991828253,0.0365027205304983,0.04467058147613703,khong cai thien (17/50)
static_kg_gcn,active,2022,481,0.006861398995830182,707.9,False,,,,,,,,,
static_kg_gcn,active,2022,482,0.006842069064918065,709.3,False,,,,,,,,,
static_kg_gcn,active,2022,483,0.006836109481400216,710.6,False,,,,,,,,,
static_kg_gcn,active,2022,484,0.006804569248743873,712.0,False,,,,,,,,,
static_kg_gcn,active,2022,485,0.006918290052625848,713.3,True,0.01674378887363113,0.031998984525554185,0.07692307692307693,0.09401709401709402,0.01842861656547047,0.02137474324914839,0.0365027205304983,0.04505908186463742,khong cai thien (18/50)
static_kg_gcn,active,2022,486,0.00685983177089676,715.1,False,,,,,,,,,
static_kg_gcn,active,2022,487,0.006834138217355743,716.5,False,,,,,,,,,
static_kg_gcn,active,2022,488,0.006749415422350086,717.9,False,,,,,,,,,
static_kg_gcn,active,2022,489,0.006761059054840725,719.4,False,,,,,,,,,
static_kg_gcn,active,2022,490,0.006741290465561518,720.7,True,0.016789946802986417,0.03204514245490947,0.07264957264957266,0.09401709401709402,0.01809653531142192,0.021588986751972992,0.03507821910599688,0.04505908186463742,khong cai thien (19/50)
static_kg_gcn,active,2022,491,0.006903746784531082,722.6,False,,,,,,,,,
static_kg_gcn,active,2022,492,0.006740397095710545,723.9,False,,,,,,,,,
static_kg_gcn,active,2022,493,0.006812971577223969,725.3,False,,,,,,,,,
static_kg_gcn,active,2022,494,0.007053742344893738,726.6,False,,,,,,,,,
static_kg_gcn,active,2022,495,0.006823432135159441,728.0,True,0.0169861180027464,0.03218361624297534,0.07264957264957266,0.09401709401709402,0.018435268915351282,0.02156250328350652,0.0363444425944426,0.04505908186463742,khong cai thien (20/50)
static_kg_gcn,active,2022,496,0.006783827978184342,729.8,False,,,,,,,,,
static_kg_gcn,active,2022,497,0.00685600807766306,731.2,False,,,,,,,,,
static_kg_gcn,active,2022,498,0.006792891361509726,732.6,False,,,,,,,,,
static_kg_gcn,active,2022,499,0.006824172680412205,734.0,False,,,,,,,,,
static_kg_gcn,active,2022,500,0.0067170495456108335,735.4,True,0.017066894379118153,0.03231055054870238,0.07264957264957266,0.09401709401709402,0.017774279459295814,0.020902202777868126,0.0363444425944426,0.04505908186463742,khong cai thien (21/50)
static_kg_gcn,active,2022,501,0.0067036425899438005,737.1,False,,,,,,,,,
static_kg_gcn,active,2022,502,0.0067367651962241554,738.5,False,,,,,,,,,
static_kg_gcn,active,2022,503,0.006656656397288445,739.9,False,,,,,,,,,
static_kg_gcn,active,2022,504,0.006789047747460683,741.2,False,,,,,,,,,
static_kg_gcn,active,2022,505,0.006733850155875958,742.6,True,0.0170899733437958,0.032206695207652986,0.06837606837606838,0.09401709401709402,0.0166270186589997,0.020042918135529643,0.03607734857734858,0.04505908186463742,khong cai thien (22/50)
static_kg_gcn,active,2022,506,0.006789906575581541,744.5,False,,,,,,,,,
static_kg_gcn,active,2022,507,0.006937662342420965,746.0,False,,,,,,,,,
static_kg_gcn,active,2022,508,0.006827885200634226,747.4,False,,,,,,,,,
static_kg_gcn,active,2022,509,0.0065559693064943525,748.7,False,,,,,,,,,
static_kg_gcn,active,2022,510,0.006693971310419167,750.1,True,0.01720536816718402,0.03228747158402474,0.06837606837606838,0.08974358974358974,0.016741195031190363,0.01915171763639175,0.03607734857734858,0.040785577591133146,khong cai thien (23/50)
static_kg_gcn,active,2022,511,0.006735997343152042,751.9,False,,,,,,,,,
static_kg_gcn,active,2022,512,0.006667788403646423,753.2,False,,,,,,,,,
static_kg_gcn,active,2022,513,0.006732848793121005,754.6,False,,,,,,,,,
static_kg_gcn,active,2022,514,0.00677573956196324,756.0,False,,,,,,,,,
static_kg_gcn,active,2022,515,0.006692273359187326,757.4,True,0.017239986614200488,0.03231055054870238,0.06837606837606838,0.09401709401709402,0.016861919908063544,0.020271568034795927,0.03607734857734858,0.04505908186463742,khong cai thien (24/50)
static_kg_gcn,active,2022,516,0.006623020162056494,759.3,False,,,,,,,,,
static_kg_gcn,active,2022,517,0.006661850520702258,760.7,False,,,,,,,,,
static_kg_gcn,active,2022,518,0.006763635573814563,762.0,False,,,,,,,,,
static_kg_gcn,active,2022,519,0.006642809879618919,763.4,False,,,,,,,,,
static_kg_gcn,active,2022,520,0.006635650949175388,764.8,True,0.017286144543555777,0.032345168995718855,0.07264957264957266,0.09401709401709402,0.017248410319667905,0.020423286776728274,0.036235626513404284,0.04505908186463742,khong cai thien (25/50)
static_kg_gcn,active,2022,521,0.006612566492360513,766.6,False,,,,,,,,,
static_kg_gcn,active,2022,522,0.006750600279523346,767.9,False,,,,,,,,,
static_kg_gcn,active,2022,523,0.006717754421517954,769.3,False,,,,,,,,,
static_kg_gcn,active,2022,524,0.006595917728952938,770.7,False,,,,,,,,,
static_kg_gcn,active,2022,525,0.006665302724972794,772.1,True,0.017124591790812264,0.03229901106636356,0.07692307692307693,0.09401709401709402,0.01752917376703632,0.021154820466725455,0.036947877225655,0.048944085749641306,khong cai thien (26/50)
static_kg_gcn,active,2022,526,0.006642025727951178,774.1,False,,,,,,,,,
static_kg_gcn,active,2022,527,0.006723182762508774,775.4,False,,,,,,,,,
static_kg_gcn,active,2022,528,0.006698396561530828,776.8,False,,,,,,,,,
static_kg_gcn,active,2022,529,0.006646943325525338,778.2,False,,,,,,,,,
static_kg_gcn,active,2022,530,0.006666619292401183,779.5,True,0.01711305230847344,0.03233362951338003,0.07264957264957266,0.09401709401709402,0.017396983257312336,0.021394932324036445,0.0363444425944426,0.048944085749641306,khong cai thien (27/50)
static_kg_gcn,active,2022,531,0.00665010278521294,781.3,False,,,,,,,,,
static_kg_gcn,active,2022,532,0.006646917329384668,782.7,False,,,,,,,,,
static_kg_gcn,active,2022,533,0.006579248351851844,784.1,False,,,,,,,,,
static_kg_gcn,active,2022,534,0.006642405032476432,785.5,False,,,,,,,,,
static_kg_gcn,active,2022,535,0.006654164689965042,786.9,True,0.0170899733437958,0.03246056381910707,0.0811965811965812,0.08974358974358974,0.0187490681174134,0.021130641573192697,0.03721497124274902,0.04467058147613703,khong cai thien (28/50)
static_kg_gcn,active,2022,536,0.006707848557292305,788.7,False,,,,,,,,,
static_kg_gcn,active,2022,537,0.006551269455838343,790.1,False,,,,,,,,,
static_kg_gcn,active,2022,538,0.006593641193502652,791.4,False,,,,,,,,,
static_kg_gcn,active,2022,539,0.006556265561895442,792.8,False,,,,,,,,,
static_kg_gcn,active,2022,540,0.006615472413973631,794.2,True,0.017228447131861665,0.03233362951338003,0.0811965811965812,0.08974358974358974,0.018675141090780008,0.020854170931363412,0.03721497124274902,0.0442432310487866,khong cai thien (29/50)
static_kg_gcn,active,2022,541,0.006726297961422509,796.0,False,,,,,,,,,
static_kg_gcn,active,2022,542,0.006561935796532031,797.4,False,,,,,,,,,
static_kg_gcn,active,2022,543,0.0064694478155807875,798.8,False,,,,,,,,,
static_kg_gcn,active,2022,544,0.00657827718719597,800.2,False,,,,,,,,,
static_kg_gcn,active,2022,545,0.006684849544519084,801.6,True,0.017389999884605177,0.03243748485442943,0.07692307692307693,0.08974358974358974,0.018428746897317293,0.02086570641650008,0.03705669330669331,0.0442432310487866,khong cai thien (30/50)
static_kg_gcn,active,2022,546,0.006591270380993283,803.4,False,,,,,,,,,
static_kg_gcn,active,2022,547,0.006577131966827166,804.7,False,,,,,,,,,
static_kg_gcn,active,2022,548,0.00651796713562042,806.1,False,,,,,,,,,
static_kg_gcn,active,2022,549,0.006508244007500851,807.5,False,,,,,,,,,
static_kg_gcn,active,2022,550,0.006486333809529347,808.8,True,0.01736692091992753,0.03251826123080118,0.07692307692307693,0.08547008547008547,0.01792508293461324,0.019608186812933873,0.03705669330669331,0.04039707720263276,khong cai thien (31/50)
static_kg_gcn,active,2022,551,0.006507505307366915,810.6,False,,,,,,,,,
static_kg_gcn,active,2022,552,0.006642907841839831,812.0,False,,,,,,,,,
static_kg_gcn,active,2022,553,0.006543534347523667,813.5,False,,,,,,,,,
static_kg_gcn,active,2022,554,0.006486755507925874,814.8,False,,,,,,,,,
static_kg_gcn,active,2022,555,0.00660400508392129,816.2,True,0.01741307884928282,0.03259903760717294,0.07692307692307693,0.08547008547008547,0.017748679883379852,0.019411501118305276,0.03705669330669331,0.04039707720263276,khong cai thien (32/50)
static_kg_gcn,active,2022,556,0.006489628071230934,818.0,False,,,,,,,,,
static_kg_gcn,active,2022,557,0.006478369310180447,819.3,False,,,,,,,,,
static_kg_gcn,active,2022,558,0.006520039094456234,820.7,False,,,,,,,,,
static_kg_gcn,active,2022,559,0.006491593621979869,822.1,False,,,,,,,,,
static_kg_gcn,active,2022,560,0.006434227883285304,823.5,True,0.017424618331621643,0.032702892948222345,0.07692307692307693,0.09401709401709402,0.01848529895229138,0.02122582480796018,0.03705669330669331,0.04471374818597041,khong cai thien (33/50)
static_kg_gcn,active,2022,561,0.006470802301930743,825.4,False,,,,,,,,,
static_kg_gcn,active,2022,562,0.006544519223150907,826.8,False,,,,,,,,,
static_kg_gcn,active,2022,563,0.0065402308277316005,828.2,False,,,,,,,,,
static_kg_gcn,active,2022,564,0.006531239291296442,829.6,False,,,,,,,,,
static_kg_gcn,active,2022,565,0.0066121300931325,830.9,True,0.017378460402266354,0.0326798139835447,0.06837606837606838,0.09401709401709402,0.01791215740611015,0.021198438914593498,0.03598831723831723,0.04471374818597041,khong cai thien (34/50)
static_kg_gcn,active,2022,566,0.006483155678783652,832.7,False,,,,,,,,,
static_kg_gcn,active,2022,567,0.0064720781732053615,834.1,False,,,,,,,,,
static_kg_gcn,active,2022,568,0.006530579958407579,835.5,False,,,,,,,,,
static_kg_gcn,active,2022,569,0.006590626932468304,836.8,False,,,,,,,,,
static_kg_gcn,active,2022,570,0.006450726545883549,838.3,True,0.017493855225654577,0.03287598518330468,0.06837606837606838,0.08974358974358974,0.018071622775300916,0.02116845698846056,0.03598831723831723,0.04467058147613703,khong cai thien (35/50)
static_kg_gcn,active,2022,571,0.006430632710470899,840.2,False,,,,,,,,,
static_kg_gcn,active,2022,572,0.0064869678811048615,841.6,False,,,,,,,,,
static_kg_gcn,active,2022,573,0.006453879523462307,842.9,False,,,,,,,,,
static_kg_gcn,active,2022,574,0.006520127845565666,844.3,False,,,,,,,,,
static_kg_gcn,active,2022,575,0.006460206780207644,845.7,True,0.017540013155009866,0.03302599845370937,0.06837606837606838,0.08974358974358974,0.018149917523635015,0.021380279829544983,0.03527606652606653,0.0442432310487866,khong cai thien (36/50)
static_kg_gcn,active,2022,576,0.006403216184318738,847.5,False,,,,,,,,,
static_kg_gcn,active,2022,577,0.006472971026314925,848.8,False,,,,,,,,,
static_kg_gcn,active,2022,578,0.006368577529750318,850.2,False,,,,,,,,,
static_kg_gcn,active,2022,579,0.006449463597971714,851.6,False,,,,,,,,,
static_kg_gcn,active,2022,580,0.006433075979852665,853.0,True,0.017540013155009866,0.03300291948903172,0.07692307692307693,0.08974358974358974,0.019213578700963917,0.021407865516095484,0.0374451936951937,0.0442432310487866,khong cai thien (37/50)
static_kg_gcn,active,2022,581,0.0063404620466128,854.8,False,,,,,,,,,
static_kg_gcn,active,2022,582,0.0064488104577775165,856.2,False,,,,,,,,,
static_kg_gcn,active,2022,583,0.006438704347796102,857.5,False,,,,,,,,,
static_kg_gcn,active,2022,584,0.006454803092580169,858.9,False,,,,,,,,,
static_kg_gcn,active,2022,585,0.006333748103128978,860.3,True,0.01744769729629929,0.032933682594998785,0.0811965811965812,0.08974358974358974,0.019486044524822433,0.021654198658153913,0.037603471631249406,0.04467058147613703,khong cai thien (38/50)
static_kg_gcn,active,2022,586,0.006463733531212614,862.0,False,,,,,,,,,
static_kg_gcn,active,2022,587,0.006378410144888121,863.4,False,,,,,,,,,
static_kg_gcn,active,2022,588,0.00639755672393731,864.8,False,,,,,,,,,
static_kg_gcn,active,2022,589,0.0064377841438605764,866.2,False,,,,,,,,,
static_kg_gcn,active,2022,590,0.0063816891777433256,867.6,True,0.01751693419033222,0.033072156383064655,0.07264957264957266,0.09401709401709402,0.018400118349890672,0.022148013854747215,0.03673294298294298,0.048944085749641306,khong cai thien (39/50)
static_kg_gcn,active,2022,591,0.006360698435059426,869.4,False,,,,,,,,,
static_kg_gcn,active,2022,592,0.006478961948154197,870.8,False,,,,,,,,,
static_kg_gcn,active,2022,593,0.006463745481119768,872.1,False,,,,,,,,,
static_kg_gcn,active,2022,594,0.006403362699625351,873.5,False,,,,,,,,,
static_kg_gcn,active,2022,595,0.006381791155790545,874.8,True,0.017643868496059267,0.033222169653469344,0.07692307692307693,0.09401709401709402,0.018618005232926543,0.02206705800285874,0.03689122091899869,0.048944085749641306,khong cai thien (40/50)
static_kg_gcn,active,2022,596,0.006392112734102885,876.6,False,,,,,,,,,
static_kg_gcn,active,2022,597,0.006392583320001293,878.0,False,,,,,,,,,
static_kg_gcn,active,2022,598,0.00641383748303913,879.4,False,,,,,,,,,
static_kg_gcn,active,2022,599,0.006309610235940242,880.8,False,,,,,,,,,
static_kg_gcn,active,2022,600,0.006289711789478705,882.2,True,0.0176092500490428,0.03324524861814699,0.07264957264957266,0.09401709401709402,0.01834580273001211,0.02207294101466229,0.03673294298294298,0.048944085749641306,khong cai thien (41/50)
static_kg_gcn,active,2022,601,0.006333642385437531,884.0,False,,,,,,,,,
static_kg_gcn,active,2022,602,0.0063780215743276135,885.3,False,,,,,,,,,
static_kg_gcn,active,2022,603,0.006309190523645518,886.7,False,,,,,,,,,
static_kg_gcn,active,2022,604,0.00628929830443474,888.0,False,,,,,,,,,
static_kg_gcn,active,2022,605,0.006337905993232311,889.4,True,0.01765540797839809,0.033568354123634014,0.07692307692307693,0.09829059829059829,0.018628762753597643,0.02297642413205784,0.0374451936951937,0.05321759002314558,khong cai thien (42/50)
static_kg_gcn,active,2022,606,0.006406615296618657,891.2,False,,,,,,,,,
static_kg_gcn,active,2022,607,0.006343436536360823,892.6,False,,,,,,,,,
static_kg_gcn,active,2022,608,0.00638327285583687,894.0,False,,,,,,,,,
static_kg_gcn,active,2022,609,0.0063909005860297045,895.4,False,,,,,,,,,
static_kg_gcn,active,2022,610,0.006350773415843252,896.7,True,0.01780542124880278,0.03359143308831166,0.07692307692307693,0.10256410256410256,0.01859268323120636,0.0232225288796626,0.03689122091899869,0.05360609041164596,best
static_kg_gcn,active,2022,611,0.0063329522120906204,898.5,False,,,,,,,,,
static_kg_gcn,active,2022,612,0.006298477510230701,899.9,False,,,,,,,,,
static_kg_gcn,active,2022,613,0.006220495715201144,901.3,False,,,,,,,,,
static_kg_gcn,active,2022,614,0.006338706132159809,902.6,False,,,,,,,,,
static_kg_gcn,active,2022,615,0.006337137400606469,904.0,True,0.017793881766463956,0.033626051535328126,0.07692307692307693,0.10256410256410256,0.018715969346517227,0.02376797002538856,0.03546671949449726,0.05360609041164596,best
static_kg_gcn,active,2022,616,0.00629017309076727,905.9,False,,,,,,,,,
static_kg_gcn,active,2022,617,0.00627154825175165,907.3,False,,,,,,,,,
static_kg_gcn,active,2022,618,0.0063203472607088595,908.7,False,,,,,,,,,
static_kg_gcn,active,2022,619,0.006262442018815477,910.0,False,,,,,,,,,
static_kg_gcn,active,2022,620,0.00622773024115378,911.4,True,0.01786311866049689,0.033579893605972834,0.07692307692307693,0.10256410256410256,0.01865515268374946,0.02372220467481615,0.03546671949449726,0.05360609041164596,khong cai thien (1/50)
static_kg_gcn,active,2022,621,0.006275542339150088,913.2,False,,,,,,,,,
static_kg_gcn,active,2022,622,0.006219723330094643,914.6,False,,,,,,,,,
static_kg_gcn,active,2022,623,0.006220240482167759,915.9,False,,,,,,,,,
static_kg_gcn,active,2022,624,0.00638940560147356,917.3,False,,,,,,,,,
static_kg_gcn,active,2022,625,0.0063848559156264575,918.7,True,0.01775926331944749,0.03354527515895637,0.07692307692307693,0.10256410256410256,0.01849202003092169,0.02337562683488258,0.03546671949449726,0.053178739984295544,khong cai thien (2/50)
static_kg_gcn,active,2022,626,0.006303666202342513,920.7,False,,,,,,,,,
static_kg_gcn,active,2022,627,0.00629829569467945,922.0,False,,,,,,,,,
static_kg_gcn,active,2022,628,0.006272456983294103,923.4,False,,,,,,,,,
static_kg_gcn,active,2022,629,0.006254213507824598,924.8,False,,,,,,,,,
static_kg_gcn,active,2022,630,0.006254663596672394,926.1,True,0.01775926331944749,0.033776064805732815,0.07264957264957266,0.10256410256410256,0.01799598580147141,0.02338920901137642,0.03491994116994117,0.053178739984295544,khong cai thien (3/50)
static_kg_gcn,active,2022,631,0.006195492253848954,927.9,False,,,,,,,,,
static_kg_gcn,active,2022,632,0.006212163329118124,929.3,False,,,,,,,,,
static_kg_gcn,active,2022,633,0.006205503916289655,930.7,False,,,,,,,,,
static_kg_gcn,active,2022,634,0.006228592175231102,932.0,False,,,,,,,,,
static_kg_gcn,active,2022,635,0.006131620655048047,933.5,True,0.0176092500490428,0.03374144635871635,0.07692307692307693,0.10256410256410256,0.018366381281768155,0.023124239592099662,0.03546671949449726,0.053178739984295544,khong cai thien (4/50)
static_kg_gcn,active,2022,636,0.006359195972842404,935.2,False,,,,,,,,,
static_kg_gcn,active,2022,637,0.0062854404115927996,936.6,False,,,,,,,,,
static_kg_gcn,active,2022,638,0.006262942081723482,938.0,False,,,,,,,,,
static_kg_gcn,active,2022,639,0.0062288278499387,939.3,False,,,,,,,,,
static_kg_gcn,active,2022,640,0.006238706089905714,940.7,True,0.01770156590775338,0.03394915704081515,0.07692307692307693,0.09401709401709402,0.0179831297329329,0.02151653604515426,0.03546671949449726,0.04851673532229087,khong cai thien (5/50)
static_kg_gcn,active,2022,641,0.006220728258959339,942.5,False,,,,,,,,,
static_kg_gcn,active,2022,642,0.0062351930368423104,943.8,False,,,,,,,,,
static_kg_gcn,active,2022,643,0.006216695160692534,945.2,False,,,,,,,,,
static_kg_gcn,active,2022,644,0.006149206568384791,946.6,False,,,,,,,,,
static_kg_gcn,active,2022,645,0.00622344774426097,948.0,True,0.017678486943075732,0.03394915704081515,0.07692307692307693,0.09401709401709402,0.01849051743624142,0.021488166968584632,0.0374451936951937,0.04851673532229087,khong cai thien (6/50)
static_kg_gcn,active,2022,646,0.006181052038083956,949.8,False,,,,,,,,,
static_kg_gcn,active,2022,647,0.006231157552356809,951.1,False,,,,,,,,,
static_kg_gcn,active,2022,648,0.006250195219188559,952.5,False,,,,,,,,,
static_kg_gcn,active,2022,649,0.006207472090028134,953.8,False,,,,,,,,,
static_kg_gcn,active,2022,650,0.006140961605493552,955.2,True,0.017632329013720444,0.033983775487831616,0.0811965811965812,0.08974358974358974,0.019032491373056678,0.02078584246321772,0.037603471631249406,0.0442432310487866,khong cai thien (7/50)
static_kg_gcn,active,2022,651,0.0062201828621811185,957.0,False,,,,,,,,,
static_kg_gcn,active,2022,652,0.006208469749690344,958.4,False,,,,,,,,,
static_kg_gcn,active,2022,653,0.00622624329496285,959.8,False,,,,,,,,,
static_kg_gcn,active,2022,654,0.006210481865556522,961.2,False,,,,,,,,,
static_kg_gcn,active,2022,655,0.006198679251248638,962.6,True,0.01765540797839809,0.03402993341718691,0.0811965811965812,0.08974358974358974,0.01872887790580077,0.020780007738539722,0.037603471631249406,0.04467058147613703,khong cai thien (8/50)
static_kg_gcn,active,2022,656,0.006232096627864044,964.4,False,,,,,,,,,
static_kg_gcn,active,2022,657,0.006238709274040972,965.7,False,,,,,,,,,
static_kg_gcn,active,2022,658,0.006200814010229926,967.1,False,,,,,,,,,
static_kg_gcn,active,2022,659,0.006152849391477078,968.4,False,,,,,,,,,
static_kg_gcn,active,2022,660,0.006174268224009478,969.8,True,0.017770802801786313,0.03424918358162453,0.0811965811965812,0.08974358974358974,0.01816398950610962,0.020233878762882712,0.037603471631249406,0.04467058147613703,khong cai thien (9/50)
static_kg_gcn,active,2022,661,0.006180896144163524,971.7,False,,,,,,,,,
static_kg_gcn,active,2022,662,0.0061789826491253945,973.1,False,,,,,,,,,
static_kg_gcn,active,2022,663,0.006143290058163607,974.5,False,,,,,,,,,
static_kg_gcn,active,2022,664,0.006180011108565462,975.8,False,,,,,,,,,
static_kg_gcn,active,2022,665,0.006181511897386658,977.2,True,0.017851579178158068,0.03422610461694688,0.0811965811965812,0.08974358974358974,0.01883794026887437,0.0208704172048468,0.037603471631249406,0.04467058147613703,khong cai thien (10/50)
static_kg_gcn,active,2022,666,0.006182221514485402,979.0,False,,,,,,,,,
static_kg_gcn,active,2022,667,0.006146347796547117,980.3,False,,,,,,,,,
static_kg_gcn,active,2022,668,0.006214070150729136,981.7,False,,,,,,,,,
static_kg_gcn,active,2022,669,0.006144296359552557,983.1,False,,,,,,,,,
static_kg_gcn,active,2022,670,0.00617324840226859,984.4,True,0.017874658142835714,0.034341499440335106,0.0811965811965812,0.09829059829059829,0.019085903579591054,0.02229317427826882,0.037603471631249406,0.04898725245947468,khong cai thien (11/50)
static_kg_gcn,active,2022,671,0.0061692105019737825,986.4,False,,,,,,,,,
static_kg_gcn,active,2022,672,0.006080112782760318,987.7,False,,,,,,,,,
static_kg_gcn,active,2022,673,0.006139876913607091,989.1,False,,,,,,,,,
static_kg_gcn,active,2022,674,0.006090972817308287,990.5,False,,,,,,,,,
static_kg_gcn,active,2022,675,0.0061692826559516314,991.9,True,0.017828500213480425,0.034122249275897486,0.0811965811965812,0.09401709401709402,0.019117781244365493,0.022436851627505115,0.03721497124274902,0.048944085749641306,khong cai thien (12/50)
static_kg_gcn,active,2022,676,0.006168852514971873,993.6,False,,,,,,,,,
static_kg_gcn,active,2022,677,0.006096860248117245,995.0,False,,,,,,,,,
static_kg_gcn,active,2022,678,0.0061358297832124235,996.3,False,,,,,,,,,
static_kg_gcn,active,2022,679,0.00613968528078745,997.7,False,,,,,,,,,
static_kg_gcn,active,2022,680,0.0061844704335850455,999.1,True,0.017828500213480425,0.03423764409928571,0.0811965811965812,0.09829059829059829,0.019720640976271363,0.02373835477799574,0.037603471631249406,0.05321759002314558,khong cai thien (13/50)
static_kg_gcn,active,2022,681,0.0060825442664453385,1001.1,False,,,,,,,,,
static_kg_gcn,active,2022,682,0.006076258339532339,1002.4,False,,,,,,,,,
static_kg_gcn,active,2022,683,0.006242662135652362,1003.8,False,,,,,,,,,
static_kg_gcn,active,2022,684,0.006032259924868133,1005.1,False,,,,,,,,,
static_kg_gcn,active,2022,685,0.006151235616350452,1006.5,True,0.018001592448562757,0.034433815299045684,0.0811965811965812,0.09401709401709402,0.019129916208651117,0.022170577589008297,0.037603471631249406,0.048944085749641306,khong cai thien (14/50)
static_kg_gcn,active,2022,686,0.00610667424958508,1008.3,False,,,,,,,,,
static_kg_gcn,active,2022,687,0.006165647239302303,1009.6,False,,,,,,,,,
static_kg_gcn,active,2022,688,0.006044291453762819,1011.0,False,,,,,,,,,
static_kg_gcn,active,2022,689,0.006056643887789781,1012.4,False,,,,,,,,,
static_kg_gcn,active,2022,690,0.006078038978732113,1013.8,True,0.01790927658985218,0.03420302565226924,0.0811965811965812,0.08974358974358974,0.018880930695231054,0.020944265495853452,0.037603471631249406,0.04467058147613703,khong cai thien (15/50)
static_kg_gcn,active,2022,691,0.00606929425996532,1015.6,False,,,,,,,,,
static_kg_gcn,active,2022,692,0.006187732092136797,1016.9,False,,,,,,,,,
static_kg_gcn,active,2022,693,0.006062044521883433,1018.3,False,,,,,,,,,
static_kg_gcn,active,2022,694,0.006103932706158107,1019.6,False,,,,,,,,,
static_kg_gcn,active,2022,695,0.006063564165540816,1020.9,True,0.01790927658985218,0.03437611788735157,0.0811965811965812,0.09401709401709402,0.019456352028889075,0.022554779411873886,0.037603471631249406,0.048944085749641306,khong cai thien (16/50)
static_kg_gcn,active,2022,696,0.0061056257658728815,1022.7,False,,,,,,,,,
static_kg_gcn,active,2022,697,0.006085427885787603,1024.1,False,,,,,,,,,
static_kg_gcn,active,2022,698,0.006104633236319264,1025.5,False,,,,,,,,,
static_kg_gcn,active,2022,699,0.00613506136450727,1026.8,False,,,,,,,,,
static_kg_gcn,active,2022,700,0.006069913459234623,1028.2,True,0.01801313193090158,0.034353038922673926,0.0811965811965812,0.09829059829059829,0.019600034142983374,0.023688630533642917,0.037603471631249406,0.05321759002314558,khong cai thien (17/50)
static_kg_gcn,active,2022,701,0.005993561252725932,1029.9,False,,,,,,,,,
static_kg_gcn,active,2022,702,0.006020880473471226,1031.3,False,,,,,,,,,
static_kg_gcn,active,2022,703,0.006054785036114305,1032.6,False,,,,,,,,,
static_kg_gcn,active,2022,704,0.006040349659425341,1034.0,False,,,,,,,,,
static_kg_gcn,active,2022,705,0.006015259656328414,1035.3,True,0.018024671413240403,0.034272262546302175,0.0811965811965812,0.09401709401709402,0.019532264999185672,0.02173430411895317,0.037603471631249406,0.04505908186463742,khong cai thien (18/50)
static_kg_gcn,active,2022,706,0.006025267545644648,1037.1,False,,,,,,,,,
static_kg_gcn,active,2022,707,0.005985301699908221,1038.5,False,,,,,,,,,
static_kg_gcn,active,2022,708,0.00593161900697319,1039.9,False,,,,,,,,,
static_kg_gcn,active,2022,709,0.006100031190377161,1041.2,False,,,,,,,,,
static_kg_gcn,active,2022,710,0.006029464508648122,1042.6,True,0.017851579178158068,0.03432995995799629,0.0811965811965812,0.09401709401709402,0.0196702306615302,0.022082923360281347,0.037603471631249406,0.04548643229198785,khong cai thien (19/50)
static_kg_gcn,active,2022,711,0.006036237968832474,1044.4,False,,,,,,,,,
static_kg_gcn,active,2022,712,0.006009574571270525,1045.7,False,,,,,,,,,
static_kg_gcn,active,2022,713,0.006000183578038829,1047.1,False,,,,,,,,,
static_kg_gcn,active,2022,714,0.005945148156949107,1048.5,False,,,,,,,,,
static_kg_gcn,active,2022,715,0.0060555610689851805,1049.8,True,0.01801313193090158,0.03424918358162453,0.0811965811965812,0.08974358974358974,0.019950859726140222,0.02223368055688897,0.037603471631249406,0.045097931903487466,khong cai thien (20/50)
static_kg_gcn,active,2022,716,0.006031622523107752,1051.7,False,,,,,,,,,
static_kg_gcn,active,2022,717,0.005966021731277082,1053.1,False,,,,,,,,,
static_kg_gcn,active,2022,718,0.00597862676621691,1054.5,False,,,,,,,,,
static_kg_gcn,active,2022,719,0.00601009901350231,1055.9,False,,,,,,,,,
static_kg_gcn,active,2022,720,0.006074710728896748,1057.2,True,0.017990052966223934,0.034122249275897486,0.0811965811965812,0.08974358974358974,0.020030837530658725,0.02215142318396568,0.037603471631249406,0.04493965396743175,khong cai thien (21/50)
static_kg_gcn,active,2022,721,0.005976441897911939,1059.0,False,,,,,,,,,
static_kg_gcn,active,2022,722,0.005983619078607152,1060.4,False,,,,,,,,,
static_kg_gcn,active,2022,723,0.006077944772808191,1061.7,False,,,,,,,,,
static_kg_gcn,active,2022,724,0.006048316683125358,1063.1,False,,,,,,,,,
static_kg_gcn,active,2022,725,0.006030709848409774,1064.5,True,0.018036210895579226,0.034272262546302175,0.07692307692307693,0.09401709401709402,0.018664124318739806,0.022054277602964054,0.033329967357745134,0.04532815435593213,khong cai thien (22/50)
static_kg_gcn,active,2022,726,0.006011136112397868,1066.4,False,,,,,,,,,
static_kg_gcn,active,2022,727,0.005979060773938904,1067.8,False,,,,,,,,,
static_kg_gcn,active,2022,728,0.005996636698100351,1069.2,False,,,,,,,,,
static_kg_gcn,active,2022,729,0.0059424623234524444,1070.6,False,,,,,,,,,
static_kg_gcn,active,2022,730,0.006106979066244476,1071.9,True,0.018186224165983915,0.03436457840501275,0.07692307692307693,0.10256410256410256,0.019251376214982376,0.023664875691639244,0.033329967357745134,0.04964482533926978,khong cai thien (23/50)
static_kg_gcn,active,2022,731,0.005989055751322166,1073.7,False,,,,,,,,,
static_kg_gcn,active,2022,732,0.005957156691402806,1075.1,False,,,,,,,,,
static_kg_gcn,active,2022,733,0.0059931800366638975,1076.5,False,,,,,,,,,
static_kg_gcn,active,2022,734,0.006025558209413763,1077.9,False,,,,,,,,,
static_kg_gcn,active,2022,735,0.005903748577239848,1079.3,True,0.018082368824934515,0.034422275816706864,0.07692307692307693,0.09829059829059829,0.019705702974172273,0.023616435983959645,0.033329967357745134,0.0488894079171857,khong cai thien (24/50)
static_kg_gcn,active,2022,736,0.006008464883108042,1081.1,False,,,,,,,,,
static_kg_gcn,active,2022,737,0.005995356907384994,1082.4,False,,,,,,,,,
static_kg_gcn,active,2022,738,0.005986959887513457,1083.8,False,,,,,,,,,
static_kg_gcn,active,2022,739,0.005926175289219723,1085.1,False,,,,,,,,,
static_kg_gcn,active,2022,740,0.005896804417090481,1086.5,True,0.018186224165983915,0.034433815299045684,0.07692307692307693,0.08974358974358974,0.019752523461228744,0.022545246901958662,0.033329967357745134,0.04422740325518103,khong cai thien (25/50)
static_kg_gcn,active,2022,741,0.005987834559161688,1088.3,False,,,,,,,,,
static_kg_gcn,active,2022,742,0.005891622636050192,1089.7,False,,,,,,,,,
static_kg_gcn,active,2022,743,0.005936712484726372,1091.1,False,,,,,,,,,
static_kg_gcn,active,2022,744,0.00593743505603827,1092.5,False,,,,,,,,,
static_kg_gcn,active,2022,745,0.005967994598970716,1093.9,True,0.018313158471710958,0.034779999769210354,0.07692307692307693,0.10256410256410256,0.019691044680811554,0.02464632106366132,0.033329967357745134,0.052817578512022956,best
static_kg_gcn,active,2022,746,0.0059002026364215945,1095.7,False,,,,,,,,,
static_kg_gcn,active,2022,747,0.006033575906682005,1097.1,False,,,,,,,,,
static_kg_gcn,active,2022,748,0.005962084362225271,1098.4,False,,,,,,,,,
static_kg_gcn,active,2022,749,0.005964551798619579,1099.8,False,,,,,,,,,
static_kg_gcn,active,2022,750,0.005962865435577744,1101.2,True,0.01832469795404978,0.034629986498805665,0.07692307692307693,0.10683760683760683,0.018850863202312433,0.02444678648780777,0.033329967357745134,0.054242079936524384,khong cai thien (1/50)
static_kg_gcn,active,2022,751,0.005951131847406332,1103.0,False,,,,,,,,,
static_kg_gcn,active,2022,752,0.00603310171873846,1104.4,False,,,,,,,,,
static_kg_gcn,active,2022,753,0.005888557442957375,1105.8,False,,,,,,,,,
static_kg_gcn,active,2022,754,0.005880475301903956,1107.2,False,,,,,,,,,
static_kg_gcn,active,2022,755,0.006009728466840959,1108.6,True,0.01816314520130627,0.034629986498805665,0.07692307692307693,0.10683760683760683,0.018799174444799286,0.02440198369469011,0.033329967357745134,0.054242079936524384,khong cai thien (2/50)
static_kg_gcn,active,2022,756,0.005889266000605656,1110.4,False,,,,,,,,,
static_kg_gcn,active,2022,757,0.005949143951490275,1111.7,False,,,,,,,,,
static_kg_gcn,active,2022,758,0.00596781354038917,1113.1,False,,,,,,,,,
static_kg_gcn,active,2022,759,0.005843892361071217,1114.5,False,,,,,,,,,
static_kg_gcn,active,2022,760,0.0059136140417879275,1115.8,True,0.018209303130661558,0.03451459167541744,0.07692307692307693,0.10683760683760683,0.01860811361525654,0.02429410782956421,0.033329967357745134,0.054242079936524384,khong cai thien (3/50)
static_kg_gcn,active,2022,761,0.0058589074254104066,1117.7,False,,,,,,,,,
static_kg_gcn,active,2022,762,0.005913568883088966,1119.1,False,,,,,,,,,
static_kg_gcn,active,2022,763,0.0059577021708103655,1120.5,False,,,,,,,,,
static_kg_gcn,active,2022,764,0.005910350431295066,1121.9,False,,,,,,,,,
static_kg_gcn,active,2022,765,0.005925560656761589,1123.2,True,0.018128526754289803,0.034699223392838596,0.07264957264957266,0.11538461538461539,0.018033525984942123,0.02547669005308882,0.03306287334065112,0.059616335310779756,best
static_kg_gcn,active,2022,766,0.005909936575173095,1125.0,False,,,,,,,,,
static_kg_gcn,active,2022,767,0.005873335134370786,1126.4,False,,,,,,,,,
static_kg_gcn,active,2022,768,0.005857636301157259,1127.8,False,,,,,,,,,
static_kg_gcn,active,2022,769,0.005843990387328486,1129.1,False,,,,,,,,,
static_kg_gcn,active,2022,770,0.005922808104920085,1130.5,True,0.018140066236628626,0.03460690753412802,0.0811965811965812,0.10683760683760683,0.019117520308450875,0.02530974696841501,0.034754468782246556,0.05875731778509556,khong cai thien (1/50)
static_kg_gcn,active,2022,771,0.005881402117519881,1132.5,False,,,,,,,,,
static_kg_gcn,active,2022,772,0.005918431783820367,1133.9,False,,,,,,,,,
static_kg_gcn,active,2022,773,0.005889917921405622,1135.2,False,,,,,,,,,
static_kg_gcn,active,2022,774,0.005927550065136606,1136.6,False,,,,,,,,,
static_kg_gcn,active,2022,775,0.005925347457270827,1138.0,True,0.01816314520130627,0.0345953680517892,0.08547008547008547,0.10683760683760683,0.02061601392971491,0.02489678177514999,0.03902797305575083,0.054685258157480376,khong cai thien (2/50)
static_kg_gcn,active,2022,776,0.005882606624374645,1139.8,False,,,,,,,,,
static_kg_gcn,active,2022,777,0.005823563579966835,1141.1,False,,,,,,,,,
static_kg_gcn,active,2022,778,0.005880590353096876,1142.5,False,,,,,,,,,
static_kg_gcn,active,2022,779,0.005829629575074989,1143.9,False,,,,,,,,,
static_kg_gcn,active,2022,780,0.005844989509546539,1145.3,True,0.018197763648322735,0.034699223392838596,0.08547008547008547,0.10256410256410256,0.020643277441762208,0.023898908767921775,0.03902797305575083,0.050411753883976104,khong cai thien (3/50)
static_kg_gcn,active,2022,781,0.005848190255921934,1147.3,False,,,,,,,,,
static_kg_gcn,active,2022,782,0.005854875830793425,1148.6,False,,,,,,,,,
static_kg_gcn,active,2022,783,0.005819976216691571,1150.0,False,,,,,,,,,
static_kg_gcn,active,2022,784,0.005957982865137385,1151.4,False,,,,,,,,,
static_kg_gcn,active,2022,785,0.005906718746722198,1152.7,True,0.01807082934259569,0.03476846028687153,0.0811965811965812,0.10256410256410256,0.02044574672089163,0.02414152639334058,0.037959596987374764,0.050411753883976104,khong cai thien (4/50)
static_kg_gcn,active,2022,786,0.005843036662823907,1154.6,False,,,,,,,,,
static_kg_gcn,active,2022,787,0.00591246491369325,1155.9,False,,,,,,,,,
static_kg_gcn,active,2022,788,0.005793516192533662,1157.3,False,,,,,,,,,
static_kg_gcn,active,2022,789,0.005805969033850418,1158.7,False,,,,,,,,,
static_kg_gcn,active,2022,790,0.005834755187879954,1160.2,True,0.018128526754289803,0.034791539251549174,0.0811965811965812,0.10683760683760683,0.020951619242913156,0.024737806315729312,0.037959596987374764,0.050696654168876386,khong cai thien (5/50)
static_kg_gcn,active,2022,791,0.005867313093693698,1161.9,False,,,,,,,,,
static_kg_gcn,active,2022,792,0.005861628026263279,1163.3,False,,,,,,,,,
static_kg_gcn,active,2022,793,0.00586898589507812,1164.7,False,,,,,,,,,
static_kg_gcn,active,2022,794,0.0057715166802288645,1166.0,False,,,,,,,,,
static_kg_gcn,active,2022,795,0.005830555268279948,1167.4,True,0.018197763648322735,0.03468768391049978,0.0811965811965812,0.1111111111111111,0.021677941136731944,0.026356301856624728,0.037959596987374764,0.05507375854598077,best
static_kg_gcn,active,2022,796,0.005814034322325667,1169.2,False,,,,,,,,,
static_kg_gcn,active,2022,797,0.005905443819827539,1170.6,False,,,,,,,,,
static_kg_gcn,active,2022,798,0.00583928530677604,1172.0,False,,,,,,,,,
static_kg_gcn,active,2022,799,0.005804125943431596,1173.4,False,,,,,,,,,
static_kg_gcn,active,2022,800,0.005836845693149399,1174.8,True,0.018209303130661558,0.03471076287517742,0.0811965811965812,0.1111111111111111,0.020041102625398027,0.025065280054623978,0.037959596987374764,0.055501108973331194,khong cai thien (1/50)
static_kg_gcn,active,2022,801,0.005764268004898567,1176.6,False,,,,,,,,,
static_kg_gcn,active,2022,802,0.005831911338150462,1178.0,False,,,,,,,,,
static_kg_gcn,active,2022,803,0.005748309859864844,1179.4,False,,,,,,,,,
static_kg_gcn,active,2022,804,0.0058268980968320064,1180.7,False,,,,,,,,,
static_kg_gcn,active,2022,805,0.005767024305616422,1182.1,True,0.018347776918727427,0.03487231562792093,0.08547008547008547,0.09829059829059829,0.021138044270340037,0.02343899777153403,0.03902797305575083,0.046565600037822265,khong cai thien (2/50)
static_kg_gcn,active,2022,806,0.005888766571946329,1183.9,False,,,,,,,,,
static_kg_gcn,active,2022,807,0.005741122575870951,1185.3,False,,,,,,,,,
static_kg_gcn,active,2022,808,0.005836943705999862,1186.8,False,,,,,,,,,
static_kg_gcn,active,2022,809,0.00577965900707264,1188.1,False,,,,,,,,,
static_kg_gcn,active,2022,810,0.005738126722622877,1189.5,True,0.018440092777438005,0.034849236663243285,0.0811965811965812,0.09829059829059829,0.020858587786822008,0.023616041711693354,0.037959596987374764,0.046565600037822265,khong cai thien (3/50)
static_kg_gcn,active,2022,811,0.00578018993876954,1191.3,False,,,,,,,,,
static_kg_gcn,active,2022,812,0.005782035689694901,1192.7,False,,,,,,,,,
static_kg_gcn,active,2022,813,0.005771441075570394,1194.1,False,,,,,,,,,
static_kg_gcn,active,2022,814,0.005830574049378694,1195.4,False,,,,,,,,,
static_kg_gcn,active,2022,815,0.005741269651615237,1196.8,True,0.018359316401066247,0.03495309200429269,0.0811965811965812,0.09829059829059829,0.020971236538203326,0.023794495338628385,0.037959596987374764,0.04691093371648927,khong cai thien (4/50)
static_kg_gcn,active,2022,816,0.005747303129982177,1198.7,False,,,,,,,,,
static_kg_gcn,active,2022,817,0.005823066364525051,1200.2,False,,,,,,,,,
static_kg_gcn,active,2022,818,0.0058176073256407555,1201.6,False,,,,,,,,,
static_kg_gcn,active,2022,819,0.005824662132129423,1202.9,False,,,,,,,,,
static_kg_gcn,active,2022,820,0.0058538734749140064,1204.3,True,0.018336237436388604,0.0349069340749374,0.08547008547008547,0.10256410256410256,0.021650780975758,0.024201385780377775,0.03902797305575083,0.04695410042632265,khong cai thien (5/50)
static_kg_gcn,active,2022,821,0.005732560233286184,1206.1,False,,,,,,,,,
static_kg_gcn,active,2022,822,0.0058175707187288995,1207.5,False,,,,,,,,,
static_kg_gcn,active,2022,823,0.005810904408631115,1208.8,False,,,,,,,,,
static_kg_gcn,active,2022,824,0.005724601999946407,1210.2,False,,,,,,,,,
static_kg_gcn,active,2022,825,0.005831269770799247,1211.6,True,0.01837085588340507,0.034791539251549174,0.08547008547008547,0.09401709401709402,0.02256753701582057,0.02475234247005829,0.03902797305575083,0.04652243332798889,khong cai thien (6/50)
static_kg_gcn,active,2022,826,0.005773566254357589,1213.5,False,,,,,,,,,
static_kg_gcn,active,2022,827,0.005795571435654769,1214.9,False,,,,,,,,,
static_kg_gcn,active,2022,828,0.005727319176766757,1216.3,False,,,,,,,,,
static_kg_gcn,active,2022,829,0.0057580988495809,1217.7,False,,,,,,,,,
static_kg_gcn,active,2022,830,0.0057481841231885895,1219.0,True,0.01832469795404978,0.03506848682768091,0.08547008547008547,0.09829059829059829,0.022629264301556092,0.02597389813906831,0.03902797305575083,0.05079593760149316,khong cai thien (7/50)
static_kg_gcn,active,2022,831,0.005785580841516074,1220.9,False,,,,,,,,,
static_kg_gcn,active,2022,832,0.005776398558664607,1222.2,False,,,,,,,,,
static_kg_gcn,active,2022,833,0.005682081110827406,1223.6,False,,,,,,,,,
static_kg_gcn,active,2022,834,0.0057477256918488555,1225.0,False,,,,,,,,,
static_kg_gcn,active,2022,835,0.00571201607103191,1226.4,True,0.018359316401066247,0.0352185000980856,0.08547008547008547,0.09829059829059829,0.0231740011875746,0.02654428449457229,0.03902797305575083,0.05079593760149316,best
static_kg_gcn,active,2022,836,0.005687447219843706,1228.3,False,,,,,,,,,
static_kg_gcn,active,2022,837,0.005696985772338328,1229.7,False,,,,,,,,,
static_kg_gcn,active,2022,838,0.005824231691574635,1231.1,False,,,,,,,,,
static_kg_gcn,active,2022,839,0.005778083139640069,1232.4,False,,,,,,,,,
static_kg_gcn,active,2022,840,0.005755637830688966,1233.8,True,0.01832469795404978,0.035345434403812645,0.0811965811965812,0.09829059829059829,0.02221195699440036,0.026061965954437917,0.03689122091899869,0.05063765966543744,khong cai thien (1/50)
static_kg_gcn,active,2022,841,0.0057654281989338325,1235.6,False,,,,,,,,,
static_kg_gcn,active,2022,842,0.005752956679230295,1237.0,False,,,,,,,,,
static_kg_gcn,active,2022,843,0.005770016102128114,1238.4,False,,,,,,,,,
static_kg_gcn,active,2022,844,0.005762305523968405,1239.8,False,,,,,,,,,
static_kg_gcn,active,2022,845,0.005701507317314121,1241.2,True,0.018382395365743893,0.03525311854510207,0.07692307692307693,0.10256410256410256,0.02068788464589605,0.026449073838523348,0.03546671949449726,0.05506944187499743,khong cai thien (2/50)
static_kg_gcn,active,2022,846,0.005778331152482138,1243.0,False,,,,,,,,,
static_kg_gcn,active,2022,847,0.005724722173974403,1244.4,False,,,,,,,,,
static_kg_gcn,active,2022,848,0.005821764916683998,1245.7,False,,,,,,,,,
static_kg_gcn,active,2022,849,0.00570899272184619,1247.1,False,,,,,,,,,
static_kg_gcn,active,2022,850,0.005705295641641568,1248.5,True,0.018543948118487405,0.03531081595679618,0.0811965811965812,0.10683760683760683,0.02284373990675788,0.02773524518111977,0.037603471631249406,0.05495433064877509,best
static_kg_gcn,active,2022,851,0.005730518085333621,1250.3,False,,,,,,,,,
static_kg_gcn,active,2022,852,0.0056778244717773305,1251.7,False,,,,,,,,,
static_kg_gcn,active,2022,853,0.005749806244310578,1253.1,False,,,,,,,,,
static_kg_gcn,active,2022,854,0.005718114047105509,1254.5,False,,,,,,,,,
static_kg_gcn,active,2022,855,0.005680321710438854,1255.9,True,0.018382395365743893,0.035356973886151465,0.08547008547008547,0.11538461538461539,0.023255655260364744,0.029487874993663794,0.03902797305575083,0.06350133919578364,best
static_kg_gcn,active,2022,856,0.005687780522264084,1257.7,False,,,,,,,,,
static_kg_gcn,active,2022,857,0.005724591080873813,1259.0,False,,,,,,,,,
static_kg_gcn,active,2022,858,0.005714015275360514,1260.4,False,,,,,,,,,
static_kg_gcn,active,2022,859,0.005696107985685416,1261.8,False,,,,,,,,,
static_kg_gcn,active,2022,860,0.0057255391879442894,1263.1,True,0.01857856656550387,0.03528773699211853,0.08547008547008547,0.1111111111111111,0.022554550749537747,0.027993669018208673,0.03902797305575083,0.059227834922279364,khong cai thien (1/50)
static_kg_gcn,active,2022,861,0.0056921273569841505,1264.9,False,,,,,,,,,
static_kg_gcn,active,2022,862,0.005660950357998456,1266.4,False,,,,,,,,,
static_kg_gcn,active,2022,863,0.005738680273618419,1267.8,False,,,,,,,,,
static_kg_gcn,active,2022,864,0.005776746685207608,1269.1,False,,,,,,,,,
static_kg_gcn,active,2022,865,0.0057012680024926725,1270.5,True,0.018590106047842694,0.03536851336849029,0.08547008547008547,0.1111111111111111,0.022054500007166286,0.028637092731240547,0.03902797305575083,0.06361645042200598,khong cai thien (2/50)
static_kg_gcn,active,2022,866,0.005683274610766479,1272.3,False,,,,,,,,,
static_kg_gcn,active,2022,867,0.005689022382664845,1273.7,False,,,,,,,,,
static_kg_gcn,active,2022,868,0.005722643797415527,1275.1,False,,,,,,,,,
static_kg_gcn,active,2022,869,0.005652777091359359,1276.4,False,,,,,,,,,
static_kg_gcn,active,2022,870,0.005648386000325166,1277.8,True,0.018567027083165048,0.0354262107801844,0.0811965811965812,0.11538461538461539,0.0203874925109596,0.029103722246888297,0.034754468782246556,0.06812017714795493,khong cai thien (3/50)
static_kg_gcn,active,2022,871,0.005615258837311737,1279.8,False,,,,,,,,,
static_kg_gcn,active,2022,872,0.0056976057966964255,1281.2,False,,,,,,,,,
static_kg_gcn,active,2022,873,0.005643144705149847,1282.6,False,,,,,,,,,
static_kg_gcn,active,2022,874,0.0056737458981423955,1283.9,False,,,,,,,,,
static_kg_gcn,active,2022,875,0.005664348248007611,1285.3,True,0.01850932967147094,0.0352185000980856,0.0811965811965812,0.1111111111111111,0.01950952789449451,0.027212745058170895,0.034754468782246556,0.06400495081050638,khong cai thien (4/50)
static_kg_gcn,active,2022,876,0.0057478830728031295,1287.1,False,,,,,,,,,
static_kg_gcn,active,2022,877,0.005687289607304758,1288.5,False,,,,,,,,,
static_kg_gcn,active,2022,878,0.005653786372011358,1289.8,False,,,,,,,,,
static_kg_gcn,active,2022,879,0.005624078135870216,1291.2,False,,,,,,,,,
static_kg_gcn,active,2022,880,0.005579500476881587,1292.6,True,0.018555487600826228,0.03531081595679618,0.0811965811965812,0.1111111111111111,0.020082584275414882,0.02773416559530328,0.034754468782246556,0.06384667287445066,khong cai thien (5/50)
static_kg_gcn,active,2022,881,0.005646153235941641,1294.6,False,,,,,,,,,
static_kg_gcn,active,2022,882,0.0056274698866096385,1295.9,False,,,,,,,,,
static_kg_gcn,active,2022,883,0.0056527881474425406,1297.3,False,,,,,,,,,
static_kg_gcn,active,2022,884,0.005673725705338047,1298.7,False,,,,,,,,,
static_kg_gcn,active,2022,885,0.005691144197317972,1300.1,True,0.018601645530181517,0.03528773699211853,0.0811965811965812,0.10683760683760683,0.019908734977866684,0.026551226021772997,0.034754468782246556,0.059573168600946386,khong cai thien (6/50)
static_kg_gcn,active,2022,886,0.005638554141688106,1301.9,False,,,,,,,,,
static_kg_gcn,active,2022,887,0.005626724657672916,1303.2,False,,,,,,,,,
static_kg_gcn,active,2022,888,0.005597559651216284,1304.6,False,,,,,,,,,
static_kg_gcn,active,2022,889,0.005743098595497758,1306.0,False,,,,,,,,,
static_kg_gcn,active,2022,890,0.005624447682630136,1307.4,True,0.01868242190655327,0.03523003958042442,0.07692307692307693,0.10683760683760683,0.020157042136530582,0.02770991033054534,0.03487587515365293,0.06357957885735664,khong cai thien (7/50)
static_kg_gcn,active,2022,891,0.005650475496332322,1309.3,False,,,,,,,,,
static_kg_gcn,active,2022,892,0.00558010693287887,1310.7,False,,,,,,,,,
static_kg_gcn,active,2022,893,0.005599821672776378,1312.1,False,,,,,,,,,
static_kg_gcn,active,2022,894,0.005547120730900751,1313.4,False,,,,,,,,,
static_kg_gcn,active,2022,895,0.005612020323498829,1314.8,True,0.018647803459536805,0.03525311854510207,0.08547008547008547,0.10683760683760683,0.02264104684664129,0.028117350610149295,0.043034383312161084,0.06357957885735664,khong cai thien (8/50)
static_kg_gcn,active,2022,896,0.005582663615128762,1316.6,False,,,,,,,,,
static_kg_gcn,active,2022,897,0.005669470064966422,1317.9,False,,,,,,,,,
static_kg_gcn,active,2022,898,0.005642129484996909,1319.3,False,,,,,,,,,
static_kg_gcn,active,2022,899,0.005640673559226056,1320.7,False,,,,,,,,,
static_kg_gcn,active,2022,900,0.005613341010403414,1322.1,True,0.01862472449485916,0.03526465802744089,0.0811965811965812,0.10683760683760683,0.020895197327304226,0.02657767162896897,0.039149379427157203,0.05950751922974146,khong cai thien (9/50)
static_kg_gcn,active,2022,901,0.005614766437286372,1323.9,False,,,,,,,,,
static_kg_gcn,active,2022,902,0.005577687948191624,1325.3,False,,,,,,,,,
static_kg_gcn,active,2022,903,0.005607235622020228,1326.7,False,,,,,,,,,
static_kg_gcn,active,2022,904,0.005624993423810676,1328.0,False,,,,,,,,,
static_kg_gcn,active,2022,905,0.005570468667581813,1329.4,True,0.018486250706793293,0.035345434403812645,0.0811965811965812,0.10683760683760683,0.02124815351013516,0.02707330390945244,0.039149379427157203,0.059731446537002096,khong cai thien (10/50)
static_kg_gcn,active,2022,906,0.005594377956705659,1331.2,False,,,,,,,,,
static_kg_gcn,active,2022,907,0.005641275586737692,1332.6,False,,,,,,,,,
static_kg_gcn,active,2022,908,0.005609977483210616,1334.0,False,,,,,,,,,
static_kg_gcn,active,2022,909,0.005572683093438377,1335.4,False,,,,,,,,,
static_kg_gcn,active,2022,910,0.005537968569137379,1336.8,True,0.018555487600826228,0.035356973886151465,0.0811965811965812,0.10683760683760683,0.021435558786307794,0.027490386170273575,0.03876087903865681,0.059731446537002096,khong cai thien (11/50)
static_kg_gcn,active,2022,911,0.005596808617242102,1338.6,False,,,,,,,,,
static_kg_gcn,active,2022,912,0.0055405130095188306,1339.9,False,,,,,,,,,
static_kg_gcn,active,2022,913,0.005638147480562216,1341.3,False,,,,,,,,,
static_kg_gcn,active,2022,914,0.005598519277824349,1342.6,False,,,,,,,,,
static_kg_gcn,active,2022,915,0.005632504462830636,1344.0,True,0.018647803459536805,0.035345434403812645,0.0811965811965812,0.10256410256410256,0.021460017483529242,0.026473545945513974,0.03876087903865681,0.05545794226349782,khong cai thien (12/50)
static_kg_gcn,active,2022,916,0.005592648925927696,1345.8,False,,,,,,,,,
static_kg_gcn,active,2022,917,0.005573167411475828,1347.3,False,,,,,,,,,
static_kg_gcn,active,2022,918,0.005545233367689751,1348.7,False,,,,,,,,,
static_kg_gcn,active,2022,919,0.005593611788918948,1350.0,False,,,,,,,,,
static_kg_gcn,active,2022,920,0.005559675418348358,1351.4,True,0.01872857983590856,0.03540313181550676,0.0811965811965812,0.11538461538461539,0.021056110002397512,0.028346330715774422,0.03876087903865681,0.06404811752033975,khong cai thien (13/50)
static_kg_gcn,active,2022,921,0.005563208304898946,1353.2,False,,,,,,,,,
static_kg_gcn,active,2022,922,0.005622597571779595,1354.6,False,,,,,,,,,
static_kg_gcn,active,2022,923,0.005603105941440624,1355.9,False,,,,,,,,,
static_kg_gcn,active,2022,924,0.005488305703338555,1357.3,False,,,,,,,,,
static_kg_gcn,active,2022,925,0.005583480952581567,1358.7,True,0.018705500871230917,0.03561084249760556,0.08974358974358974,0.12393162393162394,0.021786868435380507,0.030393689573727,0.039459640154084596,0.07259512606734829,best
static_kg_gcn,active,2022,926,0.005501570823585256,1360.7,False,,,,,,,,,
static_kg_gcn,active,2022,927,0.005660676719054648,1362.1,False,,,,,,,,,
static_kg_gcn,active,2022,928,0.005590237346386865,1363.5,False,,,,,,,,,
static_kg_gcn,active,2022,929,0.005560287556616096,1364.8,False,,,,,,,,,
static_kg_gcn,active,2022,930,0.005551660853178936,1366.2,True,0.01872857983590856,0.035553145085911446,0.08974358974358974,0.1282051282051282,0.021349713942201455,0.03039182168397709,0.039071139765584205,0.0726513563867365,khong cai thien (1/50)
static_kg_gcn,active,2022,931,0.005527845528941527,1368.0,False,,,,,,,,,
static_kg_gcn,active,2022,932,0.0055229644894887395,1369.4,False,,,,,,,,,
static_kg_gcn,active,2022,933,0.0055462288396790765,1370.7,False,,,,,,,,,
static_kg_gcn,active,2022,934,0.005521813047092131,1372.1,False,,,,,,,,,
static_kg_gcn,active,2022,935,0.005516712849089153,1373.5,True,0.018705500871230917,0.0355300661212338,0.08974358974358974,0.1282051282051282,0.021436800497050715,0.030297325738627073,0.03908420337513904,0.0726513563867365,khong cai thien (2/50)
static_kg_gcn,active,2022,936,0.005552753712211369,1375.4,False,,,,,,,,,
static_kg_gcn,active,2022,937,0.005503878701283375,1376.8,False,,,,,,,,,
static_kg_gcn,active,2022,938,0.005551148474950102,1378.2,False,,,,,,,,,
static_kg_gcn,active,2022,939,0.005560020168012549,1379.6,False,,,,,,,,,
static_kg_gcn,active,2022,940,0.005592535724488056,1380.9,True,0.01868242190655327,0.03557622405058909,0.08547008547008547,0.11965811965811966,0.020598470872712084,0.028969035866125415,0.03694745123838691,0.06833468540339886,khong cai thien (3/50)
static_kg_gcn,active,2022,941,0.005585148617117212,1382.7,False,,,,,,,,,
static_kg_gcn,active,2022,942,0.005471366684692496,1384.1,False,,,,,,,,,
static_kg_gcn,active,2022,943,0.005533060946632862,1385.5,False,,,,,,,,,
static_kg_gcn,active,2022,944,0.005577918344478968,1386.9,False,,,,,,,,,
static_kg_gcn,active,2022,945,0.005575283195253908,1388.3,True,0.018693961388892094,0.03557622405058909,0.0811965811965812,0.11538461538461539,0.02036632227720236,0.027996882527131298,0.03689122091899869,0.06406118112989459,khong cai thien (4/50)
static_kg_gcn,active,2022,946,0.0055843123016198395,1390.2,False,,,,,,,,,
static_kg_gcn,active,2022,947,0.0055199127261461615,1391.6,False,,,,,,,,,
static_kg_gcn,active,2022,948,0.005514495409018046,1392.9,False,,,,,,,,,
static_kg_gcn,active,2022,949,0.005605922237504117,1394.3,False,,,,,,,,,
static_kg_gcn,active,2022,950,0.0055253722365583725,1395.7,True,0.01876319828292503,0.03540313181550676,0.0811965811965812,0.11538461538461539,0.020749198384779836,0.028509406502446072,0.03689122091899869,0.06406118112989459,khong cai thien (5/50)
static_kg_gcn,active,2022,951,0.005542334825871491,1397.5,False,,,,,,,,,
static_kg_gcn,active,2022,952,0.005533604576480243,1398.9,False,,,,,,,,,
static_kg_gcn,active,2022,953,0.005561554928894065,1400.3,False,,,,,,,,,
static_kg_gcn,active,2022,954,0.005507168223880681,1401.7,False,,,,,,,,,
static_kg_gcn,active,2022,955,0.005523569600170784,1403.1,True,0.018751658800586206,0.03547236870953969,0.07692307692307693,0.11538461538461539,0.01922628736486192,0.028074275516420787,0.03546671949449726,0.06619793326664672,khong cai thien (6/50)
static_kg_gcn,active,2022,956,0.005487566257765871,1404.9,False,,,,,,,,,
static_kg_gcn,active,2022,957,0.005511644765678323,1406.2,False,,,,,,,,,
static_kg_gcn,active,2022,958,0.005483621111441373,1407.6,False,,,,,,,,,
static_kg_gcn,active,2022,959,0.005566710996890662,1409.0,False,,,,,,,,,
static_kg_gcn,active,2022,960,0.005471410309433789,1410.3,True,0.01878627724760267,0.03558776353292791,0.06837606837606838,0.11538461538461539,0.017687707272609546,0.02724598646545374,0.031034937284937288,0.06299280506151851,khong cai thien (7/50)
static_kg_gcn,active,2022,961,0.005546702688167396,1412.1,False,,,,,,,,,
static_kg_gcn,active,2022,962,0.005542399745865012,1413.5,False,,,,,,,,,
static_kg_gcn,active,2022,963,0.005517677951697773,1415.0,False,,,,,,,,,
static_kg_gcn,active,2022,964,0.005517887629758957,1416.4,False,,,,,,,,,
static_kg_gcn,active,2022,965,0.0054498653170095435,1417.7,True,0.018751658800586206,0.035703158356316135,0.06837606837606838,0.11538461538461539,0.018014993669317924,0.02761159576334682,0.031034937284937288,0.06367268074139419,khong cai thien (8/50)
static_kg_gcn,active,2022,966,0.005517471336154261,1419.6,False,,,,,,,,,
static_kg_gcn,active,2022,967,0.005472095515282527,1420.9,False,,,,,,,,,
static_kg_gcn,active,2022,968,0.005489721527535613,1422.3,False,,,,,,,,,
static_kg_gcn,active,2022,969,0.005548048658610468,1423.7,False,,,,,,,,,
static_kg_gcn,active,2022,970,0.005491559733462609,1425.0,True,0.018809356212280318,0.035553145085911446,0.06837606837606838,0.11538461538461539,0.018514411634093998,0.028031482129381054,0.031034937284937288,0.06367268074139419,khong cai thien (9/50)
static_kg_gcn,active,2022,971,0.005542077824950951,1426.9,False,,,,,,,,,
static_kg_gcn,active,2022,972,0.005410866717481348,1428.3,False,,,,,,,,,
static_kg_gcn,active,2022,973,0.005501737684302106,1429.7,False,,,,,,,,,
static_kg_gcn,active,2022,974,0.00538819292536128,1431.1,False,,,,,,,,,
static_kg_gcn,active,2022,975,0.005501044704068016,1432.4,True,0.01882089569461914,0.03559930301526674,0.07692307692307693,0.11538461538461539,0.018163502168295247,0.026362575454804853,0.03124944554038121,0.059787676856390304,khong cai thien (10/50)
static_kg_gcn,active,2022,976,0.005544126174692372,1434.2,False,,,,,,,,,
static_kg_gcn,active,2022,977,0.005454219903623156,1435.6,False,,,,,,,,,
static_kg_gcn,active,2022,978,0.005453915589728251,1436.9,False,,,,,,,,,
static_kg_gcn,active,2022,979,0.005543166637030845,1438.3,False,,,,,,,,,
static_kg_gcn,active,2022,980,0.005479880698245253,1439.7,True,0.018901672070990895,0.035633921462283204,0.0811965811965812,0.1111111111111111,0.019419071376226584,0.02600313794309213,0.035522949813885485,0.05836317543188888,khong cai thien (11/50)
static_kg_gcn,active,2022,981,0.005445626713380387,1441.7,False,,,,,,,,,
static_kg_gcn,active,2022,982,0.005444813768578984,1443.1,False,,,,,,,,,
static_kg_gcn,active,2022,983,0.005455589325616836,1444.4,False,,,,,,,,,
static_kg_gcn,active,2022,984,0.005500341837021169,1445.8,False,,,,,,,,,
static_kg_gcn,active,2022,985,0.005435291103455124,1447.2,True,0.018890132588652072,0.03559930301526674,0.0811965811965812,0.11965811965811966,0.018820729032130373,0.02698884419900067,0.035522949813885485,0.06411741144928279,khong cai thien (12/50)
static_kg_gcn,active,2022,986,0.005518462523013313,1449.0,False,,,,,,,,,
static_kg_gcn,active,2022,987,0.005434956768499048,1450.3,False,,,,,,,,,
static_kg_gcn,active,2022,988,0.005496135995722406,1451.7,False,,,,,,,,,
static_kg_gcn,active,2022,989,0.0054429582295712495,1453.1,False,,,,,,,,,
static_kg_gcn,active,2022,990,0.005506528754179957,1454.5,True,0.018797816729941495,0.03551852663889498,0.08974358974358974,0.12393162393162394,0.022370544850013104,0.027922870411370766,0.044126188680282244,0.06416057815911617,khong cai thien (13/50)
static_kg_gcn,active,2022,991,0.005470721593631258,1456.5,False,,,,,,,,,
static_kg_gcn,active,2022,992,0.005452032196771445,1457.9,False,,,,,,,,,
static_kg_gcn,active,2022,993,0.005498397077573773,1459.2,False,,,,,,,,,
static_kg_gcn,active,2022,994,0.0054824916477867235,1460.6,False,,,,,,,,,
static_kg_gcn,active,2022,995,0.0055011504753223256,1461.9,True,0.018993987929701472,0.0357377768033326,0.0811965811965812,0.12393162393162394,0.019091719974386447,0.02723851734772931,0.035522949813885485,0.06414751454956133,khong cai thien (14/50)
static_kg_gcn,active,2022,996,0.005449588926700028,1463.7,False,,,,,,,,,
static_kg_gcn,active,2022,997,0.005509981058385465,1465.1,False,,,,,,,,,
static_kg_gcn,active,2022,998,0.005396849971209208,1466.5,False,,,,,,,,,
static_kg_gcn,active,2022,999,0.005485612113792051,1467.9,False,,,,,,,,,
static_kg_gcn,active,2022,1000,0.005446986223899405,1469.3,True,0.018959369482685007,0.03566853990929967,0.08547008547008547,0.1282051282051282,0.01999224520864432,0.02888104644517995,0.03556611652371886,0.06880951921156599,khong cai thien (15/50)
