model,cohort,seed,epoch,loss,seconds,evaluated,valid_coverage@10,valid_coverage@20,valid_hit_rate@10,valid_hit_rate@20,valid_ndcg@10,valid_ndcg@20,valid_recall@10,valid_recall@20,note
bt_dkgrec_l05,active,2021,1,0.6904510073461619,1.7,False,,,,,,,,,
bt_dkgrec_l05,active,2021,2,0.6863691206744953,3.1,False,,,,,,,,,
bt_dkgrec_l05,active,2021,3,0.6788803340322761,4.5,False,,,,,,,,,
bt_dkgrec_l05,active,2021,4,0.665037178241826,5.9,False,,,,,,,,,
bt_dkgrec_l05,active,2021,5,0.6430221807370312,7.3,True,0.004004200371571331,0.007754532131688572,0.02564102564102564,0.038461538461538464,0.008475994580002226,0.009295453317703182,0.015169122625262975,0.017250591081000438,best
bt_dkgrec_l05,active,2021,6,0.6132267689418177,9.1,False,,,,,,,,,
bt_dkgrec_l05,active,2021,7,0.57809623017469,10.5,False,,,,,,,,,
bt_dkgrec_l05,active,2021,8,0.540482768332661,11.9,False,,,,,,,,,
bt_dkgrec_l05,active,2021,9,0.5027148217549551,13.3,False,,,,,,,,,
bt_dkgrec_l05,active,2021,10,0.4660834053569946,14.7,True,0.0034041472899525725,0.00617362305126992,0.03418803418803419,0.05128205128205128,0.010614278167064804,0.012078393981191751,0.020040063899713023,0.02451501281910639,best
bt_dkgrec_l05,active,2021,11,0.4320191359440393,16.5,False,,,,,,,,,
bt_dkgrec_l05,active,2021,12,0.39924247869936125,17.9,False,,,,,,,,,
bt_dkgrec_l05,active,2021,13,0.3704447648773868,19.3,False,,,,,,,,,
bt_dkgrec_l05,active,2021,14,0.3439344332872396,20.8,False,,,,,,,,,
bt_dkgrec_l05,active,2021,15,0.31932259661493956,22.2,True,0.003992660889232509,0.00718909749708628,0.03418803418803419,0.05982905982905983,0.011520840625029758,0.013543247541518309,0.019996897189879643,0.02527312816055506,best
bt_dkgrec_l05,active,2021,16,0.2973508463941459,24.0,False,,,,,,,,,
bt_dkgrec_l05,active,2021,17,0.27668142664058476,25.4,False,,,,,,,,,
bt_dkgrec_l05,active,2021,18,0.25697777940238464,26.8,False,,,,,,,,,
bt_dkgrec_l05,active,2021,19,0.24061026827778825,28.2,False,,,,,,,,,
bt_dkgrec_l05,active,2021,20,0.22558205556875158,29.7,True,0.004615792935528912,0.008262269354596752,0.038461538461538464,0.06837606837606838,0.012445966069827062,0.014809104589350372,0.024214171143995707,0.02961446583522607,best
bt_dkgrec_l05,active,2021,21,0.21220817838347247,31.5,False,,,,,,,,,
bt_dkgrec_l05,active,2021,22,0.1986377728916745,32.9,False,,,,,,,,,
bt_dkgrec_l05,active,2021,23,0.18740307251114866,34.4,False,,,,,,,,,
bt_dkgrec_l05,active,2021,24,0.1778861734362797,35.8,False,,,,,,,,,
bt_dkgrec_l05,active,2021,25,0.16750433234658013,37.2,True,0.005204306534808849,0.00950853344718956,0.038461538461538464,0.07692307692307693,0.014333914837861544,0.017582534991917146,0.020474854904679467,0.030638233390707523,best
bt_dkgrec_l05,active,2021,26,0.1583880790866633,39.0,False,,,,,,,,,
bt_dkgrec_l05,active,2021,27,0.15128866436822053,40.4,False,,,,,,,,,
bt_dkgrec_l05,active,2021,28,0.14396337500358347,41.8,False,,,,,,,,,
bt_dkgrec_l05,active,2021,29,0.13675541128795582,43.2,False,,,,,,,,,
bt_dkgrec_l05,active,2021,30,0.13111114119103243,44.7,True,0.005746662204733495,0.010535547375344742,0.04700854700854701,0.06837606837606838,0.014287442106107351,0.01563385969224349,0.02077553950023586,0.02529635304882718,khong cai thien (1/20)
bt_dkgrec_l05,active,2021,31,0.12558635551563285,46.5,False,,,,,,,,,
bt_dkgrec_l05,active,2021,32,0.12020147243892292,47.9,False,,,,,,,,,
bt_dkgrec_l05,active,2021,33,0.11518110976457921,49.3,False,,,,,,,,,
bt_dkgrec_l05,active,2021,34,0.11103194177469106,50.7,False,,,,,,,,,
bt_dkgrec_l05,active,2021,35,0.10708026906107207,52.1,True,0.006323636321674609,0.01149332440946699,0.04700854700854701,0.06837606837606838,0.01426929659385697,0.015750017768409282,0.02077553950023586,0.025830541083015215,khong cai thien (2/20)
bt_dkgrec_l05,active,2021,36,0.10273287435817186,53.8,False,,,,,,,,,
bt_dkgrec_l05,active,2021,37,0.10029046784363492,55.2,False,,,,,,,,,
bt_dkgrec_l05,active,2021,38,0.09563974042061638,56.6,False,,,,,,,,,
bt_dkgrec_l05,active,2021,39,0.09283704289175276,58.0,False,,,,,,,,,
bt_dkgrec_l05,active,2021,40,0.08976722505196738,59.5,True,0.0067736761328886785,0.012220311796812796,0.04700854700854701,0.0641025641025641,0.014338741198790196,0.015439612940235652,0.020879028919964595,0.025118290370764504,khong cai thien (3/20)
bt_dkgrec_l05,active,2021,41,0.08717442557422549,61.3,False,,,,,,,,,
bt_dkgrec_l05,active,2021,42,0.0845138820338107,62.7,False,,,,,,,,,
bt_dkgrec_l05,active,2021,43,0.08156596081299851,64.1,False,,,,,,,,,
bt_dkgrec_l05,active,2021,44,0.08009511241777416,65.5,False,,,,,,,,,
bt_dkgrec_l05,active,2021,45,0.07771426501916588,66.8,True,0.0072121764617639255,0.013120391419240932,0.04700854700854701,0.0641025641025641,0.01427049178924273,0.01509116152898183,0.022972614346883354,0.025118290370764504,khong cai thien (4/20)
bt_dkgrec_l05,active,2021,46,0.07571154449033769,68.6,False,,,,,,,,,
bt_dkgrec_l05,active,2021,47,0.07412081067519402,70.0,False,,,,,,,,,
bt_dkgrec_l05,active,2021,48,0.07171068222883699,71.4,False,,,,,,,,,
bt_dkgrec_l05,active,2021,49,0.0702704579108584,72.8,False,,,,,,,,,
bt_dkgrec_l05,active,2021,50,0.06797365134487064,74.2,True,0.007546821449589771,0.01391661570061967,0.04700854700854701,0.05982905982905983,0.014886421612187757,0.015560061876669199,0.022972614346883354,0.025075123660931127,khong cai thien (5/20)
bt_dkgrec_l05,active,2021,51,0.06642125975185019,76.0,False,,,,,,,,,
bt_dkgrec_l05,active,2021,52,0.06485123443934489,77.4,False,,,,,,,,,
bt_dkgrec_l05,active,2021,53,0.06342044524556123,78.8,False,,,,,,,,,
bt_dkgrec_l05,active,2021,54,0.06267027683350546,80.2,False,,,,,,,,,
bt_dkgrec_l05,active,2021,55,0.060500185193337976,81.6,True,0.00784684799039915,0.014585905676271363,0.05128205128205128,0.05982905982905983,0.015300948388064266,0.015695213319251156,0.023027402863210332,0.025075123660931127,khong cai thien (6/20)
bt_dkgrec_l05,active,2021,56,0.059377926106899355,83.3,False,,,,,,,,,
bt_dkgrec_l05,active,2021,57,0.05821632311676168,84.7,False,,,,,,,,,
bt_dkgrec_l05,active,2021,58,0.05704560705418365,86.1,False,,,,,,,,,
bt_dkgrec_l05,active,2021,59,0.05647139680632525,87.5,False,,,,,,,,,
bt_dkgrec_l05,active,2021,60,0.05442126679441893,88.9,True,0.008089177119514419,0.015174419275551299,0.05128205128205128,0.06837606837606838,0.015457048905112113,0.017023442505687287,0.023027402863210332,0.02961572195152942,khong cai thien (7/20)
bt_dkgrec_l05,active,2021,61,0.05394410513371882,90.6,False,,,,,,,,,
bt_dkgrec_l05,active,2021,62,0.05290440244694374,92.0,False,,,,,,,,,
bt_dkgrec_l05,active,2021,63,0.052126981890977094,93.4,False,,,,,,,,,
bt_dkgrec_l05,active,2021,64,0.05124553810746306,94.8,False,,,,,,,,,
bt_dkgrec_l05,active,2021,65,0.049928551432781715,96.2,True,0.008319966766290864,0.015751393392492413,0.05128205128205128,0.0641025641025641,0.015576314719872811,0.01701297653109191,0.023027402863210332,0.0293486279344354,khong cai thien (8/20)
bt_dkgrec_l05,active,2021,66,0.04893741365868259,97.9,False,,,,,,,,,
bt_dkgrec_l05,active,2021,67,0.047990209677036086,99.3,False,,,,,,,,,
bt_dkgrec_l05,active,2021,68,0.04743297212587222,100.8,False,,,,,,,,,
bt_dkgrec_l05,active,2021,69,0.046420204390881056,102.2,False,,,,,,,,,
bt_dkgrec_l05,active,2021,70,0.04565257922788006,103.6,True,0.008689230201133177,0.01623605165072295,0.04700854700854701,0.06837606837606838,0.015090240435942778,0.01696819273945584,0.022972614346883354,0.02961572195152942,khong cai thien (9/20)
bt_dkgrec_l05,active,2021,71,0.04546525621660296,105.4,False,,,,,,,,,
bt_dkgrec_l05,active,2021,72,0.0447491639823952,106.7,False,,,,,,,,,
bt_dkgrec_l05,active,2021,73,0.043858973882708846,108.2,False,,,,,,,,,
bt_dkgrec_l05,active,2021,74,0.043136743891587205,109.6,False,,,,,,,,,
bt_dkgrec_l05,active,2021,75,0.04232292694801808,111.0,True,0.00895463829492609,0.01695149955572993,0.05128205128205128,0.06837606837606838,0.015257583925773399,0.01689623437899083,0.023027402863210332,0.02961572195152942,khong cai thien (10/20)
bt_dkgrec_l05,active,2021,76,0.042089807715487114,112.7,False,,,,,,,,,
bt_dkgrec_l05,active,2021,77,0.04177014154520403,114.2,False,,,,,,,,,
bt_dkgrec_l05,active,2021,78,0.040437876276018796,115.6,False,,,,,,,,,
bt_dkgrec_l05,active,2021,79,0.04021135102160435,117.0,False,,,,,,,,,
bt_dkgrec_l05,active,2021,80,0.03974028376847731,118.4,True,0.009196967424041358,0.017482315743315754,0.04700854700854701,0.06837606837606838,0.015163694533439433,0.01708864385626132,0.022972614346883354,0.029988283862552867,khong cai thien (11/20)
bt_dkgrec_l05,active,2021,81,0.03930246061815102,120.2,False,,,,,,,,,
bt_dkgrec_l05,active,2021,82,0.0384633074116244,121.6,False,,,,,,,,,
bt_dkgrec_l05,active,2021,83,0.03822054726690815,123.0,False,,,,,,,,,
bt_dkgrec_l05,active,2021,84,0.03724969353274731,124.4,False,,,,,,,,,
bt_dkgrec_l05,active,2021,85,0.03683454036365136,125.8,True,0.00925466483573547,0.017943895036868645,0.04700854700854701,0.06837606837606838,0.015434467464537388,0.01723256777549661,0.022972614346883354,0.029988283862552867,khong cai thien (12/20)
bt_dkgrec_l05,active,2021,86,0.036437943758510054,127.6,False,,,,,,,,,
bt_dkgrec_l05,active,2021,87,0.03569910519871263,129.1,False,,,,,,,,,
bt_dkgrec_l05,active,2021,88,0.035718875215678944,130.5,False,,,,,,,,,
bt_dkgrec_l05,active,2021,89,0.03554985609493835,131.9,False,,,,,,,,,
bt_dkgrec_l05,active,2021,90,0.03482668709570213,133.3,True,0.009404678106140159,0.018359316401066247,0.04700854700854701,0.07264957264957266,0.015441907670489231,0.018233509300597823,0.022972614346883354,0.034261788136057146,best
bt_dkgrec_l05,active,2021,91,0.03453843332274635,135.0,False,,,,,,,,,
bt_dkgrec_l05,active,2021,92,0.03407659761756097,136.4,False,,,,,,,,,
bt_dkgrec_l05,active,2021,93,0.03391935421713605,137.8,False,,,,,,,,,
bt_dkgrec_l05,active,2021,94,0.03327037638216203,139.2,False,,,,,,,,,
bt_dkgrec_l05,active,2021,95,0.033230631467561764,140.6,True,0.009693165164610716,0.018740119318247383,0.04700854700854701,0.07692307692307693,0.015432908276580014,0.018466533037307272,0.022972614346883354,0.03465028852455753,best
bt_dkgrec_l05,active,2021,96,0.0325545077957989,142.5,False,,,,,,,,,
bt_dkgrec_l05,active,2021,97,0.03228976792205847,143.9,False,,,,,,,,,
bt_dkgrec_l05,active,2021,98,0.03205236949113242,145.3,False,,,,,,,,,
bt_dkgrec_l05,active,2021,99,0.031763638632744215,146.7,False,,,,,,,,,
bt_dkgrec_l05,active,2021,100,0.030910402300182282,148.1,True,0.009889336364370694,0.019132461717767342,0.04700854700854701,0.07692307692307693,0.015409139370768064,0.01853030109833541,0.022972614346883354,0.03465028852455753,best
bt_dkgrec_l05,active,2021,101,0.03101132889011844,149.8,False,,,,,,,,,
bt_dkgrec_l05,active,2021,102,0.030633146912767275,151.2,False,,,,,,,,,
bt_dkgrec_l05,active,2021,103,0.030061901439888985,152.6,False,,,,,,,,,
bt_dkgrec_l05,active,2021,104,0.030077563145421687,154.0,False,,,,,,,,,
bt_dkgrec_l05,active,2021,105,0.029572691560078166,155.5,True,0.010062428599453029,0.019547883081964944,0.042735042735042736,0.07692307692307693,0.015095618336155414,0.01908748479197739,0.02290478094571662,0.03667822458027136,best
bt_dkgrec_l05,active,2021,106,0.029325071235246993,157.3,False,,,,,,,,,
bt_dkgrec_l05,active,2021,107,0.029069241152716974,158.7,False,,,,,,,,,
bt_dkgrec_l05,active,2021,108,0.028526613384922794,160.1,False,,,,,,,,,
bt_dkgrec_l05,active,2021,109,0.028581052285075948,161.5,False,,,,,,,,,
bt_dkgrec_l05,active,2021,110,0.028430427054166135,162.9,True,0.010293218246229474,0.019882528069790788,0.038461538461538464,0.0641025641025641,0.014823734625903485,0.018333524134521634,0.022848550626328405,0.0346338954526089,khong cai thien (1/20)
bt_dkgrec_l05,active,2021,111,0.028248503774156473,164.6,False,,,,,,,,,
bt_dkgrec_l05,active,2021,112,0.027979429789501454,166.0,False,,,,,,,,,
bt_dkgrec_l05,active,2021,113,0.027872464068169085,167.4,False,,,,,,,,,
bt_dkgrec_l05,active,2021,114,0.027056116491593833,168.8,False,,,,,,,,,
bt_dkgrec_l05,active,2021,115,0.026975779642598934,170.3,True,0.010500928928328275,0.020297949433988393,0.04700854700854701,0.07264957264957266,0.016355769020154193,0.018820697657360098,0.027178285219220895,0.035242656745130885,khong cai thien (2/20)
bt_dkgrec_l05,active,2021,116,0.026716545442781417,172.1,False,,,,,,,,,
bt_dkgrec_l05,active,2021,117,0.026455466263352975,173.5,False,,,,,,,,,
bt_dkgrec_l05,active,2021,118,0.02635886978752106,174.9,False,,,,,,,,,
bt_dkgrec_l05,active,2021,119,0.026078181664377992,176.3,False,,,,,,,,,
bt_dkgrec_l05,active,2021,120,0.025632190109568947,177.7,True,0.010766337022121188,0.020771068209880103,0.05128205128205128,0.07264957264957266,0.016726896542309765,0.01900532781762403,0.027566785607721276,0.035242656745130885,khong cai thien (3/20)
bt_dkgrec_l05,active,2021,121,0.025829394939465254,179.4,False,,,,,,,,,
bt_dkgrec_l05,active,2021,122,0.02548358886685137,180.8,False,,,,,,,,,
bt_dkgrec_l05,active,2021,123,0.025406408486759263,182.2,False,,,,,,,,,
bt_dkgrec_l05,active,2021,124,0.024810744407933325,183.6,False,,,,,,,,,
bt_dkgrec_l05,active,2021,125,0.024908428721350434,185.1,True,0.010870192363170588,0.02100185785665655,0.05555555555555555,0.06837606837606838,0.017201899125159504,0.018996333759562743,0.02827903631997199,0.0351878682288039,khong cai thien (4/20)
bt_dkgrec_l05,active,2021,126,0.02492688307551686,186.8,False,,,,,,,,,
bt_dkgrec_l05,active,2021,127,0.02483616245455209,188.2,False,,,,,,,,,
bt_dkgrec_l05,active,2021,128,0.024443718263357235,189.6,False,,,,,,,,,
bt_dkgrec_l05,active,2021,129,0.024170284192639925,191.0,False,,,,,,,,,
bt_dkgrec_l05,active,2021,130,0.024080095253013075,192.4,True,0.0111356004569635,0.021232647503432997,0.04700854700854701,0.06837606837606838,0.016659508596875205,0.019035927464084446,0.027510555288333065,0.0351878682288039,khong cai thien (5/20)
bt_dkgrec_l05,active,2021,131,0.023852147925137162,194.1,False,,,,,,,,,
bt_dkgrec_l05,active,2021,132,0.0239320825707422,195.5,False,,,,,,,,,
bt_dkgrec_l05,active,2021,133,0.0234022480880632,197.0,False,,,,,,,,,
bt_dkgrec_l05,active,2021,134,0.023084428657931113,198.4,False,,,,,,,,,
bt_dkgrec_l05,active,2021,135,0.02300577869977226,199.8,True,0.011250995280351724,0.0216480688676306,0.04700854700854701,0.06837606837606838,0.016659508596875205,0.019023818208098564,0.027510555288333065,0.03518642642574267,khong cai thien (6/20)
bt_dkgrec_l05,active,2021,136,0.022790831776708025,201.5,False,,,,,,,,,
bt_dkgrec_l05,active,2021,137,0.02296872265205549,202.9,False,,,,,,,,,
bt_dkgrec_l05,active,2021,138,0.02264913871276865,204.3,False,,,,,,,,,
bt_dkgrec_l05,active,2021,139,0.022528204147054146,205.7,False,,,,,,,,,
bt_dkgrec_l05,active,2021,140,0.02228485573805475,207.1,True,0.01138946906841759,0.02191347696142351,0.04700854700854701,0.0641025641025641,0.0167098470393635,0.018928457947847383,0.027510555288333065,0.03513163790941569,khong cai thien (7/20)
bt_dkgrec_l05,active,2021,141,0.022275194509387763,208.9,False,,,,,,,,,
bt_dkgrec_l05,active,2021,142,0.02175564400226296,210.3,False,,,,,,,,,
bt_dkgrec_l05,active,2021,143,0.02164241433568367,211.7,False,,,,,,,,,
bt_dkgrec_l05,active,2021,144,0.021532798544231842,213.1,False,,,,,,,,,
bt_dkgrec_l05,active,2021,145,0.021953727914270273,214.5,True,0.01168949560922697,0.022075029714167024,0.05128205128205128,0.06837606837606838,0.01734491441755208,0.019351100868285474,0.028578931356709133,0.03566582594360372,best
bt_dkgrec_l05,active,2021,146,0.02155714373372723,216.3,False,,,,,,,,,
bt_dkgrec_l05,active,2021,147,0.02169192764072476,217.6,False,,,,,,,,,
bt_dkgrec_l05,active,2021,148,0.02130353875809576,219.0,False,,,,,,,,,
bt_dkgrec_l05,active,2021,149,0.021128221975770366,220.4,False,,,,,,,,,
bt_dkgrec_l05,active,2021,150,0.021158146905015943,221.8,True,0.011758732503259903,0.022536609007719914,0.05128205128205128,0.06837606837606838,0.015534564707450313,0.017170020028065756,0.028578931356709133,0.03297510103065659,khong cai thien (1/20)
bt_dkgrec_l05,active,2021,151,0.020943384334608014,223.7,False,,,,,,,,,
bt_dkgrec_l05,active,2021,152,0.02102623012549736,225.1,False,,,,,,,,,
bt_dkgrec_l05,active,2021,153,0.020571283329332595,226.5,False,,,,,,,,,
bt_dkgrec_l05,active,2021,154,0.020640628084165787,227.9,False,,,,,,,,,
bt_dkgrec_l05,active,2021,155,0.020556383543761828,229.3,True,0.011954903703019883,0.02285971451320694,0.05128205128205128,0.07692307692307693,0.015694353035610422,0.017941105751314527,0.028578931356709133,0.03500836374767998,khong cai thien (2/20)
bt_dkgrec_l05,active,2021,156,0.020305486787970884,231.1,False,,,,,,,,,
bt_dkgrec_l05,active,2021,157,0.019956966159374485,232.5,False,,,,,,,,,
bt_dkgrec_l05,active,2021,158,0.020117978687821655,233.9,False,,,,,,,,,
bt_dkgrec_l05,active,2021,159,0.01991598099138812,235.2,False,,,,,,,,,
bt_dkgrec_l05,active,2021,160,0.019972889157449915,236.7,True,0.011989522150036349,0.022952030371917516,0.05555555555555555,0.06837606837606838,0.01640716451938757,0.017565865786581727,0.029291182068959847,0.03281682309460087,khong cai thien (3/20)
bt_dkgrec_l05,active,2021,161,0.019625008907403402,238.5,False,,,,,,,,,
bt_dkgrec_l05,active,2021,162,0.01986978973580042,239.9,False,,,,,,,,,
bt_dkgrec_l05,active,2021,163,0.019344414189692998,241.3,False,,,,,,,,,
bt_dkgrec_l05,active,2021,164,0.01932917491237269,242.7,False,,,,,,,,,
bt_dkgrec_l05,active,2021,165,0.018896027639785137,244.1,True,0.012035680079391639,0.023332833289098652,0.05555555555555555,0.06837606837606838,0.016293673668625053,0.017596172335806577,0.029291182068959847,0.033529073806851585,khong cai thien (4/20)
bt_dkgrec_l05,active,2021,166,0.01904373958911213,245.9,False,,,,,,,,,
bt_dkgrec_l05,active,2021,167,0.019187702456077364,247.3,False,,,,,,,,,
bt_dkgrec_l05,active,2021,168,0.018856506407162615,248.7,False,,,,,,,,,
bt_dkgrec_l05,active,2021,169,0.018970260564580267,250.1,False,,,,,,,,,
bt_dkgrec_l05,active,2021,170,0.018728155610122806,251.5,True,0.012116456455763395,0.023655938794585676,0.05555555555555555,0.06837606837606838,0.016307057928672,0.017690862254456846,0.029291182068959847,0.033244173521951303,khong cai thien (5/20)
bt_dkgrec_l05,active,2021,171,0.018560747924607074,253.3,False,,,,,,,,,
bt_dkgrec_l05,active,2021,172,0.01852611951905591,254.7,False,,,,,,,,,
bt_dkgrec_l05,active,2021,173,0.018523549465179534,256.1,False,,,,,,,,,
bt_dkgrec_l05,active,2021,174,0.018113509681732653,257.5,False,,,,,,,,,
bt_dkgrec_l05,active,2021,175,0.018070806175063108,258.9,True,0.012301088173184552,0.02393288637071741,0.05555555555555555,0.07264957264957266,0.016728905414328882,0.018714500892979484,0.029291182068959847,0.03538092565870344,khong cai thien (6/20)
bt_dkgrec_l05,active,2021,176,0.018557741343926515,260.7,False,,,,,,,,,
bt_dkgrec_l05,active,2021,177,0.017996524618902335,262.1,False,,,,,,,,,
bt_dkgrec_l05,active,2021,178,0.018090181794822403,263.5,False,,,,,,,,,
bt_dkgrec_l05,active,2021,179,0.01798375092942764,264.9,False,,,,,,,,,
bt_dkgrec_l05,active,2021,180,0.018130193049288323,266.3,True,0.012393404031895129,0.024082899641122098,0.05555555555555555,0.07692307692307693,0.016772681850017054,0.019048404488029903,0.029291182068959847,0.036378076655854436,khong cai thien (7/20)
bt_dkgrec_l05,active,2021,181,0.017851245392571706,268.1,False,,,,,,,,,
bt_dkgrec_l05,active,2021,182,0.01778233103463382,269.5,False,,,,,,,,,
bt_dkgrec_l05,active,2021,183,0.01773506959471426,270.9,False,,,,,,,,,
bt_dkgrec_l05,active,2021,184,0.01778455895913212,272.3,False,,,,,,,,,
bt_dkgrec_l05,active,2021,185,0.017249035659208427,273.7,True,0.012554956784638641,0.024429084111286768,0.05555555555555555,0.07692307692307693,0.0169547485514768,0.019184307094936934,0.029291182068959847,0.036378076655854436,khong cai thien (8/20)
bt_dkgrec_l05,active,2021,186,0.017220837179930303,275.4,False,,,,,,,,,
bt_dkgrec_l05,active,2021,187,0.017238027953232756,276.9,False,,,,,,,,,
bt_dkgrec_l05,active,2021,188,0.017425243379125023,278.3,False,,,,,,,,,
bt_dkgrec_l05,active,2021,189,0.017326127778146485,279.7,False,,,,,,,,,
bt_dkgrec_l05,active,2021,190,0.017206936204524483,281.1,True,0.012728049019720975,0.024706031687418504,0.05555555555555555,0.07692307692307693,0.01717093150425704,0.01909784141086257,0.029291182068959847,0.03500836374767998,khong cai thien (9/20)
bt_dkgrec_l05,active,2021,191,0.017202462113257756,282.9,False,,,,,,,,,
bt_dkgrec_l05,active,2021,192,0.01692940208806601,284.2,False,,,,,,,,,
bt_dkgrec_l05,active,2021,193,0.017285524809378866,285.6,False,,,,,,,,,
bt_dkgrec_l05,active,2021,194,0.016952103977646182,287.0,False,,,,,,,,,
bt_dkgrec_l05,active,2021,195,0.016871107750355826,288.4,True,0.012785746431415087,0.025006058228227882,0.05555555555555555,0.07264957264957266,0.01719283077163692,0.018882413945746097,0.029291182068959847,0.03401121275052899,khong cai thien (10/20)
bt_dkgrec_l05,active,2021,196,0.0167137990542893,290.2,False,,,,,,,,,
bt_dkgrec_l05,active,2021,197,0.016635603086984613,291.6,False,,,,,,,,,
bt_dkgrec_l05,active,2021,198,0.016660867859435727,293.1,False,,,,,,,,,
bt_dkgrec_l05,active,2021,199,0.016511384419041545,294.5,False,,,,,,,,,
bt_dkgrec_l05,active,2021,200,0.016253794480585757,295.9,True,0.01285498332544802,0.02524838735734315,0.05555555555555555,0.07692307692307693,0.017566641515660033,0.019361888413751454,0.03000343278121056,0.03543571417503042,best
bt_dkgrec_l05,active,2021,201,0.016249846452689516,297.6,False,,,,,,,,,
bt_dkgrec_l05,active,2021,202,0.016616156105012346,299.0,False,,,,,,,,,
bt_dkgrec_l05,active,2021,203,0.01617710556241947,300.4,False,,,,,,,,,
bt_dkgrec_l05,active,2021,204,0.01629654203523977,301.8,False,,,,,,,,,
bt_dkgrec_l05,active,2021,205,0.01609799849699488,303.2,True,0.01290114125480331,0.025271466322020795,0.05555555555555555,0.07692307692307693,0.016274755329135554,0.018217159626129457,0.029291182068959847,0.03500836374767998,khong cai thien (1/20)
bt_dkgrec_l05,active,2021,206,0.01626863338146504,305.0,False,,,,,,,,,
bt_dkgrec_l05,active,2021,207,0.016092881535976357,306.4,False,,,,,,,,,
bt_dkgrec_l05,active,2021,208,0.015798074498124388,307.8,False,,,,,,,,,
bt_dkgrec_l05,active,2021,209,0.016042209523970622,309.2,False,,,,,,,,,
bt_dkgrec_l05,active,2021,210,0.015733566046672108,310.6,True,0.013016536078191532,0.02545609803944195,0.05555555555555555,0.0811965811965812,0.01630889515387085,0.018740730136709675,0.029291182068959847,0.03643286517218142,khong cai thien (2/20)
bt_dkgrec_l05,active,2021,211,0.01574809795436387,312.4,False,,,,,,,,,
bt_dkgrec_l05,active,2021,212,0.015901178286972576,313.8,False,,,,,,,,,
bt_dkgrec_l05,active,2021,213,0.01558775586367003,315.2,False,,,,,,,,,
bt_dkgrec_l05,active,2021,214,0.01575338831649735,316.6,False,,,,,,,,,
bt_dkgrec_l05,active,2021,215,0.01592376950381362,318.0,True,0.013201167795612688,0.025629190274524285,0.05128205128205128,0.0811965811965812,0.015065510563359374,0.018472907160715334,0.025017677795455575,0.036005514744830984,khong cai thien (3/20)
bt_dkgrec_l05,active,2021,216,0.015513881802376757,319.8,False,,,,,,,,,
bt_dkgrec_l05,active,2021,217,0.015531668806953329,321.2,False,,,,,,,,,
bt_dkgrec_l05,active,2021,218,0.015534798495656267,322.6,False,,,,,,,,,
bt_dkgrec_l05,active,2021,219,0.015338059382108976,324.0,False,,,,,,,,,
bt_dkgrec_l05,active,2021,220,0.015524410261389477,325.4,True,0.013305023136662089,0.02569842716855722,0.05128205128205128,0.0811965811965812,0.014686263740293777,0.017982169148053444,0.025017677795455575,0.0350645940670682,khong cai thien (4/20)
bt_dkgrec_l05,active,2021,221,0.01523832727219736,327.2,False,,,,,,,,,
bt_dkgrec_l05,active,2021,222,0.015565705742504625,328.6,False,,,,,,,,,
bt_dkgrec_l05,active,2021,223,0.015178682706509048,330.0,False,,,,,,,,,
bt_dkgrec_l05,active,2021,224,0.01497441237536264,331.4,False,,,,,,,,,
bt_dkgrec_l05,active,2021,225,0.01513654841450154,332.8,True,0.01335118106601738,0.025883058885978374,0.05128205128205128,0.07692307692307693,0.014677699092432888,0.018483643716527005,0.025017677795455575,0.03698857726635505,khong cai thien (5/20)
bt_dkgrec_l05,active,2021,226,0.015132523363041273,334.6,False,,,,,,,,,
bt_dkgrec_l05,active,2021,227,0.015037044580210837,336.0,False,,,,,,,,,
bt_dkgrec_l05,active,2021,228,0.015000293695385657,337.4,False,,,,,,,,,
bt_dkgrec_l05,active,2021,229,0.014818123993576274,338.8,False,,,,,,,,,
bt_dkgrec_l05,active,2021,230,0.014646812355624449,340.2,True,0.01345503640706678,0.026125388015093644,0.05555555555555555,0.08974358974358974,0.01557865843896716,0.019587437940868545,0.029291182068959847,0.04137310037557452,best
bt_dkgrec_l05,active,2021,231,0.014868645252887336,342.0,False,,,,,,,,,
bt_dkgrec_l05,active,2021,232,0.01479711728983934,343.4,False,,,,,,,,,
bt_dkgrec_l05,active,2021,233,0.014921980780495996,344.8,False,,,,,,,,,
bt_dkgrec_l05,active,2021,234,0.014550254037921711,346.2,False,,,,,,,,,
bt_dkgrec_l05,active,2021,235,0.014527826579703093,347.6,True,0.013581970712793824,0.026286940767837153,0.05982905982905983,0.08974358974358974,0.016357595829447794,0.020204416106477534,0.02934741238834806,0.042315462856398534,best
bt_dkgrec_l05,active,2021,236,0.014526129879828492,349.5,False,,,,,,,,,
bt_dkgrec_l05,active,2021,237,0.014642136961487109,350.9,False,,,,,,,,,
bt_dkgrec_l05,active,2021,238,0.014440615023635004,352.3,False,,,,,,,,,
bt_dkgrec_l05,active,2021,239,0.01448123011943964,353.7,False,,,,,,,,,
bt_dkgrec_l05,active,2021,240,0.01443560833278356,355.1,True,0.01361658915981029,0.026494651449935958,0.05982905982905983,0.08547008547008547,0.018007274630944016,0.02154603919852503,0.02934741238834806,0.04060606114699682,best
bt_dkgrec_l05,active,2021,241,0.014453055046645754,356.8,False,,,,,,,,,
bt_dkgrec_l05,active,2021,242,0.014389698287859694,358.2,False,,,,,,,,,
bt_dkgrec_l05,active,2021,243,0.014417347166672465,359.6,False,,,,,,,,,
bt_dkgrec_l05,active,2021,244,0.014383495300149747,361.1,False,,,,,,,,,
bt_dkgrec_l05,active,2021,245,0.014217468805037197,362.5,True,0.013755062947876158,0.026690822649695935,0.05128205128205128,0.0811965811965812,0.015974161784057344,0.02012679271139006,0.028680681458459235,0.04203056257149825,khong cai thien (1/20)
bt_dkgrec_l05,active,2021,246,0.014177879893211821,364.3,False,,,,,,,,,
bt_dkgrec_l05,active,2021,247,0.014280383128313336,365.7,False,,,,,,,,,
bt_dkgrec_l05,active,2021,248,0.014260514279007729,367.1,False,,,,,,,,,
bt_dkgrec_l05,active,2021,249,0.014168678267260728,368.5,False,,,,,,,,,
bt_dkgrec_l05,active,2021,250,0.014051815386537077,369.9,True,0.013847378806586737,0.026956230743488848,0.05128205128205128,0.0811965811965812,0.016345158344726673,0.02066424885567413,0.028680681458459235,0.04339883367661145,khong cai thien (2/20)
bt_dkgrec_l05,active,2021,251,0.014170617706862858,371.6,False,,,,,,,,,
bt_dkgrec_l05,active,2021,252,0.014118517387561034,373.0,False,,,,,,,,,
bt_dkgrec_l05,active,2021,253,0.014112167208475383,374.5,False,,,,,,,,,
bt_dkgrec_l05,active,2021,254,0.014123650238368693,375.9,False,,,,,,,,,
bt_dkgrec_l05,active,2021,255,0.014038214589283407,377.3,True,0.013997392076991426,0.027360112625347627,0.05128205128205128,0.0811965811965812,0.01521902502079589,0.019548159800145005,0.028680681458459235,0.04339883367661145,khong cai thien (3/20)
bt_dkgrec_l05,active,2021,256,0.013818264734699182,379.1,False,,,,,,,,,
bt_dkgrec_l05,active,2021,257,0.013736420881678226,380.5,False,,,,,,,,,
bt_dkgrec_l05,active,2021,258,0.013804840479302914,381.9,False,,,,,,,,,
bt_dkgrec_l05,active,2021,259,0.013762001007077656,383.2,False,,,,,,,,,
bt_dkgrec_l05,active,2021,260,0.013951325793838768,384.6,True,0.014124326382718471,0.027360112625347627,0.05982905982905983,0.0811965811965812,0.01595534104520326,0.019567673975440913,0.029825370103147883,0.04339883367661145,khong cai thien (4/20)
bt_dkgrec_l05,active,2021,261,0.013741673419730895,386.4,False,,,,,,,,,
bt_dkgrec_l05,active,2021,262,0.01357791755619964,387.8,False,,,,,,,,,
bt_dkgrec_l05,active,2021,263,0.013862494766074842,389.3,False,,,,,,,,,
bt_dkgrec_l05,active,2021,264,0.013813526757564356,390.7,False,,,,,,,,,
bt_dkgrec_l05,active,2021,265,0.013498228131629854,392.1,True,0.01411278690037965,0.027510125895752316,0.05982905982905983,0.08974358974358974,0.015892400039013644,0.020689877565489564,0.029825370103147883,0.046960087237865024,khong cai thien (5/20)
bt_dkgrec_l05,active,2021,266,0.013546959617769383,393.8,False,,,,,,,,,
bt_dkgrec_l05,active,2021,267,0.013624702935581146,395.2,False,,,,,,,,,
bt_dkgrec_l05,active,2021,268,0.013610224971973908,396.6,False,,,,,,,,,
bt_dkgrec_l05,active,2021,269,0.013470832839203892,398.0,False,,,,,,,,,
bt_dkgrec_l05,active,2021,270,0.013224719307236954,399.4,True,0.014182023794412583,0.027463967966397027,0.05982905982905983,0.09401709401709402,0.016150220242450226,0.020666110435353477,0.029825370103147883,0.04514665943759511,khong cai thien (6/20)
bt_dkgrec_l05,active,2021,271,0.013460419787225416,401.3,False,,,,,,,,,
bt_dkgrec_l05,active,2021,272,0.013186103092296396,402.7,False,,,,,,,,,
bt_dkgrec_l05,active,2021,273,0.013344315506191416,404.1,False,,,,,,,,,
bt_dkgrec_l05,active,2021,274,0.013255874167527723,405.5,False,,,,,,,,,
bt_dkgrec_l05,active,2021,275,0.013217236651854515,406.9,True,0.01432049758247845,0.027556283825107605,0.0641025641025641,0.09829059829059829,0.017314343455717637,0.022068675357766777,0.031249871527649305,0.04728341157434725,best
bt_dkgrec_l05,active,2021,276,0.013494835417043934,408.7,False,,,,,,,,,
bt_dkgrec_l05,active,2021,277,0.013323898018602594,410.1,False,,,,,,,,,
bt_dkgrec_l05,active,2021,278,0.013212830475724713,411.5,False,,,,,,,,,
bt_dkgrec_l05,active,2021,279,0.01329792786023394,412.9,False,,,,,,,,,
bt_dkgrec_l05,active,2021,280,0.013277142501883306,414.3,True,0.014401273958850207,0.027810152436561694,0.06837606837606838,0.09401709401709402,0.017998677475389645,0.02212685971194868,0.032674372952150726,0.04722718125495904,best
bt_dkgrec_l05,active,2021,281,0.01308310998821484,416.1,False,,,,,,,,,
bt_dkgrec_l05,active,2021,282,0.01321950980424672,417.6,False,,,,,,,,,
bt_dkgrec_l05,active,2021,283,0.013207724155261088,419.0,False,,,,,,,,,
bt_dkgrec_l05,active,2021,284,0.013084816649145386,420.4,False,,,,,,,,,
bt_dkgrec_l05,active,2021,285,0.013165304999041502,421.8,True,0.01437819499417256,0.02798324467164403,0.0641025641025641,0.09401709401709402,0.019222228334828662,0.024043383665319103,0.031249871527649305,0.04722718125495904,best
bt_dkgrec_l05,active,2021,286,0.013010225115596139,423.6,False,,,,,,,,,
bt_dkgrec_l05,active,2021,287,0.013052345534702315,424.9,False,,,,,,,,,
bt_dkgrec_l05,active,2021,288,0.012862854473031975,426.3,False,,,,,,,,,
bt_dkgrec_l05,active,2021,289,0.013053827293231011,427.7,False,,,,,,,,,
bt_dkgrec_l05,active,2021,290,0.012791439566155614,429.2,True,0.014585905676271363,0.028098639495032253,0.05982905982905983,0.09829059829059829,0.018762504678630887,0.02438119953807824,0.029825370103147883,0.04727034796479241,best
bt_dkgrec_l05,active,2021,291,0.012780760407817983,431.0,False,,,,,,,,,
bt_dkgrec_l05,active,2021,292,0.012802888284441422,432.4,False,,,,,,,,,
bt_dkgrec_l05,active,2021,293,0.012899285693948853,433.8,False,,,,,,,,,
bt_dkgrec_l05,active,2021,294,0.012492275535627784,435.2,False,,,,,,,,,
bt_dkgrec_l05,active,2021,295,0.012790905980131445,436.6,True,0.014862853252403097,0.028317889659469877,0.0641025641025641,0.09401709401709402,0.019298896868861673,0.02420499987360085,0.031249871527649305,0.04722718125495904,khong cai thien (1/20)
bt_dkgrec_l05,active,2021,296,0.012842458060356608,438.3,False,,,,,,,,,
bt_dkgrec_l05,active,2021,297,0.01266290713305762,439.7,False,,,,,,,,,
bt_dkgrec_l05,active,2021,298,0.012807396216477385,441.1,False,,,,,,,,,
bt_dkgrec_l05,active,2021,299,0.012891661751409121,442.6,False,,,,,,,,,
bt_dkgrec_l05,active,2021,300,0.012762552120658225,444.0,True,0.014909011181758386,0.02834096862414752,0.0641025641025641,0.09401709401709402,0.019366997863741676,0.024190245291131507,0.031249871527649305,0.04722718125495904,khong cai thien (2/20)
bt_dkgrec_l05,active,2021,301,0.012573563118011418,445.8,False,,,,,,,,,
bt_dkgrec_l05,active,2021,302,0.01285422481525114,447.2,False,,,,,,,,,
bt_dkgrec_l05,active,2021,303,0.012474513382859223,448.6,False,,,,,,,,,
bt_dkgrec_l05,active,2021,304,0.012603187512932486,450.0,False,,,,,,,,,
bt_dkgrec_l05,active,2021,305,0.01257766962088688,451.4,True,0.014943629628774853,0.02850252137689103,0.0641025641025641,0.09829059829059829,0.019470815202263198,0.02448988553294333,0.031249871527649305,0.047281969771286014,best
bt_dkgrec_l05,active,2021,306,0.012454412094815414,453.2,False,,,,,,,,,
bt_dkgrec_l05,active,2021,307,0.012599341387350632,454.6,False,,,,,,,,,
bt_dkgrec_l05,active,2021,308,0.012489014978181393,456.0,False,,,,,,,,,
bt_dkgrec_l05,active,2021,309,0.012596589020602155,457.4,False,,,,,,,,,
bt_dkgrec_l05,active,2021,310,0.012430084112746423,458.9,True,0.015001327040468965,0.028606376717940432,0.0641025641025641,0.09829059829059829,0.01953020482755625,0.02454343606320888,0.031249871527649305,0.047281969771286014,best
bt_dkgrec_l05,active,2021,311,0.012593098133001315,460.6,False,,,,,,,,,
bt_dkgrec_l05,active,2021,312,0.01221618456697412,462.0,False,,,,,,,,,
bt_dkgrec_l05,active,2021,313,0.012532042537548598,463.4,False,,,,,,,,,
bt_dkgrec_l05,active,2021,314,0.01234559406757576,464.8,False,,,,,,,,,
bt_dkgrec_l05,active,2021,315,0.012303625210942807,466.2,True,0.01512826134619601,0.028767929470683944,0.0641025641025641,0.09829059829059829,0.019610505152133743,0.025056762110227632,0.031249871527649305,0.049363933391711176,best
bt_dkgrec_l05,active,2021,316,0.012345114799868119,468.0,False,,,,,,,,,
bt_dkgrec_l05,active,2021,317,0.012228640418054874,469.4,False,,,,,,,,,
bt_dkgrec_l05,active,2021,318,0.012313134827867929,470.8,False,,,,,,,,,
bt_dkgrec_l05,active,2021,319,0.012156593027160312,472.2,False,,,,,,,,,
bt_dkgrec_l05,active,2021,320,0.012257943397759685,473.6,True,0.015082103416840721,0.029021798082138034,0.0641025641025641,0.10683760683760683,0.019031053068420636,0.024789242469704112,0.031249871527649305,0.049474952227426365,khong cai thien (1/20)
bt_dkgrec_l05,active,2021,321,0.012193429615492099,475.4,False,,,,,,,,,
bt_dkgrec_l05,active,2021,322,0.01222289468484647,476.8,False,,,,,,,,,
bt_dkgrec_l05,active,2021,323,0.012122714176301164,478.2,False,,,,,,,,,
bt_dkgrec_l05,active,2021,324,0.012080549807802968,479.6,False,,,,,,,,,
bt_dkgrec_l05,active,2021,325,0.012069530977744566,481.0,True,0.015082103416840721,0.029021798082138034,0.0641025641025641,0.1111111111111111,0.020060530124747542,0.025089855612831325,0.034989187766965545,0.04951811893725974,best
bt_dkgrec_l05,active,2021,326,0.01205560564185622,482.7,False,,,,,,,,,
bt_dkgrec_l05,active,2021,327,0.012227484029934661,484.1,False,,,,,,,,,
bt_dkgrec_l05,active,2021,328,0.012078393152240095,485.5,False,,,,,,,,,
bt_dkgrec_l05,active,2021,329,0.012118065696634053,486.9,False,,,,,,,,,
bt_dkgrec_l05,active,2021,330,0.012076979456948495,488.3,True,0.015116721863857187,0.029229508764236835,0.05982905982905983,0.10683760683760683,0.018810619252447248,0.02422040941793243,0.030715683493461276,0.04695401637315717,khong cai thien (1/20)
bt_dkgrec_l05,active,2021,331,0.011993541790526332,490.1,False,,,,,,,,,
bt_dkgrec_l05,active,2021,332,0.011935090308347664,491.5,False,,,,,,,,,
bt_dkgrec_l05,active,2021,333,0.011951472457941969,492.9,False,,,,,,,,,
bt_dkgrec_l05,active,2021,334,0.012125881036086937,494.3,False,,,,,,,,,
bt_dkgrec_l05,active,2021,335,0.012030216552691871,495.6,True,0.015197498240228943,0.029333364105286235,0.0641025641025641,0.10256410256410256,0.019472703579914683,0.024553955331618797,0.0321401849179627,0.04739917306831387,khong cai thien (2/20)
bt_dkgrec_l05,active,2021,336,0.011937196622303333,497.5,False,,,,,,,,,
bt_dkgrec_l05,active,2021,337,0.011931124703188392,498.9,False,,,,,,,,,
bt_dkgrec_l05,active,2021,338,0.01186676386054354,500.3,False,,,,,,,,,
bt_dkgrec_l05,active,2021,339,0.011942550522149827,501.7,False,,,,,,,,,
bt_dkgrec_l05,active,2021,340,0.012100748004741323,503.1,True,0.015220577204906587,0.029460298411013282,0.0641025641025641,0.10256410256410256,0.019500062462553976,0.02448470279142512,0.0321401849179627,0.04739917306831387,khong cai thien (3/20)
bt_dkgrec_l05,active,2021,341,0.011864411410377066,504.9,False,,,,,,,,,
bt_dkgrec_l05,active,2021,342,0.011968280706657713,506.2,False,,,,,,,,,
bt_dkgrec_l05,active,2021,343,0.011854167022772474,507.6,False,,,,,,,,,
bt_dkgrec_l05,active,2021,344,0.01197210741177034,509.0,False,,,,,,,,,
bt_dkgrec_l05,active,2021,345,0.011930936195764168,510.4,True,0.015359050992972455,0.029391061516980347,0.06837606837606838,0.10256410256410256,0.020417245646325525,0.024730416176401322,0.035045418086353766,0.0478265234956643,khong cai thien (4/20)
bt_dkgrec_l05,active,2021,346,0.01174104927501142,512.3,False,,,,,,,,,
bt_dkgrec_l05,active,2021,347,0.011872802079890613,513.7,False,,,,,,,,,
bt_dkgrec_l05,active,2021,348,0.011644204664931341,515.1,False,,,,,,,,,
bt_dkgrec_l05,active,2021,349,0.011848147656468497,516.5,False,,,,,,,,,
bt_dkgrec_l05,active,2021,350,0.011912529824655033,517.9,True,0.015509064263377144,0.029668009093112083,0.07264957264957266,0.10256410256410256,0.020764885863490037,0.024784188781354497,0.0355796061205418,0.0478265234956643,khong cai thien (5/20)
bt_dkgrec_l05,active,2021,351,0.011785194430258909,519.7,False,,,,,,,,,
bt_dkgrec_l05,active,2021,352,0.01158229804114065,521.1,False,,,,,,,,,
bt_dkgrec_l05,active,2021,353,0.011627484962406846,522.5,False,,,,,,,,,
bt_dkgrec_l05,active,2021,354,0.011857810853674185,523.9,False,,,,,,,,,
bt_dkgrec_l05,active,2021,355,0.011725446899660942,525.3,True,0.015497524781038323,0.02970262754012855,0.07692307692307693,0.09829059829059829,0.020569838300334292,0.023872910569745956,0.03700410754504322,0.04778335678583093,khong cai thien (6/20)
bt_dkgrec_l05,active,2021,356,0.011575977478833786,527.2,False,,,,,,,,,
bt_dkgrec_l05,active,2021,357,0.011579021751862697,528.6,False,,,,,,,,,
bt_dkgrec_l05,active,2021,358,0.011504216103904601,530.0,False,,,,,,,,,
bt_dkgrec_l05,active,2021,359,0.011608501456393814,531.4,False,,,,,,,,,
bt_dkgrec_l05,active,2021,360,0.011656881949048388,532.8,True,0.015439827369344211,0.029818022363516772,0.06837606837606838,0.09401709401709402,0.01956109018679804,0.024239153222135754,0.03267437295215073,0.04772856826950394,khong cai thien (7/20)
bt_dkgrec_l05,active,2021,361,0.011537801115420241,534.6,False,,,,,,,,,
bt_dkgrec_l05,active,2021,362,0.011689539205837075,536.0,False,,,,,,,,,
bt_dkgrec_l05,active,2021,363,0.011569447083432282,537.4,False,,,,,,,,,
bt_dkgrec_l05,active,2021,364,0.011560336386406099,538.8,False,,,,,,,,,
bt_dkgrec_l05,active,2021,365,0.011485438057571466,540.3,True,0.01553214322805479,0.03010650942198733,0.0641025641025641,0.09401709401709402,0.018640113719259777,0.024191819734322367,0.029011369289147066,0.04772856826950394,khong cai thien (8/20)
bt_dkgrec_l05,active,2021,366,0.011359653408723528,542.1,False,,,,,,,,,
bt_dkgrec_l05,active,2021,367,0.011503248551611037,543.5,False,,,,,,,,,
bt_dkgrec_l05,active,2021,368,0.011302595797379102,545.0,False,,,,,,,,,
bt_dkgrec_l05,active,2021,369,0.011410909060620011,546.3,False,,,,,,,,,
bt_dkgrec_l05,active,2021,370,0.011329985533152167,547.7,True,0.015428287887005388,0.03007189097497086,0.06837606837606838,0.09829059829059829,0.019936430401296563,0.024225790810625845,0.03328487356265134,0.047356006358480494,khong cai thien (9/20)
bt_dkgrec_l05,active,2021,371,0.011373028316253146,549.5,False,,,,,,,,,
bt_dkgrec_l05,active,2021,372,0.011429963219958749,550.9,False,,,,,,,,,
bt_dkgrec_l05,active,2021,373,0.011426692421182407,552.3,False,,,,,,,,,
bt_dkgrec_l05,active,2021,374,0.011505922877147048,553.8,False,,,,,,,,,
bt_dkgrec_l05,active,2021,375,0.011344917606638073,555.2,True,0.015555222192732435,0.030037272527954396,0.06837606837606838,0.09829059829059829,0.020064089151736086,0.024331637471337018,0.03328487356265134,0.047356006358480494,khong cai thien (10/20)
bt_dkgrec_l05,active,2021,376,0.011415382259019082,556.9,False,,,,,,,,,
bt_dkgrec_l05,active,2021,377,0.01127815535304719,558.4,False,,,,,,,,,
bt_dkgrec_l05,active,2021,378,0.011352964651739754,559.7,False,,,,,,,,,
bt_dkgrec_l05,active,2021,379,0.011406375322924878,561.1,False,,,,,,,,,
bt_dkgrec_l05,active,2021,380,0.011263500196405249,562.5,True,0.015705235463137124,0.030268062174730843,0.0641025641025641,0.10256410256410256,0.01943184923227902,0.024750909333388065,0.031249871527649305,0.04762310037557451,khong cai thien (11/20)
bt_dkgrec_l05,active,2021,381,0.011232417589797416,564.3,False,,,,,,,,,
bt_dkgrec_l05,active,2021,382,0.011201944268225619,565.7,False,,,,,,,,,
bt_dkgrec_l05,active,2021,383,0.011376419962836934,567.2,False,,,,,,,,,
bt_dkgrec_l05,active,2021,384,0.011105961939632059,568.6,False,,,,,,,,,
bt_dkgrec_l05,active,2021,385,0.0112598133602524,570.0,True,0.01573985391015359,0.03030268062174731,0.06837606837606838,0.10256410256410256,0.021080169752636248,0.025215853514989235,0.03519110573204141,0.04762310037557451,best
bt_dkgrec_l05,active,2021,386,0.011184425377902967,571.8,False,,,,,,,,,
bt_dkgrec_l05,active,2021,387,0.011259437045647596,573.2,False,,,,,,,,,
bt_dkgrec_l05,active,2021,388,0.011126058184067852,574.6,False,,,,,,,,,
bt_dkgrec_l05,active,2021,389,0.011133320895525985,576.0,False,,,,,,,,,
bt_dkgrec_l05,active,2021,390,0.011262548355676713,577.4,True,0.015855248733541813,0.030545009750862575,0.07264957264957266,0.10683760683760683,0.02006884385182295,0.024250229759856762,0.036615607156542836,0.04975985251232665,khong cai thien (1/20)
bt_dkgrec_l05,active,2021,391,0.011125220717810276,579.2,False,,,,,,,,,
bt_dkgrec_l05,active,2021,392,0.011211768709256578,580.7,False,,,,,,,,,
bt_dkgrec_l05,active,2021,393,0.011159936082878127,582.1,False,,,,,,,,,
bt_dkgrec_l05,active,2021,394,0.011113782036699446,583.5,False,,,,,,,,,
bt_dkgrec_l05,active,2021,395,0.01113006318058033,584.9,True,0.015924485627574748,0.030706562503606087,0.07264957264957266,0.10683760683760683,0.020067538345809523,0.02426019273892272,0.036615607156542836,0.04975985251232665,khong cai thien (2/20)
bt_dkgrec_l05,active,2021,396,0.011100270023630853,586.7,False,,,,,,,,,
bt_dkgrec_l05,active,2021,397,0.011155640371635953,588.1,False,,,,,,,,,
bt_dkgrec_l05,active,2021,398,0.01119998483396036,589.5,False,,,,,,,,,
bt_dkgrec_l05,active,2021,399,0.011053987046645324,590.9,False,,,,,,,,,
bt_dkgrec_l05,active,2021,400,0.011024800645424479,592.3,True,0.01587832769821946,0.030729641468283733,0.07692307692307693,0.1111111111111111,0.020412726477498807,0.025304143717368225,0.03700410754504322,0.05403335678583092,best
bt_dkgrec_l05,active,2021,401,0.0109925635800262,594.1,False,,,,,,,,,
bt_dkgrec_l05,active,2021,402,0.010942110317929679,595.5,False,,,,,,,,,
bt_dkgrec_l05,active,2021,403,0.010869256323102112,597.0,False,,,,,,,,,
bt_dkgrec_l05,active,2021,404,0.010953724546752764,598.4,False,,,,,,,,,
bt_dkgrec_l05,active,2021,405,0.010877374726003003,599.8,True,0.015912946145235925,0.030706562503606087,0.07264957264957266,0.1111111111111111,0.018732349422735457,0.024847725653018495,0.03273060327153895,0.05403335678583092,khong cai thien (1/20)
bt_dkgrec_l05,active,2021,406,0.01105790567300733,601.5,False,,,,,,,,,
bt_dkgrec_l05,active,2021,407,0.010996914217470535,602.9,False,,,,,,,,,
bt_dkgrec_l05,active,2021,408,0.010946072797629167,604.3,False,,,,,,,,,
bt_dkgrec_l05,active,2021,409,0.010936852232125205,605.7,False,,,,,,,,,
bt_dkgrec_l05,active,2021,410,0.010869015317542422,607.1,True,0.015924485627574748,0.030798878362316668,0.07692307692307693,0.10683760683760683,0.019775121540594378,0.02474508940468508,0.036202825493761165,0.053978568269503945,khong cai thien (2/20)
bt_dkgrec_l05,active,2021,411,0.01102758418883108,609.0,False,,,,,,,,,
bt_dkgrec_l05,active,2021,412,0.010936931069985275,610.4,False,,,,,,,,,
bt_dkgrec_l05,active,2021,413,0.010927585655026776,611.8,False,,,,,,,,,
bt_dkgrec_l05,active,2021,414,0.010847214932729525,613.2,False,,,,,,,,,
bt_dkgrec_l05,active,2021,415,0.010925167385930199,614.6,True,0.01603988045096297,0.03101812852675429,0.0811965811965812,0.10683760683760683,0.02160763741510052,0.025731469629909364,0.037271201562137236,0.0522303165212522,best
bt_dkgrec_l05,active,2021,416,0.011058250856268654,616.4,False,,,,,,,,,
bt_dkgrec_l05,active,2021,417,0.010927441142162089,617.8,False,,,,,,,,,
bt_dkgrec_l05,active,2021,418,0.01086254740913904,619.2,False,,,,,,,,,
bt_dkgrec_l05,active,2021,419,0.010797052038974188,620.6,False,,,,,,,,,
bt_dkgrec_l05,active,2021,420,0.010859981454196466,622.0,True,0.01603988045096297,0.031202760244175447,0.06837606837606838,0.11538461538461539,0.018783225021375513,0.02713359422543241,0.02866796269574047,0.05864057293150861,best
bt_dkgrec_l05,active,2021,421,0.010855005988241906,623.9,False,,,,,,,,,
bt_dkgrec_l05,active,2021,422,0.010835059516608417,625.3,False,,,,,,,,,
bt_dkgrec_l05,active,2021,423,0.010907067310983315,626.7,False,,,,,,,,,
bt_dkgrec_l05,active,2021,424,0.010778983272215591,628.1,False,,,,,,,,,
bt_dkgrec_l05,active,2021,425,0.010848978283124129,629.5,True,0.016062959415640614,0.03126045765586956,0.07692307692307693,0.1111111111111111,0.021242730669150337,0.025970183401241864,0.03721497124274902,0.05375656804750373,khong cai thien (1/20)
bt_dkgrec_l05,active,2021,426,0.010717757777473021,631.3,False,,,,,,,,,
bt_dkgrec_l05,active,2021,427,0.010781360047848732,632.7,False,,,,,,,,,
bt_dkgrec_l05,active,2021,428,0.010894406972795543,634.1,False,,,,,,,,,
bt_dkgrec_l05,active,2021,429,0.010771253153238024,635.5,False,,,,,,,,,
bt_dkgrec_l05,active,2021,430,0.010694247732613786,636.9,True,0.01613219630967355,0.031433549890951894,0.07692307692307693,0.11538461538461539,0.021405261946649625,0.027856187251577413,0.03721497124274902,0.06187622616716184,best
bt_dkgrec_l05,active,2021,431,0.010753473196228623,638.8,False,,,,,,,,,
bt_dkgrec_l05,active,2021,432,0.01077146278477078,640.2,False,,,,,,,,,
bt_dkgrec_l05,active,2021,433,0.010726579703186535,641.6,False,,,,,,,,,
bt_dkgrec_l05,active,2021,434,0.010880101837047289,643.0,False,,,,,,,,,
bt_dkgrec_l05,active,2021,435,0.01070347378895039,644.4,True,0.016224512168384126,0.03132969454990249,0.07692307692307693,0.1111111111111111,0.020594850718851254,0.02609089256717212,0.03721497124274902,0.05760272189365757,khong cai thien (1/20)
bt_dkgrec_l05,active,2021,436,0.01071342113151314,646.1,False,,,,,,,,,
bt_dkgrec_l05,active,2021,437,0.010688131876483755,647.5,False,,,,,,,,,
bt_dkgrec_l05,active,2021,438,0.010744539711639318,649.0,False,,,,,,,,,
bt_dkgrec_l05,active,2021,439,0.010648950414946866,650.4,False,,,,,,,,,
bt_dkgrec_l05,active,2021,440,0.01066888158310458,651.8,True,0.016466841297499393,0.031710497467083626,0.07692307692307693,0.10683760683760683,0.020923351119590664,0.026527487908281595,0.03721497124274902,0.05793499196276974,khong cai thien (2/20)
bt_dkgrec_l05,active,2021,441,0.01067755617178818,653.6,False,,,,,,,,,
bt_dkgrec_l05,active,2021,442,0.010620165498757416,655.0,False,,,,,,,,,
bt_dkgrec_l05,active,2021,443,0.010537590184276477,656.4,False,,,,,,,,,
bt_dkgrec_l05,active,2021,444,0.01084235928400532,657.8,False,,,,,,,,,
bt_dkgrec_l05,active,2021,445,0.010625976278192988,659.2,True,0.016478380779838216,0.031791273843455384,0.07692307692307693,0.10683760683760683,0.02101720713209497,0.026579620012169004,0.03721497124274902,0.05793499196276974,khong cai thien (3/20)
bt_dkgrec_l05,active,2021,446,0.010563997879925385,661.0,False,,,,,,,,,
bt_dkgrec_l05,active,2021,447,0.010570735872611035,662.4,False,,,,,,,,,
bt_dkgrec_l05,active,2021,448,0.010730303434690712,663.8,False,,,,,,,,,
bt_dkgrec_l05,active,2021,449,0.010573768442121965,665.2,False,,,,,,,,,
bt_dkgrec_l05,active,2021,450,0.010584582150043069,666.6,True,0.016582236120887616,0.031698957984744806,0.07692307692307693,0.10683760683760683,0.021067545574583263,0.02664064067647206,0.03721497124274902,0.05793499196276974,khong cai thien (4/20)
bt_dkgrec_l05,active,2021,451,0.010667392861532291,668.4,False,,,,,,,,,
bt_dkgrec_l05,active,2021,452,0.010621426251796415,669.8,False,,,,,,,,,
bt_dkgrec_l05,active,2021,453,0.010529162517564002,671.2,False,,,,,,,,,
bt_dkgrec_l05,active,2021,454,0.010567866731481038,672.6,False,,,,,,,,,
bt_dkgrec_l05,active,2021,455,0.010581431655372023,674.0,True,0.016663012497259374,0.03173357643176127,0.07692307692307693,0.10256410256410256,0.01944796964343413,0.024732635839152344,0.03721497124274902,0.057444741472519247,khong cai thien (5/20)
bt_dkgrec_l05,active,2021,456,0.01047268254197533,675.8,False,,,,,,,,,
bt_dkgrec_l05,active,2021,457,0.010490457263653847,677.2,False,,,,,,,,,
bt_dkgrec_l05,active,2021,458,0.010503712822639661,678.6,False,,,,,,,,,
bt_dkgrec_l05,active,2021,459,0.010575914205177585,680.0,False,,,,,,,,,
bt_dkgrec_l05,active,2021,460,0.010473700285679389,681.4,True,0.016732249391292305,0.03183743177281067,0.07264957264957266,0.10256410256410256,0.018771999456379137,0.023939583936832855,0.0357904698182476,0.05530798933576711,khong cai thien (6/20)
bt_dkgrec_l05,active,2021,461,0.010445880846689185,683.2,False,,,,,,,,,
bt_dkgrec_l05,active,2021,462,0.010417300834468365,684.6,False,,,,,,,,,
bt_dkgrec_l05,active,2021,463,0.010456709542851366,686.0,False,,,,,,,,,
bt_dkgrec_l05,active,2021,464,0.010467364324099684,687.4,False,,,,,,,,,
bt_dkgrec_l05,active,2021,465,0.010414206957004386,688.8,True,0.016766867838308774,0.03194128711386007,0.07264957264957266,0.09829059829059829,0.018769650399313303,0.02382494378428924,0.0357904698182476,0.0545957386235164,khong cai thien (7/20)
bt_dkgrec_l05,active,2021,466,0.010426973363897373,690.6,False,,,,,,,,,
bt_dkgrec_l05,active,2021,467,0.01028947866271313,692.0,False,,,,,,,,,
bt_dkgrec_l05,active,2021,468,0.010367321081221032,693.5,False,,,,,,,,,
bt_dkgrec_l05,active,2021,469,0.010460126212460424,694.9,False,,,,,,,,,
bt_dkgrec_l05,active,2021,470,0.0104366011276639,696.3,True,0.01669763094427584,0.032148997795958874,0.07264957264957266,0.09829059829059829,0.019808057300754838,0.024116784265238504,0.03899559802337581,0.0545957386235164,khong cai thien (8/20)
bt_dkgrec_l05,active,2021,471,0.010441177007848065,698.0,False,,,,,,,,,
bt_dkgrec_l05,active,2021,472,0.01033976313530556,699.4,False,,,,,,,,,
bt_dkgrec_l05,active,2021,473,0.010412780879082057,700.8,False,,,,,,,,,
bt_dkgrec_l05,active,2021,474,0.010470664471518659,702.2,False,,,,,,,,,
bt_dkgrec_l05,active,2021,475,0.010392431300561234,703.6,True,0.016709170426614663,0.03218361624297534,0.07264957264957266,0.09829059829059829,0.019006941960125805,0.024316377321338404,0.0357904698182476,0.05502308905086683,khong cai thien (9/20)
bt_dkgrec_l05,active,2021,476,0.010309732143221399,705.5,False,,,,,,,,,
bt_dkgrec_l05,active,2021,477,0.010276947331156992,706.9,False,,,,,,,,,
bt_dkgrec_l05,active,2021,478,0.010316762682863703,708.3,False,,,,,,,,,
bt_dkgrec_l05,active,2021,479,0.01025694206493314,709.7,False,,,,,,,,,
bt_dkgrec_l05,active,2021,480,0.010444378946040863,711.1,True,0.016766867838308774,0.03222977417233063,0.07692307692307693,0.09829059829059829,0.01949309173181262,0.024149999636222334,0.03721497124274902,0.05463458866236644,khong cai thien (10/20)
bt_dkgrec_l05,active,2021,481,0.010388981670342634,712.9,False,,,,,,,,,
bt_dkgrec_l05,active,2021,482,0.010388558209033632,714.3,False,,,,,,,,,
bt_dkgrec_l05,active,2021,483,0.010246570424083015,715.7,False,,,,,,,,,
bt_dkgrec_l05,active,2021,484,0.01033711657306175,717.1,False,,,,,,,,,
bt_dkgrec_l05,active,2021,485,0.01038930200696373,718.5,True,0.016732249391292305,0.03225285313700827,0.07692307692307693,0.10683760683760683,0.019434990848940827,0.024968751434142483,0.03721497124274902,0.05683609086386864,khong cai thien (11/20)
bt_dkgrec_l05,active,2021,486,0.010258120339308568,720.4,False,,,,,,,,,
bt_dkgrec_l05,active,2021,487,0.010302103503977105,721.7,False,,,,,,,,,
bt_dkgrec_l05,active,2021,488,0.010352015459861447,723.1,False,,,,,,,,,
bt_dkgrec_l05,active,2021,489,0.010147688916544374,724.5,False,,,,,,,,,
bt_dkgrec_l05,active,2021,490,0.010311049445293203,725.9,True,0.01684764421468053,0.032345168995718855,0.07692307692307693,0.10683760683760683,0.019534865526440025,0.024867501144285584,0.03721497124274902,0.056225590253368034,khong cai thien (12/20)
bt_dkgrec_l05,active,2021,491,0.01025061767668377,727.7,False,,,,,,,,,
bt_dkgrec_l05,active,2021,492,0.010236244604851603,729.1,False,,,,,,,,,
bt_dkgrec_l05,active,2021,493,0.010266654133116677,730.5,False,,,,,,,,,
bt_dkgrec_l05,active,2021,494,0.010265230678809176,731.9,False,,,,,,,,,
bt_dkgrec_l05,active,2021,495,0.010238656472225013,733.4,True,0.01695149955572993,0.032495182266123544,0.0811965811965812,0.10683760683760683,0.02077708451964803,0.024868371376438998,0.041488475516253294,0.056225590253368034,khong cai thien (13/20)
bt_dkgrec_l05,active,2021,496,0.010215462785640776,735.2,False,,,,,,,,,
bt_dkgrec_l05,active,2021,497,0.010267166232110577,736.6,False,,,,,,,,,
bt_dkgrec_l05,active,2021,498,0.010155486251886477,738.0,False,,,,,,,,,
bt_dkgrec_l05,active,2021,499,0.010298594571824372,739.4,False,,,,,,,,,
bt_dkgrec_l05,active,2021,500,0.010214795067262559,740.8,True,0.016824565250002886,0.03252980071314001,0.07264957264957266,0.10683760683760683,0.020129911811901654,0.025320585021517718,0.03899559802337581,0.05693784096561875,khong cai thien (14/20)
bt_dkgrec_l05,active,2021,501,0.010233359792211487,742.6,False,,,,,,,,,
bt_dkgrec_l05,active,2021,502,0.010100089628211522,744.0,False,,,,,,,,,
bt_dkgrec_l05,active,2021,503,0.010279395805184789,745.4,False,,,,,,,,,
bt_dkgrec_l05,active,2021,504,0.010116170347413685,746.8,False,,,,,,,,,
bt_dkgrec_l05,active,2021,505,0.010129149033123066,748.3,True,0.016963039038068752,0.03279520880693292,0.07264957264957266,0.1111111111111111,0.021633417895505613,0.027461502055913092,0.03899559802337581,0.05907459310237088,khong cai thien (15/20)
bt_dkgrec_l05,active,2021,506,0.010209220778051028,750.0,False,,,,,,,,,
bt_dkgrec_l05,active,2021,507,0.01013152806578955,751.4,False,,,,,,,,,
bt_dkgrec_l05,active,2021,508,0.010188307077211493,752.8,False,,,,,,,,,
bt_dkgrec_l05,active,2021,509,0.010184185163054074,754.2,False,,,,,,,,,
bt_dkgrec_l05,active,2021,510,0.010047310640516564,755.6,True,0.017020736449762864,0.03276059035991646,0.07264957264957266,0.11538461538461539,0.023263364067231014,0.030019955644970845,0.03899559802337581,0.06334809737587516,best
bt_dkgrec_l05,active,2021,511,0.010025596711959312,757.4,False,,,,,,,,,
bt_dkgrec_l05,active,2021,512,0.010023324048722491,758.8,False,,,,,,,,,
bt_dkgrec_l05,active,2021,513,0.01009433429390801,760.2,False,,,,,,,,,
bt_dkgrec_l05,active,2021,514,0.010121895562118746,761.7,False,,,,,,,,,
bt_dkgrec_l05,active,2021,515,0.010216890410366665,763.1,True,0.017020736449762864,0.03279520880693292,0.07264957264957266,0.11538461538461539,0.020970389890373288,0.027645360251394416,0.03899559802337581,0.0630274303885415,khong cai thien (1/20)
bt_dkgrec_l05,active,2021,516,0.01009955522240427,764.8,False,,,,,,,,,
bt_dkgrec_l05,active,2021,517,0.010097198903702467,766.2,False,,,,,,,,,
bt_dkgrec_l05,active,2021,518,0.009935335484571588,767.6,False,,,,,,,,,
bt_dkgrec_l05,active,2021,519,0.010022174876333854,769.0,False,,,,,,,,,
bt_dkgrec_l05,active,2021,520,0.010075636206402241,770.4,True,0.016974578520407575,0.032783669324594096,0.07264957264957266,0.11965811965811966,0.021039192758542456,0.028248369723325922,0.03899559802337581,0.06445193181304291,khong cai thien (2/20)
bt_dkgrec_l05,active,2021,521,0.01012655566136876,772.2,False,,,,,,,,,
bt_dkgrec_l05,active,2021,522,0.01010373174931305,773.6,False,,,,,,,,,
bt_dkgrec_l05,active,2021,523,0.010032024671220077,775.0,False,,,,,,,,,
bt_dkgrec_l05,active,2021,524,0.010073882522352886,776.5,False,,,,,,,,,
bt_dkgrec_l05,active,2021,525,0.010064788555128676,777.9,True,0.017032275932101687,0.033141393277097586,0.07692307692307693,0.1111111111111111,0.021263269307842354,0.027555549184668144,0.04006397409175187,0.06267469670247447,khong cai thien (3/20)
bt_dkgrec_l05,active,2021,526,0.01009564447019707,779.6,False,,,,,,,,,
bt_dkgrec_l05,active,2021,527,0.009962359579673837,781.0,False,,,,,,,,,
bt_dkgrec_l05,active,2021,528,0.00996451732291687,782.4,False,,,,,,,,,
bt_dkgrec_l05,active,2021,529,0.010044492548391388,783.8,False,,,,,,,,,
bt_dkgrec_l05,active,2021,530,0.009952464314467727,785.2,True,0.017066894379118153,0.03325678810048581,0.07692307692307693,0.1111111111111111,0.021494696594743807,0.027928931592615936,0.04006397409175187,0.0633869474147252,khong cai thien (4/20)
bt_dkgrec_l05,active,2021,531,0.009972365185428168,787.1,False,,,,,,,,,
bt_dkgrec_l05,active,2021,532,0.009973168100705114,788.5,False,,,,,,,,,
bt_dkgrec_l05,active,2021,533,0.00995516306071575,789.9,False,,,,,,,,,
bt_dkgrec_l05,active,2021,534,0.009984644822630957,791.3,False,,,,,,,,,
bt_dkgrec_l05,active,2021,535,0.009971090547478724,792.7,True,0.017043815414440507,0.0331990906887917,0.07692307692307693,0.1111111111111111,0.021265064643856125,0.027378715959966854,0.04006397409175187,0.06267469670247447,khong cai thien (5/20)
bt_dkgrec_l05,active,2021,536,0.009890901786975433,794.5,False,,,,,,,,,
bt_dkgrec_l05,active,2021,537,0.009814901073139199,795.9,False,,,,,,,,,
bt_dkgrec_l05,active,2021,538,0.009964058482733865,797.3,False,,,,,,,,,
bt_dkgrec_l05,active,2021,539,0.009926933695793668,798.7,False,,,,,,,,,
bt_dkgrec_l05,active,2021,540,0.010038152407584159,800.1,True,0.017043815414440507,0.03300291948903172,0.07692307692307693,0.1111111111111111,0.022228579918300028,0.02742018826539058,0.04326910229688008,0.06053794456572234,khong cai thien (6/20)
bt_dkgrec_l05,active,2021,541,0.009927590678114172,801.9,False,,,,,,,,,
bt_dkgrec_l05,active,2021,542,0.009949444561920283,803.3,False,,,,,,,,,
bt_dkgrec_l05,active,2021,543,0.009929367193166515,804.7,False,,,,,,,,,
bt_dkgrec_l05,active,2021,544,0.009932868272479245,806.1,False,,,,,,,,,
bt_dkgrec_l05,active,2021,545,0.009783122804540304,807.5,True,0.017228447131861665,0.03324524861814699,0.07692307692307693,0.1111111111111111,0.022865219750462393,0.027860565516458543,0.04326910229688008,0.060008844036621815,khong cai thien (7/20)
bt_dkgrec_l05,active,2021,546,0.009927692265984661,809.3,False,,,,,,,,,
bt_dkgrec_l05,active,2021,547,0.009907349358628904,810.7,False,,,,,,,,,
bt_dkgrec_l05,active,2021,548,0.009957188238067934,812.1,False,,,,,,,,,
bt_dkgrec_l05,active,2021,549,0.009897679393596724,813.5,False,,,,,,,,,
bt_dkgrec_l05,active,2021,550,0.009913074218669644,814.9,True,0.01715921023782873,0.033279867065163456,0.07692307692307693,0.1111111111111111,0.02252689663501633,0.02702107658492249,0.04326910229688008,0.057915258609703056,khong cai thien (8/20)
bt_dkgrec_l05,active,2021,551,0.00979297599066846,816.7,False,,,,,,,,,
bt_dkgrec_l05,active,2021,552,0.009914688407605026,818.1,False,,,,,,,,,
bt_dkgrec_l05,active,2021,553,0.009901921496145261,819.5,False,,,,,,,,,
bt_dkgrec_l05,active,2021,554,0.009780879549458362,820.9,False,,,,,,,,,
bt_dkgrec_l05,active,2021,555,0.009776015413746625,822.3,True,0.017216907649522842,0.033418340853229325,0.07692307692307693,0.10683760683760683,0.022408379583810152,0.02726650020069224,0.04326910229688008,0.06072109474887253,khong cai thien (9/20)
bt_dkgrec_l05,active,2021,556,0.009812092591635504,824.1,False,,,,,,,,,
bt_dkgrec_l05,active,2021,557,0.00984554851063502,825.5,False,,,,,,,,,
bt_dkgrec_l05,active,2021,558,0.009853881455197104,826.9,False,,,,,,,,,
bt_dkgrec_l05,active,2021,559,0.009823877684762746,828.3,False,,,,,,,,,
bt_dkgrec_l05,active,2021,560,0.009780839730613732,829.7,True,0.017274605061216954,0.03348757774726226,0.06837606837606838,0.09829059829059829,0.01949602503447328,0.025200886676803695,0.03472209374987153,0.05683424086201863,khong cai thien (10/20)
bt_dkgrec_l05,active,2021,561,0.009778132649561077,831.6,False,,,,,,,,,
bt_dkgrec_l05,active,2021,562,0.00985394967709062,832.9,False,,,,,,,,,
bt_dkgrec_l05,active,2021,563,0.00980531189699786,834.4,False,,,,,,,,,
bt_dkgrec_l05,active,2021,564,0.009847679159749245,835.8,False,,,,,,,,,
bt_dkgrec_l05,active,2021,565,0.009673645847149352,837.1,True,0.01730922350823342,0.033556814641295195,0.06837606837606838,0.10683760683760683,0.019835797564562063,0.026319031773567522,0.03472209374987153,0.05939834342612121,khong cai thien (11/20)
bt_dkgrec_l05,active,2021,566,0.009744951177518415,838.9,False,,,,,,,,,
bt_dkgrec_l05,active,2021,567,0.009715849609740966,840.3,False,,,,,,,,,
bt_dkgrec_l05,active,2021,568,0.00984953755216339,841.7,False,,,,,,,,,
bt_dkgrec_l05,active,2021,569,0.009743259766362849,843.2,False,,,,,,,,,
bt_dkgrec_l05,active,2021,570,0.009700946831307242,844.6,True,0.01734384195524989,0.03338372240621286,0.06837606837606838,0.10683760683760683,0.02036683622190685,0.02715236023343464,0.03472209374987153,0.06011059413837192,khong cai thien (12/20)
bt_dkgrec_l05,active,2021,571,0.009773244608701733,846.3,False,,,,,,,,,
bt_dkgrec_l05,active,2021,572,0.009796001219133701,847.7,False,,,,,,,,,
bt_dkgrec_l05,active,2021,573,0.009731581312291073,849.1,False,,,,,,,,,
bt_dkgrec_l05,active,2021,574,0.009771760026283672,850.5,False,,,,,,,,,
bt_dkgrec_l05,active,2021,575,0.009660790981715111,851.9,True,0.017378460402266354,0.03347603826492344,0.06837606837606838,0.1111111111111111,0.020458506489079077,0.027791585950930932,0.03472209374987153,0.06153509556287334,khong cai thien (13/20)
bt_dkgrec_l05,active,2021,576,0.00978740516455126,853.7,False,,,,,,,,,
bt_dkgrec_l05,active,2021,577,0.009811849400655789,855.1,False,,,,,,,,,
bt_dkgrec_l05,active,2021,578,0.009779760292715501,856.5,False,,,,,,,,,
bt_dkgrec_l05,active,2021,579,0.009650686898506495,857.9,False,,,,,,,,,
bt_dkgrec_l05,active,2021,580,0.009752632585792932,859.3,True,0.01744769729629929,0.033579893605972834,0.07264957264957266,0.11538461538461539,0.021692657021249995,0.028101923096963882,0.03899559802337581,0.06192359595137373,khong cai thien (14/20)
bt_dkgrec_l05,active,2021,581,0.00968441077420695,861.1,False,,,,,,,,,
bt_dkgrec_l05,active,2021,582,0.00982184048207402,862.5,False,,,,,,,,,
bt_dkgrec_l05,active,2021,583,0.009745001850360209,863.9,False,,,,,,,,,
bt_dkgrec_l05,active,2021,584,0.009663416618543329,865.3,False,,,,,,,,,
bt_dkgrec_l05,active,2021,585,0.009615032427136211,866.7,True,0.01751693419033222,0.033556814641295195,0.07264957264957266,0.10256410256410256,0.024724368180234834,0.029887952073282546,0.03899559802337581,0.057973842001619785,khong cai thien (15/20)
bt_dkgrec_l05,active,2021,586,0.009599007996407657,868.5,False,,,,,,,,,
bt_dkgrec_l05,active,2021,587,0.009663169055951154,869.9,False,,,,,,,,,
bt_dkgrec_l05,active,2021,588,0.009629992822770387,871.3,False,,,,,,,,,
bt_dkgrec_l05,active,2021,589,0.00971452020632393,872.7,False,,,,,,,,,
bt_dkgrec_l05,active,2021,590,0.009681371677805863,874.1,True,0.017424618331621643,0.03339526188855168,0.07264957264957266,0.10256410256410256,0.02234422870648826,0.02755040170172868,0.03899559802337581,0.057973842001619785,khong cai thien (16/20)
bt_dkgrec_l05,active,2021,591,0.009665198113001813,875.8,False,,,,,,,,,
bt_dkgrec_l05,active,2021,592,0.00956355167842997,877.2,False,,,,,,,,,
bt_dkgrec_l05,active,2021,593,0.00969141840485138,878.6,False,,,,,,,,,
bt_dkgrec_l05,active,2021,594,0.00960333946342249,880.0,False,,,,,,,,,
bt_dkgrec_l05,active,2021,595,0.00959135887711494,881.4,True,0.017320762990572242,0.033418340853229325,0.0811965811965812,0.10683760683760683,0.02330552602821997,0.027860537744441683,0.04220072622850401,0.05973803222734846,khong cai thien (17/20)
bt_dkgrec_l05,active,2021,596,0.009606206067778464,883.3,False,,,,,,,,,
bt_dkgrec_l05,active,2021,597,0.009585046473981687,884.7,False,,,,,,,,,
bt_dkgrec_l05,active,2021,598,0.009572709817367594,886.1,False,,,,,,,,,
bt_dkgrec_l05,active,2021,599,0.009607877131077833,887.5,False,,,,,,,,,
bt_dkgrec_l05,active,2021,600,0.009617729542627206,888.9,True,0.017274605061216954,0.033568354123634014,0.0811965811965812,0.1111111111111111,0.02320594667938929,0.02866616969965766,0.04220072622850401,0.06080825829757453,khong cai thien (18/20)
bt_dkgrec_l05,active,2021,601,0.009682300489923521,890.7,False,,,,,,,,,
bt_dkgrec_l05,active,2021,602,0.00961886422481285,892.1,False,,,,,,,,,
bt_dkgrec_l05,active,2021,603,0.009631575491472907,893.4,False,,,,,,,,,
bt_dkgrec_l05,active,2021,604,0.00966276062981625,894.9,False,,,,,,,,,
bt_dkgrec_l05,active,2021,605,0.009580194123644858,896.3,True,0.01736692091992753,0.0336145120529893,0.0811965811965812,0.1111111111111111,0.02295861062164451,0.02901896668381293,0.04220072622850401,0.06298386047317671,khong cai thien (19/20)
bt_dkgrec_l05,active,2021,606,0.009555557764581404,898.1,False,,,,,,,,,
bt_dkgrec_l05,active,2021,607,0.009486720024711376,899.5,False,,,,,,,,,
bt_dkgrec_l05,active,2021,608,0.009556637092153927,900.9,False,,,,,,,,,
bt_dkgrec_l05,active,2021,609,0.009613408220280895,902.3,False,,,,,,,,,
bt_dkgrec_l05,active,2021,610,0.009579247880286192,903.7,True,0.017436157813960466,0.0336145120529893,0.07692307692307693,0.1111111111111111,0.023709511936533707,0.030596599349590203,0.04006397409175187,0.06298386047317671,best
bt_dkgrec_l05,active,2021,611,0.009535832738784125,905.5,False,,,,,,,,,
bt_dkgrec_l05,active,2021,612,0.009615300750234725,906.9,False,,,,,,,,,
bt_dkgrec_l05,active,2021,613,0.009639885996109876,908.3,False,,,,,,,,,
bt_dkgrec_l05,active,2021,614,0.009465659346545295,909.7,False,,,,,,,,,
bt_dkgrec_l05,active,2021,615,0.009540217972082356,911.1,True,0.017540013155009866,0.03368374894702224,0.07692307692307693,0.1111111111111111,0.021776547290234514,0.02799660437004599,0.041132350160127944,0.061915484404800644,khong cai thien (1/20)
bt_dkgrec_l05,active,2021,616,0.009580540998389245,913.0,False,,,,,,,,,
bt_dkgrec_l05,active,2021,617,0.009535950228599993,914.4,False,,,,,,,,,
bt_dkgrec_l05,active,2021,618,0.009501654859282463,915.7,False,,,,,,,,,
bt_dkgrec_l05,active,2021,619,0.009627446298393526,917.1,False,,,,,,,,,
bt_dkgrec_l05,active,2021,620,0.009423733451099404,918.5,True,0.01765540797839809,0.033776064805732815,0.07692307692307693,0.10683760683760683,0.02176707711810771,0.027127805753397453,0.041132350160127944,0.05935138184069808,khong cai thien (2/20)
bt_dkgrec_l05,active,2021,621,0.009478912592479745,920.3,False,,,,,,,,,
bt_dkgrec_l05,active,2021,622,0.009444459791063453,921.7,False,,,,,,,,,
bt_dkgrec_l05,active,2021,623,0.009534058165916633,923.1,False,,,,,,,,,
bt_dkgrec_l05,active,2021,624,0.009539980830699403,924.5,False,,,,,,,,,
bt_dkgrec_l05,active,2021,625,0.009587451221696448,926.0,True,0.0175053947079934,0.0336145120529893,0.07692307692307693,0.1111111111111111,0.022058942664477065,0.027164460829543054,0.04174285077062855,0.05910964826563118,khong cai thien (3/20)
bt_dkgrec_l05,active,2021,626,0.009540578585494475,927.7,False,,,,,,,,,
bt_dkgrec_l05,active,2021,627,0.009415369187204278,929.1,False,,,,,,,,,
bt_dkgrec_l05,active,2021,628,0.00952307502218767,930.5,False,,,,,,,,,
bt_dkgrec_l05,active,2021,629,0.009333839700710578,931.9,False,,,,,,,,,
bt_dkgrec_l05,active,2021,630,0.009393633866678198,933.3,True,0.01762078953138162,0.033637591017666946,0.07692307692307693,0.1111111111111111,0.02346893298270297,0.02884751755318701,0.04174285077062855,0.05982189897788188,khong cai thien (4/20)
bt_dkgrec_l05,active,2021,631,0.009446729338348473,935.0,False,,,,,,,,,
bt_dkgrec_l05,active,2021,632,0.009442486519482835,936.5,False,,,,,,,,,
bt_dkgrec_l05,active,2021,633,0.009344804397444333,937.9,False,,,,,,,,,
bt_dkgrec_l05,active,2021,634,0.009457515681117272,939.3,False,,,,,,,,,
bt_dkgrec_l05,active,2021,635,0.009360289455391595,940.7,True,0.017574631602026332,0.033787604288071635,0.0811965811965812,0.10683760683760683,0.023039343798025275,0.02864446680609845,0.03797038866483311,0.05933976003420447,khong cai thien (5/20)
bt_dkgrec_l05,active,2021,636,0.009467615270599293,942.5,False,,,,,,,,,
bt_dkgrec_l05,active,2021,637,0.009505973098633077,943.9,False,,,,,,,,,
bt_dkgrec_l05,active,2021,638,0.009438829294830647,945.3,False,,,,,,,,,
bt_dkgrec_l05,active,2021,639,0.009451104853586854,946.7,False,,,,,,,,,
bt_dkgrec_l05,active,2021,640,0.009397135701002025,948.1,True,0.017666947460736913,0.03369528842936106,0.08547008547008547,0.10683760683760683,0.02128186064042692,0.027019109870490606,0.039394890089334535,0.060835486529930975,khong cai thien (6/20)
bt_dkgrec_l05,active,2021,641,0.00938127211794504,949.8,False,,,,,,,,,
bt_dkgrec_l05,active,2021,642,0.009360369763053437,951.3,False,,,,,,,,,
bt_dkgrec_l05,active,2021,643,0.009474633169001087,952.7,False,,,,,,,,,
bt_dkgrec_l05,active,2021,644,0.00948331271320133,954.1,False,,,,,,,,,
bt_dkgrec_l05,active,2021,645,0.009364030837151423,955.5,True,0.017678486943075732,0.03385684118210457,0.0811965811965812,0.1111111111111111,0.02186897529975252,0.0288478256597,0.03935172337950116,0.06510899080343525,khong cai thien (7/20)
bt_dkgrec_l05,active,2021,646,0.00948465516078035,957.3,False,,,,,,,,,
bt_dkgrec_l05,active,2021,647,0.009338606646867555,958.7,False,,,,,,,,,
bt_dkgrec_l05,active,2021,648,0.009389629924632308,960.1,False,,,,,,,,,
bt_dkgrec_l05,active,2021,649,0.00934704766834226,961.5,False,,,,,,,,,
bt_dkgrec_l05,active,2021,650,0.009272817635132598,962.9,True,0.017586171084365155,0.03415686772291395,0.0811965811965812,0.10683760683760683,0.021414540932120075,0.028175919189506106,0.03935172337950116,0.06506582409360187,khong cai thien (8/20)
bt_dkgrec_l05,active,2021,651,0.009410662057368836,964.7,False,,,,,,,,,
bt_dkgrec_l05,active,2021,652,0.009344767826394308,966.1,False,,,,,,,,,
bt_dkgrec_l05,active,2021,653,0.009370687223296467,967.5,False,,,,,,,,,
bt_dkgrec_l05,active,2021,654,0.009351587131866183,968.9,False,,,,,,,,,
bt_dkgrec_l05,active,2021,655,0.009338848989245987,970.3,True,0.01780542124880278,0.034076091346542194,0.07692307692307693,0.10683760683760683,0.021095093413557125,0.027337681964912548,0.03874122276900055,0.06084855013948581,khong cai thien (9/20)
bt_dkgrec_l05,active,2021,656,0.009325697867196872,972.1,False,,,,,,,,,
bt_dkgrec_l05,active,2021,657,0.009269130948256923,973.4,False,,,,,,,,,
bt_dkgrec_l05,active,2021,658,0.009339036240788865,974.8,False,,,,,,,,,
bt_dkgrec_l05,active,2021,659,0.009305676800010881,976.2,False,,,,,,,,,
bt_dkgrec_l05,active,2021,660,0.009343911911780613,977.6,True,0.017816960731141602,0.034064551864203374,0.0811965811965812,0.1111111111111111,0.02165027496659665,0.02866584968629503,0.03935172337950116,0.06512205441299009,khong cai thien (10/20)
bt_dkgrec_l05,active,2021,661,0.009225639914567254,979.5,False,,,,,,,,,
bt_dkgrec_l05,active,2021,662,0.009289199050129465,980.9,False,,,,,,,,,
bt_dkgrec_l05,active,2021,663,0.009275188967712091,982.3,False,,,,,,,,,
bt_dkgrec_l05,active,2021,664,0.009243354023644446,983.7,False,,,,,,,,,
bt_dkgrec_l05,active,2021,665,0.009333338103863295,985.1,True,0.017851579178158068,0.03422610461694688,0.08547008547008547,0.11538461538461539,0.02316561668109004,0.029323834176688348,0.04321617168839391,0.06532349905887917,khong cai thien (11/20)
bt_dkgrec_l05,active,2021,666,0.009316313843316774,986.9,False,,,,,,,,,
bt_dkgrec_l05,active,2021,667,0.009274083546261613,988.3,False,,,,,,,,,
bt_dkgrec_l05,active,2021,668,0.009310195560039581,989.7,False,,,,,,,,,
bt_dkgrec_l05,active,2021,669,0.009370765824358104,991.1,False,,,,,,,,,
bt_dkgrec_l05,active,2021,670,0.009261692568462045,992.5,True,0.017840039695819244,0.034341499440335106,0.0811965811965812,0.11538461538461539,0.022222859420419894,0.029451720335849165,0.041488475516253294,0.06580145677367899,khong cai thien (12/20)
bt_dkgrec_l05,active,2021,671,0.009322081357604076,994.4,False,,,,,,,,,
bt_dkgrec_l05,active,2021,672,0.009294508181996251,995.8,False,,,,,,,,,
bt_dkgrec_l05,active,2021,673,0.009301888547002504,997.2,False,,,,,,,,,
bt_dkgrec_l05,active,2021,674,0.009244209082962649,998.6,False,,,,,,,,,
bt_dkgrec_l05,active,2021,675,0.009291735582204612,1000.0,True,0.017782342284125133,0.03436457840501275,0.08547008547008547,0.11965811965811966,0.023130010427243136,0.031307817230171626,0.04153164222608667,0.07050231147453369,best
bt_dkgrec_l05,active,2021,676,0.009228891226962162,1001.7,False,,,,,,,,,
bt_dkgrec_l05,active,2021,677,0.009239067725360692,1003.1,False,,,,,,,,,
bt_dkgrec_l05,active,2021,678,0.009246761376165714,1004.5,False,,,,,,,,,
bt_dkgrec_l05,active,2021,679,0.009268850814974468,1005.9,False,,,,,,,,,
bt_dkgrec_l05,active,2021,680,0.00922832971356412,1007.4,True,0.017851579178158068,0.03426072306396335,0.08547008547008547,0.11965811965811966,0.024229806621040247,0.032182065670297175,0.04153164222608667,0.07007496104718326,best
bt_dkgrec_l05,active,2021,681,0.009265435093000521,1009.2,False,,,,,,,,,
bt_dkgrec_l05,active,2021,682,0.009227435124484432,1010.6,False,,,,,,,,,
bt_dkgrec_l05,active,2021,683,0.009235114616578522,1012.0,False,,,,,,,,,
bt_dkgrec_l05,active,2021,684,0.009211249306244201,1013.4,False,,,,,,,,,
bt_dkgrec_l05,active,2021,685,0.009185340060005926,1014.8,True,0.017828500213480425,0.03423764409928571,0.0811965811965812,0.11965811965811966,0.02318964657323364,0.031328818257177066,0.04081939151383596,0.06964761061983284,khong cai thien (1/20)
bt_dkgrec_l05,active,2021,686,0.009199197920809608,1016.6,False,,,,,,,,,
bt_dkgrec_l05,active,2021,687,0.009171494453208537,1017.9,False,,,,,,,,,
bt_dkgrec_l05,active,2021,688,0.00923810367468994,1019.4,False,,,,,,,,,
bt_dkgrec_l05,active,2021,689,0.009254255525945677,1020.8,False,,,,,,,,,
bt_dkgrec_l05,active,2021,690,0.009147758223252488,1022.2,True,0.017851579178158068,0.03431842047565746,0.0811965811965812,0.11538461538461539,0.023263103946050225,0.030078967803562274,0.041488475516253294,0.06789319219874776,khong cai thien (2/20)
bt_dkgrec_l05,active,2021,691,0.009135547549216472,1024.0,False,,,,,,,,,
bt_dkgrec_l05,active,2021,692,0.009204428640523853,1025.4,False,,,,,,,,,
bt_dkgrec_l05,active,2021,693,0.009221120680132498,1026.8,False,,,,,,,,,
bt_dkgrec_l05,active,2021,694,0.0091420866896084,1028.1,False,,,,,,,,,
bt_dkgrec_l05,active,2021,695,0.00921455263841452,1029.5,True,0.017840039695819244,0.034341499440335106,0.0811965811965812,0.1111111111111111,0.024431868859874868,0.03044676530890766,0.041488475516253294,0.0642301885357441,khong cai thien (3/20)
bt_dkgrec_l05,active,2021,696,0.009138624807443266,1031.3,False,,,,,,,,,
bt_dkgrec_l05,active,2021,697,0.009155629391319956,1032.7,False,,,,,,,,,
bt_dkgrec_l05,active,2021,698,0.009229681636629884,1034.1,False,,,,,,,,,
bt_dkgrec_l05,active,2021,699,0.009130160263347162,1035.5,False,,,,,,,,,
bt_dkgrec_l05,active,2021,700,0.009229148419909019,1036.9,True,0.017793881766463956,0.03420302565226924,0.08547008547008547,0.11538461538461539,0.02376803653670408,0.029372727670123066,0.04153164222608667,0.06366285463507686,khong cai thien (4/20)
bt_dkgrec_l05,active,2021,701,0.009245311591181825,1038.7,False,,,,,,,,,
bt_dkgrec_l05,active,2021,702,0.009114112230954052,1040.1,False,,,,,,,,,
bt_dkgrec_l05,active,2021,703,0.009141552968780525,1041.5,False,,,,,,,,,
bt_dkgrec_l05,active,2021,704,0.009116114734709104,1042.9,False,,,,,,,,,
bt_dkgrec_l05,active,2021,705,0.009115994841801088,1044.3,True,0.017886197625174533,0.03432995995799629,0.07692307692307693,0.1111111111111111,0.022893055483259442,0.02951495512694546,0.04077622480400258,0.0644355387410943,khong cai thien (5/20)
bt_dkgrec_l05,active,2021,706,0.009076392505218543,1046.0,False,,,,,,,,,
bt_dkgrec_l05,active,2021,707,0.009119401196535853,1047.5,False,,,,,,,,,
bt_dkgrec_l05,active,2021,708,0.009122898611413053,1048.9,False,,,,,,,,,
bt_dkgrec_l05,active,2021,709,0.009043013342308961,1050.3,False,,,,,,,,,
bt_dkgrec_l05,active,2021,710,0.009098174117852178,1051.7,True,0.018024671413240403,0.034341499440335106,0.07264957264957266,0.10683760683760683,0.02340522134787396,0.029869340623365187,0.03935172337950116,0.060772535078090634,khong cai thien (6/20)
bt_dkgrec_l05,active,2021,711,0.009060727481326183,1053.5,False,,,,,,,,,
bt_dkgrec_l05,active,2021,712,0.009024319243613585,1054.9,False,,,,,,,,,
bt_dkgrec_l05,active,2021,713,0.009041990282888343,1056.3,False,,,,,,,,,
bt_dkgrec_l05,active,2021,714,0.009172130813449371,1057.7,False,,,,,,,,,
bt_dkgrec_l05,active,2021,715,0.009037535518390314,1059.1,True,0.017990052966223934,0.03439919685202922,0.07692307692307693,0.10683760683760683,0.024257620450869335,0.029976769187673547,0.041488475516253294,0.060772535078090634,khong cai thien (7/20)
bt_dkgrec_l05,active,2021,716,0.009153188652468575,1060.9,False,,,,,,,,,
bt_dkgrec_l05,active,2021,717,0.009055630544745308,1062.3,False,,,,,,,,,
bt_dkgrec_l05,active,2021,718,0.009106123525677925,1063.8,False,,,,,,,,,
bt_dkgrec_l05,active,2021,719,0.009075919651169623,1065.1,False,,,,,,,,,
bt_dkgrec_l05,active,2021,720,0.009064586854434195,1066.5,True,0.018036210895579226,0.03451459167541744,0.0811965811965812,0.10683760683760683,0.02495781243167417,0.02942623530449038,0.04291297694075472,0.05802528233083789,khong cai thien (8/20)
bt_dkgrec_l05,active,2021,721,0.009025117275299852,1068.3,False,,,,,,,,,
bt_dkgrec_l05,active,2021,722,0.009066317519049625,1069.7,False,,,,,,,,,
bt_dkgrec_l05,active,2021,723,0.009026988309175197,1071.1,False,,,,,,,,,
bt_dkgrec_l05,active,2021,724,0.008953283025652759,1072.5,False,,,,,,,,,
bt_dkgrec_l05,active,2021,725,0.009060955035738075,1073.9,True,0.018036210895579226,0.034699223392838596,0.0811965811965812,0.10683760683760683,0.025323032649118053,0.029485763012973093,0.04291297694075472,0.05743965396743175,khong cai thien (9/20)
bt_dkgrec_l05,active,2021,726,0.009027987615171344,1075.8,False,,,,,,,,,
bt_dkgrec_l05,active,2021,727,0.009015454558054208,1077.2,False,,,,,,,,,
bt_dkgrec_l05,active,2021,728,0.00913291900235693,1078.6,False,,,,,,,,,
bt_dkgrec_l05,active,2021,729,0.009037505748196449,1080.0,False,,,,,,,,,
bt_dkgrec_l05,active,2021,730,0.00900627103326153,1081.4,True,0.018105447789612157,0.03465306546348331,0.0811965811965812,0.10683760683760683,0.025408145065268516,0.029787216530107574,0.04291297694075472,0.05786700439478217,khong cai thien (10/20)
bt_dkgrec_l05,active,2021,731,0.008967337827130622,1083.2,False,,,,,,,,,
bt_dkgrec_l05,active,2021,732,0.008993747012332893,1084.6,False,,,,,,,,,
bt_dkgrec_l05,active,2021,733,0.00901535225664361,1086.0,False,,,,,,,,,
bt_dkgrec_l05,active,2021,734,0.00902218734549613,1087.4,False,,,,,,,,,
bt_dkgrec_l05,active,2021,735,0.00906496409844894,1088.8,True,0.01811698727195098,0.03475692080453271,0.07692307692307693,0.10256410256410256,0.02414722039089438,0.028626163883939074,0.04077622480400258,0.05573025225803003,khong cai thien (11/20)
bt_dkgrec_l05,active,2021,736,0.009043374264151225,1090.7,False,,,,,,,,,
bt_dkgrec_l05,active,2021,737,0.009021568683363504,1092.1,False,,,,,,,,,
bt_dkgrec_l05,active,2021,738,0.008959169235412323,1093.5,False,,,,,,,,,
bt_dkgrec_l05,active,2021,739,0.009026320969645047,1094.9,False,,,,,,,,,
bt_dkgrec_l05,active,2021,740,0.00901382985840215,1096.3,True,0.01816314520130627,0.03486077614558211,0.07692307692307693,0.10683760683760683,0.024667785784491195,0.02935485534542039,0.04077622480400258,0.05644250297028075,khong cai thien (12/20)
bt_dkgrec_l05,active,2021,741,0.009002687828735766,1098.0,False,,,,,,,,,
bt_dkgrec_l05,active,2021,742,0.008964707430076423,1099.4,False,,,,,,,,,
bt_dkgrec_l05,active,2021,743,0.009037861512463637,1100.8,False,,,,,,,,,
bt_dkgrec_l05,active,2021,744,0.008993756867458503,1102.2,False,,,,,,,,,
bt_dkgrec_l05,active,2021,745,0.008917137428924539,1103.6,True,0.018105447789612157,0.034779999769210354,0.07692307692307693,0.1111111111111111,0.024269596739247373,0.030267616859144315,0.04077622480400258,0.06142825795603573,khong cai thien (13/20)
bt_dkgrec_l05,active,2021,746,0.008966553029876347,1105.5,False,,,,,,,,,
bt_dkgrec_l05,active,2021,747,0.009068369211499967,1106.9,False,,,,,,,,,
bt_dkgrec_l05,active,2021,748,0.009001128959103395,1108.2,False,,,,,,,,,
bt_dkgrec_l05,active,2021,749,0.008999939933700237,1109.6,False,,,,,,,,,
bt_dkgrec_l05,active,2021,750,0.008943435102349557,1111.0,True,0.01801313193090158,0.034803078733888,0.07264957264957266,0.1111111111111111,0.024023055147804107,0.030442588412108805,0.039707848735626515,0.06161140813918591,khong cai thien (14/20)
bt_dkgrec_l05,active,2021,751,0.008982968797216075,1112.8,False,,,,,,,,,
bt_dkgrec_l05,active,2021,752,0.00892837852989875,1114.2,False,,,,,,,,,
bt_dkgrec_l05,active,2021,753,0.00900097056644087,1115.6,False,,,,,,,,,
bt_dkgrec_l05,active,2021,754,0.008985513699976076,1117.0,False,,,,,,,,,
bt_dkgrec_l05,active,2021,755,0.008896785661930837,1118.4,True,0.018128526754289803,0.0350107894159868,0.07264957264957266,0.1111111111111111,0.025792144735796795,0.03146644530989736,0.039707848735626515,0.05748282067726512,khong cai thien (15/20)
bt_dkgrec_l05,active,2021,756,0.008947578600419363,1120.2,False,,,,,,,,,
bt_dkgrec_l05,active,2021,757,0.00891528824713452,1121.6,False,,,,,,,,,
bt_dkgrec_l05,active,2021,758,0.00906858582043944,1123.0,False,,,,,,,,,
bt_dkgrec_l05,active,2021,759,0.008990473569141861,1124.4,False,,,,,,,,,
bt_dkgrec_l05,active,2021,760,0.008983570872663025,1125.8,True,0.01805928986025687,0.034987710451309155,0.07692307692307693,0.10683760683760683,0.02517384307420889,0.030368582834760675,0.04184460087237865,0.060288656816434597,khong cai thien (16/20)
bt_dkgrec_l05,active,2021,761,0.008898623030410502,1127.6,False,,,,,,,,,
bt_dkgrec_l05,active,2021,762,0.008914941634788398,1129.0,False,,,,,,,,,
bt_dkgrec_l05,active,2021,763,0.008860989070305325,1130.4,False,,,,,,,,,
bt_dkgrec_l05,active,2021,764,0.008886800106048469,1131.8,False,,,,,,,,,
bt_dkgrec_l05,active,2021,765,0.008942879241916418,1133.2,True,0.018140066236628626,0.03508002631001973,0.0811965811965812,0.11538461538461539,0.02646352605506796,0.032161733100703714,0.04611810514588292,0.06641401294179071,khong cai thien (17/20)
bt_dkgrec_l05,active,2021,766,0.00887167496445127,1135.0,False,,,,,,,,,
bt_dkgrec_l05,active,2021,767,0.008963667738158938,1136.4,False,,,,,,,,,
bt_dkgrec_l05,active,2021,768,0.008932796994370249,1137.8,False,,,,,,,,,
bt_dkgrec_l05,active,2021,769,0.008902723763944818,1139.2,False,,,,,,,,,
bt_dkgrec_l05,active,2021,770,0.009003756815760605,1140.6,True,0.01807082934259569,0.03502232889832562,0.0811965811965812,0.1111111111111111,0.02853881948425108,0.03315027450995708,0.04611810514588292,0.06175200827978606,best
bt_dkgrec_l05,active,2021,771,0.00886752743150241,1142.4,False,,,,,,,,,
bt_dkgrec_l05,active,2021,772,0.0088735188921703,1143.8,False,,,,,,,,,
bt_dkgrec_l05,active,2021,773,0.008913415540828858,1145.2,False,,,,,,,,,
bt_dkgrec_l05,active,2021,774,0.008889834532393094,1146.6,False,,,,,,,,,
bt_dkgrec_l05,active,2021,775,0.008902631441190047,1148.0,True,0.01805928986025687,0.03502232889832562,0.0811965811965812,0.1111111111111111,0.02805014110110624,0.032577723191358855,0.04611810514588292,0.06175200827978606,khong cai thien (1/20)
bt_dkgrec_l05,active,2021,776,0.00895101026097293,1149.8,False,,,,,,,,,
bt_dkgrec_l05,active,2021,777,0.008801572895271649,1151.2,False,,,,,,,,,
bt_dkgrec_l05,active,2021,778,0.008874621319213,1152.6,False,,,,,,,,,
bt_dkgrec_l05,active,2021,779,0.00878211871700676,1154.0,False,,,,,,,,,
bt_dkgrec_l05,active,2021,780,0.008875108879904862,1155.4,True,0.018151605718967446,0.03502232889832562,0.08974358974358974,0.1111111111111111,0.029816790229587633,0.03259145004342572,0.05081895984673762,0.05961525614303392,khong cai thien (2/20)
bt_dkgrec_l05,active,2021,781,0.00883642597804914,1157.2,False,,,,,,,,,
bt_dkgrec_l05,active,2021,782,0.008926467167278698,1158.6,False,,,,,,,,,
bt_dkgrec_l05,active,2021,783,0.00887892452000563,1160.0,False,,,,,,,,,
bt_dkgrec_l05,active,2021,784,0.008725762588212591,1161.4,False,,,,,,,,,
bt_dkgrec_l05,active,2021,785,0.00882060075060049,1162.8,True,0.018186224165983915,0.03509156579235855,0.09401709401709402,0.1111111111111111,0.029769423528829265,0.03178032708074166,0.05188733591511369,0.05854688007465785,khong cai thien (3/20)
bt_dkgrec_l05,active,2021,786,0.00887284892676327,1164.6,False,,,,,,,,,
bt_dkgrec_l05,active,2021,787,0.008889006830172075,1166.0,False,,,,,,,,,
bt_dkgrec_l05,active,2021,788,0.00890707374070387,1167.4,False,,,,,,,,,
bt_dkgrec_l05,active,2021,789,0.008854660107612655,1168.8,False,,,,,,,,,
bt_dkgrec_l05,active,2021,790,0.008825324928139247,1170.2,True,0.018243921577678027,0.035183881651069136,0.08974358974358974,0.11538461538461539,0.029452865486969633,0.032928992455521326,0.046901580929358706,0.05859004678449123,khong cai thien (4/20)
bt_dkgrec_l05,active,2021,791,0.008743518598548224,1172.1,False,,,,,,,,,
bt_dkgrec_l05,active,2021,792,0.008816856702816919,1173.5,False,,,,,,,,,
bt_dkgrec_l05,active,2021,793,0.008866959982345934,1174.9,False,,,,,,,,,
bt_dkgrec_l05,active,2021,794,0.008827520307639052,1176.3,False,,,,,,,,,
bt_dkgrec_l05,active,2021,795,0.008823293906319977,1177.7,True,0.018255461060016846,0.03506848682768091,0.08974358974358974,0.11965811965811966,0.02990742921101431,0.034338259108762995,0.046901580929358706,0.0628635510579955,best
bt_dkgrec_l05,active,2021,796,0.008843884776044576,1179.4,False,,,,,,,,,
bt_dkgrec_l05,active,2021,797,0.008774152971854606,1180.8,False,,,,,,,,,
bt_dkgrec_l05,active,2021,798,0.008851843456305535,1182.2,False,,,,,,,,,
bt_dkgrec_l05,active,2021,799,0.008845214393878585,1183.6,False,,,,,,,,,
bt_dkgrec_l05,active,2021,800,0.008778946529440139,1185.0,True,0.018128526754289803,0.034987710451309155,0.09401709401709402,0.11538461538461539,0.030349026102045196,0.03463845237144769,0.04761383164160942,0.0638887604165382,best
bt_dkgrec_l05,active,2021,801,0.008751085198956947,1186.9,False,,,,,,,,,
bt_dkgrec_l05,active,2021,802,0.008812678592654246,1188.3,False,,,,,,,,,
bt_dkgrec_l05,active,2021,803,0.008870112845332349,1189.7,False,,,,,,,,,
bt_dkgrec_l05,active,2021,804,0.008716027444871358,1191.1,False,,,,,,,,,
bt_dkgrec_l05,active,2021,805,0.0087345919047002,1192.5,True,0.018197763648322735,0.0349069340749374,0.08974358974358974,0.11965811965811966,0.03058977722626716,0.03501635632853803,0.04725770628548407,0.06347405166849611,best
bt_dkgrec_l05,active,2021,806,0.008760729920551522,1194.2,False,,,,,,,,,
bt_dkgrec_l05,active,2021,807,0.008839950847825176,1195.6,False,,,,,,,,,
bt_dkgrec_l05,active,2021,808,0.00880657733611499,1197.0,False,,,,,,,,,
bt_dkgrec_l05,active,2021,809,0.008748484579728747,1198.5,False,,,,,,,,,
bt_dkgrec_l05,active,2021,810,0.008814065831403624,1199.9,True,0.01822084261300038,0.034999249933647975,0.08974358974358974,0.11965811965811966,0.030161500926963333,0.03504636370720391,0.04786820689598468,0.06614499183943627,best
bt_dkgrec_l05,active,2021,811,0.008770326160149581,1201.7,False,,,,,,,,,
bt_dkgrec_l05,active,2021,812,0.00873924477587849,1203.1,False,,,,,,,,,
bt_dkgrec_l05,active,2021,813,0.008766303457768028,1204.5,False,,,,,,,,,
bt_dkgrec_l05,active,2021,814,0.008733677255688847,1205.9,False,,,,,,,,,
bt_dkgrec_l05,active,2021,815,0.008714496055351448,1207.3,True,0.018243921577678027,0.0351146447570362,0.08974358974358974,0.11965811965811966,0.029128127946328727,0.03378864484912461,0.04786820689598468,0.06454242773687217,khong cai thien (1/20)
bt_dkgrec_l05,active,2021,816,0.008779415907999407,1209.0,False,,,,,,,,,
bt_dkgrec_l05,active,2021,817,0.008725017062349096,1210.5,False,,,,,,,,,
bt_dkgrec_l05,active,2021,818,0.008629541625262045,1211.9,False,,,,,,,,,
bt_dkgrec_l05,active,2021,819,0.008792518273736578,1213.3,False,,,,,,,,,
bt_dkgrec_l05,active,2021,820,0.008753451158514511,1214.7,True,0.018197763648322735,0.035149263204052664,0.08974358974358974,0.11965811965811966,0.02845738683051455,0.0340210166940333,0.04466307869085647,0.06496977816422261,khong cai thien (2/20)
bt_dkgrec_l05,active,2021,821,0.008765393758848066,1216.4,False,,,,,,,,,
bt_dkgrec_l05,active,2021,822,0.008700671573269482,1217.8,False,,,,,,,,,
bt_dkgrec_l05,active,2021,823,0.008726625507635118,1219.2,False,,,,,,,,,
bt_dkgrec_l05,active,2021,824,0.008764870696597956,1220.6,False,,,,,,,,,
bt_dkgrec_l05,active,2021,825,0.008709159791783687,1222.0,True,0.018232382095339204,0.03508002631001973,0.08547008547008547,0.11965811965811966,0.027707987319172376,0.033856945487265935,0.04362522765300544,0.06496977816422261,khong cai thien (3/20)
bt_dkgrec_l05,active,2021,826,0.008614396010972695,1223.8,False,,,,,,,,,
bt_dkgrec_l05,active,2021,827,0.008666174729385925,1225.2,False,,,,,,,,,
bt_dkgrec_l05,active,2021,828,0.008675418750458859,1226.7,False,,,,,,,,,
bt_dkgrec_l05,active,2021,829,0.008775416294090402,1228.1,False,,,,,,,,,
bt_dkgrec_l05,active,2021,830,0.0086211562804581,1229.5,True,0.018197763648322735,0.035126184239375025,0.09401709401709402,0.12393162393162394,0.029379416414977693,0.034694190493143734,0.04794189863634308,0.06710653030097474,khong cai thien (4/20)
bt_dkgrec_l05,active,2021,831,0.008723425524813293,1231.2,False,,,,,,,,,
bt_dkgrec_l05,active,2021,832,0.008634026614093463,1232.6,False,,,,,,,,,
bt_dkgrec_l05,active,2021,833,0.008586642182270296,1234.0,False,,,,,,,,,
bt_dkgrec_l05,active,2021,834,0.00863427264422681,1235.4,False,,,,,,,,,
bt_dkgrec_l05,active,2021,835,0.008656896547251623,1236.8,True,0.018151605718967446,0.035276197509779714,0.09401709401709402,0.11965811965811966,0.02846710616112339,0.0342306599018115,0.04409574479018924,0.06496977816422261,khong cai thien (5/20)
bt_dkgrec_l05,active,2021,836,0.008683048456086901,1238.7,False,,,,,,,,,
bt_dkgrec_l05,active,2021,837,0.008684231903007421,1240.1,False,,,,,,,,,
bt_dkgrec_l05,active,2021,838,0.008709666106245737,1241.5,False,,,,,,,,,
bt_dkgrec_l05,active,2021,839,0.008766655148241475,1242.9,False,,,,,,,,,
bt_dkgrec_l05,active,2021,840,0.008729094805010218,1244.3,True,0.01826700054235567,0.03536851336849029,0.08974358974358974,0.11965811965811966,0.030093461528690947,0.035163620076420245,0.0478987319265097,0.06496977816422261,best
bt_dkgrec_l05,active,2021,841,0.008663377363450077,1246.0,False,,,,,,,,,
bt_dkgrec_l05,active,2021,842,0.008747999719432815,1247.5,False,,,,,,,,,
bt_dkgrec_l05,active,2021,843,0.008615993965330417,1248.8,False,,,,,,,,,
bt_dkgrec_l05,active,2021,844,0.008683353538206609,1250.2,False,,,,,,,,,
bt_dkgrec_l05,active,2021,845,0.008724156917584075,1251.6,True,0.018359316401066247,0.03531081595679618,0.08974358974358974,0.11965811965811966,0.029262162633200216,0.03486915919826914,0.04580514649959094,0.06496977816422261,khong cai thien (1/20)
bt_dkgrec_l05,active,2021,846,0.008627864004360079,1253.5,False,,,,,,,,,
bt_dkgrec_l05,active,2021,847,0.00855374786360158,1254.9,False,,,,,,,,,
bt_dkgrec_l05,active,2021,848,0.008573742176150768,1256.3,False,,,,,,,,,
bt_dkgrec_l05,active,2021,849,0.008652228757477773,1257.7,False,,,,,,,,,
bt_dkgrec_l05,active,2021,850,0.008683355160154501,1259.1,True,0.018440092777438005,0.0354262107801844,0.08547008547008547,0.12393162393162394,0.02882313264679151,0.03480266570319365,0.045761979789757566,0.0660686792631237,khong cai thien (2/20)
bt_dkgrec_l05,active,2021,851,0.008610115718442312,1260.9,False,,,,,,,,,
bt_dkgrec_l05,active,2021,852,0.008602486147397288,1262.3,False,,,,,,,,,
bt_dkgrec_l05,active,2021,853,0.008592702171974498,1263.7,False,,,,,,,,,
bt_dkgrec_l05,active,2021,854,0.008656826452487738,1265.1,False,,,,,,,,,
bt_dkgrec_l05,active,2021,855,0.008589578130608915,1266.5,True,0.01872857983590856,0.03558776353292791,0.07692307692307693,0.12393162393162394,0.026863073655197457,0.03476753501970631,0.04077622480400258,0.06820543139987585,khong cai thien (3/20)
bt_dkgrec_l05,active,2021,856,0.00864386648316029,1268.3,False,,,,,,,,,
bt_dkgrec_l05,active,2021,857,0.00858779449959445,1269.7,False,,,,,,,,,
bt_dkgrec_l05,active,2021,858,0.008661666347900063,1271.1,False,,,,,,,,,
bt_dkgrec_l05,active,2021,859,0.008576314183485487,1272.5,False,,,,,,,,,
bt_dkgrec_l05,active,2021,860,0.008583718834473607,1273.9,True,0.01857856656550387,0.0355300661212338,0.08547008547008547,0.1282051282051282,0.027929037917448118,0.03679749575098827,0.04153164222608667,0.07347793667238112,best
bt_dkgrec_l05,active,2021,861,0.008534530154595352,1275.7,False,,,,,,,,,
bt_dkgrec_l05,active,2021,862,0.008673083238056196,1277.1,False,,,,,,,,,
bt_dkgrec_l05,active,2021,863,0.008645157669597961,1278.5,False,,,,,,,,,
bt_dkgrec_l05,active,2021,864,0.008563762267109204,1279.9,False,,,,,,,,,
bt_dkgrec_l05,active,2021,865,0.008666011465693556,1281.3,True,0.01830161898937214,0.03539159233316794,0.08547008547008547,0.13247863247863248,0.02706443146780547,0.03614469712425694,0.04153164222608667,0.07377836723596957,khong cai thien (1/20)
bt_dkgrec_l05,active,2021,866,0.008586296029029182,1283.1,False,,,,,,,,,
bt_dkgrec_l05,active,2021,867,0.008574140216570467,1284.5,False,,,,,,,,,
bt_dkgrec_l05,active,2021,868,0.008608455040674241,1285.9,False,,,,,,,,,
bt_dkgrec_l05,active,2021,869,0.008540943575616659,1287.3,False,,,,,,,,,
bt_dkgrec_l05,active,2021,870,0.008589590981392867,1288.7,True,0.018463171742115647,0.035276197509779714,0.0811965811965812,0.13247863247863248,0.026806993220624763,0.035888606388811646,0.04144151393083017,0.0723500709358784,khong cai thien (2/20)
bt_dkgrec_l05,active,2021,871,0.008560855214413913,1290.5,False,,,,,,,,,
bt_dkgrec_l05,active,2021,872,0.008596232173578655,1291.9,False,,,,,,,,,
bt_dkgrec_l05,active,2021,873,0.008567833832579006,1293.3,False,,,,,,,,,
bt_dkgrec_l05,active,2021,874,0.008609064947223409,1294.7,False,,,,,,,,,
bt_dkgrec_l05,active,2021,875,0.008559623947745369,1296.1,True,0.01852086915380976,0.03528773699211853,0.08547008547008547,0.1282051282051282,0.027665104376029804,0.03654608074629468,0.04090223839155463,0.0721902405128901,khong cai thien (3/20)
bt_dkgrec_l05,active,2021,876,0.008522681636912973,1297.9,False,,,,,,,,,
bt_dkgrec_l05,active,2021,877,0.008516847687276655,1299.3,False,,,,,,,,,
bt_dkgrec_l05,active,2021,878,0.008552337704194632,1300.7,False,,,,,,,,,
bt_dkgrec_l05,active,2021,879,0.008548568212993173,1302.1,False,,,,,,,,,
bt_dkgrec_l05,active,2021,880,0.008525851236174877,1303.5,True,0.018705500871230917,0.03565700042696085,0.08547008547008547,0.12393162393162394,0.028694950229578506,0.036458701893279086,0.04090223839155463,0.06826206991805282,khong cai thien (4/20)
bt_dkgrec_l05,active,2021,881,0.008572593256100691,1305.2,False,,,,,,,,,
bt_dkgrec_l05,active,2021,882,0.008582793302518156,1306.7,False,,,,,,,,,
bt_dkgrec_l05,active,2021,883,0.008529590509755547,1308.1,False,,,,,,,,,
bt_dkgrec_l05,active,2021,884,0.008513440323334773,1309.5,False,,,,,,,,,
bt_dkgrec_l05,active,2021,885,0.008531157419628984,1310.9,True,0.018751658800586206,0.035564684568250265,0.0811965811965812,0.11965811965811966,0.028299741826608465,0.034773829884307404,0.04255685158462936,0.06334754000352291,khong cai thien (5/20)
bt_dkgrec_l05,active,2021,886,0.00857140942944935,1312.7,False,,,,,,,,,
bt_dkgrec_l05,active,2021,887,0.008492689180150897,1314.1,False,,,,,,,,,
bt_dkgrec_l05,active,2021,888,0.008548732562213992,1315.5,False,,,,,,,,,
bt_dkgrec_l05,active,2021,889,0.00852378637299787,1316.8,False,,,,,,,,,
bt_dkgrec_l05,active,2021,890,0.008491643067310371,1318.2,True,0.01865934294187563,0.03564546094462202,0.08547008547008547,0.12393162393162394,0.028996423827991037,0.035812954870726464,0.0435947026224804,0.06762104427702718,khong cai thien (6/20)
bt_dkgrec_l05,active,2021,891,0.008482347007666749,1320.0,False,,,,,,,,,
bt_dkgrec_l05,active,2021,892,0.008540610285536428,1321.4,False,,,,,,,,,
bt_dkgrec_l05,active,2021,893,0.008531889044269497,1322.8,False,,,,,,,,,
bt_dkgrec_l05,active,2021,894,0.008486178531598072,1324.2,False,,,,,,,,,
bt_dkgrec_l05,active,2021,895,0.008423790132070352,1325.6,True,0.018693961388892094,0.035564684568250265,0.0811965811965812,0.12393162393162394,0.028694145089328955,0.03579816151170609,0.04316735219512997,0.06762104427702718,khong cai thien (7/20)
bt_dkgrec_l05,active,2021,896,0.008547390980689011,1327.4,False,,,,,,,,,
bt_dkgrec_l05,active,2021,897,0.00853878128045891,1328.8,False,,,,,,,,,
bt_dkgrec_l05,active,2021,898,0.008527540328522794,1330.2,False,,,,,,,,,
bt_dkgrec_l05,active,2021,899,0.008439421173548437,1331.6,False,,,,,,,,,
bt_dkgrec_l05,active,2021,900,0.008453621395986129,1333.0,True,0.01868242190655327,0.03538005285082911,0.08547008547008547,0.12393162393162394,0.028527292669122087,0.03518008717125628,0.0435947026224804,0.06719369384967676,khong cai thien (8/20)
bt_dkgrec_l05,active,2021,901,0.008565786437681843,1334.8,False,,,,,,,,,
bt_dkgrec_l05,active,2021,902,0.008487811706945783,1336.2,False,,,,,,,,,
bt_dkgrec_l05,active,2021,903,0.008480619317063828,1337.6,False,,,,,,,,,
bt_dkgrec_l05,active,2021,904,0.00855633225016475,1339.0,False,,,,,,,,,
bt_dkgrec_l05,active,2021,905,0.00847187620782202,1340.4,True,0.01861318501252034,0.03551852663889498,0.09401709401709402,0.12393162393162394,0.02967533628572481,0.034570931101924184,0.047911373605818056,0.06512477511409136,khong cai thien (9/20)
bt_dkgrec_l05,active,2021,906,0.008502269083581164,1342.2,False,,,,,,,,,
bt_dkgrec_l05,active,2021,907,0.008471115710600096,1343.6,False,,,,,,,,,
bt_dkgrec_l05,active,2021,908,0.008506249117941534,1344.9,False,,,,,,,,,
bt_dkgrec_l05,active,2021,909,0.00842152682360383,1346.3,False,,,,,,,,,
bt_dkgrec_l05,active,2021,910,0.008480231875249876,1347.8,True,0.01868242190655327,0.03558776353292791,0.09401709401709402,0.12393162393162394,0.029641741729476357,0.03502876267198321,0.047911373605818056,0.06719369384967676,khong cai thien (10/20)
bt_dkgrec_l05,active,2021,911,0.008468933166730322,1349.7,False,,,,,,,,,
bt_dkgrec_l05,active,2021,912,0.00845781778613822,1351.1,False,,,,,,,,,
bt_dkgrec_l05,active,2021,913,0.00852249090059315,1352.5,False,,,,,,,,,
bt_dkgrec_l05,active,2021,914,0.008456741942588625,1353.9,False,,,,,,,,,
bt_dkgrec_l05,active,2021,915,0.008487864282892228,1355.3,True,0.01861318501252034,0.03546082922720087,0.08974358974358974,0.11538461538461539,0.032003183607236536,0.03638444554874162,0.04764427958872404,0.0628654010598455,khong cai thien (11/20)
bt_dkgrec_l05,active,2021,916,0.008495464486352218,1357.0,False,,,,,,,,,
bt_dkgrec_l05,active,2021,917,0.00840620390547591,1358.4,False,,,,,,,,,
bt_dkgrec_l05,active,2021,918,0.008481051264459222,1359.8,False,,,,,,,,,
bt_dkgrec_l05,active,2021,919,0.008403837164203976,1361.2,False,,,,,,,,,
bt_dkgrec_l05,active,2021,920,0.008372628135738214,1362.6,True,0.018670882424214448,0.03551852663889498,0.09401709401709402,0.1111111111111111,0.03182180258957458,0.035359563472649645,0.047911373605818056,0.060728648923093376,khong cai thien (12/20)
bt_dkgrec_l05,active,2021,921,0.00842950655413473,1364.5,False,,,,,,,,,
bt_dkgrec_l05,active,2021,922,0.008300593252622977,1365.9,False,,,,,,,,,
bt_dkgrec_l05,active,2021,923,0.008402586402547157,1367.3,False,,,,,,,,,
bt_dkgrec_l05,active,2021,924,0.008456388206776985,1368.7,False,,,,,,,,,
bt_dkgrec_l05,active,2021,925,0.00840504442818073,1370.1,True,0.01865934294187563,0.03562238197994438,0.08974358974358974,0.1111111111111111,0.031077320143427616,0.03626109019352812,0.04786820689598468,0.06656155058932836,khong cai thien (13/20)
bt_dkgrec_l05,active,2021,926,0.008419655076997566,1371.8,False,,,,,,,,,
bt_dkgrec_l05,active,2021,927,0.008437763829018083,1373.2,False,,,,,,,,,
bt_dkgrec_l05,active,2021,928,0.008477325762061014,1374.7,False,,,,,,,,,
bt_dkgrec_l05,active,2021,929,0.00836549914194262,1376.1,False,,,,,,,,,
bt_dkgrec_l05,active,2021,930,0.008407014902777553,1377.5,True,0.018647803459536805,0.03546082922720087,0.08974358974358974,0.11965811965811966,0.031623136844939496,0.03796045125706573,0.047646206673984455,0.06982290911384478,best
bt_dkgrec_l05,active,2021,931,0.00836170013893639,1379.3,False,,,,,,,,,
bt_dkgrec_l05,active,2021,932,0.008483024129366667,1380.6,False,,,,,,,,,
bt_dkgrec_l05,active,2021,933,0.008404017235454123,1382.0,False,,,,,,,,,
bt_dkgrec_l05,active,2021,934,0.008383055218869844,1383.4,False,,,,,,,,,
bt_dkgrec_l05,active,2021,935,0.008356890773657729,1384.8,True,0.01865934294187563,0.0354262107801844,0.08547008547008547,0.11965811965811966,0.028997889950703827,0.03558380508521795,0.043372702400480176,0.0681946397224175,khong cai thien (1/20)
bt_dkgrec_l05,active,2021,936,0.008378044438555797,1386.6,False,,,,,,,,,
bt_dkgrec_l05,active,2021,937,0.008341817029109027,1388.0,False,,,,,,,,,
bt_dkgrec_l05,active,2021,938,0.008438772888089939,1389.4,False,,,,,,,,,
bt_dkgrec_l05,active,2021,939,0.008383185816203599,1390.9,False,,,,,,,,,
bt_dkgrec_l05,active,2021,940,0.008358297286983049,1392.3,True,0.01865934294187563,0.03539159233316794,0.08547008547008547,0.10683760683760683,0.028153621957666866,0.033052383823286624,0.043372702400480176,0.06285275938053717,khong cai thien (2/20)
bt_dkgrec_l05,active,2021,941,0.008420233802713926,1394.0,False,,,,,,,,,
bt_dkgrec_l05,active,2021,942,0.008442519539129851,1395.4,False,,,,,,,,,
bt_dkgrec_l05,active,2021,943,0.00830907043759178,1396.8,False,,,,,,,,,
bt_dkgrec_l05,active,2021,944,0.008389749828283867,1398.2,False,,,,,,,,,
bt_dkgrec_l05,active,2021,945,0.008442792370465208,1399.6,True,0.018647803459536805,0.035541605603572626,0.08547008547008547,0.11538461538461539,0.029852807859908015,0.035785561800071704,0.043372702400480176,0.06605788758566536,khong cai thien (3/20)
bt_dkgrec_l05,active,2021,946,0.00839139055179314,1401.4,False,,,,,,,,,
bt_dkgrec_l05,active,2021,947,0.008411287004465567,1402.8,False,,,,,,,,,
bt_dkgrec_l05,active,2021,948,0.008312824411764856,1404.2,False,,,,,,,,,
bt_dkgrec_l05,active,2021,949,0.008287171764086566,1405.6,False,,,,,,,,,
bt_dkgrec_l05,active,2021,950,0.008313195219279656,1407.0,True,0.01871704035356974,0.03543775026252322,0.08547008547008547,0.11538461538461539,0.028392251862847204,0.03456977210381482,0.043372702400480176,0.06712626365404144,khong cai thien (4/20)
bt_dkgrec_l05,active,2021,951,0.008356630149230125,1408.8,False,,,,,,,,,
bt_dkgrec_l05,active,2021,952,0.008287163809840336,1410.2,False,,,,,,,,,
bt_dkgrec_l05,active,2021,953,0.008423386324755469,1411.6,False,,,,,,,,,
bt_dkgrec_l05,active,2021,954,0.008364767330986097,1413.0,False,,,,,,,,,
bt_dkgrec_l05,active,2021,955,0.008300388423394084,1414.4,True,0.01871704035356974,0.0355300661212338,0.0811965811965812,0.1111111111111111,0.028515788105681783,0.03486709574720817,0.040847449875227655,0.06285275938053717,khong cai thien (5/20)
bt_dkgrec_l05,active,2021,956,0.008247556211002949,1416.2,False,,,,,,,,,
bt_dkgrec_l05,active,2021,957,0.00831161384463754,1417.6,False,,,,,,,,,
bt_dkgrec_l05,active,2021,958,0.008305967604674402,1419.0,False,,,,,,,,,
bt_dkgrec_l05,active,2021,959,0.008264050899107946,1420.4,False,,,,,,,,,
bt_dkgrec_l05,active,2021,960,0.008335785688079671,1421.8,True,0.01872857983590856,0.035541605603572626,0.0811965811965812,0.11538461538461539,0.028230008785805578,0.03507748309020468,0.040847449875227655,0.06605788758566536,khong cai thien (6/20)
bt_dkgrec_l05,active,2021,961,0.008299322643483664,1423.6,False,,,,,,,,,
bt_dkgrec_l05,active,2021,962,0.008351969009343317,1425.0,False,,,,,,,,,
bt_dkgrec_l05,active,2021,963,0.008265785243864548,1426.4,False,,,,,,,,,
bt_dkgrec_l05,active,2021,964,0.008337854135858252,1427.8,False,,,,,,,,,
bt_dkgrec_l05,active,2021,965,0.008299607906479309,1429.2,True,0.018774737765263852,0.03546082922720087,0.0811965811965812,0.11538461538461539,0.028775077591457424,0.03543745918723831,0.04123595026372804,0.06605788758566536,khong cai thien (7/20)
bt_dkgrec_l05,active,2021,966,0.008313248661500829,1431.1,False,,,,,,,,,
bt_dkgrec_l05,active,2021,967,0.008371065693292695,1432.5,False,,,,,,,,,
bt_dkgrec_l05,active,2021,968,0.00833193931591554,1433.9,False,,,,,,,,,
bt_dkgrec_l05,active,2021,969,0.008318564481396935,1435.3,False,,,,,,,,,
bt_dkgrec_l05,active,2021,970,0.008284345124045526,1436.7,True,0.018797816729941495,0.035541605603572626,0.0811965811965812,0.1111111111111111,0.02951502514697059,0.0351126623734041,0.04123595026372804,0.061784383312161094,khong cai thien (8/20)
bt_dkgrec_l05,active,2021,971,0.008234461007774717,1438.4,False,,,,,,,,,
bt_dkgrec_l05,active,2021,972,0.008318869711028312,1439.9,False,,,,,,,,,
bt_dkgrec_l05,active,2021,973,0.008324664107988352,1441.3,False,,,,,,,,,
bt_dkgrec_l05,active,2021,974,0.008301647738704662,1442.7,False,,,,,,,,,
bt_dkgrec_l05,active,2021,975,0.008256828056094115,1444.1,True,0.018774737765263852,0.03557622405058909,0.07692307692307693,0.11538461538461539,0.028438026864442394,0.03583455010144168,0.03696244599022377,0.06534563687341464,khong cai thien (9/20)
bt_dkgrec_l05,active,2021,976,0.008265397767843926,1445.9,False,,,,,,,,,
bt_dkgrec_l05,active,2021,977,0.008334123486772252,1447.3,False,,,,,,,,,
bt_dkgrec_l05,active,2021,978,0.008210240498870616,1448.7,False,,,,,,,,,
bt_dkgrec_l05,active,2021,979,0.00824037463289315,1450.1,False,,,,,,,,,
bt_dkgrec_l05,active,2021,980,0.008224717235892864,1451.5,True,0.01878627724760267,0.03562238197994438,0.07692307692307693,0.10683760683760683,0.027789631441873,0.03381108933545653,0.03696244599022377,0.05936273089050867,khong cai thien (10/20)
bt_dkgrec_l05,active,2021,981,0.008206456996561843,1453.3,False,,,,,,,,,
bt_dkgrec_l05,active,2021,982,0.008237218586056532,1454.7,False,,,,,,,,,
bt_dkgrec_l05,active,2021,983,0.008258158077254192,1456.1,False,,,,,,,,,
bt_dkgrec_l05,active,2021,984,0.008286265836010625,1457.5,False,,,,,,,,,
bt_dkgrec_l05,active,2021,985,0.008194627659902,1458.9,True,0.01876319828292503,0.03557622405058909,0.0811965811965812,0.1111111111111111,0.028067617293885534,0.0334687635102139,0.04123595026372804,0.060485895475211715,khong cai thien (11/20)
bt_dkgrec_l05,active,2021,986,0.008284182656430649,1460.8,False,,,,,,,,,
bt_dkgrec_l05,active,2021,987,0.008329603703283657,1462.2,False,,,,,,,,,
bt_dkgrec_l05,active,2021,988,0.008234668859880164,1463.6,False,,,,,,,,,
bt_dkgrec_l05,active,2021,989,0.008297589804648132,1465.0,False,,,,,,,,,
bt_dkgrec_l05,active,2021,990,0.008289004632237381,1466.4,True,0.01882089569461914,0.03583009266204318,0.08547008547008547,0.1111111111111111,0.029019332056552393,0.033698446822260524,0.043372702400480176,0.060485895475211715,khong cai thien (12/20)
bt_dkgrec_l05,active,2021,991,0.008219100823263442,1468.2,False,,,,,,,,,
bt_dkgrec_l05,active,2021,992,0.008227124793023522,1469.6,False,,,,,,,,,
bt_dkgrec_l05,active,2021,993,0.008277968435231797,1471.0,False,,,,,,,,,
bt_dkgrec_l05,active,2021,994,0.008166651545516074,1472.4,False,,,,,,,,,
bt_dkgrec_l05,active,2021,995,0.008236730449074232,1473.8,True,0.01878627724760267,0.0357377768033326,0.08547008547008547,0.10683760683760683,0.02770106656294153,0.03226321438355818,0.043372702400480176,0.06043110695888474,khong cai thien (13/20)
bt_dkgrec_l05,active,2021,996,0.008236908443409382,1475.6,False,,,,,,,,,
bt_dkgrec_l05,active,2021,997,0.008179404999280958,1477.0,False,,,,,,,,,
bt_dkgrec_l05,active,2021,998,0.008170655764911853,1478.4,False,,,,,,,,,
bt_dkgrec_l05,active,2021,999,0.008209914251943793,1479.8,False,,,,,,,,,
bt_dkgrec_l05,active,2021,1000,0.008251369879089176,1481.2,True,0.01882089569461914,0.035703158356316135,0.08974358974358974,0.10683760683760683,0.028657111856624215,0.032740983172676826,0.04444107846885625,0.06043110695888474,khong cai thien (14/20)
