model,cohort,seed,epoch,loss,seconds,evaluated,valid_coverage@10,valid_coverage@20,valid_hit_rate@10,valid_hit_rate@20,valid_ndcg@10,valid_ndcg@20,valid_recall@10,valid_recall@20,note
bt_dkgrec,active,2021,1,0.6882987095680153,1.7,False,,,,,,,,,
bt_dkgrec,active,2021,2,0.6808617138207725,3.0,False,,,,,,,,,
bt_dkgrec,active,2021,3,0.6644024032003255,4.4,False,,,,,,,,,
bt_dkgrec,active,2021,4,0.6328168505446817,5.8,False,,,,,,,,,
bt_dkgrec,active,2021,5,0.5861335206986584,7.2,True,0.00354262107801844,0.006381333733368721,0.029914529914529916,0.05128205128205128,0.009983734941313535,0.01181695340406021,0.015822789945596966,0.022057186432467582,best
bt_dkgrec,active,2021,6,0.5310900981636075,9.1,False,,,,,,,,,
bt_dkgrec,active,2021,7,0.4761130704500954,10.5,False,,,,,,,,,
bt_dkgrec,active,2021,8,0.42635410147108166,11.9,False,,,,,,,,,
bt_dkgrec,active,2021,9,0.3831771233666506,13.3,False,,,,,,,,,
bt_dkgrec,active,2021,10,0.3461993797668709,14.6,True,0.003704173830761952,0.006450570627401655,0.03418803418803419,0.05982905982905983,0.008471970877352714,0.011103820121014624,0.012194940374764937,0.0199860363350017,khong cai thien (1/50)
bt_dkgrec,active,2021,11,0.31430229566355306,16.4,False,,,,,,,,,
bt_dkgrec,active,2021,12,0.28484857092842275,17.8,False,,,,,,,,,
bt_dkgrec,active,2021,13,0.26177358455888744,19.2,False,,,,,,,,,
bt_dkgrec,active,2021,14,0.24017168127927369,20.6,False,,,,,,,,,
bt_dkgrec,active,2021,15,0.22083418193089874,22.0,True,0.004431161218107756,0.007927624366770906,0.038461538461538464,0.07264957264957266,0.008610553730111338,0.01296171559493613,0.012907191087015648,0.028501481253955394,best
bt_dkgrec,active,2021,16,0.20421861972154376,23.8,False,,,,,,,,,
bt_dkgrec,active,2021,17,0.1888652281803565,25.2,False,,,,,,,,,
bt_dkgrec,active,2021,18,0.1739478166659827,26.6,False,,,,,,,,,
bt_dkgrec,active,2021,19,0.16270535512859724,28.0,False,,,,,,,,,
bt_dkgrec,active,2021,20,0.15213276144464408,29.4,True,0.005227385499486493,0.00961238878823896,0.05128205128205128,0.07692307692307693,0.011331204360173635,0.014604034657532648,0.01730331727801363,0.030638233390707526,best
bt_dkgrec,active,2021,21,0.14368160652341264,31.2,False,,,,,,,,,
bt_dkgrec,active,2021,22,0.13427896126676625,32.6,False,,,,,,,,,
bt_dkgrec,active,2021,23,0.12665369245542318,34.1,False,,,,,,,,,
bt_dkgrec,active,2021,24,0.12060569461627593,35.5,False,,,,,,,,,
bt_dkgrec,active,2021,25,0.1136313314753927,36.9,True,0.005885135992799363,0.010950968739542344,0.05128205128205128,0.07692307692307693,0.014044645250099411,0.01738198438633388,0.01730331727801363,0.030638233390707526,best
bt_dkgrec,active,2021,26,0.10760258667875586,38.7,False,,,,,,,,,
bt_dkgrec,active,2021,27,0.10316380738190396,40.1,False,,,,,,,,,
bt_dkgrec,active,2021,28,0.09856614958158647,41.5,False,,,,,,,,,
bt_dkgrec,active,2021,29,0.09380006134687768,42.9,False,,,,,,,,,
bt_dkgrec,active,2021,30,0.09026954745862517,44.2,True,0.006542886486112233,0.011966443185358704,0.04700854700854701,0.06837606837606838,0.013402616414796306,0.016568687252828035,0.0167691292438256,0.02939179464426878,khong cai thien (1/50)
bt_dkgrec,active,2021,31,0.08666950640593238,46.0,False,,,,,,,,,
bt_dkgrec,active,2021,32,0.08299124830156863,47.5,False,,,,,,,,,
bt_dkgrec,active,2021,33,0.07959486467170902,48.9,False,,,,,,,,,
bt_dkgrec,active,2021,34,0.07714424188093247,50.3,False,,,,,,,,,
bt_dkgrec,active,2021,35,0.07467727141847604,51.6,True,0.007027544744342769,0.01290114125480331,0.05128205128205128,0.07264957264957266,0.014235053895074672,0.016991229021064803,0.019009370800306475,0.029925982678456812,khong cai thien (2/50)
bt_dkgrec,active,2021,36,0.07156161377512282,53.4,False,,,,,,,,,
bt_dkgrec,active,2021,37,0.07007160558727232,54.8,False,,,,,,,,,
bt_dkgrec,active,2021,38,0.06695446452509794,56.2,False,,,,,,,,,
bt_dkgrec,active,2021,39,0.0651472779821204,57.5,False,,,,,,,,,
bt_dkgrec,active,2021,40,0.06293903190731386,58.9,True,0.007281413355796859,0.013443496924727957,0.05128205128205128,0.07264957264957266,0.01427669121943539,0.017179480634089417,0.019009370800306475,0.02998077119478379,khong cai thien (3/50)
bt_dkgrec,active,2021,41,0.061501318079982686,60.9,False,,,,,,,,,
bt_dkgrec,active,2021,42,0.059625562308591014,62.3,False,,,,,,,,,
bt_dkgrec,active,2021,43,0.05743900928722463,63.6,False,,,,,,,,,
bt_dkgrec,active,2021,44,0.056493836139849214,65.0,False,,,,,,,,,
bt_dkgrec,active,2021,45,0.05506010369712236,66.4,True,0.007696834719994461,0.014239721206106695,0.05128205128205128,0.07264957264957266,0.01408641101499314,0.016889291065694197,0.019009370800306475,0.029925982678456812,khong cai thien (4/50)
bt_dkgrec,active,2021,46,0.05360003223496354,68.2,False,,,,,,,,,
bt_dkgrec,active,2021,47,0.05285707341692419,69.5,False,,,,,,,,,
bt_dkgrec,active,2021,48,0.05101939803854645,70.9,False,,,,,,,,,
bt_dkgrec,active,2021,49,0.049952545352950295,72.3,False,,,,,,,,,
bt_dkgrec,active,2021,50,0.048319757480302816,73.7,True,0.007985321778465018,0.014920550664097209,0.04700854700854701,0.07264957264957266,0.013751375677477435,0.016932194722595988,0.018966204090473098,0.02998077119478379,khong cai thien (5/50)
bt_dkgrec,active,2021,51,0.047470598896360586,75.6,False,,,,,,,,,
bt_dkgrec,active,2021,52,0.046453808755096256,77.0,False,,,,,,,,,
bt_dkgrec,active,2021,53,0.045242419956855816,78.3,False,,,,,,,,,
bt_dkgrec,active,2021,54,0.04485241657985897,79.7,False,,,,,,,,,
bt_dkgrec,active,2021,55,0.04327617548870305,81.1,True,0.008227650907580287,0.015416748404666567,0.04700854700854701,0.07692307692307693,0.013789199210971891,0.017250891949127083,0.018966204090473098,0.030408121622134215,khong cai thien (6/50)
bt_dkgrec,active,2021,56,0.04263532828293984,82.9,False,,,,,,,,,
bt_dkgrec,active,2021,57,0.04168637025651073,84.2,False,,,,,,,,,
bt_dkgrec,active,2021,58,0.04077763641617801,85.6,False,,,,,,,,,
bt_dkgrec,active,2021,59,0.04076010669916836,87.0,False,,,,,,,,,
bt_dkgrec,active,2021,60,0.03903043039337438,88.4,True,0.008562295895406132,0.01593602510991357,0.04700854700854701,0.0811965811965812,0.01405034224525647,0.01769898586351472,0.018966204090473098,0.030796622010634607,best
bt_dkgrec,active,2021,61,0.038916451734637286,90.2,False,,,,,,,,,
bt_dkgrec,active,2021,62,0.03803648009557301,91.6,False,,,,,,,,,
bt_dkgrec,active,2021,63,0.037474626291802406,92.9,False,,,,,,,,,
bt_dkgrec,active,2021,64,0.03708188684874925,94.3,False,,,,,,,,,
bt_dkgrec,active,2021,65,0.03595801953975417,95.6,True,0.008827703989199045,0.01675532835596995,0.04700854700854701,0.07692307692307693,0.014143658753478604,0.01769958524582511,0.018966204090473098,0.03075345530080123,best
bt_dkgrec,active,2021,66,0.035313051385436355,97.4,False,,,,,,,,,
bt_dkgrec,active,2021,67,0.03469817373918599,98.8,False,,,,,,,,,
bt_dkgrec,active,2021,68,0.03428415913506379,100.2,False,,,,,,,,,
bt_dkgrec,active,2021,69,0.033431688688009976,101.6,False,,,,,,,,,
bt_dkgrec,active,2021,70,0.03297170740152709,103.0,True,0.00916234897702489,0.01735538143758871,0.05128205128205128,0.07692307692307693,0.012239907226233577,0.01551934627420073,0.019020992606800076,0.03075345530080123,khong cai thien (1/50)
bt_dkgrec,active,2021,71,0.032802869441519084,104.8,False,,,,,,,,,
bt_dkgrec,active,2021,72,0.032377625409816715,106.1,False,,,,,,,,,
bt_dkgrec,active,2021,73,0.031663920278603666,107.5,False,,,,,,,,,
bt_dkgrec,active,2021,74,0.031120626154390076,108.9,False,,,,,,,,,
bt_dkgrec,active,2021,75,0.030657091883043584,110.3,True,0.00931236224742958,0.017724644872431024,0.05128205128205128,0.07692307692307693,0.012247720337815652,0.015526716996673582,0.019498950321599894,0.03075345530080123,khong cai thien (2/50)
bt_dkgrec,active,2021,76,0.030472337114344498,112.0,False,,,,,,,,,
bt_dkgrec,active,2021,77,0.030231052399316047,113.4,False,,,,,,,,,
bt_dkgrec,active,2021,78,0.02919299320732386,114.8,False,,,,,,,,,
bt_dkgrec,active,2021,79,0.029326799096662578,116.2,False,,,,,,,,,
bt_dkgrec,active,2021,80,0.028749592450198792,117.6,True,0.00961238878823896,0.018209303130661558,0.05555555555555555,0.07692307692307693,0.01283940908977552,0.01561956210140691,0.02056732638997596,0.03075345530080123,khong cai thien (3/50)
bt_dkgrec,active,2021,81,0.028372986187076617,119.4,False,,,,,,,,,
bt_dkgrec,active,2021,82,0.02784340929467518,120.8,False,,,,,,,,,
bt_dkgrec,active,2021,83,0.027712916651206714,122.1,False,,,,,,,,,
bt_dkgrec,active,2021,84,0.026994762082835105,123.5,False,,,,,,,,,
bt_dkgrec,active,2021,85,0.026779153949211675,124.9,True,0.009785481023321293,0.018693961388892094,0.05128205128205128,0.07692307692307693,0.01268775346645495,0.015743464997761598,0.020499492988809227,0.03075345530080123,khong cai thien (4/50)
bt_dkgrec,active,2021,86,0.02641741160493661,126.7,False,,,,,,,,,
bt_dkgrec,active,2021,87,0.025818609261115046,128.1,False,,,,,,,,,
bt_dkgrec,active,2021,88,0.025983411411646593,129.5,False,,,,,,,,,
bt_dkgrec,active,2021,89,0.025995919753175507,130.9,False,,,,,,,,,
bt_dkgrec,active,2021,90,0.025236807513242532,132.2,True,0.009947033776064805,0.019005527412040295,0.04700854700854701,0.07692307692307693,0.012567491888738094,0.01598897074261308,0.02044470447248225,0.03091173323685694,khong cai thien (5/50)
bt_dkgrec,active,2021,91,0.02507069644793082,134.1,False,,,,,,,,,
bt_dkgrec,active,2021,92,0.024796485865090638,135.4,False,,,,,,,,,
bt_dkgrec,active,2021,93,0.02460327850561407,136.8,False,,,,,,,,,
bt_dkgrec,active,2021,94,0.02411839456404546,138.1,False,,,,,,,,,
bt_dkgrec,active,2021,95,0.02427360693198451,139.5,True,0.010143204975824785,0.01938633032922143,0.05555555555555555,0.07692307692307693,0.01347112556016717,0.01614243670541233,0.02062211490630294,0.03091173323685694,khong cai thien (6/50)
bt_dkgrec,active,2021,96,0.02350770516992286,141.4,False,,,,,,,,,
bt_dkgrec,active,2021,97,0.023483287454672774,142.8,False,,,,,,,,,
bt_dkgrec,active,2021,98,0.02330388163655637,144.2,False,,,,,,,,,
bt_dkgrec,active,2021,99,0.02302427780762883,145.5,False,,,,,,,,,
bt_dkgrec,active,2021,100,0.022421701327671018,146.9,True,0.010535547375344742,0.01974405428172492,0.05555555555555555,0.07264957264957266,0.013516753184904702,0.01602299794276686,0.020942781893636592,0.030843899835690206,khong cai thien (7/50)
bt_dkgrec,active,2021,101,0.02243821424511749,148.7,False,,,,,,,,,
bt_dkgrec,active,2021,102,0.02209896452618856,150.1,False,,,,,,,,,
bt_dkgrec,active,2021,103,0.02174747296261603,151.4,False,,,,,,,,,
bt_dkgrec,active,2021,104,0.021826951197226586,152.8,False,,,,,,,,,
bt_dkgrec,active,2021,105,0.021605518342705785,154.2,True,0.010616323751716499,0.01999792289317901,0.05555555555555555,0.07264957264957266,0.013468544251210881,0.016405604856055005,0.020942781893636592,0.03165975065154102,khong cai thien (8/50)
bt_dkgrec,active,2021,106,0.021279971936012127,156.2,False,,,,,,,,,
bt_dkgrec,active,2021,107,0.021094076493038297,157.5,False,,,,,,,,,
bt_dkgrec,active,2021,108,0.020518431800342806,158.9,False,,,,,,,,,
bt_dkgrec,active,2021,109,0.02070856573996719,160.2,False,,,,,,,,,
bt_dkgrec,active,2021,110,0.020644704821150803,161.6,True,0.010720179092765899,0.020424883739715436,0.05555555555555555,0.07692307692307693,0.013100161042936698,0.017308231182845947,0.020887993377309615,0.035933254925045295,khong cai thien (9/50)
bt_dkgrec,active,2021,111,0.020471909284932713,163.4,False,,,,,,,,,
bt_dkgrec,active,2021,112,0.020283180026517033,164.8,False,,,,,,,,,
bt_dkgrec,active,2021,113,0.02022851117816553,166.1,False,,,,,,,,,
bt_dkgrec,active,2021,114,0.019597371432266916,167.5,False,,,,,,,,,
bt_dkgrec,active,2021,115,0.019585875261439848,168.9,True,0.010893271327848232,0.020805686656896572,0.05555555555555555,0.07692307692307693,0.013269808680254666,0.017160286833518206,0.02073191819593079,0.035774976988989585,khong cai thien (10/50)
bt_dkgrec,active,2021,116,0.019317018997312353,170.7,False,,,,,,,,,
bt_dkgrec,active,2021,117,0.019275318682498307,172.1,False,,,,,,,,,
bt_dkgrec,active,2021,118,0.019140147203149754,173.4,False,,,,,,,,,
bt_dkgrec,active,2021,119,0.019040344856111977,174.8,False,,,,,,,,,
bt_dkgrec,active,2021,120,0.018593171320414093,176.1,True,0.0111356004569635,0.021013397338995373,0.05128205128205128,0.07692307692307693,0.012711146408040786,0.017019163856907923,0.020675687876542576,0.035774976988989585,khong cai thien (11/50)
bt_dkgrec,active,2021,121,0.0188967535393141,178.0,False,,,,,,,,,
bt_dkgrec,active,2021,122,0.01845697080923386,179.3,False,,,,,,,,,
bt_dkgrec,active,2021,123,0.018621003017015164,180.7,False,,,,,,,,,
bt_dkgrec,active,2021,124,0.018056267413310945,182.1,False,,,,,,,,,
bt_dkgrec,active,2021,125,0.018060083956191946,183.5,True,0.011227916315674078,0.02118648957407771,0.05555555555555555,0.07692307692307693,0.012585285709870251,0.016949927642453486,0.020677129679603813,0.035774976988989585,khong cai thien (12/50)
bt_dkgrec,active,2021,126,0.018044672743530884,185.3,False,,,,,,,,,
bt_dkgrec,active,2021,127,0.018069363881119318,186.6,False,,,,,,,,,
bt_dkgrec,active,2021,128,0.01775790883279272,188.0,False,,,,,,,,,
bt_dkgrec,active,2021,129,0.017695913906634456,189.4,False,,,,,,,,,
bt_dkgrec,active,2021,130,0.017439780669365083,190.7,True,0.011470245444789346,0.02161345042061413,0.05555555555555555,0.07692307692307693,0.013670313510688354,0.017052989668996238,0.02489440363371987,0.03600364695450166,khong cai thien (13/50)
bt_dkgrec,active,2021,131,0.017428322161442883,192.5,False,,,,,,,,,
bt_dkgrec,active,2021,132,0.017474758062970788,193.9,False,,,,,,,,,
bt_dkgrec,active,2021,133,0.017116165789056934,195.3,False,,,,,,,,,
bt_dkgrec,active,2021,134,0.016895555055589477,196.7,False,,,,,,,,,
bt_dkgrec,active,2021,135,0.016530691323632423,198.1,True,0.011758732503259903,0.021844240067390577,0.05555555555555555,0.0811965811965812,0.013731299317556603,0.018042161380750404,0.02489440363371987,0.04027715122800593,best
bt_dkgrec,active,2021,136,0.016724968125413575,199.8,False,,,,,,,,,
bt_dkgrec,active,2021,137,0.01681140277730621,201.2,False,,,,,,,,,
bt_dkgrec,active,2021,138,0.016517058257608314,202.5,False,,,,,,,,,
bt_dkgrec,active,2021,139,0.016373694576840177,203.9,False,,,,,,,,,
bt_dkgrec,active,2021,140,0.01620135570106779,205.2,True,0.011804890432615192,0.021878858514407042,0.05982905982905983,0.08547008547008547,0.013920208555662885,0.01820150236466193,0.02495063395310809,0.040333381547394145,best
bt_dkgrec,active,2021,141,0.01609939043916142,207.2,False,,,,,,,,,
bt_dkgrec,active,2021,142,0.015723330628221975,208.6,False,,,,,,,,,
bt_dkgrec,active,2021,143,0.015667220701146227,209.9,False,,,,,,,,,
bt_dkgrec,active,2021,144,0.01567106108166264,211.3,False,,,,,,,,,
bt_dkgrec,active,2021,145,0.016069418466512112,212.7,True,0.011804890432615192,0.02231735884328229,0.05982905982905983,0.0811965811965812,0.01410148513398769,0.018287558056236414,0.02495063395310809,0.040048481262493864,best
bt_dkgrec,active,2021,146,0.015764347377332757,214.4,False,,,,,,,,,
bt_dkgrec,active,2021,147,0.015754260134012738,215.8,False,,,,,,,,,
bt_dkgrec,active,2021,148,0.015391651141732918,217.1,False,,,,,,,,,
bt_dkgrec,active,2021,149,0.01545483352684953,218.5,False,,,,,,,,,
bt_dkgrec,active,2021,150,0.015485320879077932,219.9,True,0.011874127326648127,0.02246737211368698,0.05555555555555555,0.08547008547008547,0.014303496339657402,0.019118043149555848,0.02494919215004685,0.041631260623050996,best
bt_dkgrec,active,2021,151,0.01520626728989428,221.8,False,,,,,,,,,
bt_dkgrec,active,2021,152,0.015409578132325963,223.2,False,,,,,,,,,
bt_dkgrec,active,2021,153,0.0148420127130247,224.5,False,,,,,,,,,
bt_dkgrec,active,2021,154,0.014961888818191854,225.9,False,,,,,,,,,
bt_dkgrec,active,2021,155,0.015051866770065038,227.3,True,0.011989522150036349,0.022848175030868115,0.05982905982905983,0.0811965811965812,0.015312410917953125,0.019043241793256314,0.029167907907224146,0.04157503030366278,khong cai thien (1/50)
bt_dkgrec,active,2021,156,0.014816803380942462,229.0,False,,,,,,,,,
bt_dkgrec,active,2021,157,0.014448915400155067,230.4,False,,,,,,,,,
bt_dkgrec,active,2021,158,0.01475431788603867,231.7,False,,,,,,,,,
bt_dkgrec,active,2021,159,0.014436883999121602,233.1,False,,,,,,,,,
bt_dkgrec,active,2021,160,0.014656647676601822,234.5,True,0.012058759044069283,0.023078964677644562,0.05982905982905983,0.08547008547008547,0.015445387241328698,0.019331201606447336,0.029167907907224146,0.041631260623050996,best
bt_dkgrec,active,2021,161,0.014110260017432333,236.2,False,,,,,,,,,
bt_dkgrec,active,2021,162,0.014536867813152018,237.6,False,,,,,,,,,
bt_dkgrec,active,2021,163,0.014053018183674416,239.0,False,,,,,,,,,
bt_dkgrec,active,2021,164,0.014170378829141966,240.3,False,,,,,,,,,
bt_dkgrec,active,2021,165,0.013726171074376155,241.7,True,0.012208772314473973,0.02322897794804925,0.05982905982905983,0.08974358974358974,0.015514405532855212,0.01955510536872693,0.029167907907224146,0.041916160907951285,best
bt_dkgrec,active,2021,166,0.01385238271204999,243.4,False,,,,,,,,,
bt_dkgrec,active,2021,167,0.014059222182412158,244.8,False,,,,,,,,,
bt_dkgrec,active,2021,168,0.013655798037517812,246.2,False,,,,,,,,,
bt_dkgrec,active,2021,169,0.013771036466017655,247.6,False,,,,,,,,,
bt_dkgrec,active,2021,170,0.013627909394865875,248.9,True,0.012439561961250418,0.023505925524180984,0.05982905982905983,0.08547008547008547,0.015800179217270796,0.019663320731945266,0.029167907907224146,0.041631260623050996,best
bt_dkgrec,active,2021,171,0.013564838555714796,250.7,False,,,,,,,,,
bt_dkgrec,active,2021,172,0.01350211923078086,252.1,False,,,,,,,,,
bt_dkgrec,active,2021,173,0.013431318487014014,253.4,False,,,,,,,,,
bt_dkgrec,active,2021,174,0.013127394697665568,254.8,False,,,,,,,,,
bt_dkgrec,active,2021,175,0.013097381153557935,256.1,True,0.012520338337622174,0.023805952064990366,0.0641025641025641,0.08974358974358974,0.016573632410691836,0.02048220257689179,0.02922413822661236,0.04300097353122545,best
bt_dkgrec,active,2021,176,0.013599993271181941,257.9,False,,,,,,,,,
bt_dkgrec,active,2021,177,0.013004668057167173,259.3,False,,,,,,,,,
bt_dkgrec,active,2021,178,0.013088809612523674,260.7,False,,,,,,,,,
bt_dkgrec,active,2021,179,0.013120681766202636,262.1,False,,,,,,,,,
bt_dkgrec,active,2021,180,0.013118555575964662,263.4,True,0.012589575231655109,0.024002123264750343,0.05982905982905983,0.08974358974358974,0.017223300733498897,0.021514351401731708,0.029167907907224146,0.04305576204755242,best
bt_dkgrec,active,2021,181,0.012956234280671984,265.2,False,,,,,,,,,
bt_dkgrec,active,2021,182,0.012832885662347955,266.5,False,,,,,,,,,
bt_dkgrec,active,2021,183,0.012930923204435233,267.9,False,,,,,,,,,
bt_dkgrec,active,2021,184,0.012933707000474644,269.3,False,,,,,,,,,
bt_dkgrec,active,2021,185,0.012528889571519188,270.6,True,0.012739588502059798,0.0242906103232209,0.05982905982905983,0.08547008547008547,0.017358546947902162,0.02145400398226692,0.029167907907224146,0.0429995317281642,khong cai thien (1/50)
bt_dkgrec,active,2021,186,0.012570063965398587,272.6,False,,,,,,,,,
bt_dkgrec,active,2021,187,0.012431822235114817,274.0,False,,,,,,,,,
bt_dkgrec,active,2021,188,0.012685144982231715,275.3,False,,,,,,,,,
bt_dkgrec,active,2021,189,0.012599808843826063,276.7,False,,,,,,,,,
bt_dkgrec,active,2021,190,0.012604234312186862,278.0,True,0.012866522807786843,0.024602176346369103,0.05982905982905983,0.0811965811965812,0.01740533371788896,0.020542892802531472,0.029167907907224146,0.03872602745465993,khong cai thien (2/50)
bt_dkgrec,active,2021,191,0.01251551058806251,279.8,False,,,,,,,,,
bt_dkgrec,active,2021,192,0.012319107641082168,281.2,False,,,,,,,,,
bt_dkgrec,active,2021,193,0.012607680489444396,282.5,False,,,,,,,,,
bt_dkgrec,active,2021,194,0.012292200893819714,283.9,False,,,,,,,,,
bt_dkgrec,active,2021,195,0.012200567030804396,285.3,True,0.012958838666497422,0.025109913569277283,0.05982905982905983,0.08547008547008547,0.017537539105282284,0.021473661759623057,0.029167907907224146,0.04284125379210849,khong cai thien (3/50)
bt_dkgrec,active,2021,196,0.012190314359539661,287.2,False,,,,,,,,,
bt_dkgrec,active,2021,197,0.012154321092286488,288.5,False,,,,,,,,,
bt_dkgrec,active,2021,198,0.012212900427155,289.9,False,,,,,,,,,
bt_dkgrec,active,2021,199,0.011938176087952569,291.3,False,,,,,,,,,
bt_dkgrec,active,2021,200,0.011751117125834439,292.6,True,0.013051154525208,0.025190689945649037,0.05982905982905983,0.08974358974358974,0.0173131893822726,0.021486232784906828,0.029167907907224146,0.043126154077008774,khong cai thien (4/50)
bt_dkgrec,active,2021,201,0.011714749545029893,294.4,False,,,,,,,,,
bt_dkgrec,active,2021,202,0.012004559019951644,295.7,False,,,,,,,,,
bt_dkgrec,active,2021,203,0.011834969917381671,297.1,False,,,,,,,,,
bt_dkgrec,active,2021,204,0.01188289885146024,298.5,False,,,,,,,,,
bt_dkgrec,active,2021,205,0.011694928410093695,299.9,True,0.013166549348596223,0.025259926839681972,0.05982905982905983,0.08547008547008547,0.01737057596080886,0.020578336462078968,0.029167907907224146,0.038623979837992435,khong cai thien (5/50)
bt_dkgrec,active,2021,206,0.011828666877055445,301.7,False,,,,,,,,,
bt_dkgrec,active,2021,207,0.011636752414147765,303.1,False,,,,,,,,,
bt_dkgrec,active,2021,208,0.011688499596677662,304.4,False,,,,,,,,,
bt_dkgrec,active,2021,209,0.011715042543036439,305.8,False,,,,,,,,,
bt_dkgrec,active,2021,210,0.011385890766942955,307.2,True,0.013212707277951511,0.02554841389815253,0.05982905982905983,0.08974358974358974,0.01722263703168166,0.021673685851767453,0.029167907907224146,0.04332483453884713,best
bt_dkgrec,active,2021,211,0.011524583339761488,308.9,False,,,,,,,,,
bt_dkgrec,active,2021,212,0.011508714323784123,310.3,False,,,,,,,,,
bt_dkgrec,active,2021,213,0.011277722709031117,311.7,False,,,,,,,,,
bt_dkgrec,active,2021,214,0.011313128903515102,313.0,False,,,,,,,,,
bt_dkgrec,active,2021,215,0.011675249644440965,314.4,True,0.013374260030695024,0.02566380872154075,0.05982905982905983,0.10256410256410256,0.017280484144428013,0.023389528694727865,0.029167907907224146,0.05001999123400383,best
bt_dkgrec,active,2021,216,0.011261802941573399,316.2,False,,,,,,,,,
bt_dkgrec,active,2021,217,0.011274881872394336,317.5,False,,,,,,,,,
bt_dkgrec,active,2021,218,0.01127228207839286,318.9,False,,,,,,,,,
bt_dkgrec,active,2021,219,0.011308855420631626,320.3,False,,,,,,,,,
bt_dkgrec,active,2021,220,0.011324153145491725,321.6,True,0.013374260030695024,0.02575612458025133,0.06837606837606838,0.10256410256410256,0.018201147680891924,0.023817722203189437,0.029491232243706377,0.05001999123400383,best
bt_dkgrec,active,2021,221,0.010957842061858824,323.4,False,,,,,,,,,
bt_dkgrec,active,2021,222,0.011405619980133222,324.8,False,,,,,,,,,
bt_dkgrec,active,2021,223,0.010980476117919922,326.2,False,,,,,,,,,
bt_dkgrec,active,2021,224,0.010835831542397754,327.5,False,,,,,,,,,
bt_dkgrec,active,2021,225,0.010809574997381118,328.9,True,0.013501194336422068,0.025963835262350132,0.0641025641025641,0.10256410256410256,0.019478845159456238,0.024527576268263684,0.02922413822661236,0.04608019883267297,best
bt_dkgrec,active,2021,226,0.010924106898324997,330.7,False,,,,,,,,,
bt_dkgrec,active,2021,227,0.01074088164467546,332.0,False,,,,,,,,,
bt_dkgrec,active,2021,228,0.010922615994716568,333.4,False,,,,,,,,,
bt_dkgrec,active,2021,229,0.01066525203497735,334.7,False,,,,,,,,,
bt_dkgrec,active,2021,230,0.010615446956491723,336.1,True,0.013581970712793824,0.02595229578001131,0.06837606837606838,0.10256410256410256,0.019825986560844843,0.024788874549585657,0.029491232243706377,0.04623847676872868,best
bt_dkgrec,active,2021,231,0.010860121110155354,338.0,False,,,,,,,,,
bt_dkgrec,active,2021,232,0.010756916146178772,339.3,False,,,,,,,,,
bt_dkgrec,active,2021,233,0.010826009821679836,340.7,False,,,,,,,,,
bt_dkgrec,active,2021,234,0.010466378553223195,342.1,False,,,,,,,,,
bt_dkgrec,active,2021,235,0.010598901875414346,343.4,True,0.013685826053843225,0.026217703873804222,0.0641025641025641,0.09829059829059829,0.01977455602276925,0.02477588716178162,0.02922413822661236,0.04584997638022829,khong cai thien (1/50)
bt_dkgrec,active,2021,236,0.010488127594026326,345.2,False,,,,,,,,,
bt_dkgrec,active,2021,237,0.010635103092409101,346.6,False,,,,,,,,,
bt_dkgrec,active,2021,238,0.010340356172301958,347.9,False,,,,,,,,,
bt_dkgrec,active,2021,239,0.010497773537185234,349.3,False,,,,,,,,,
bt_dkgrec,active,2021,240,0.010527506217109501,350.6,True,0.013685826053843225,0.026379256626547734,0.0641025641025641,0.09829059829059829,0.0197020777824665,0.02471765623078126,0.02922413822661236,0.04584997638022829,khong cai thien (2/50)
bt_dkgrec,active,2021,241,0.010542081484017871,352.5,False,,,,,,,,,
bt_dkgrec,active,2021,242,0.010386526259220501,353.9,False,,,,,,,,,
bt_dkgrec,active,2021,243,0.010460043100715985,355.2,False,,,,,,,,,
bt_dkgrec,active,2021,244,0.010405025121966048,356.6,False,,,,,,,,,
bt_dkgrec,active,2021,245,0.010277478361538299,358.0,True,0.013835839324247914,0.026644664720340647,0.0641025641025641,0.09829059829059829,0.019606400235116995,0.02468043965343329,0.02922413822661236,0.04584997638022829,khong cai thien (3/50)
bt_dkgrec,active,2021,246,0.010313152870054191,359.7,False,,,,,,,,,
bt_dkgrec,active,2021,247,0.010441057174066093,361.1,False,,,,,,,,,
bt_dkgrec,active,2021,248,0.010401629734331145,362.4,False,,,,,,,,,
bt_dkgrec,active,2021,249,0.010279091881714887,363.8,False,,,,,,,,,
bt_dkgrec,active,2021,250,0.010261280186083264,365.2,True,0.014055089488685538,0.026898533331794736,0.05555555555555555,0.09829059829059829,0.018612158760786333,0.02411843085211077,0.028557407296723538,0.045902562141878385,khong cai thien (4/50)
bt_dkgrec,active,2021,251,0.01016966608111655,367.1,False,,,,,,,,,
bt_dkgrec,active,2021,252,0.010267483432678854,368.5,False,,,,,,,,,
bt_dkgrec,active,2021,253,0.010255546136438948,369.9,False,,,,,,,,,
bt_dkgrec,active,2021,254,0.01022309783749552,371.2,False,,,,,,,,,
bt_dkgrec,active,2021,255,0.010246003423438515,372.6,True,0.014135865865057294,0.02701392815518296,0.05982905982905983,0.09829059829059829,0.019195834381305833,0.024476885094967156,0.029825370103147883,0.046060840077934095,khong cai thien (5/50)
bt_dkgrec,active,2021,256,0.009981456079992245,374.3,False,,,,,,,,,
bt_dkgrec,active,2021,257,0.00993989842275401,375.7,False,,,,,,,,,
bt_dkgrec,active,2021,258,0.010045659677645142,377.1,False,,,,,,,,,
bt_dkgrec,active,2021,259,0.00996763886276337,378.5,False,,,,,,,,,
bt_dkgrec,active,2021,260,0.010110161113235787,379.9,True,0.014205102759090227,0.027106244013893537,0.05555555555555555,0.10256410256410256,0.018853035385408157,0.025487032154164972,0.02911311939089717,0.05033434435143837,best
bt_dkgrec,active,2021,261,0.010015502431554813,381.6,False,,,,,,,,,
bt_dkgrec,active,2021,262,0.00979363800697865,383.0,False,,,,,,,,,
bt_dkgrec,active,2021,263,0.010105780277260189,384.4,False,,,,,,,,,
bt_dkgrec,active,2021,264,0.00995722302433896,385.7,False,,,,,,,,,
bt_dkgrec,active,2021,265,0.009704566975266801,387.1,True,0.014251260688445516,0.02706008608453825,0.06837606837606838,0.10256410256410256,0.019477741931538655,0.02501436971658161,0.031304660043976286,0.05033434435143837,khong cai thien (1/50)
bt_dkgrec,active,2021,266,0.009833963474814215,388.8,False,,,,,,,,,
bt_dkgrec,active,2021,267,0.00990356287473066,390.2,False,,,,,,,,,
bt_dkgrec,active,2021,268,0.00992255392805928,391.6,False,,,,,,,,,
bt_dkgrec,active,2021,269,0.009756199980381906,393.0,False,,,,,,,,,
bt_dkgrec,active,2021,270,0.009605767124475329,394.4,True,0.014262800170784339,0.02726779676663705,0.06837606837606838,0.10256410256410256,0.019555813708668473,0.02496737813104794,0.031304660043976286,0.049945843962937976,khong cai thien (2/50)
bt_dkgrec,active,2021,271,0.00986149604629525,396.2,False,,,,,,,,,
bt_dkgrec,active,2021,272,0.009491879694670352,397.5,False,,,,,,,,,
bt_dkgrec,active,2021,273,0.009684440607260168,398.9,False,,,,,,,,,
bt_dkgrec,active,2021,274,0.00964158553918406,400.2,False,,,,,,,,,
bt_dkgrec,active,2021,275,0.00953742515502676,401.6,True,0.01432049758247845,0.027290875731314692,0.0641025641025641,0.09829059829059829,0.01981409116760289,0.025626765963465543,0.031249871527649308,0.050289250556344575,best
bt_dkgrec,active,2021,276,0.0098571216446495,403.4,False,,,,,,,,,
bt_dkgrec,active,2021,277,0.009556034245309781,404.8,False,,,,,,,,,
bt_dkgrec,active,2021,278,0.009495241327402119,406.2,False,,,,,,,,,
bt_dkgrec,active,2021,279,0.009669418747683173,407.6,False,,,,,,,,,
bt_dkgrec,active,2021,280,0.009586246817378937,408.9,True,0.01447051085288314,0.027717836577851117,0.06837606837606838,0.10256410256410256,0.021153603119520876,0.02573140972289892,0.035523375801153584,0.049945843962937976,best
bt_dkgrec,active,2021,281,0.009442155290520005,410.7,False,,,,,,,,,
bt_dkgrec,active,2021,282,0.009634513205740073,412.0,False,,,,,,,,,
bt_dkgrec,active,2021,283,0.009601910863567419,413.4,False,,,,,,,,,
bt_dkgrec,active,2021,284,0.009414170681146597,414.8,False,,,,,,,,,
bt_dkgrec,active,2021,285,0.0095039070990406,416.1,True,0.014528208264577252,0.027740915542528763,0.0641025641025641,0.10256410256410256,0.0204614099448996,0.025610221066985146,0.034098874376652155,0.049945843962937976,khong cai thien (1/50)
bt_dkgrec,active,2021,286,0.009492329099256009,418.0,False,,,,,,,,,
bt_dkgrec,active,2021,287,0.00943707587330829,419.4,False,,,,,,,,,
bt_dkgrec,active,2021,288,0.009317909561330669,420.8,False,,,,,,,,,
bt_dkgrec,active,2021,289,0.0095674429241915,422.1,False,,,,,,,,,
bt_dkgrec,active,2021,290,0.009229819805628491,423.5,True,0.01457436619393254,0.027856310365916986,0.0641025641025641,0.10256410256410256,0.020806072419114516,0.025678300388032177,0.034098874376652155,0.04923359325068727,khong cai thien (2/50)
bt_dkgrec,active,2021,291,0.009217022315115847,425.2,False,,,,,,,,,
bt_dkgrec,active,2021,292,0.009253425324559583,426.6,False,,,,,,,,,
bt_dkgrec,active,2021,293,0.0093883295676622,428.0,False,,,,,,,,,
bt_dkgrec,active,2021,294,0.009032031684124194,429.4,False,,,,,,,,,
bt_dkgrec,active,2021,295,0.009235618299076376,430.8,True,0.014735918946676052,0.02804094208333814,0.06837606837606838,0.10683760683760683,0.021526360736619087,0.026832536944265524,0.035523375801153584,0.05350709752419154,best
bt_dkgrec,active,2021,296,0.009270368931184485,432.7,False,,,,,,,,,
bt_dkgrec,active,2021,297,0.009174212951620145,434.1,False,,,,,,,,,
bt_dkgrec,active,2021,298,0.009361838918594241,435.4,False,,,,,,,,,
bt_dkgrec,active,2021,299,0.00932872940388705,436.8,False,,,,,,,,,
bt_dkgrec,active,2021,300,0.009307834602692602,438.2,True,0.014909011181758386,0.028248652765436942,0.07692307692307693,0.10683760683760683,0.022067651786860373,0.026679126659171836,0.037927221954999736,0.05421934823644225,khong cai thien (1/50)
bt_dkgrec,active,2021,301,0.009111502125112745,439.9,False,,,,,,,,,
bt_dkgrec,active,2021,302,0.009433525057956766,441.3,False,,,,,,,,,
bt_dkgrec,active,2021,303,0.009024187320697796,442.7,False,,,,,,,,,
bt_dkgrec,active,2021,304,0.009044647539976346,444.1,False,,,,,,,,,
bt_dkgrec,active,2021,305,0.009112102926802606,445.6,True,0.014955169111113675,0.028525600341568678,0.06837606837606838,0.10256410256410256,0.0210041446945431,0.025668658140531746,0.03486591360522985,0.049945843962937976,khong cai thien (2/50)
bt_dkgrec,active,2021,306,0.009082154295644861,447.4,False,,,,,,,,,
bt_dkgrec,active,2021,307,0.009082128116967467,448.7,False,,,,,,,,,
bt_dkgrec,active,2021,308,0.009036449852763168,450.1,False,,,,,,,,,
bt_dkgrec,active,2021,309,0.009144089629461718,451.4,False,,,,,,,,,
bt_dkgrec,active,2021,310,0.009004064009093933,452.8,True,0.015001327040468965,0.028571758270923966,0.06837606837606838,0.10256410256410256,0.02063616311908786,0.025290424263363934,0.03486591360522985,0.049945843962937976,khong cai thien (3/50)
bt_dkgrec,active,2021,311,0.009187581380535149,454.6,False,,,,,,,,,
bt_dkgrec,active,2021,312,0.008755400295799614,456.0,False,,,,,,,,,
bt_dkgrec,active,2021,313,0.009176338212393003,457.4,False,,,,,,,,,
bt_dkgrec,active,2021,314,0.008898750552895632,458.8,False,,,,,,,,,
bt_dkgrec,active,2021,315,0.00888918293021171,460.2,True,0.01502440600514661,0.028617916200279255,0.06837606837606838,0.10256410256410256,0.020732441237375512,0.024577734800091663,0.03507821910599688,0.04572857000882192,khong cai thien (4/50)
bt_dkgrec,active,2021,316,0.008843232119047183,462.0,False,,,,,,,,,
bt_dkgrec,active,2021,317,0.008843186694299407,463.4,False,,,,,,,,,
bt_dkgrec,active,2021,318,0.008908535929982713,464.8,False,,,,,,,,,
bt_dkgrec,active,2021,319,0.008784170767247837,466.1,False,,,,,,,,,
bt_dkgrec,active,2021,320,0.008903182262226639,467.5,True,0.015012866522807786,0.028917942741088633,0.06837606837606838,0.10256410256410256,0.02098771917270827,0.025058847516115285,0.03507821910599688,0.046104006787767465,khong cai thien (5/50)
bt_dkgrec,active,2021,321,0.008875235676987895,469.2,False,,,,,,,,,
bt_dkgrec,active,2021,322,0.008756723885976946,470.6,False,,,,,,,,,
bt_dkgrec,active,2021,323,0.008810629099472111,472.1,False,,,,,,,,,
bt_dkgrec,active,2021,324,0.008748623498662624,473.5,False,,,,,,,,,
bt_dkgrec,active,2021,325,0.008787584630365117,474.8,True,0.015070563934501898,0.028814087400039233,0.07264957264957266,0.09829059829059829,0.02105046722662001,0.02443657626204606,0.03513300762232387,0.04534858936568339,khong cai thien (6/50)
bt_dkgrec,active,2021,326,0.008768308633523795,476.6,False,,,,,,,,,
bt_dkgrec,active,2021,327,0.008817220257708432,478.0,False,,,,,,,,,
bt_dkgrec,active,2021,328,0.00869258692609931,479.3,False,,,,,,,,,
bt_dkgrec,active,2021,329,0.008780878319364136,480.7,False,,,,,,,,,
bt_dkgrec,active,2021,330,0.00871200573069476,482.0,True,0.015059024452163077,0.02875638998834512,0.07264957264957266,0.10683760683760683,0.021237381514757455,0.025990515740443716,0.03513300762232387,0.050275760959521645,khong cai thien (7/50)
bt_dkgrec,active,2021,331,0.008687558831325092,484.0,False,,,,,,,,,
bt_dkgrec,active,2021,332,0.008664030819798505,485.4,False,,,,,,,,,
bt_dkgrec,active,2021,333,0.008581712374680356,486.8,False,,,,,,,,,
bt_dkgrec,active,2021,334,0.008810357950737119,488.2,False,,,,,,,,,
bt_dkgrec,active,2021,335,0.008816111672931753,489.5,True,0.015162879793212477,0.02904487704681568,0.07264957264957266,0.10683760683760683,0.0219050516085654,0.02631854315699408,0.03629041502973127,0.050275760959521645,khong cai thien (8/50)
bt_dkgrec,active,2021,336,0.008653499265560284,491.3,False,,,,,,,,,
bt_dkgrec,active,2021,337,0.008592837495860895,492.7,False,,,,,,,,,
bt_dkgrec,active,2021,338,0.008628632801904106,494.1,False,,,,,,,,,
bt_dkgrec,active,2021,339,0.008653206644415613,495.4,False,,,,,,,,,
bt_dkgrec,active,2021,340,0.008745726932886465,496.8,True,0.015220577204906587,0.029391061516980347,0.06837606837606838,0.10683760683760683,0.021076991727390852,0.026036149922681058,0.03486591360522985,0.050275760959521645,khong cai thien (9/50)
bt_dkgrec,active,2021,341,0.008579079572088049,498.8,False,,,,,,,,,
bt_dkgrec,active,2021,342,0.008770803297241433,500.2,False,,,,,,,,,
bt_dkgrec,active,2021,343,0.00864810371140544,501.6,False,,,,,,,,,
bt_dkgrec,active,2021,344,0.008636284268896236,502.9,False,,,,,,,,,
bt_dkgrec,active,2021,345,0.008661960107262492,504.3,True,0.015289814098939522,0.029483377375690928,0.06837606837606838,0.11538461538461539,0.020228721370119055,0.026169404709410992,0.03486591360522985,0.052468743415661996,khong cai thien (10/50)
bt_dkgrec,active,2021,346,0.008458297850327949,506.1,False,,,,,,,,,
bt_dkgrec,active,2021,347,0.008639282073119911,507.4,False,,,,,,,,,
bt_dkgrec,active,2021,348,0.008420313655463835,508.8,False,,,,,,,,,
bt_dkgrec,active,2021,349,0.0085824983772416,510.2,False,,,,,,,,,
bt_dkgrec,active,2021,350,0.008591738853951774,511.6,True,0.015520603745715967,0.029575693234401505,0.06837606837606838,0.1111111111111111,0.020823568351117285,0.026090722143906838,0.03623562651340429,0.051489398686317266,khong cai thien (11/50)
bt_dkgrec,active,2021,351,0.008623855256718395,513.6,False,,,,,,,,,
bt_dkgrec,active,2021,352,0.008367259245131119,514.9,False,,,,,,,,,
bt_dkgrec,active,2021,353,0.008313329159837271,516.3,False,,,,,,,,,
bt_dkgrec,active,2021,354,0.00860265771760942,517.7,False,,,,,,,,,
bt_dkgrec,active,2021,355,0.008502536775051674,519.0,True,0.0155898406397489,0.02965646961077326,0.0641025641025641,0.10683760683760683,0.019851187129070448,0.025274844236321165,0.03496940302495858,0.051547982078233995,khong cai thien (12/50)
bt_dkgrec,active,2021,356,0.008340205363945455,520.8,False,,,,,,,,,
bt_dkgrec,active,2021,357,0.008399222017668078,522.2,False,,,,,,,,,
bt_dkgrec,active,2021,358,0.008326059574692495,523.6,False,,,,,,,,,
bt_dkgrec,active,2021,359,0.008436707470709702,525.1,False,,,,,,,,,
bt_dkgrec,active,2021,360,0.008466823897667765,526.5,True,0.015497524781038323,0.029725706504806194,0.0641025641025641,0.10256410256410256,0.01903632391286411,0.0244255255252377,0.031249871527649308,0.047485341502435524,khong cai thien (13/50)
bt_dkgrec,active,2021,361,0.008362659272140822,528.3,False,,,,,,,,,
bt_dkgrec,active,2021,362,0.008515955017209559,529.6,False,,,,,,,,,
bt_dkgrec,active,2021,363,0.008326248715657356,531.0,False,,,,,,,,,
bt_dkgrec,active,2021,364,0.008442770103669983,532.4,False,,,,,,,,,
bt_dkgrec,active,2021,365,0.008205009986603274,533.8,True,0.015474445816360679,0.029921877704566172,0.0641025641025641,0.10256410256410256,0.01905328035384189,0.025278617926865383,0.031249871527649308,0.05149175175884578,khong cai thien (14/50)
bt_dkgrec,active,2021,366,0.008211028159811694,535.6,False,,,,,,,,,
bt_dkgrec,active,2021,367,0.00829202273175668,536.9,False,,,,,,,,,
bt_dkgrec,active,2021,368,0.008178537064553678,538.4,False,,,,,,,,,
bt_dkgrec,active,2021,369,0.00820804865291985,539.7,False,,,,,,,,,
bt_dkgrec,active,2021,370,0.008202747651647552,541.1,True,0.015451366851683034,0.03001419356327675,0.06837606837606838,0.09829059829059829,0.020733590164606557,0.024852404367219243,0.035681653737209294,0.047930498197592215,khong cai thien (15/50)
bt_dkgrec,active,2021,371,0.008281490463279506,542.9,False,,,,,,,,,
bt_dkgrec,active,2021,372,0.008299782983242956,544.3,False,,,,,,,,,
bt_dkgrec,active,2021,373,0.008347199879200786,545.6,False,,,,,,,,,
bt_dkgrec,active,2021,374,0.00839436584852433,547.0,False,,,,,,,,,
bt_dkgrec,active,2021,375,0.008258524124487836,548.4,True,0.0155898406397489,0.029991114598599107,0.07264957264957266,0.10256410256410256,0.021568841667221113,0.02596793239507794,0.03781840587396143,0.05220400247109649,khong cai thien (16/50)
bt_dkgrec,active,2021,376,0.008256829548534817,550.2,False,,,,,,,,,
bt_dkgrec,active,2021,377,0.008135383039227687,551.6,False,,,,,,,,,
bt_dkgrec,active,2021,378,0.008317959258844368,553.0,False,,,,,,,,,
bt_dkgrec,active,2021,379,0.008217619835451486,554.4,False,,,,,,,,,
bt_dkgrec,active,2021,380,0.008190067834636916,555.8,True,0.015670617016120658,0.030233443727714374,0.07692307692307693,0.10256410256410256,0.02178886077258394,0.02581449244941655,0.03808549989105545,0.0518155020825961,khong cai thien (17/50)
bt_dkgrec,active,2021,381,0.008062753930452651,557.6,False,,,,,,,,,
bt_dkgrec,active,2021,382,0.008110941200330287,558.9,False,,,,,,,,,
bt_dkgrec,active,2021,383,0.008205672584923407,560.3,False,,,,,,,,,
bt_dkgrec,active,2021,384,0.008065521802441083,561.7,False,,,,,,,,,
bt_dkgrec,active,2021,385,0.008117339823270177,563.0,True,0.01577447235717006,0.030268062174730843,0.0811965811965812,0.10256410256410256,0.022445844368302166,0.02679349862947238,0.03798201047132671,0.05242600269309671,khong cai thien (18/50)
bt_dkgrec,active,2021,386,0.008067259872193734,565.0,False,,,,,,,,,
bt_dkgrec,active,2021,387,0.008113996486012782,566.4,False,,,,,,,,,
bt_dkgrec,active,2021,388,0.008003603454810708,567.8,False,,,,,,,,,
bt_dkgrec,active,2021,389,0.00797972388226269,569.2,False,,,,,,,,,
bt_dkgrec,active,2021,390,0.008182091958388565,570.6,True,0.016005262003946502,0.03030268062174731,0.08547008547008547,0.10256410256410256,0.022078562857484257,0.02571765194474147,0.03940651189582814,0.0518155020825961,khong cai thien (19/50)
bt_dkgrec,active,2021,391,0.008062806109767237,572.4,False,,,,,,,,,
bt_dkgrec,active,2021,392,0.008079161338620092,573.7,False,,,,,,,,,
bt_dkgrec,active,2021,393,0.00806160285802141,575.1,False,,,,,,,,,
bt_dkgrec,active,2021,394,0.008028689534007157,576.5,False,,,,,,,,,
bt_dkgrec,active,2021,395,0.008080818253010762,577.9,True,0.01599372252160768,0.030533470268523755,0.07264957264957266,0.10683760683760683,0.020687083296500555,0.026538744530440157,0.03650272053049831,0.05576525603235005,khong cai thien (20/50)
bt_dkgrec,active,2021,396,0.008002860821636123,579.8,False,,,,,,,,,
bt_dkgrec,active,2021,397,0.008070886578445511,581.2,False,,,,,,,,,
bt_dkgrec,active,2021,398,0.008119925143050164,582.6,False,,,,,,,,,
bt_dkgrec,active,2021,399,0.00798735747744661,584.0,False,,,,,,,,,
bt_dkgrec,active,2021,400,0.007903263335183352,585.4,True,0.015959104074591213,0.030625786127234333,0.07264957264957266,0.10683760683760683,0.020859617780728146,0.025917499897575996,0.03650272053049831,0.05177850204559606,khong cai thien (21/50)
bt_dkgrec,active,2021,401,0.007917162014714705,587.2,False,,,,,,,,,
bt_dkgrec,active,2021,402,0.007888461554775744,588.5,False,,,,,,,,,
bt_dkgrec,active,2021,403,0.007822561922540397,589.9,False,,,,,,,,,
bt_dkgrec,active,2021,404,0.007910999023282699,591.3,False,,,,,,,,,
bt_dkgrec,active,2021,405,0.007913915044286476,592.7,True,0.015751393392492413,0.030533470268523755,0.07264957264957266,0.11538461538461539,0.020667714553474808,0.02708783287547004,0.03650272053049831,0.05682048735073926,best
bt_dkgrec,active,2021,406,0.007973923627998869,594.6,False,,,,,,,,,
bt_dkgrec,active,2021,407,0.00797992099792422,596.0,False,,,,,,,,,
bt_dkgrec,active,2021,408,0.007911177569007305,597.4,False,,,,,,,,,
bt_dkgrec,active,2021,409,0.007866235306573181,598.7,False,,,,,,,,,
bt_dkgrec,active,2021,410,0.007830408271231822,600.1,True,0.01588986718055828,0.030498851821507286,0.06837606837606838,0.1111111111111111,0.020660621442921127,0.026248619761572965,0.03559262239817795,0.05254698307723499,khong cai thien (1/50)
bt_dkgrec,active,2021,411,0.007985010473901577,601.9,False,,,,,,,,,
bt_dkgrec,active,2021,412,0.007898640449360722,603.3,False,,,,,,,,,
bt_dkgrec,active,2021,413,0.007895379193371825,604.7,False,,,,,,,,,
bt_dkgrec,active,2021,414,0.007874866937453606,606.1,False,,,,,,,,,
bt_dkgrec,active,2021,415,0.007895784012634037,607.5,True,0.016016801486285325,0.030695023021267268,0.07692307692307693,0.11538461538461539,0.021811548693664824,0.025996480675018165,0.04093450274005829,0.05283188336213527,khong cai thien (2/50)
bt_dkgrec,active,2021,416,0.008074291985701488,609.3,False,,,,,,,,,
bt_dkgrec,active,2021,417,0.007874148360929074,610.7,False,,,,,,,,,
bt_dkgrec,active,2021,418,0.007870947383539115,612.0,False,,,,,,,,,
bt_dkgrec,active,2021,419,0.007789386537620684,613.4,False,,,,,,,,,
bt_dkgrec,active,2021,420,0.007855583823840972,614.8,True,0.01615527527435119,0.03082195732699431,0.07264957264957266,0.1111111111111111,0.020758040740990257,0.026825017071682767,0.0368912209189987,0.05699436879992436,khong cai thien (3/50)
bt_dkgrec,active,2021,421,0.007850953788520812,616.6,False,,,,,,,,,
bt_dkgrec,active,2021,422,0.007899114520256765,618.0,False,,,,,,,,,
bt_dkgrec,active,2021,423,0.007897549461295221,619.4,False,,,,,,,,,
bt_dkgrec,active,2021,424,0.007795830603230071,620.8,False,,,,,,,,,
bt_dkgrec,active,2021,425,0.007849014219025289,622.1,True,0.01615527527435119,0.030856575774010776,0.07264957264957266,0.1111111111111111,0.020759030556881226,0.026924356790682714,0.0368912209189987,0.05699436879992436,khong cai thien (4/50)
bt_dkgrec,active,2021,426,0.007756350911748831,623.9,False,,,,,,,,,
bt_dkgrec,active,2021,427,0.007820251149275226,625.3,False,,,,,,,,,
bt_dkgrec,active,2021,428,0.007908394841861972,626.6,False,,,,,,,,,
bt_dkgrec,active,2021,429,0.007786726825247773,628.0,False,,,,,,,,,
bt_dkgrec,active,2021,430,0.007672551433982243,629.4,True,0.01618989372136766,0.030914273185704888,0.0811965811965812,0.1111111111111111,0.022398089430168716,0.026905142607063347,0.041876975904753685,0.05656701837257393,khong cai thien (5/50)
bt_dkgrec,active,2021,431,0.007791182474696269,631.2,False,,,,,,,,,
bt_dkgrec,active,2021,432,0.007767512224027884,632.6,False,,,,,,,,,
bt_dkgrec,active,2021,433,0.007737120519313866,634.0,False,,,,,,,,,
bt_dkgrec,active,2021,434,0.00788164600617097,635.4,False,,,,,,,,,
bt_dkgrec,active,2021,435,0.007716207466764295,636.7,True,0.01623605165072295,0.03111044438546487,0.06837606837606838,0.1111111111111111,0.020582734689487323,0.02700548836830438,0.035568469596247376,0.05656701837257393,khong cai thien (6/50)
bt_dkgrec,active,2021,436,0.007763381506618357,638.5,False,,,,,,,,,
bt_dkgrec,active,2021,437,0.007722187160153709,639.9,False,,,,,,,,,
bt_dkgrec,active,2021,438,0.007798525665520854,641.3,False,,,,,,,,,
bt_dkgrec,active,2021,439,0.007638288198870526,642.6,False,,,,,,,,,
bt_dkgrec,active,2021,440,0.0076916269923518335,644.0,True,0.016282209580078238,0.03131815506756367,0.0641025641025641,0.1111111111111111,0.01921969343422849,0.026760269392646065,0.031294965322743104,0.05699436879992435,khong cai thien (7/50)
bt_dkgrec,active,2021,441,0.007687021842347507,646.0,False,,,,,,,,,
bt_dkgrec,active,2021,442,0.00766461568776727,647.3,False,,,,,,,,,
bt_dkgrec,active,2021,443,0.007564476268807613,648.7,False,,,,,,,,,
bt_dkgrec,active,2021,444,0.007896781567947512,650.1,False,,,,,,,,,
bt_dkgrec,active,2021,445,0.00766722129704062,651.4,True,0.016305288544755884,0.031237378691191912,0.06837606837606838,0.10683760683760683,0.01929550199953454,0.025507790567457236,0.03190546593324371,0.05272086452642008,khong cai thien (8/50)
bt_dkgrec,active,2021,446,0.007634055483717358,653.2,False,,,,,,,,,
bt_dkgrec,active,2021,447,0.007614582350331885,654.6,False,,,,,,,,,
bt_dkgrec,active,2021,448,0.007752942111568174,656.0,False,,,,,,,,,
bt_dkgrec,active,2021,449,0.0076958702778074884,657.3,False,,,,,,,,,
bt_dkgrec,active,2021,450,0.007617987097601423,658.7,True,0.016420683368144104,0.031491247302646005,0.07264957264957266,0.10256410256410256,0.020519058954099043,0.024933944490286703,0.03404221806999585,0.04828908231686009,khong cai thien (9/50)
bt_dkgrec,active,2021,451,0.007690433987581898,660.7,False,,,,,,,,,
bt_dkgrec,active,2021,452,0.007661021190985173,662.1,False,,,,,,,,,
bt_dkgrec,active,2021,453,0.007576167161712045,663.4,False,,,,,,,,,
bt_dkgrec,active,2021,454,0.007620248486209382,664.8,False,,,,,,,,,
bt_dkgrec,active,2021,455,0.00769651358102768,666.2,True,0.01650145974451586,0.03154894471434012,0.07692307692307693,0.10256410256410256,0.02122188106103036,0.025247852624082627,0.03546671949449726,0.04828908231686009,khong cai thien (10/50)
bt_dkgrec,active,2021,456,0.007517458729950428,667.9,False,,,,,,,,,
bt_dkgrec,active,2021,457,0.0075284368189082315,669.3,False,,,,,,,,,
bt_dkgrec,active,2021,458,0.007547123314582639,670.7,False,,,,,,,,,
bt_dkgrec,active,2021,459,0.00766695978152006,672.1,False,,,,,,,,,
bt_dkgrec,active,2021,460,0.007566197483425788,673.5,True,0.01650145974451586,0.031641260573050695,0.07692307692307693,0.09829059829059829,0.021658693587623058,0.024539832823502333,0.037927221954999736,0.04643723046500824,khong cai thien (11/50)
bt_dkgrec,active,2021,461,0.007530426089812893,675.4,False,,,,,,,,,
bt_dkgrec,active,2021,462,0.007593544525430714,676.8,False,,,,,,,,,
bt_dkgrec,active,2021,463,0.007574735141962355,678.2,False,,,,,,,,,
bt_dkgrec,active,2021,464,0.007509050646556677,679.5,False,,,,,,,,,
bt_dkgrec,active,2021,465,0.007496403372282483,680.9,True,0.016639933532581728,0.03154894471434012,0.07264957264957266,0.09829059829059829,0.020964986473604803,0.0250675777676902,0.0357904698182476,0.047576831604609376,khong cai thien (12/50)
bt_dkgrec,active,2021,466,0.007527148331523969,682.7,False,,,,,,,,,
bt_dkgrec,active,2021,467,0.007435886827351117,684.1,False,,,,,,,,,
bt_dkgrec,active,2021,468,0.00748795475449941,685.5,False,,,,,,,,,
bt_dkgrec,active,2021,469,0.007575943850729553,686.9,False,,,,,,,,,
bt_dkgrec,active,2021,470,0.007569193928136617,688.3,True,0.016628394050242905,0.03160664212603423,0.07692307692307693,0.10256410256410256,0.021292189153405763,0.025614157953198595,0.037927221954999736,0.05185033587811365,khong cai thien (13/50)
bt_dkgrec,active,2021,471,0.00757284546029313,690.1,False,,,,,,,,,
bt_dkgrec,active,2021,472,0.00744357464521082,691.5,False,,,,,,,,,
bt_dkgrec,active,2021,473,0.007554051244310639,692.9,False,,,,,,,,,
bt_dkgrec,active,2021,474,0.007600675524675111,694.2,False,,,,,,,,,
bt_dkgrec,active,2021,475,0.007487220829763768,695.6,True,0.016616854567904085,0.03175665539643892,0.07692307692307693,0.09829059829059829,0.021477545586877776,0.025660802559307538,0.037927221954999736,0.05156543559321337,khong cai thien (14/50)
bt_dkgrec,active,2021,476,0.007382452915427786,697.4,False,,,,,,,,,
bt_dkgrec,active,2021,477,0.007386539473120249,698.8,False,,,,,,,,,
bt_dkgrec,active,2021,478,0.007491346835029755,700.2,False,,,,,,,,,
bt_dkgrec,active,2021,479,0.007357968423782665,701.6,False,,,,,,,,,
bt_dkgrec,active,2021,480,0.0075503924782801424,703.0,True,0.016524538709193504,0.03158356316135658,0.07692307692307693,0.10256410256410256,0.021938133006478615,0.026865528362102927,0.03831572234350012,0.05583893986671764,khong cai thien (15/50)
bt_dkgrec,active,2021,481,0.007527177745269617,704.8,False,,,,,,,,,
bt_dkgrec,active,2021,482,0.007493610439733398,706.2,False,,,,,,,,,
bt_dkgrec,active,2021,483,0.007368018140619898,707.6,False,,,,,,,,,
bt_dkgrec,active,2021,484,0.0074870197804546975,708.9,False,,,,,,,,,
bt_dkgrec,active,2021,485,0.007514930300589495,710.3,True,0.01665147301492055,0.031641260573050695,0.07692307692307693,0.10683760683760683,0.021692482132955375,0.026736101661496654,0.03831572234350012,0.05583893986671764,khong cai thien (16/50)
bt_dkgrec,active,2021,486,0.0073855286570301305,712.1,False,,,,,,,,,
bt_dkgrec,active,2021,487,0.007408805490586162,713.6,False,,,,,,,,,
bt_dkgrec,active,2021,488,0.007448491601584625,715.0,False,,,,,,,,,
bt_dkgrec,active,2021,489,0.007289616073851042,716.3,False,,,,,,,,,
bt_dkgrec,active,2021,490,0.007436653968078519,717.7,True,0.016674551979598193,0.0318028133257942,0.07264957264957266,0.1111111111111111,0.020538850517250382,0.027213105995783964,0.03404221806999585,0.05726344129121907,best
bt_dkgrec,active,2021,491,0.007374453656685843,719.5,False,,,,,,,,,
bt_dkgrec,active,2021,492,0.007364246012130137,720.9,False,,,,,,,,,
bt_dkgrec,active,2021,493,0.007425499468554398,722.3,False,,,,,,,,,
bt_dkgrec,active,2021,494,0.007493888837946871,723.6,False,,,,,,,,,
bt_dkgrec,active,2021,495,0.007368753475148512,725.0,True,0.016859183697019352,0.03189512918450478,0.0641025641025641,0.11538461538461539,0.019464063409738833,0.028627495023245624,0.028700337728115505,0.061109595137372914,best
bt_dkgrec,active,2021,496,0.007336316531982836,727.0,False,,,,,,,,,
bt_dkgrec,active,2021,497,0.007459193944357388,728.4,False,,,,,,,,,
bt_dkgrec,active,2021,498,0.007307563415904858,729.7,False,,,,,,,,,
bt_dkgrec,active,2021,499,0.007412633927108024,731.1,False,,,,,,,,,
bt_dkgrec,active,2021,500,0.007409543943043576,732.5,True,0.016882262661696998,0.03197590556087654,0.06837606837606838,0.1111111111111111,0.020409594678592397,0.028272814276770912,0.032973842001619784,0.06082469485247263,khong cai thien (1/50)
bt_dkgrec,active,2021,501,0.007354426940305039,734.3,False,,,,,,,,,
bt_dkgrec,active,2021,502,0.00726398915809448,735.7,False,,,,,,,,,
bt_dkgrec,active,2021,503,0.007459727151018549,737.0,False,,,,,,,,,
bt_dkgrec,active,2021,504,0.00730421952697295,738.4,False,,,,,,,,,
bt_dkgrec,active,2021,505,0.007329268150821778,739.8,True,0.017020736449762864,0.032206695207652986,0.0641025641025641,0.10683760683760683,0.020119411642137538,0.02847856411269897,0.028700337728115505,0.057690791718569494,khong cai thien (2/50)
bt_dkgrec,active,2021,506,0.007396530289822989,741.8,False,,,,,,,,,
bt_dkgrec,active,2021,507,0.007301112911128872,743.1,False,,,,,,,,,
bt_dkgrec,active,2021,508,0.007353546539784362,744.5,False,,,,,,,,,
bt_dkgrec,active,2021,509,0.007367902903699471,745.9,False,,,,,,,,,
bt_dkgrec,active,2021,510,0.007254282120323642,747.2,True,0.0170899733437958,0.03219515572531416,0.06837606837606838,0.10683760683760683,0.021649052643620038,0.02865081654513657,0.032973842001619784,0.05726344129121907,best
bt_dkgrec,active,2021,511,0.007249736825675076,749.0,False,,,,,,,,,
bt_dkgrec,active,2021,512,0.007193573572873932,750.4,False,,,,,,,,,
bt_dkgrec,active,2021,513,0.007271311878571725,751.8,False,,,,,,,,,
bt_dkgrec,active,2021,514,0.007273318733286501,753.2,False,,,,,,,,,
bt_dkgrec,active,2021,515,0.007400401988008085,754.6,True,0.017043815414440507,0.032425945372090606,0.0641025641025641,0.1111111111111111,0.020891619794115558,0.02966493931353829,0.030837089864867644,0.06153694556472334,best
bt_dkgrec,active,2021,516,0.007266827003505072,756.6,False,,,,,,,,,
bt_dkgrec,active,2021,517,0.007267052930286352,757.9,False,,,,,,,,,
bt_dkgrec,active,2021,518,0.00710062580807696,759.3,False,,,,,,,,,
bt_dkgrec,active,2021,519,0.007229006179367101,760.7,False,,,,,,,,,
bt_dkgrec,active,2021,520,0.007231319262308945,762.1,True,0.017020736449762864,0.03237978744273532,0.06837606837606838,0.10683760683760683,0.020681982619983642,0.027509595896892794,0.03297384200161978,0.05683609086386864,khong cai thien (1/50)
bt_dkgrec,active,2021,521,0.007341854483972681,763.9,False,,,,,,,,,
bt_dkgrec,active,2021,522,0.007351878748058752,765.2,False,,,,,,,,,
bt_dkgrec,active,2021,523,0.0072218076702980395,766.7,False,,,,,,,,,
bt_dkgrec,active,2021,524,0.007255940345105643,768.1,False,,,,,,,,,
bt_dkgrec,active,2021,525,0.007230071719389454,769.4,True,0.017182289202506376,0.03258749812483412,0.07264957264957266,0.10256410256410256,0.021016730173481976,0.02687188814798744,0.03404221806999585,0.05341728744506522,khong cai thien (2/50)
bt_dkgrec,active,2021,526,0.007328927309729431,771.2,False,,,,,,,,,
bt_dkgrec,active,2021,527,0.0071872807561766255,772.6,False,,,,,,,,,
bt_dkgrec,active,2021,528,0.007116318936565007,774.0,False,,,,,,,,,
bt_dkgrec,active,2021,529,0.007213018524478021,775.3,False,,,,,,,,,
bt_dkgrec,active,2021,530,0.007143146715136071,776.7,True,0.017043815414440507,0.0326798139835447,0.07264957264957266,0.09829059829059829,0.02025776089520369,0.026096134310744715,0.03365371768149546,0.05302878705656484,khong cai thien (3/50)
bt_dkgrec,active,2021,531,0.00717080330576909,778.5,False,,,,,,,,,
bt_dkgrec,active,2021,532,0.007200143628546403,779.9,False,,,,,,,,,
bt_dkgrec,active,2021,533,0.007164791399985875,781.3,False,,,,,,,,,
bt_dkgrec,active,2021,534,0.00718243173619018,782.7,False,,,,,,,,,
bt_dkgrec,active,2021,535,0.007232135659602451,784.1,True,0.01715921023782873,0.03274905087757763,0.07264957264957266,0.10256410256410256,0.02134741027095806,0.02739554726862116,0.03465271868049646,0.05687494090271868,khong cai thien (4/50)
bt_dkgrec,active,2021,536,0.007117851601359239,785.9,False,,,,,,,,,
bt_dkgrec,active,2021,537,0.007050349128637573,787.3,False,,,,,,,,,
bt_dkgrec,active,2021,538,0.007150778651039015,788.6,False,,,,,,,,,
bt_dkgrec,active,2021,539,0.007133524167684461,790.0,False,,,,,,,,,
bt_dkgrec,active,2021,540,0.007258289869599518,791.3,True,0.01715921023782873,0.03280674828927174,0.06837606837606838,0.10683760683760683,0.021736521921998774,0.02920371662168664,0.03358434261212039,0.061148445176222956,khong cai thien (5/50)
bt_dkgrec,active,2021,541,0.007118516958888706,793.2,False,,,,,,,,,
bt_dkgrec,active,2021,542,0.007164984743893046,794.6,False,,,,,,,,,
bt_dkgrec,active,2021,543,0.007176701771236083,796.0,False,,,,,,,,,
bt_dkgrec,active,2021,544,0.007135729701765365,797.4,False,,,,,,,,,
bt_dkgrec,active,2021,545,0.00703677888772429,798.7,True,0.017147670755489907,0.032783669324594096,0.06837606837606838,0.10683760683760683,0.021322279589286702,0.028305350493258993,0.03258534161311939,0.056551190578968354,khong cai thien (6/50)
bt_dkgrec,active,2021,546,0.007184843179308925,800.5,False,,,,,,,,,
bt_dkgrec,active,2021,547,0.0071513771933139365,801.9,False,,,,,,,,,
bt_dkgrec,active,2021,548,0.007145637836348409,803.3,False,,,,,,,,,
bt_dkgrec,active,2021,549,0.007124705177786009,804.6,False,,,,,,,,,
bt_dkgrec,active,2021,550,0.007186423452036491,806.0,True,0.017124591790812264,0.03289906414798232,0.0641025641025641,0.10683760683760683,0.019910699908077537,0.028562426185929593,0.028700337728115505,0.06043619446397225,khong cai thien (7/50)
bt_dkgrec,active,2021,551,0.007071574718117307,808.0,False,,,,,,,,,
bt_dkgrec,active,2021,552,0.007114769997754294,809.4,False,,,,,,,,,
bt_dkgrec,active,2021,553,0.007135991151759922,810.8,False,,,,,,,,,
bt_dkgrec,active,2021,554,0.0070507959708861565,812.2,False,,,,,,,,,
bt_dkgrec,active,2021,555,0.007032023944246532,813.5,True,0.017320762990572242,0.03304907741838701,0.0641025641025641,0.09829059829059829,0.019893743467099757,0.026975776301967555,0.028700337728115505,0.05431083833861612,khong cai thien (8/50)
bt_dkgrec,active,2021,556,0.007050891970959129,815.3,False,,,,,,,,,
bt_dkgrec,active,2021,557,0.007081260788238348,816.7,False,,,,,,,,,
bt_dkgrec,active,2021,558,0.007115281198243793,818.1,False,,,,,,,,,
bt_dkgrec,active,2021,559,0.00706236462521533,819.4,False,,,,,,,,,
bt_dkgrec,active,2021,560,0.007049493107137229,820.8,True,0.01726306557887813,0.03303753793604819,0.0641025641025641,0.10256410256410256,0.018977211423800225,0.02595636058890246,0.028700337728115505,0.053987088014865785,khong cai thien (9/50)
bt_dkgrec,active,2021,561,0.007050282490227834,822.9,False,,,,,,,,,
bt_dkgrec,active,2021,562,0.007109782630361225,824.2,False,,,,,,,,,
bt_dkgrec,active,2021,563,0.007052792672674994,825.6,False,,,,,,,,,
bt_dkgrec,active,2021,564,0.00713850954664011,827.0,False,,,,,,,,,
bt_dkgrec,active,2021,565,0.006929706114575967,828.4,True,0.017401539366944,0.03310677483008112,0.06837606837606838,0.09829059829059829,0.020340103767561946,0.02581061926386485,0.03297384200161978,0.053559737587515366,khong cai thien (10/50)
bt_dkgrec,active,2021,566,0.007021225988460304,830.2,False,,,,,,,,,
bt_dkgrec,active,2021,567,0.0069983572592849826,831.6,False,,,,,,,,,
bt_dkgrec,active,2021,568,0.007079573804271886,832.9,False,,,,,,,,,
bt_dkgrec,active,2021,569,0.006977081970345521,834.3,False,,,,,,,,,
bt_dkgrec,active,2021,570,0.006984473990162029,835.8,True,0.01741307884928282,0.0330952353477423,0.06837606837606838,0.09401709401709402,0.02076423993588332,0.025119631344278016,0.03297384200161978,0.049286233314011094,khong cai thien (11/50)
bt_dkgrec,active,2021,571,0.007058946609491038,837.7,False,,,,,,,,,
bt_dkgrec,active,2021,572,0.007061523694787567,839.0,False,,,,,,,,,
bt_dkgrec,active,2021,573,0.0070119230724206595,840.4,False,,,,,,,,,
bt_dkgrec,active,2021,574,0.00702097837444778,841.8,False,,,,,,,,,
bt_dkgrec,active,2021,575,0.006950544817107043,843.1,True,0.017436157813960466,0.033141393277097586,0.07264957264957266,0.09401709401709402,0.022023501741038197,0.025711743677386153,0.03724734627512405,0.05103448506226284,khong cai thien (12/50)
bt_dkgrec,active,2021,576,0.007090743517396513,844.9,False,,,,,,,,,
bt_dkgrec,active,2021,577,0.00708517248138645,846.3,False,,,,,,,,,
bt_dkgrec,active,2021,578,0.0070583893363959805,847.7,False,,,,,,,,,
bt_dkgrec,active,2021,579,0.006975691986492463,849.1,False,,,,,,,,,
bt_dkgrec,active,2021,580,0.007066310430450412,850.5,True,0.017574631602026332,0.03316447224177523,0.06837606837606838,0.10256410256410256,0.021249840930436185,0.02654184004161109,0.03297384200161978,0.051850335878113656,khong cai thien (13/50)
bt_dkgrec,active,2021,581,0.007001914161731871,852.3,False,,,,,,,,,
bt_dkgrec,active,2021,582,0.007083525328788674,853.7,False,,,,,,,,,
bt_dkgrec,active,2021,583,0.006973513876506002,855.1,False,,,,,,,,,
bt_dkgrec,active,2021,584,0.006956847835851802,856.4,False,,,,,,,,,
bt_dkgrec,active,2021,585,0.006941632006992463,857.8,True,0.017632329013720444,0.03339526188855168,0.06837606837606838,0.09829059829059829,0.022609338747457294,0.02748973979746347,0.03319584222362,0.05042583445361223,khong cai thien (14/50)
bt_dkgrec,active,2021,586,0.006917669144724171,859.7,False,,,,,,,,,
bt_dkgrec,active,2021,587,0.006963061892426456,861.1,False,,,,,,,,,
bt_dkgrec,active,2021,588,0.006926000247174303,862.5,False,,,,,,,,,
bt_dkgrec,active,2021,589,0.007029849841479538,863.9,False,,,,,,,,,
bt_dkgrec,active,2021,590,0.006980503038619735,865.3,True,0.017678486943075732,0.03344141981790697,0.07264957264957266,0.09829059829059829,0.023030200850446225,0.026425773282287224,0.03785784688562466,0.05042583445361223,khong cai thien (15/50)
bt_dkgrec,active,2021,591,0.006981573233848074,867.1,False,,,,,,,,,
bt_dkgrec,active,2021,592,0.006871325660755008,868.5,False,,,,,,,,,
bt_dkgrec,active,2021,593,0.0069716328887011025,869.8,False,,,,,,,,,
bt_dkgrec,active,2021,594,0.006919967198036706,871.2,False,,,,,,,,,
bt_dkgrec,active,2021,595,0.006931131164845324,872.6,True,0.01775926331944749,0.033429880335568145,0.06837606837606838,0.09829059829059829,0.021582157518505278,0.026563108397456254,0.03297384200161978,0.05042583445361223,khong cai thien (16/50)
bt_dkgrec,active,2021,596,0.006947486578690059,874.4,False,,,,,,,,,
bt_dkgrec,active,2021,597,0.0068700757014101225,875.8,False,,,,,,,,,
bt_dkgrec,active,2021,598,0.006893645764226342,877.3,False,,,,,,,,,
bt_dkgrec,active,2021,599,0.006874585644090255,878.6,False,,,,,,,,,
bt_dkgrec,active,2021,600,0.006932194131174359,880.0,True,0.017736184354769844,0.033360643441535213,0.07264957264957266,0.10683760683760683,0.020928421818489633,0.027186804820258367,0.03365371768149546,0.055467819758755435,khong cai thien (17/50)
bt_dkgrec,active,2021,601,0.007013037620486624,881.8,False,,,,,,,,,
bt_dkgrec,active,2021,602,0.006949773032226457,883.2,False,,,,,,,,,
bt_dkgrec,active,2021,603,0.00702626373069254,884.6,False,,,,,,,,,
bt_dkgrec,active,2021,604,0.0069819491569520185,885.9,False,,,,,,,,,
bt_dkgrec,active,2021,605,0.006907317124884476,887.3,True,0.017747723837108667,0.033556814641295195,0.07264957264957266,0.10683760683760683,0.021034843893307665,0.02822635619909403,0.03365371768149546,0.05978017407110974,khong cai thien (18/50)
bt_dkgrec,active,2021,606,0.00687341228644552,889.3,False,,,,,,,,,
bt_dkgrec,active,2021,607,0.006817697578769052,890.7,False,,,,,,,,,
bt_dkgrec,active,2021,608,0.006886038707671457,892.0,False,,,,,,,,,
bt_dkgrec,active,2021,609,0.006910175218069168,893.4,False,,,,,,,,,
bt_dkgrec,active,2021,610,0.0069185818027877755,894.8,True,0.017932355554529825,0.033579893605972834,0.07264957264957266,0.09829059829059829,0.02147876035284607,0.027639349743869928,0.03365371768149546,0.055450439478217255,khong cai thien (19/50)
bt_dkgrec,active,2021,611,0.006879213256695409,896.6,False,,,,,,,,,
bt_dkgrec,active,2021,612,0.006948752830635209,897.9,False,,,,,,,,,
bt_dkgrec,active,2021,613,0.0069578894376233205,899.3,False,,,,,,,,,
bt_dkgrec,active,2021,614,0.006786446792105971,900.7,False,,,,,,,,,
bt_dkgrec,active,2021,615,0.006875427507633684,902.1,True,0.017874658142835714,0.03374144635871635,0.07264957264957266,0.10256410256410256,0.021374366306577127,0.027610552635845102,0.03365371768149546,0.05550666979760547,khong cai thien (20/50)
bt_dkgrec,active,2021,616,0.0068807841196093615,904.1,False,,,,,,,,,
bt_dkgrec,active,2021,617,0.006884274305881508,905.5,False,,,,,,,,,
bt_dkgrec,active,2021,618,0.006879167679240598,906.8,False,,,,,,,,,
bt_dkgrec,active,2021,619,0.006962144437254356,908.2,False,,,,,,,,,
bt_dkgrec,active,2021,620,0.006815491940560101,909.5,True,0.017920816072191002,0.033626051535328126,0.07264957264957266,0.10683760683760683,0.020981067173980506,0.02781293594239315,0.03426421829199607,0.05978017407110974,khong cai thien (21/50)
bt_dkgrec,active,2021,621,0.006803595319177553,911.4,False,,,,,,,,,
bt_dkgrec,active,2021,622,0.006823964954779485,912.7,False,,,,,,,,,
bt_dkgrec,active,2021,623,0.006886809542323847,914.1,False,,,,,,,,,
bt_dkgrec,active,2021,624,0.006921499029613462,915.5,False,,,,,,,,,
bt_dkgrec,active,2021,625,0.006924655415988061,917.0,True,0.017793881766463956,0.033579893605972834,0.07264957264957266,0.10256410256410256,0.021655426846522188,0.02704888477465137,0.03426421829199607,0.05479441908535476,khong cai thien (22/50)
bt_dkgrec,active,2021,626,0.006890873579043454,918.8,False,,,,,,,,,
bt_dkgrec,active,2021,627,0.006797024080110612,920.2,False,,,,,,,,,
bt_dkgrec,active,2021,628,0.006825686787214263,921.5,False,,,,,,,,,
bt_dkgrec,active,2021,629,0.006727607392346384,922.9,False,,,,,,,,,
bt_dkgrec,active,2021,630,0.006749045728335968,924.3,True,0.01790927658985218,0.03367220946468341,0.07264957264957266,0.10256410256410256,0.022146246810810642,0.027808149111516932,0.03404221806999585,0.05550666979760547,khong cai thien (23/50)
bt_dkgrec,active,2021,631,0.006775424449794941,926.1,False,,,,,,,,,
bt_dkgrec,active,2021,632,0.006809048491489164,927.4,False,,,,,,,,,
bt_dkgrec,active,2021,633,0.006667959084034556,928.8,False,,,,,,,,,
bt_dkgrec,active,2021,634,0.0068076810046275105,930.3,False,,,,,,,,,
bt_dkgrec,active,2021,635,0.006785102377808925,931.7,True,0.017724644872431024,0.03385684118210457,0.07264957264957266,0.09829059829059829,0.022351888501754135,0.02657297374423882,0.03404221806999585,0.049910414201349874,khong cai thien (24/50)
bt_dkgrec,active,2021,636,0.006810503648097289,933.5,False,,,,,,,,,
bt_dkgrec,active,2021,637,0.006884007183492292,934.8,False,,,,,,,,,
bt_dkgrec,active,2021,638,0.006816842276178894,936.2,False,,,,,,,,,
bt_dkgrec,active,2021,639,0.006807002103527869,937.6,False,,,,,,,,,
bt_dkgrec,active,2021,640,0.006751975171890033,938.9,True,0.017747723837108667,0.03381068325274928,0.07264957264957266,0.10683760683760683,0.02210422648410558,0.027395185852679197,0.03404221806999585,0.05445101249194816,khong cai thien (25/50)
bt_dkgrec,active,2021,641,0.006752337131730028,940.8,False,,,,,,,,,
bt_dkgrec,active,2021,642,0.006753768713404454,942.2,False,,,,,,,,,
bt_dkgrec,active,2021,643,0.006831269343350415,943.6,False,,,,,,,,,
bt_dkgrec,active,2021,644,0.0068550909201993354,945.0,False,,,,,,,,,
bt_dkgrec,active,2021,645,0.006733870551042187,946.4,True,0.017816960731141602,0.03402993341718691,0.07264957264957266,0.10683760683760683,0.02205019145488741,0.026469022127143478,0.03404221806999585,0.050232296734770865,khong cai thien (26/50)
bt_dkgrec,active,2021,646,0.00687645873126696,948.2,False,,,,,,,,,
bt_dkgrec,active,2021,647,0.006691279630496813,949.5,False,,,,,,,,,
bt_dkgrec,active,2021,648,0.006804011813580922,950.9,False,,,,,,,,,
bt_dkgrec,active,2021,649,0.006731678285103395,952.3,False,,,,,,,,,
bt_dkgrec,active,2021,650,0.006673972823994141,953.6,True,0.017747723837108667,0.03411070979355866,0.07264957264957266,0.10683760683760683,0.022100120890752126,0.02771423576045872,0.03365371768149546,0.05249232303325871,khong cai thien (27/50)
bt_dkgrec,active,2021,651,0.006750997919807762,955.5,False,,,,,,,,,
bt_dkgrec,active,2021,652,0.006743748899247565,956.9,False,,,,,,,,,
bt_dkgrec,active,2021,653,0.006795781942047319,958.3,False,,,,,,,,,
bt_dkgrec,active,2021,654,0.006701490291004981,959.7,False,,,,,,,,,
bt_dkgrec,active,2021,655,0.00671580515115787,961.0,True,0.017747723837108667,0.034076091346542194,0.07692307692307693,0.10256410256410256,0.02243541775036308,0.02756562574468439,0.03370994800088367,0.051958134999070676,khong cai thien (28/50)
bt_dkgrec,active,2021,656,0.0067243487337104195,962.8,False,,,,,,,,,
bt_dkgrec,active,2021,657,0.006667820899128006,964.2,False,,,,,,,,,
bt_dkgrec,active,2021,658,0.006747342658572471,965.6,False,,,,,,,,,
bt_dkgrec,active,2021,659,0.0066554317016476955,966.9,False,,,,,,,,,
bt_dkgrec,active,2021,660,0.006698608065924757,968.3,True,0.01786311866049689,0.03420302565226924,0.07692307692307693,0.10256410256410256,0.022541755216920367,0.02766665380916002,0.034098448389384056,0.051958134999070676,khong cai thien (29/50)
bt_dkgrec,active,2021,661,0.0066275614727773925,970.3,False,,,,,,,,,
bt_dkgrec,active,2021,662,0.006719790267066233,971.7,False,,,,,,,,,
bt_dkgrec,active,2021,663,0.00666779731645183,973.0,False,,,,,,,,,
bt_dkgrec,active,2021,664,0.0066265607250804385,974.4,False,,,,,,,,,
bt_dkgrec,active,2021,665,0.006755898391840042,975.8,True,0.017690026425414555,0.03405301238186455,0.07692307692307693,0.11538461538461539,0.0234688624341541,0.029047040413978945,0.03831572234350012,0.05680899401659636,khong cai thien (30/50)
bt_dkgrec,active,2021,666,0.006742764332878049,977.6,False,,,,,,,,,
bt_dkgrec,active,2021,667,0.006666619876682375,978.9,False,,,,,,,,,
bt_dkgrec,active,2021,668,0.006712912987357187,980.3,False,,,,,,,,,
bt_dkgrec,active,2021,669,0.006732261484316598,981.7,False,,,,,,,,,
bt_dkgrec,active,2021,670,0.006648588857572916,983.1,True,0.0177131053900922,0.03402993341718691,0.07692307692307693,0.10683760683760683,0.02381480475367904,0.02920856433362674,0.03831572234350012,0.05713694741472519,khong cai thien (31/50)
bt_dkgrec,active,2021,671,0.006697316411545353,985.1,False,,,,,,,,,
bt_dkgrec,active,2021,672,0.006748306065238288,986.5,False,,,,,,,,,
bt_dkgrec,active,2021,673,0.006707677419693404,987.8,False,,,,,,,,,
bt_dkgrec,active,2021,674,0.0066611288256420344,989.2,False,,,,,,,,,
bt_dkgrec,active,2021,675,0.00671682550252284,990.6,True,0.017943895036868645,0.03409917031121984,0.07692307692307693,0.10683760683760683,0.024194892614081653,0.029623892592716732,0.03831572234350012,0.056913020107464546,khong cai thien (32/50)
bt_dkgrec,active,2021,676,0.006652630485558006,992.4,False,,,,,,,,,
bt_dkgrec,active,2021,677,0.006607185185642452,993.7,False,,,,,,,,,
bt_dkgrec,active,2021,678,0.006646699671817651,995.1,False,,,,,,,,,
bt_dkgrec,active,2021,679,0.006690632743521018,996.5,False,,,,,,,,,
bt_dkgrec,active,2021,680,0.006662531639203323,997.9,True,0.017840039695819244,0.033983775487831616,0.07692307692307693,0.10256410256410256,0.025199786171212508,0.030395711974576495,0.03831572234350012,0.056277081971526415,best
bt_dkgrec,active,2021,681,0.006676715067655562,999.7,False,,,,,,,,,
bt_dkgrec,active,2021,682,0.00665304031347674,1001.1,False,,,,,,,,,
bt_dkgrec,active,2021,683,0.006665460315176258,1002.5,False,,,,,,,,,
bt_dkgrec,active,2021,684,0.006645182622727012,1003.8,False,,,,,,,,,
bt_dkgrec,active,2021,685,0.006662327633021859,1005.2,True,0.01801313193090158,0.03394915704081515,0.0811965811965812,0.10256410256410256,0.025270063958343542,0.031124470613895356,0.03974022376800154,0.06121967024744803,best
bt_dkgrec,active,2021,686,0.006597374457844914,1007.0,False,,,,,,,,,
bt_dkgrec,active,2021,687,0.006620502264837382,1008.4,False,,,,,,,,,
bt_dkgrec,active,2021,688,0.006687033833204901,1009.8,False,,,,,,,,,
bt_dkgrec,active,2021,689,0.006659717853035869,1011.2,False,,,,,,,,,
bt_dkgrec,active,2021,690,0.006591339363635789,1012.6,True,0.017920816072191002,0.03402993341718691,0.0811965811965812,0.10683760683760683,0.025261863253330893,0.03028409500060074,0.03935172337950116,0.056444352972130754,khong cai thien (1/50)
bt_dkgrec,active,2021,691,0.006548499731926529,1014.4,False,,,,,,,,,
bt_dkgrec,active,2021,692,0.006602421303741065,1015.8,False,,,,,,,,,
bt_dkgrec,active,2021,693,0.006675953894272594,1017.1,False,,,,,,,,,
bt_dkgrec,active,2021,694,0.0065717570851976355,1018.5,False,,,,,,,,,
bt_dkgrec,active,2021,695,0.006643029437338884,1019.9,True,0.017943895036868645,0.03401839393484808,0.0811965811965812,0.10683760683760683,0.02477923100317171,0.029555589263544076,0.03935172337950116,0.05601700254478032,khong cai thien (2/50)
bt_dkgrec,active,2021,696,0.006592273833481538,1021.7,False,,,,,,,,,
bt_dkgrec,active,2021,697,0.006584147217034983,1023.1,False,,,,,,,,,
bt_dkgrec,active,2021,698,0.006664608185144424,1024.5,False,,,,,,,,,
bt_dkgrec,active,2021,699,0.006576015964407604,1025.9,False,,,,,,,,,
bt_dkgrec,active,2021,700,0.006639873675364751,1027.3,True,0.017990052966223934,0.03405301238186455,0.08547008547008547,0.10683760683760683,0.02633632502950923,0.02962448818854683,0.044013728041505815,0.05569633555744667,khong cai thien (3/50)
bt_dkgrec,active,2021,701,0.006667143811239357,1029.1,False,,,,,,,,,
bt_dkgrec,active,2021,702,0.006554625262438537,1030.5,False,,,,,,,,,
bt_dkgrec,active,2021,703,0.006599648416916842,1031.8,False,,,,,,,,,
bt_dkgrec,active,2021,704,0.006547130742987455,1033.2,False,,,,,,,,,
bt_dkgrec,active,2021,705,0.006555057871650242,1034.6,True,0.018036210895579226,0.03415686772291395,0.0811965811965812,0.09829059829059829,0.025604036481718936,0.028960407502948326,0.043301477329255114,0.055094314122091904,khong cai thien (4/50)
bt_dkgrec,active,2021,706,0.006534401054251565,1036.4,False,,,,,,,,,
bt_dkgrec,active,2021,707,0.006588763020099871,1037.8,False,,,,,,,,,
bt_dkgrec,active,2021,708,0.006570539555045117,1039.2,False,,,,,,,,,
bt_dkgrec,active,2021,709,0.006518826286350637,1040.6,False,,,,,,,,,
bt_dkgrec,active,2021,710,0.006536717057275242,1042.0,True,0.01816314520130627,0.034122249275897486,0.0811965811965812,0.09829059829059829,0.02604702107583701,0.02937338201555073,0.043301477329255114,0.055094314122091904,khong cai thien (5/50)
bt_dkgrec,active,2021,711,0.006549110049948837,1043.8,False,,,,,,,,,
bt_dkgrec,active,2021,712,0.006496339977450073,1045.2,False,,,,,,,,,
bt_dkgrec,active,2021,713,0.006516959298572663,1046.5,False,,,,,,,,,
bt_dkgrec,active,2021,714,0.006589859374309183,1047.9,False,,,,,,,,,
bt_dkgrec,active,2021,715,0.006492804838804038,1049.3,True,0.018174684683645092,0.034122249275897486,0.0811965811965812,0.09401709401709402,0.026382578300166493,0.028470139586865513,0.04391197793975572,0.050979087784643336,khong cai thien (6/50)
bt_dkgrec,active,2021,716,0.0066040070541243485,1051.2,False,,,,,,,,,
bt_dkgrec,active,2021,717,0.006542333374098401,1052.6,False,,,,,,,,,
bt_dkgrec,active,2021,718,0.006550775595712292,1054.0,False,,,,,,,,,
bt_dkgrec,active,2021,719,0.006559636381803214,1055.3,False,,,,,,,,,
bt_dkgrec,active,2021,720,0.006537742157951322,1056.7,True,0.018243921577678027,0.034295341510979814,0.0811965811965812,0.09829059829059829,0.02603731743596331,0.029291468453073278,0.043301477329255114,0.055094314122091904,khong cai thien (7/50)
bt_dkgrec,active,2021,721,0.006488699121431426,1058.5,False,,,,,,,,,
bt_dkgrec,active,2021,722,0.006551660517095017,1059.9,False,,,,,,,,,
bt_dkgrec,active,2021,723,0.006503799116638655,1061.2,False,,,,,,,,,
bt_dkgrec,active,2021,724,0.006419669708033982,1062.6,False,,,,,,,,,
bt_dkgrec,active,2021,725,0.0065240381372425795,1064.1,True,0.018290079507033315,0.034341499440335106,0.0811965811965812,0.09829059829059829,0.02615042732948687,0.02898686328115998,0.043301477329255114,0.05402593805371583,khong cai thien (8/50)
bt_dkgrec,active,2021,726,0.006489406623592438,1066.0,False,,,,,,,,,
bt_dkgrec,active,2021,727,0.006470556461672002,1067.4,False,,,,,,,,,
bt_dkgrec,active,2021,728,0.006583247774856365,1068.7,False,,,,,,,,,
bt_dkgrec,active,2021,729,0.006538779601194028,1070.1,False,,,,,,,,,
bt_dkgrec,active,2021,730,0.006487218444633506,1071.5,True,0.018393934848082716,0.03432995995799629,0.0811965811965812,0.10683760683760683,0.0261944948213806,0.030494411539551586,0.043301477329255114,0.05972394375172153,khong cai thien (9/50)
bt_dkgrec,active,2021,731,0.006465441666652945,1073.3,False,,,,,,,,,
bt_dkgrec,active,2021,732,0.006479345157481205,1074.6,False,,,,,,,,,
bt_dkgrec,active,2021,733,0.00649579492409027,1076.0,False,,,,,,,,,
bt_dkgrec,active,2021,734,0.006520474285443963,1077.5,False,,,,,,,,,
bt_dkgrec,active,2021,735,0.006554604859594198,1078.9,True,0.018347776918727427,0.034283802028640994,0.0811965811965812,0.10256410256410256,0.026986232678414747,0.03029395749034931,0.043301477329255114,0.055450439478217255,khong cai thien (10/50)
bt_dkgrec,active,2021,736,0.006530797415755231,1080.7,False,,,,,,,,,
bt_dkgrec,active,2021,737,0.006497082824637035,1082.0,False,,,,,,,,,
bt_dkgrec,active,2021,738,0.006444254657570862,1083.4,False,,,,,,,,,
bt_dkgrec,active,2021,739,0.006549169426742246,1084.8,False,,,,,,,,,
bt_dkgrec,active,2021,740,0.006501890009543912,1086.2,True,0.018313158471710958,0.03458382856945037,0.08547008547008547,0.10256410256410256,0.027639440672518778,0.03047964898816312,0.04472597875375653,0.055450439478217255,khong cai thien (11/50)
bt_dkgrec,active,2021,741,0.0065076080400298325,1087.9,False,,,,,,,,,
bt_dkgrec,active,2021,742,0.0064442037006481896,1089.3,False,,,,,,,,,
bt_dkgrec,active,2021,743,0.006523326214053344,1090.7,False,,,,,,,,,
bt_dkgrec,active,2021,744,0.006508012901599811,1092.1,False,,,,,,,,,
bt_dkgrec,active,2021,745,0.006440831407821425,1093.5,True,0.01841701381276036,0.03452613115775626,0.08974358974358974,0.11538461538461539,0.028038782870425008,0.03370353545241183,0.045153329181106955,0.06827095229873008,best
bt_dkgrec,active,2021,746,0.006468271765880298,1095.3,False,,,,,,,,,
bt_dkgrec,active,2021,747,0.00654931927396245,1096.7,False,,,,,,,,,
bt_dkgrec,active,2021,748,0.00650450281575356,1098.0,False,,,,,,,,,
bt_dkgrec,active,2021,749,0.006473625245177849,1099.4,False,,,,,,,,,
bt_dkgrec,active,2021,750,0.006431839038223962,1100.8,True,0.01837085588340507,0.03432995995799629,0.08547008547008547,0.10683760683760683,0.027046043778966425,0.031492994015606776,0.043372702400480176,0.060008844036621815,khong cai thien (1/50)
bt_dkgrec,active,2021,751,0.006486284305893612,1102.6,False,,,,,,,,,
bt_dkgrec,active,2021,752,0.00643205006701644,1104.0,False,,,,,,,,,
bt_dkgrec,active,2021,753,0.006478827033524865,1105.4,False,,,,,,,,,
bt_dkgrec,active,2021,754,0.006464008368474931,1106.8,False,,,,,,,,,
bt_dkgrec,active,2021,755,0.006382624187916535,1108.2,True,0.018336237436388604,0.034295341510979814,0.08974358974358974,0.10683760683760683,0.02805916989802075,0.03195716941015606,0.0447972038249816,0.060008844036621815,khong cai thien (2/50)
bt_dkgrec,active,2021,756,0.006448087791293834,1110.0,False,,,,,,,,,
bt_dkgrec,active,2021,757,0.006407622014096808,1111.3,False,,,,,,,,,
bt_dkgrec,active,2021,758,0.006521010655100292,1112.7,False,,,,,,,,,
bt_dkgrec,active,2021,759,0.006506027768810303,1114.1,False,,,,,,,,,
bt_dkgrec,active,2021,760,0.0064590431446319265,1115.5,True,0.018359316401066247,0.034295341510979814,0.08547008547008547,0.1111111111111111,0.027369601425736998,0.033152647362369024,0.04298420201197979,0.0642823483101261,khong cai thien (3/50)
bt_dkgrec,active,2021,761,0.006413067408795502,1117.3,False,,,,,,,,,
bt_dkgrec,active,2021,762,0.006416330385830485,1118.8,False,,,,,,,,,
bt_dkgrec,active,2021,763,0.006391932572260234,1120.2,False,,,,,,,,,
bt_dkgrec,active,2021,764,0.006399231917655332,1121.5,False,,,,,,,,,
bt_dkgrec,active,2021,765,0.0064673817600622435,1122.9,True,0.018255461060016846,0.03439919685202922,0.08547008547008547,0.11538461538461539,0.027465148087663184,0.03352268245482494,0.043372702400480176,0.06794535197312974,khong cai thien (4/50)
bt_dkgrec,active,2021,766,0.006363376211055368,1124.7,False,,,,,,,,,
bt_dkgrec,active,2021,767,0.006440424062488567,1126.0,False,,,,,,,,,
bt_dkgrec,active,2021,768,0.006440721635131518,1127.4,False,,,,,,,,,
bt_dkgrec,active,2021,769,0.006395314385906774,1128.8,False,,,,,,,,,
bt_dkgrec,active,2021,770,0.006473072340182631,1130.2,True,0.018336237436388604,0.03431842047565746,0.09401709401709402,0.1111111111111111,0.02877896532902107,0.03290848422761977,0.04586557989335767,0.06367184769962547,khong cai thien (5/50)
bt_dkgrec,active,2021,771,0.006381468056511865,1132.1,False,,,,,,,,,
bt_dkgrec,active,2021,772,0.006405602994184348,1133.5,False,,,,,,,,,
bt_dkgrec,active,2021,773,0.006427250310336285,1134.9,False,,,,,,,,,
bt_dkgrec,active,2021,774,0.006382129847582167,1136.2,False,,,,,,,,,
bt_dkgrec,active,2021,775,0.006397827170617178,1137.6,True,0.018255461060016846,0.034341499440335106,0.08974358974358974,0.11538461538461539,0.028255600340770497,0.03334634071289061,0.04405257808035586,0.06415542844636411,khong cai thien (6/50)
bt_dkgrec,active,2021,776,0.006435471008551262,1139.4,False,,,,,,,,,
bt_dkgrec,active,2021,777,0.0063370535552668816,1140.8,False,,,,,,,,,
bt_dkgrec,active,2021,778,0.006417807471056763,1142.2,False,,,,,,,,,
bt_dkgrec,active,2021,779,0.006269049095217756,1143.6,False,,,,,,,,,
bt_dkgrec,active,2021,780,0.006398219854079214,1145.0,True,0.01816314520130627,0.034272262546302175,0.09401709401709402,0.11538461538461539,0.02732247171472426,0.03221995478104256,0.04410880839974408,0.06415542844636411,khong cai thien (7/50)
bt_dkgrec,active,2021,781,0.006316466538491506,1146.9,False,,,,,,,,,
bt_dkgrec,active,2021,782,0.006441605209920851,1148.3,False,,,,,,,,,
bt_dkgrec,active,2021,783,0.006391806325205747,1149.6,False,,,,,,,,,
bt_dkgrec,active,2021,784,0.006284852285221387,1151.0,False,,,,,,,,,
bt_dkgrec,active,2021,785,0.006360338716225295,1152.4,True,0.018347776918727427,0.034433815299045684,0.09401709401709402,0.11965811965811966,0.027191160206794712,0.03243179398836704,0.04410880839974408,0.06468961648055216,khong cai thien (8/50)
bt_dkgrec,active,2021,786,0.006390033447085664,1154.2,False,,,,,,,,,
bt_dkgrec,active,2021,787,0.006426091758230387,1155.5,False,,,,,,,,,
bt_dkgrec,active,2021,788,0.006405115548020465,1156.9,False,,,,,,,,,
bt_dkgrec,active,2021,789,0.006377465500847609,1158.3,False,,,,,,,,,
bt_dkgrec,active,2021,790,0.00635121257796793,1159.7,True,0.01841701381276036,0.03454921012243391,0.09401709401709402,0.12393162393162394,0.026670802442895936,0.03217464882760443,0.04410880839974408,0.06473278319038553,khong cai thien (9/50)
bt_dkgrec,active,2021,791,0.006295460408847328,1161.6,False,,,,,,,,,
bt_dkgrec,active,2021,792,0.00631019395689712,1162.9,False,,,,,,,,,
bt_dkgrec,active,2021,793,0.00644754584859851,1164.3,False,,,,,,,,,
bt_dkgrec,active,2021,794,0.006354616049411425,1165.7,False,,,,,,,,,
bt_dkgrec,active,2021,795,0.006342366490492415,1167.0,True,0.01850932967147094,0.03460690753412802,0.09401709401709402,0.11538461538461539,0.02699698923090582,0.0316852433374687,0.045477079504857285,0.06414236483680928,khong cai thien (10/50)
bt_dkgrec,active,2021,796,0.006376012174618179,1168.9,False,,,,,,,,,
bt_dkgrec,active,2021,797,0.006313438325935661,1170.3,False,,,,,,,,,
bt_dkgrec,active,2021,798,0.006397672690250613,1171.7,False,,,,,,,,,
bt_dkgrec,active,2021,799,0.006372301923659307,1173.1,False,,,,,,,,,
bt_dkgrec,active,2021,800,0.0063259926811647755,1174.4,True,0.018532408636148582,0.034491512710739795,0.09401709401709402,0.10683760683760683,0.026970786157478454,0.030053505881054945,0.045477079504857285,0.056307607002051445,khong cai thien (11/50)
bt_dkgrec,active,2021,801,0.006330045134715033,1176.2,False,,,,,,,,,
bt_dkgrec,active,2021,802,0.006388849501630512,1177.6,False,,,,,,,,,
bt_dkgrec,active,2021,803,0.006454184937487867,1179.0,False,,,,,,,,,
bt_dkgrec,active,2021,804,0.006275617479186344,1180.3,False,,,,,,,,,
bt_dkgrec,active,2021,805,0.006280312368918851,1181.7,True,0.018393934848082716,0.03451459167541744,0.08974358974358974,0.10683760683760683,0.026587416703844402,0.030734286163926025,0.04334032736810515,0.05691810761255205,khong cai thien (12/50)
bt_dkgrec,active,2021,806,0.006304542279379148,1183.5,False,,,,,,,,,
bt_dkgrec,active,2021,807,0.006394925266200473,1184.9,False,,,,,,,,,
bt_dkgrec,active,2021,808,0.006368346271068678,1186.4,False,,,,,,,,,
bt_dkgrec,active,2021,809,0.006280330682213794,1187.7,False,,,,,,,,,
bt_dkgrec,active,2021,810,0.006375160516463683,1189.1,True,0.01841701381276036,0.03466460494582213,0.08547008547008547,0.10683760683760683,0.02603062727139634,0.030673955849387258,0.04191582594360373,0.05691810761255205,khong cai thien (13/50)
bt_dkgrec,active,2021,811,0.006296752023374121,1190.9,False,,,,,,,,,
bt_dkgrec,active,2021,812,0.006320231404243106,1192.3,False,,,,,,,,,
bt_dkgrec,active,2021,813,0.006303552836122354,1193.7,False,,,,,,,,,
bt_dkgrec,active,2021,814,0.006259053071965551,1195.0,False,,,,,,,,,
bt_dkgrec,active,2021,815,0.006251360019170365,1196.4,True,0.018382395365743893,0.03451459167541744,0.0811965811965812,0.1111111111111111,0.025561816368685094,0.03145491747372745,0.04130532533310311,0.061191611886056325,khong cai thien (14/50)
bt_dkgrec,active,2021,816,0.0063401967160646045,1198.3,False,,,,,,,,,
bt_dkgrec,active,2021,817,0.0062913151966463325,1199.7,False,,,,,,,,,
bt_dkgrec,active,2021,818,0.006201159678453558,1201.1,False,,,,,,,,,
bt_dkgrec,active,2021,819,0.006349456977140449,1202.4,False,,,,,,,,,
bt_dkgrec,active,2021,820,0.006312655409505725,1203.8,True,0.01841701381276036,0.034433815299045684,0.08547008547008547,0.10683760683760683,0.026357409458275364,0.030807511134419357,0.04344207746985525,0.057345458039902486,khong cai thien (15/50)
bt_dkgrec,active,2021,821,0.00635387735819697,1205.6,False,,,,,,,,,
bt_dkgrec,active,2021,822,0.006268707199346181,1206.9,False,,,,,,,,,
bt_dkgrec,active,2021,823,0.006263758067562239,1208.3,False,,,,,,,,,
bt_dkgrec,active,2021,824,0.0063230806066176485,1209.7,False,,,,,,,,,
bt_dkgrec,active,2021,825,0.006277012298556839,1211.1,True,0.018359316401066247,0.03460690753412802,0.0811965811965812,0.11538461538461539,0.02555784242266045,0.03282684568196939,0.04130532533310311,0.06589246658691103,khong cai thien (16/50)
bt_dkgrec,active,2021,826,0.0061771127759228306,1213.1,False,,,,,,,,,
bt_dkgrec,active,2021,827,0.006208072393633932,1214.4,False,,,,,,,,,
bt_dkgrec,active,2021,828,0.006240293588921107,1215.8,False,,,,,,,,,
bt_dkgrec,active,2021,829,0.00632180637180117,1217.1,False,,,,,,,,,
bt_dkgrec,active,2021,830,0.0061927101451914835,1218.5,True,0.018463171742115647,0.03468768391049978,0.08547008547008547,0.11965811965811966,0.025417784803099426,0.032883063435324364,0.04344207746985525,0.0701659708604153,khong cai thien (17/50)
bt_dkgrec,active,2021,831,0.0062928861984007465,1220.3,False,,,,,,,,,
bt_dkgrec,active,2021,832,0.006198402633354421,1221.6,False,,,,,,,,,
bt_dkgrec,active,2021,833,0.006174231333209845,1223.0,False,,,,,,,,,
bt_dkgrec,active,2021,834,0.006220899239428246,1224.4,False,,,,,,,,,
bt_dkgrec,active,2021,835,0.0062237242216779546,1225.8,True,0.01850932967147094,0.034918473557276224,0.08547008547008547,0.11538461538461539,0.027484978859616187,0.033858674894681445,0.04344207746985525,0.06589246658691103,best
bt_dkgrec,active,2021,836,0.006265090962707901,1227.7,False,,,,,,,,,
bt_dkgrec,active,2021,837,0.006274627226362492,1229.1,False,,,,,,,,,
bt_dkgrec,active,2021,838,0.006267775994232857,1230.5,False,,,,,,,,,
bt_dkgrec,active,2021,839,0.006323779072672919,1231.8,False,,,,,,,,,
bt_dkgrec,active,2021,840,0.006283491438352589,1233.2,True,0.018567027083165048,0.03487231562792093,0.08547008547008547,0.11965811965811966,0.027380998270299026,0.033894103028326135,0.044257928285706065,0.06973862043306488,best
bt_dkgrec,active,2021,841,0.006222189473026243,1235.0,False,,,,,,,,,
bt_dkgrec,active,2021,842,0.0062917627999473525,1236.4,False,,,,,,,,,
bt_dkgrec,active,2021,843,0.006227313600424943,1237.8,False,,,,,,,,,
bt_dkgrec,active,2021,844,0.006233045956259775,1239.2,False,,,,,,,,,
bt_dkgrec,active,2021,845,0.006270954975290169,1240.6,True,0.01847471122445447,0.03488385511025975,0.08547008547008547,0.11538461538461539,0.027231254523499577,0.03283853816986515,0.044257928285706065,0.0654651161595606,khong cai thien (1/50)
bt_dkgrec,active,2021,846,0.0062066027068874464,1242.3,False,,,,,,,,,
bt_dkgrec,active,2021,847,0.00615499401684827,1243.7,False,,,,,,,,,
bt_dkgrec,active,2021,848,0.006156735538918312,1245.1,False,,,,,,,,,
bt_dkgrec,active,2021,849,0.0062435918849684195,1246.5,False,,,,,,,,,
bt_dkgrec,active,2021,850,0.006273047769114589,1247.8,True,0.01852086915380976,0.03487231562792093,0.08547008547008547,0.11538461538461539,0.027578334323547966,0.03347303499370145,0.04383057785835564,0.0654651161595606,khong cai thien (2/50)
bt_dkgrec,active,2021,851,0.006182070455705397,1249.6,False,,,,,,,,,
bt_dkgrec,active,2021,852,0.0062279922965144474,1251.0,False,,,,,,,,,
bt_dkgrec,active,2021,853,0.006164271651629871,1252.4,False,,,,,,,,,
bt_dkgrec,active,2021,854,0.006272214976564026,1253.8,False,,,,,,,,,
bt_dkgrec,active,2021,855,0.006171836104218321,1255.2,True,0.018463171742115647,0.03493001303961504,0.08547008547008547,0.11538461538461539,0.026401380727848985,0.03307744996791558,0.04383057785835564,0.06969545372323149,khong cai thien (3/50)
bt_dkgrec,active,2021,856,0.006226804263141509,1257.0,False,,,,,,,,,
bt_dkgrec,active,2021,857,0.006178782824562245,1258.3,False,,,,,,,,,
bt_dkgrec,active,2021,858,0.006251958641306827,1259.7,False,,,,,,,,,
bt_dkgrec,active,2021,859,0.0061655563120877254,1261.0,False,,,,,,,,,
bt_dkgrec,active,2021,860,0.006190603276416496,1262.4,True,0.018313158471710958,0.03473384183985506,0.08547008547008547,0.11538461538461539,0.0265720876684169,0.03320231194556698,0.04383057785835564,0.06969545372323149,khong cai thien (4/50)
bt_dkgrec,active,2021,861,0.006146990601949913,1264.2,False,,,,,,,,,
bt_dkgrec,active,2021,862,0.006262574360808955,1265.6,False,,,,,,,,,
bt_dkgrec,active,2021,863,0.006191251188479762,1267.0,False,,,,,,,,,
bt_dkgrec,active,2021,864,0.006171535590243104,1268.4,False,,,,,,,,,
bt_dkgrec,active,2021,865,0.006237238679741869,1269.8,True,0.018336237436388604,0.03467614442816095,0.09401709401709402,0.11965811965811966,0.026254489396261363,0.03223487181623369,0.043929974887577224,0.06701707297467532,khong cai thien (5/50)
bt_dkgrec,active,2021,866,0.00618503911189201,1271.6,False,,,,,,,,,
bt_dkgrec,active,2021,867,0.0061658133861755985,1272.9,False,,,,,,,,,
bt_dkgrec,active,2021,868,0.006236035202599832,1274.3,False,,,,,,,,,
bt_dkgrec,active,2021,869,0.006146008348144409,1275.7,False,,,,,,,,,
bt_dkgrec,active,2021,870,0.006196162590343186,1277.1,True,0.018336237436388604,0.03467614442816095,0.08547008547008547,0.11538461538461539,0.025186511588503553,0.03148881445796843,0.042818432109367775,0.06560419335666749,khong cai thien (6/50)
bt_dkgrec,active,2021,871,0.006161063886689412,1279.0,False,,,,,,,,,
bt_dkgrec,active,2021,872,0.0062130781161331625,1280.4,False,,,,,,,,,
bt_dkgrec,active,2021,873,0.006169687853022839,1281.8,False,,,,,,,,,
bt_dkgrec,active,2021,874,0.006211108255619635,1283.1,False,,,,,,,,,
bt_dkgrec,active,2021,875,0.006182411564133906,1284.5,True,0.018440092777438005,0.03482615769856564,0.08547008547008547,0.11538461538461539,0.02577730966862858,0.03285302810257761,0.04281699030630654,0.06982146731078356,khong cai thien (7/50)
bt_dkgrec,active,2021,876,0.006129923859449941,1286.3,False,,,,,,,,,
bt_dkgrec,active,2021,877,0.006129099574778727,1287.7,False,,,,,,,,,
bt_dkgrec,active,2021,878,0.006139309654968895,1289.0,False,,,,,,,,,
bt_dkgrec,active,2021,879,0.006146793045049922,1290.4,False,,,,,,,,,
bt_dkgrec,active,2021,880,0.006157640501078804,1291.8,True,0.01847471122445447,0.0349069340749374,0.08974358974358974,0.1111111111111111,0.02866784950682838,0.03408823881190186,0.04342749091680716,0.06447958696890321,best
bt_dkgrec,active,2021,881,0.006159150375651388,1293.8,False,,,,,,,,,
bt_dkgrec,active,2021,882,0.006184091084811809,1295.2,False,,,,,,,,,
bt_dkgrec,active,2021,883,0.006156346362145722,1296.5,False,,,,,,,,,
bt_dkgrec,active,2021,884,0.006132963880102385,1297.9,False,,,,,,,,,
bt_dkgrec,active,2021,885,0.006167147174354433,1299.3,True,0.01837085588340507,0.03476846028687153,0.08547008547008547,0.10683760683760683,0.02889736612219842,0.03358420198162571,0.043372702400480176,0.06020608269539894,khong cai thien (1/50)
bt_dkgrec,active,2021,886,0.006201730241051505,1301.1,False,,,,,,,,,
bt_dkgrec,active,2021,887,0.006132426776667002,1302.4,False,,,,,,,,,
bt_dkgrec,active,2021,888,0.006189479217857125,1303.8,False,,,,,,,,,
bt_dkgrec,active,2021,889,0.00613021569219523,1305.2,False,,,,,,,,,
bt_dkgrec,active,2021,890,0.006133033717911648,1306.6,True,0.018497790189132116,0.03494155252195386,0.08547008547008547,0.1111111111111111,0.026717256160642282,0.032341242605722034,0.043372702400480176,0.0644679651624096,khong cai thien (2/50)
bt_dkgrec,active,2021,891,0.006125608657007972,1308.5,False,,,,,,,,,
bt_dkgrec,active,2021,892,0.006153704555980792,1309.9,False,,,,,,,,,
bt_dkgrec,active,2021,893,0.006147454256363141,1311.3,False,,,,,,,,,
bt_dkgrec,active,2021,894,0.006135739610999748,1312.6,False,,,,,,,,,
bt_dkgrec,active,2021,895,0.0060531072832408,1314.0,True,0.018440092777438005,0.034987710451309155,0.08547008547008547,0.1111111111111111,0.0267145685633414,0.03157904704531961,0.043372702400480176,0.06058296127740572,khong cai thien (3/50)
bt_dkgrec,active,2021,896,0.0061588703914805904,1315.8,False,,,,,,,,,
bt_dkgrec,active,2021,897,0.006152651977049709,1317.1,False,,,,,,,,,
bt_dkgrec,active,2021,898,0.006137433278259928,1318.5,False,,,,,,,,,
bt_dkgrec,active,2021,899,0.0060900988530484795,1320.0,False,,,,,,,,,
bt_dkgrec,active,2021,900,0.00606899139470451,1321.4,True,0.018463171742115647,0.03502232889832562,0.08547008547008547,0.1111111111111111,0.027239006205263424,0.03216699012858005,0.043372702400480176,0.06058296127740572,khong cai thien (4/50)
bt_dkgrec,active,2021,901,0.006182961805523756,1323.2,False,,,,,,,,,
bt_dkgrec,active,2021,902,0.006099263725936959,1324.5,False,,,,,,,,,
bt_dkgrec,active,2021,903,0.0061198385347287255,1325.9,False,,,,,,,,,
bt_dkgrec,active,2021,904,0.006182757869254474,1327.2,False,,,,,,,,,
bt_dkgrec,active,2021,905,0.0061103562622939755,1328.6,True,0.018393934848082716,0.035276197509779714,0.08547008547008547,0.11965811965811966,0.026083823146434468,0.032540933069500205,0.043372702400480176,0.06628096697541142,khong cai thien (5/50)
bt_dkgrec,active,2021,906,0.0061419621961156835,1330.4,False,,,,,,,,,
bt_dkgrec,active,2021,907,0.006149556556883291,1331.8,False,,,,,,,,,
bt_dkgrec,active,2021,908,0.006161618497356105,1333.2,False,,,,,,,,,
bt_dkgrec,active,2021,909,0.006042929991431426,1334.6,False,,,,,,,,,
bt_dkgrec,active,2021,910,0.006104117387207644,1335.9,True,0.018555487600826228,0.03517234216873031,0.08547008547008547,0.11538461538461539,0.026503366382289853,0.03200589742325455,0.043372702400480176,0.06200746270190714,khong cai thien (6/50)
bt_dkgrec,active,2021,911,0.006105511395319137,1337.7,False,,,,,,,,,
bt_dkgrec,active,2021,912,0.006106009529430707,1339.1,False,,,,,,,,,
bt_dkgrec,active,2021,913,0.006135848418592592,1340.5,False,,,,,,,,,
bt_dkgrec,active,2021,914,0.006124976141799173,1341.8,False,,,,,,,,,
bt_dkgrec,active,2021,915,0.006094138975636632,1343.2,True,0.018497790189132116,0.035126184239375025,0.08547008547008547,0.1111111111111111,0.026524912204398895,0.03160472096825924,0.043372702400480176,0.060582961277405714,khong cai thien (7/50)
bt_dkgrec,active,2021,916,0.006136532913319598,1345.0,False,,,,,,,,,
bt_dkgrec,active,2021,917,0.006052325829817277,1346.4,False,,,,,,,,,
bt_dkgrec,active,2021,918,0.006106128323329902,1347.8,False,,,,,,,,,
bt_dkgrec,active,2021,919,0.006080242286777168,1349.2,False,,,,,,,,,
bt_dkgrec,active,2021,920,0.006047232507529733,1350.5,True,0.01865934294187563,0.034987710451309155,0.08974358974358974,0.1111111111111111,0.025905401616900636,0.03076867271937871,0.04341586911031355,0.060582961277405714,khong cai thien (8/50)
bt_dkgrec,active,2021,921,0.0060746336733053475,1352.3,False,,,,,,,,,
bt_dkgrec,active,2021,922,0.005965562660382958,1353.7,False,,,,,,,,,
bt_dkgrec,active,2021,923,0.006057187807180074,1355.1,False,,,,,,,,,
bt_dkgrec,active,2021,924,0.00610456363211765,1356.4,False,,,,,,,,,
bt_dkgrec,active,2021,925,0.006071204185142008,1357.8,True,0.01868242190655327,0.03503386838066444,0.08547008547008547,0.1111111111111111,0.02624400912418239,0.030954031963094302,0.043983203010980784,0.060582961277405714,khong cai thien (9/50)
bt_dkgrec,active,2021,926,0.0060677980618539865,1359.7,False,,,,,,,,,
bt_dkgrec,active,2021,927,0.006090319870473731,1361.1,False,,,,,,,,,
bt_dkgrec,active,2021,928,0.006131854835705759,1362.5,False,,,,,,,,,
bt_dkgrec,active,2021,929,0.006056873727630231,1363.9,False,,,,,,,,,
bt_dkgrec,active,2021,930,0.006019736689074532,1365.2,True,0.01841701381276036,0.035056947345342086,0.08547008547008547,0.1111111111111111,0.02854346046095637,0.033641013966406765,0.043983203010980784,0.061651337345781786,khong cai thien (10/50)
bt_dkgrec,active,2021,931,0.006032536121689273,1367.0,False,,,,,,,,,
bt_dkgrec,active,2021,932,0.006134999554139155,1368.4,False,,,,,,,,,
bt_dkgrec,active,2021,933,0.006035462706411675,1369.7,False,,,,,,,,,
bt_dkgrec,active,2021,934,0.006024751224609714,1371.1,False,,,,,,,,,
bt_dkgrec,active,2021,935,0.006042660335339432,1372.5,True,0.018567027083165048,0.035056947345342086,0.09401709401709402,0.1111111111111111,0.02722695757514855,0.031294206270552107,0.044427933718869383,0.060168674459610126,khong cai thien (11/50)
bt_dkgrec,active,2021,936,0.006044930393747507,1374.4,False,,,,,,,,,
bt_dkgrec,active,2021,937,0.005973477074150547,1375.7,False,,,,,,,,,
bt_dkgrec,active,2021,938,0.006080898568789662,1377.1,False,,,,,,,,,
bt_dkgrec,active,2021,939,0.00605073128410827,1378.4,False,,,,,,,,,
bt_dkgrec,active,2021,940,0.0059721326689017185,1379.8,True,0.01862472449485916,0.035149263204052664,0.08547008547008547,0.10256410256410256,0.026439306827295606,0.030424783804477277,0.04315070217847995,0.05843356746134524,khong cai thien (12/50)
bt_dkgrec,active,2021,941,0.006090748206711404,1381.6,False,,,,,,,,,
bt_dkgrec,active,2021,942,0.0060876339446282535,1382.9,False,,,,,,,,,
bt_dkgrec,active,2021,943,0.005980149989979346,1384.3,False,,,,,,,,,
bt_dkgrec,active,2021,944,0.006056917133154584,1385.7,False,,,,,,,,,
bt_dkgrec,active,2021,945,0.0061059573825205035,1387.1,True,0.018463171742115647,0.0351146447570362,0.0811965811965812,0.10683760683760683,0.024673587916481818,0.029097740607465825,0.04276220178997957,0.05907459310237088,khong cai thien (13/50)
bt_dkgrec,active,2021,946,0.006033498481971207,1388.9,False,,,,,,,,,
bt_dkgrec,active,2021,947,0.006058733684898393,1390.3,False,,,,,,,,,
bt_dkgrec,active,2021,948,0.0059904355764838066,1391.6,False,,,,,,,,,
bt_dkgrec,active,2021,949,0.005975390911319746,1393.0,False,,,,,,,,,
bt_dkgrec,active,2021,950,0.006021705600481695,1394.3,True,0.01852086915380976,0.035137723721713844,0.0811965811965812,0.1111111111111111,0.025072667092300892,0.029580954808357374,0.04276220178997957,0.05913082342175909,khong cai thien (14/50)
bt_dkgrec,active,2021,951,0.006047718800147224,1396.1,False,,,,,,,,,
bt_dkgrec,active,2021,952,0.005958077924508535,1397.5,False,,,,,,,,,
bt_dkgrec,active,2021,953,0.006086584646153629,1398.9,False,,,,,,,,,
bt_dkgrec,active,2021,954,0.006035415663035526,1400.3,False,,,,,,,,,
bt_dkgrec,active,2021,955,0.005981999531288826,1401.7,True,0.018486250706793293,0.03526465802744089,0.0811965811965812,0.11965811965811966,0.024446662213995062,0.030181980558690147,0.04276220178997957,0.0639385157294514,khong cai thien (15/50)
bt_dkgrec,active,2021,956,0.005939474564900246,1403.5,False,,,,,,,,,
bt_dkgrec,active,2021,957,0.006008701442848866,1404.8,False,,,,,,,,,
bt_dkgrec,active,2021,958,0.005993217390816787,1406.2,False,,,,,,,,,
bt_dkgrec,active,2021,959,0.005946877027544222,1407.6,False,,,,,,,,,
bt_dkgrec,active,2021,960,0.006003568844857926,1408.9,True,0.018486250706793293,0.035056947345342086,0.0811965811965812,0.11965811965811966,0.024256651233873237,0.03013831662530597,0.04276220178997957,0.0639385157294514,khong cai thien (16/50)
bt_dkgrec,active,2021,961,0.005956094395432555,1410.7,False,,,,,,,,,
bt_dkgrec,active,2021,962,0.005999590217016988,1412.1,False,,,,,,,,,
bt_dkgrec,active,2021,963,0.005983189553963546,1413.5,False,,,,,,,,,
bt_dkgrec,active,2021,964,0.006017929812586258,1414.9,False,,,,,,,,,
bt_dkgrec,active,2021,965,0.005976968740228996,1416.2,True,0.018590106047842694,0.03526465802744089,0.0811965811965812,0.11965811965811966,0.026867420549734632,0.03269348789112594,0.04276220178997957,0.0639385157294514,khong cai thien (17/50)
bt_dkgrec,active,2021,966,0.006010660031859947,1418.0,False,,,,,,,,,
bt_dkgrec,active,2021,967,0.006060900991931032,1419.3,False,,,,,,,,,
bt_dkgrec,active,2021,968,0.006014709863193069,1420.7,False,,,,,,,,,
bt_dkgrec,active,2021,969,0.0060295314861636634,1422.0,False,,,,,,,,,
bt_dkgrec,active,2021,970,0.00594046324701265,1423.4,True,0.018601645530181517,0.03523003958042442,0.08974358974358974,0.11538461538461539,0.028296704300803027,0.032402940808760196,0.0434289327198684,0.05966501145594714,khong cai thien (18/50)
bt_dkgrec,active,2021,971,0.005891248909722519,1425.2,False,,,,,,,,,
bt_dkgrec,active,2021,972,0.006052021429899952,1426.6,False,,,,,,,,,
bt_dkgrec,active,2021,973,0.006028400432202294,1428.0,False,,,,,,,,,
bt_dkgrec,active,2021,974,0.006002102285842473,1429.3,False,,,,,,,,,
bt_dkgrec,active,2021,975,0.005947128554045805,1430.7,True,0.018543948118487405,0.035137723721713844,0.08974358974358974,0.1111111111111111,0.028201892345774398,0.031227792340577827,0.0434289327198684,0.05510660689754258,khong cai thien (19/50)
bt_dkgrec,active,2021,976,0.005949197507844028,1432.4,False,,,,,,,,,
bt_dkgrec,active,2021,977,0.006005509066413503,1433.8,False,,,,,,,,,
bt_dkgrec,active,2021,978,0.005881741501398878,1435.2,False,,,,,,,,,
bt_dkgrec,active,2021,979,0.005948015444877571,1436.5,False,,,,,,,,,
bt_dkgrec,active,2021,980,0.005930920195265033,1437.9,True,0.01865934294187563,0.03526465802744089,0.08974358974358974,0.10683760683760683,0.027648600409712624,0.02957775262492952,0.0434289327198684,0.0508331026240383,khong cai thien (20/50)
bt_dkgrec,active,2021,981,0.005919757098344913,1439.8,False,,,,,,,,,
bt_dkgrec,active,2021,982,0.005910268628443116,1441.2,False,,,,,,,,,
bt_dkgrec,active,2021,983,0.00596905652368825,1442.5,False,,,,,,,,,
bt_dkgrec,active,2021,984,0.005943498199762988,1443.9,False,,,,,,,,,
bt_dkgrec,active,2021,985,0.005874661352208896,1445.3,True,0.01862472449485916,0.035206960615746775,0.08974358974358974,0.11538461538461539,0.02750546251556416,0.030614611762810426,0.0434289327198684,0.05517444029870931,khong cai thien (21/50)
bt_dkgrec,active,2021,986,0.005986527896844786,1447.0,False,,,,,,,,,
bt_dkgrec,active,2021,987,0.006003167183413904,1448.4,False,,,,,,,,,
bt_dkgrec,active,2021,988,0.005965222690006691,1449.8,False,,,,,,,,,
bt_dkgrec,active,2021,989,0.005964237485075881,1451.1,False,,,,,,,,,
bt_dkgrec,active,2021,990,0.005964751564442887,1452.5,True,0.01862472449485916,0.035356973886151465,0.08974358974358974,0.11538461538461539,0.02861227353538553,0.032120570839096536,0.0434289327198684,0.056242816367085384,khong cai thien (22/50)
bt_dkgrec,active,2021,991,0.0059218545508143774,1454.4,False,,,,,,,,,
bt_dkgrec,active,2021,992,0.005918356636032438,1455.8,False,,,,,,,,,
bt_dkgrec,active,2021,993,0.006011866766010322,1457.1,False,,,,,,,,,
bt_dkgrec,active,2021,994,0.0058501037225280675,1458.5,False,,,,,,,,,
bt_dkgrec,active,2021,995,0.005925907217439087,1459.9,True,0.018670882424214448,0.03536851336849029,0.08547008547008547,0.11538461538461539,0.028156649445975897,0.03195602885072432,0.042818432109367775,0.056242816367085384,khong cai thien (23/50)
bt_dkgrec,active,2021,996,0.005936504655875943,1461.7,False,,,,,,,,,
bt_dkgrec,active,2021,997,0.00590161132967732,1463.0,False,,,,,,,,,
bt_dkgrec,active,2021,998,0.005876292907254683,1464.4,False,,,,,,,,,
bt_dkgrec,active,2021,999,0.005932100783813658,1465.8,False,,,,,,,,,
bt_dkgrec,active,2021,1000,0.005925372596442454,1467.2,True,0.018590106047842694,0.03526465802744089,0.08547008547008547,0.1111111111111111,0.028236513297876888,0.0315807787701857,0.043542285903397024,0.05618658604769716,khong cai thien (24/50)
