model,cohort,seed,epoch,loss,seconds,evaluated,valid_coverage@10,valid_coverage@20,valid_hit_rate@10,valid_hit_rate@20,valid_ndcg@10,valid_ndcg@20,valid_recall@10,valid_recall@20,note
bt_dkgrec_time_only,active,2021,1,0.6905221224563273,1.9,False,,,,,,,,,
bt_dkgrec_time_only,active,2021,2,0.6865477398064688,3.3,False,,,,,,,,,
bt_dkgrec_time_only,active,2021,3,0.6793459870611372,4.6,False,,,,,,,,,
bt_dkgrec_time_only,active,2021,4,0.6661147901459198,6.0,False,,,,,,,,,
bt_dkgrec_time_only,active,2021,5,0.6449677805061511,7.4,True,0.004154213641976021,0.007904545402093262,0.021367521367521368,0.03418803418803419,0.007346759208228065,0.00831564070054406,0.01501349527665317,0.01693668579633492,best
bt_dkgrec_time_only,active,2021,6,0.615985133868913,9.2,False,,,,,,,,,
bt_dkgrec_time_only,active,2021,7,0.5813654038555397,10.6,False,,,,,,,,,
bt_dkgrec_time_only,active,2021,8,0.543851798731499,12.0,False,,,,,,,,,
bt_dkgrec_time_only,active,2021,9,0.5058679655163386,13.4,False,,,,,,,,,
bt_dkgrec_time_only,active,2021,10,0.46883611205945197,14.8,True,0.0035541605603572625,0.006415952180385188,0.03418803418803419,0.05128205128205128,0.010159321842698818,0.011310881457159172,0.020040063899713023,0.023802762106855675,best
bt_dkgrec_time_only,active,2021,11,0.43424316780035777,16.8,False,,,,,,,,,
bt_dkgrec_time_only,active,2021,12,0.4010608265542868,18.2,False,,,,,,,,,
bt_dkgrec_time_only,active,2021,13,0.37172169026453555,19.6,False,,,,,,,,,
bt_dkgrec_time_only,active,2021,14,0.34484772471235564,21.0,False,,,,,,,,,
bt_dkgrec_time_only,active,2021,15,0.319891745250011,22.4,True,0.004027279336248976,0.00733911076749097,0.03418803418803419,0.05555555555555555,0.011426813413737299,0.01316363035954856,0.019996897189879643,0.02473894012636703,best
bt_dkgrec_time_only,active,2021,16,0.2975876418557091,24.2,False,,,,,,,,,
bt_dkgrec_time_only,active,2021,17,0.2766937742239679,25.7,False,,,,,,,,,
bt_dkgrec_time_only,active,2021,18,0.25685667610230134,27.1,False,,,,,,,,,
bt_dkgrec_time_only,active,2021,19,0.2404282518361328,28.5,False,,,,,,,,,
bt_dkgrec_time_only,active,2021,20,0.22519636734614185,30.0,True,0.004719648276578313,0.008412282625001443,0.038461538461538464,0.05982905982905983,0.0119551500992177,0.013811932741196123,0.024214171143995707,0.02877815140242041,best
bt_dkgrec_time_only,active,2021,21,0.21175903043906127,31.8,False,,,,,,,,,
bt_dkgrec_time_only,active,2021,22,0.19812749519669656,33.2,False,,,,,,,,,
bt_dkgrec_time_only,active,2021,23,0.18691519453734062,34.7,False,,,,,,,,,
bt_dkgrec_time_only,active,2021,24,0.1773588989264771,36.1,False,,,,,,,,,
bt_dkgrec_time_only,active,2021,25,0.1669674650614692,37.5,True,0.005169688087792381,0.009531612411867204,0.03418803418803419,0.07264957264957266,0.011896877827565377,0.015398064011798065,0.01994066687049143,0.02996914938829019,best
bt_dkgrec_time_only,active,2021,26,0.15787729284016222,39.3,False,,,,,,,,,
bt_dkgrec_time_only,active,2021,27,0.15074745212419322,40.7,False,,,,,,,,,
bt_dkgrec_time_only,active,2021,28,0.14347276921216112,42.1,False,,,,,,,,,
bt_dkgrec_time_only,active,2021,29,0.13628919677830326,43.5,False,,,,,,,,,
bt_dkgrec_time_only,active,2021,30,0.13067087508520736,44.9,True,0.005769741169411141,0.010547086857683564,0.038461538461538464,0.0641025641025641,0.01345897081034209,0.015244406263642048,0.01999545538681841,0.025118290370764504,khong cai thien (1/50)
bt_dkgrec_time_only,active,2021,31,0.12511742069617834,46.7,False,,,,,,,,,
bt_dkgrec_time_only,active,2021,32,0.1197776485092008,48.1,False,,,,,,,,,
bt_dkgrec_time_only,active,2021,33,0.11482611133986553,49.5,False,,,,,,,,,
bt_dkgrec_time_only,active,2021,34,0.11067837661313953,50.9,False,,,,,,,,,
bt_dkgrec_time_only,active,2021,35,0.10670064362060783,52.3,True,0.006312096839335787,0.011424087515434058,0.038461538461538464,0.0641025641025641,0.013192148670723675,0.015130711258051729,0.020008500271658167,0.025118290370764504,khong cai thien (2/50)
bt_dkgrec_time_only,active,2021,36,0.10240821338161157,54.1,False,,,,,,,,,
bt_dkgrec_time_only,active,2021,37,0.09997882385277894,55.5,False,,,,,,,,,
bt_dkgrec_time_only,active,2021,38,0.09531415513406957,56.9,False,,,,,,,,,
bt_dkgrec_time_only,active,2021,39,0.09256322647211655,58.3,False,,,,,,,,,
bt_dkgrec_time_only,active,2021,40,0.08948350911205435,59.7,True,0.006739057685872212,0.012185693349796328,0.04700854700854701,0.0641025641025641,0.013834692780930294,0.01514645510295569,0.020879028919964595,0.025118290370764504,khong cai thien (3/50)
bt_dkgrec_time_only,active,2021,41,0.08691022669552688,61.5,False,,,,,,,,,
bt_dkgrec_time_only,active,2021,42,0.08430743366373944,62.9,False,,,,,,,,,
bt_dkgrec_time_only,active,2021,43,0.08139119139591647,64.2,False,,,,,,,,,
bt_dkgrec_time_only,active,2021,44,0.0799079586858186,65.6,False,,,,,,,,,
bt_dkgrec_time_only,active,2021,45,0.07756998490416601,67.0,True,0.007119860603053347,0.01300499659585271,0.04700854700854701,0.0641025641025641,0.014100345142491756,0.014928326750224357,0.022972614346883354,0.025118290370764504,khong cai thien (4/50)
bt_dkgrec_time_only,active,2021,46,0.07563596068977102,68.8,False,,,,,,,,,
bt_dkgrec_time_only,active,2021,47,0.07398920301763968,70.2,False,,,,,,,,,
bt_dkgrec_time_only,active,2021,48,0.07161730629379665,71.6,False,,,,,,,,,
bt_dkgrec_time_only,active,2021,49,0.07017146698399764,73.0,False,,,,,,,,,
bt_dkgrec_time_only,active,2021,50,0.0678710594778589,74.4,True,0.007431426626201549,0.013731983983198514,0.04700854700854701,0.05982905982905983,0.014698536020058458,0.015383476728857,0.022972614346883354,0.025075123660931127,khong cai thien (5/50)
bt_dkgrec_time_only,active,2021,51,0.06635989123445837,76.2,False,,,,,,,,,
bt_dkgrec_time_only,active,2021,52,0.06478396720235441,77.6,False,,,,,,,,,
bt_dkgrec_time_only,active,2021,53,0.06334709360310163,78.9,False,,,,,,,,,
bt_dkgrec_time_only,active,2021,54,0.06258012560592338,80.3,False,,,,,,,,,
bt_dkgrec_time_only,active,2021,55,0.06045362351088583,81.7,True,0.007777611096366217,0.014528208264577252,0.05128205128205128,0.05982905982905983,0.015185123387183839,0.015616247569921709,0.023027402863210332,0.025075123660931127,best
bt_dkgrec_time_only,active,2021,56,0.05934395205611826,83.5,False,,,,,,,,,
bt_dkgrec_time_only,active,2021,57,0.058214764178513664,84.9,False,,,,,,,,,
bt_dkgrec_time_only,active,2021,58,0.0570350980086333,86.3,False,,,,,,,,,
bt_dkgrec_time_only,active,2021,59,0.05647913667545441,87.7,False,,,,,,,,,
bt_dkgrec_time_only,active,2021,60,0.0544221767246569,89.1,True,0.00804301919015913,0.015012866522807786,0.05128205128205128,0.0641025641025641,0.015284433859911397,0.01589447754214616,0.023027402863210332,0.025502474088281553,best
bt_dkgrec_time_only,active,2021,61,0.05399703384671295,90.9,False,,,,,,,,,
bt_dkgrec_time_only,active,2021,62,0.05295244135651547,92.3,False,,,,,,,,,
bt_dkgrec_time_only,active,2021,63,0.0521864227448728,93.7,False,,,,,,,,,
bt_dkgrec_time_only,active,2021,64,0.05128009837707875,95.0,False,,,,,,,,,
bt_dkgrec_time_only,active,2021,65,0.049970727520264456,96.4,True,0.008285348319274397,0.015624459086765368,0.05128205128205128,0.0641025641025641,0.015242233741980669,0.015876954893216933,0.023027402863210332,0.025502474088281553,khong cai thien (1/50)
bt_dkgrec_time_only,active,2021,66,0.0490170022011979,98.4,False,,,,,,,,,
bt_dkgrec_time_only,active,2021,67,0.047970221395251596,99.8,False,,,,,,,,,
bt_dkgrec_time_only,active,2021,68,0.047518881118860656,101.2,False,,,,,,,,,
bt_dkgrec_time_only,active,2021,69,0.04649906653511209,102.6,False,,,,,,,,,
bt_dkgrec_time_only,active,2021,70,0.04573070305394245,104.0,True,0.00855075641306731,0.016120656827334726,0.05128205128205128,0.0641025641025641,0.015365381437384577,0.017111094205434586,0.023027402863210332,0.030417004002811467,best
bt_dkgrec_time_only,active,2021,71,0.045525270388637004,105.8,False,,,,,,,,,
bt_dkgrec_time_only,active,2021,72,0.044848076603787784,107.2,False,,,,,,,,,
bt_dkgrec_time_only,active,2021,73,0.04395450629010408,108.6,False,,,,,,,,,
bt_dkgrec_time_only,active,2021,74,0.04329048710874864,109.9,False,,,,,,,,,
bt_dkgrec_time_only,active,2021,75,0.042429565065117664,111.4,True,0.008873861918554334,0.016709170426614663,0.05555555555555555,0.07264957264957266,0.015467307211705843,0.01736325931502536,0.023294496880304348,0.031111448447255913,best
bt_dkgrec_time_only,active,2021,76,0.04221359460778538,113.3,False,,,,,,,,,
bt_dkgrec_time_only,active,2021,77,0.041894279118180125,114.7,False,,,,,,,,,
bt_dkgrec_time_only,active,2021,78,0.0405529753328981,116.1,False,,,,,,,,,
bt_dkgrec_time_only,active,2021,79,0.04030371249185227,117.5,False,,,,,,,,,
bt_dkgrec_time_only,active,2021,80,0.03987123648386316,118.9,True,0.009093112082991957,0.01730922350823342,0.042735042735042736,0.07264957264957266,0.014869330238022055,0.01715733112670384,0.02291638402749514,0.030043072378879845,khong cai thien (1/50)
bt_dkgrec_time_only,active,2021,81,0.039395942351700665,120.7,False,,,,,,,,,
bt_dkgrec_time_only,active,2021,82,0.03857858467841444,122.1,False,,,,,,,,,
bt_dkgrec_time_only,active,2021,83,0.03835536003289638,123.5,False,,,,,,,,,
bt_dkgrec_time_only,active,2021,84,0.0373880833432101,124.9,False,,,,,,,,,
bt_dkgrec_time_only,active,2021,85,0.037000804254287714,126.3,True,0.009220046388719002,0.017736184354769844,0.042735042735042736,0.07264957264957266,0.014792969312604943,0.017055834545355298,0.02291638402749514,0.030043072378879845,khong cai thien (2/50)
bt_dkgrec_time_only,active,2021,86,0.03657155094365522,128.2,False,,,,,,,,,
bt_dkgrec_time_only,active,2021,87,0.035817478582510456,129.6,False,,,,,,,,,
bt_dkgrec_time_only,active,2021,88,0.03586554165361431,131.0,False,,,,,,,,,
bt_dkgrec_time_only,active,2021,89,0.035695717733857504,132.4,False,,,,,,,,,
bt_dkgrec_time_only,active,2021,90,0.03494556611757108,133.8,True,0.00946237551783427,0.018255461060016846,0.042735042735042736,0.07264957264957266,0.014792969312604943,0.017066399020351685,0.02291638402749514,0.030043072378879845,khong cai thien (3/50)
bt_dkgrec_time_only,active,2021,91,0.03464592402668394,135.6,False,,,,,,,,,
bt_dkgrec_time_only,active,2021,92,0.03423455551985231,137.0,False,,,,,,,,,
bt_dkgrec_time_only,active,2021,93,0.034057032168620674,138.4,False,,,,,,,,,
bt_dkgrec_time_only,active,2021,94,0.03342849767132654,139.8,False,,,,,,,,,
bt_dkgrec_time_only,active,2021,95,0.03339582805579662,141.2,True,0.009623928270577783,0.01861318501252034,0.042735042735042736,0.07692307692307693,0.014811636106904126,0.017323741802981688,0.02291638402749514,0.030431572767380236,khong cai thien (4/50)
bt_dkgrec_time_only,active,2021,96,0.032765698399657296,143.1,False,,,,,,,,,
bt_dkgrec_time_only,active,2021,97,0.03244901293101677,144.5,False,,,,,,,,,
bt_dkgrec_time_only,active,2021,98,0.032274981936709586,145.9,False,,,,,,,,,
bt_dkgrec_time_only,active,2021,99,0.03197377315244414,147.3,False,,,,,,,,,
bt_dkgrec_time_only,active,2021,100,0.031078565834343794,148.7,True,0.009831638952676584,0.018901672070990895,0.042735042735042736,0.06837606837606838,0.014754648598750676,0.017172851006610836,0.02291638402749514,0.030537040661309665,khong cai thien (5/50)
bt_dkgrec_time_only,active,2021,101,0.031196170207982907,150.5,False,,,,,,,,,
bt_dkgrec_time_only,active,2021,102,0.030826195514232015,151.9,False,,,,,,,,,
bt_dkgrec_time_only,active,2021,103,0.030236806316782952,153.3,False,,,,,,,,,
bt_dkgrec_time_only,active,2021,104,0.030258718118127758,154.7,False,,,,,,,,,
bt_dkgrec_time_only,active,2021,105,0.029803979163935172,156.1,True,0.010050889117114206,0.019259396023494385,0.038461538461538464,0.07264957264957266,0.01447660076938842,0.018085510904923746,0.022848550626328405,0.034541472443519225,best
bt_dkgrec_time_only,active,2021,106,0.02950825151810437,158.0,False,,,,,,,,,
bt_dkgrec_time_only,active,2021,107,0.029253468521980852,159.4,False,,,,,,,,,
bt_dkgrec_time_only,active,2021,108,0.02866397665707304,160.8,False,,,,,,,,,
bt_dkgrec_time_only,active,2021,109,0.02875294687299205,162.2,False,,,,,,,,,
bt_dkgrec_time_only,active,2021,110,0.028613645285315,163.6,True,0.010223981352196541,0.019720975317047276,0.038461538461538464,0.07264957264957266,0.014823734625903485,0.01847221971978852,0.022848550626328405,0.03496882287086965,best
bt_dkgrec_time_only,active,2021,111,0.028406302878197173,165.4,False,,,,,,,,,
bt_dkgrec_time_only,active,2021,112,0.028172726086614957,166.8,False,,,,,,,,,
bt_dkgrec_time_only,active,2021,113,0.028059908132364923,168.2,False,,,,,,,,,
bt_dkgrec_time_only,active,2021,114,0.027227023055186282,169.6,False,,,,,,,,,
bt_dkgrec_time_only,active,2021,115,0.027176555637468465,171.0,True,0.010408613069617698,0.0202517915046331,0.038461538461538464,0.07264957264957266,0.014870555112959961,0.018611045737992205,0.022848550626328405,0.035242656745130885,best
bt_dkgrec_time_only,active,2021,116,0.026865383897391824,172.8,False,,,,,,,,,
bt_dkgrec_time_only,active,2021,117,0.026661596232257015,174.2,False,,,,,,,,,
bt_dkgrec_time_only,active,2021,118,0.026499607082776273,175.6,False,,,,,,,,,
bt_dkgrec_time_only,active,2021,119,0.026277216962201908,176.9,False,,,,,,,,,
bt_dkgrec_time_only,active,2021,120,0.02575898344344064,178.3,True,0.010593244787038854,0.02059797597479777,0.042735042735042736,0.07692307692307693,0.015095618336155414,0.01925462220389274,0.023237051014828793,0.03737940888188302,best
bt_dkgrec_time_only,active,2021,121,0.02601439001679071,180.1,False,,,,,,,,,
bt_dkgrec_time_only,active,2021,122,0.02569085825299019,181.5,False,,,,,,,,,
bt_dkgrec_time_only,active,2021,123,0.025592233609867246,182.9,False,,,,,,,,,
bt_dkgrec_time_only,active,2021,124,0.025035552152790144,184.3,False,,,,,,,,,
bt_dkgrec_time_only,active,2021,125,0.025120371224529012,185.8,True,0.010870192363170588,0.020840305103913038,0.04700854700854701,0.06837606837606838,0.01475371483140903,0.017499105441449076,0.027510555288333065,0.03625624429717997,khong cai thien (1/50)
bt_dkgrec_time_only,active,2021,126,0.02511826492386981,187.5,False,,,,,,,,,
bt_dkgrec_time_only,active,2021,127,0.025007779911427944,188.9,False,,,,,,,,,
bt_dkgrec_time_only,active,2021,128,0.02457020647314168,190.3,False,,,,,,,,,
bt_dkgrec_time_only,active,2021,129,0.024369268053746642,191.7,False,,,,,,,,,
bt_dkgrec_time_only,active,2021,130,0.024281058862788595,193.1,True,0.010974047704219989,0.021128792162383597,0.04700854700854701,0.06837606837606838,0.014974756213147108,0.017689807289768125,0.027510555288333065,0.036254802494118735,khong cai thien (2/50)
bt_dkgrec_time_only,active,2021,131,0.02405184016485886,194.9,False,,,,,,,,,
bt_dkgrec_time_only,active,2021,132,0.024084033863978508,196.3,False,,,,,,,,,
bt_dkgrec_time_only,active,2021,133,0.02358226167315672,197.7,False,,,,,,,,,
bt_dkgrec_time_only,active,2021,134,0.02329897169596144,199.1,False,,,,,,,,,
bt_dkgrec_time_only,active,2021,135,0.023182857518956122,200.5,True,0.011170218903979968,0.02146343715020944,0.04700854700854701,0.06837606837606838,0.014974756213147108,0.01770861199339645,0.027510555288333065,0.036254802494118735,khong cai thien (3/50)
bt_dkgrec_time_only,active,2021,136,0.02299141852225479,202.3,False,,,,,,,,,
bt_dkgrec_time_only,active,2021,137,0.02318428025930053,203.7,False,,,,,,,,,
bt_dkgrec_time_only,active,2021,138,0.022841419638686536,205.1,False,,,,,,,,,
bt_dkgrec_time_only,active,2021,139,0.022721890410507428,206.4,False,,,,,,,,,
bt_dkgrec_time_only,active,2021,140,0.022485163123573713,207.8,True,0.011504863891805814,0.021821161102712934,0.04700854700854701,0.06837606837606838,0.01486799966100654,0.017595822834759176,0.027510555288333065,0.036254802494118735,khong cai thien (4/50)
bt_dkgrec_time_only,active,2021,141,0.022488788320446974,209.6,False,,,,,,,,,
bt_dkgrec_time_only,active,2021,142,0.021954708385209413,211.1,False,,,,,,,,,
bt_dkgrec_time_only,active,2021,143,0.021840473499532862,212.5,False,,,,,,,,,
bt_dkgrec_time_only,active,2021,144,0.021686632294605858,213.9,False,,,,,,,,,
bt_dkgrec_time_only,active,2021,145,0.022154022621620237,215.3,True,0.011631798197532859,0.022028871784811735,0.04700854700854701,0.06837606837606838,0.015253079955521272,0.01708722572749078,0.027510555288333065,0.03233742357673982,khong cai thien (5/50)
bt_dkgrec_time_only,active,2021,146,0.021747650404973222,217.1,False,,,,,,,,,
bt_dkgrec_time_only,active,2021,147,0.021881867802100018,218.4,False,,,,,,,,,
bt_dkgrec_time_only,active,2021,148,0.02147761431626446,219.8,False,,,,,,,,,
bt_dkgrec_time_only,active,2021,149,0.02133564020259812,221.2,False,,,,,,,,,
bt_dkgrec_time_only,active,2021,150,0.021343744954646783,222.6,True,0.011735653538582259,0.022351977290298756,0.05128205128205128,0.06837606837606838,0.015050680472675541,0.016580514726638355,0.028578931356709133,0.03249570151279553,khong cai thien (6/50)
bt_dkgrec_time_only,active,2021,151,0.021117095059144237,224.4,False,,,,,,,,,
bt_dkgrec_time_only,active,2021,152,0.021184159656666045,225.8,False,,,,,,,,,
bt_dkgrec_time_only,active,2021,153,0.020753126758210727,227.3,False,,,,,,,,,
bt_dkgrec_time_only,active,2021,154,0.020854666487630992,228.6,False,,,,,,,,,
bt_dkgrec_time_only,active,2021,155,0.020760099538823636,230.0,True,0.01179335095027637,0.022652003831108138,0.05128205128205128,0.06837606837606838,0.015050680472675541,0.016449804170603613,0.028578931356709133,0.03233742357673982,khong cai thien (7/50)
bt_dkgrec_time_only,active,2021,156,0.020498050097418407,231.8,False,,,,,,,,,
bt_dkgrec_time_only,active,2021,157,0.020129029950106885,233.2,False,,,,,,,,,
bt_dkgrec_time_only,active,2021,158,0.020278083499423106,234.6,False,,,,,,,,,
bt_dkgrec_time_only,active,2021,159,0.02010352293028361,236.0,False,,,,,,,,,
bt_dkgrec_time_only,active,2021,160,0.02018301111300307,237.4,True,0.012001061632375172,0.022975109336595162,0.05555555555555555,0.06837606837606838,0.015525646284893557,0.016560774593515255,0.029291182068959847,0.03233742357673982,khong cai thien (8/50)
bt_dkgrec_time_only,active,2021,161,0.019832695890191168,239.3,False,,,,,,,,,
bt_dkgrec_time_only,active,2021,162,0.020061950483202983,240.7,False,,,,,,,,,
bt_dkgrec_time_only,active,2021,163,0.019528519234432763,242.2,False,,,,,,,,,
bt_dkgrec_time_only,active,2021,164,0.019491477806426176,243.6,False,,,,,,,,,
bt_dkgrec_time_only,active,2021,165,0.0191074580400526,244.9,True,0.012035680079391639,0.023078964677644562,0.05555555555555555,0.0641025641025641,0.015787593933445993,0.01667282955752537,0.029291182068959847,0.031819672097449875,khong cai thien (9/50)
bt_dkgrec_time_only,active,2021,166,0.019205922996103193,246.7,False,,,,,,,,,
bt_dkgrec_time_only,active,2021,167,0.019378221488951925,248.1,False,,,,,,,,,
bt_dkgrec_time_only,active,2021,168,0.019055878707851394,249.5,False,,,,,,,,,
bt_dkgrec_time_only,active,2021,169,0.019160388143823735,250.9,False,,,,,,,,,
bt_dkgrec_time_only,active,2021,170,0.01890840422211212,252.3,True,0.012197232832135151,0.023402070183131583,0.05555555555555555,0.0641025641025641,0.015598867431095528,0.0164870296275623,0.029291182068959847,0.031819672097449875,khong cai thien (10/50)
bt_dkgrec_time_only,active,2021,171,0.018742121575995245,254.2,False,,,,,,,,,
bt_dkgrec_time_only,active,2021,172,0.01874164146636214,255.7,False,,,,,,,,,
bt_dkgrec_time_only,active,2021,173,0.018679627349084852,257.1,False,,,,,,,,,
bt_dkgrec_time_only,active,2021,174,0.01828550805779894,258.4,False,,,,,,,,,
bt_dkgrec_time_only,active,2021,175,0.018262370083269138,259.8,True,0.012358785584878662,0.023621320347569207,0.05555555555555555,0.06837606837606838,0.015649477299209902,0.01677918044187558,0.029291182068959847,0.03281682309460087,khong cai thien (11/50)
bt_dkgrec_time_only,active,2021,176,0.018728002634509505,261.6,False,,,,,,,,,
bt_dkgrec_time_only,active,2021,177,0.01816836229118576,263.0,False,,,,,,,,,
bt_dkgrec_time_only,active,2021,178,0.01827160928372109,264.4,False,,,,,,,,,
bt_dkgrec_time_only,active,2021,179,0.018178067012824792,265.8,False,,,,,,,,,
bt_dkgrec_time_only,active,2021,180,0.018309050654645134,267.2,True,0.012335706620201017,0.023955965335395055,0.05555555555555555,0.07264957264957266,0.015892728672605015,0.01784511131186495,0.029291182068959847,0.034826952882508436,khong cai thien (12/50)
bt_dkgrec_time_only,active,2021,181,0.01802834213748526,269.1,False,,,,,,,,,
bt_dkgrec_time_only,active,2021,182,0.017956975517112454,270.5,False,,,,,,,,,
bt_dkgrec_time_only,active,2021,183,0.017914416774689843,271.9,False,,,,,,,,,
bt_dkgrec_time_only,active,2021,184,0.01794306164998502,273.3,False,,,,,,,,,
bt_dkgrec_time_only,active,2021,185,0.017427877448908946,274.7,True,0.01249725937294453,0.024359847217253833,0.05555555555555555,0.0811965811965812,0.01596478189793121,0.018518188618702795,0.029291182068959847,0.036860215599531836,khong cai thien (13/50)
bt_dkgrec_time_only,active,2021,186,0.017367411889994314,276.5,False,,,,,,,,,
bt_dkgrec_time_only,active,2021,187,0.017408816122316473,277.9,False,,,,,,,,,
bt_dkgrec_time_only,active,2021,188,0.017590387039378975,279.3,False,,,,,,,,,
bt_dkgrec_time_only,active,2021,189,0.017504428930430402,280.7,False,,,,,,,,,
bt_dkgrec_time_only,active,2021,190,0.017381330596997778,282.1,True,0.01260111471399393,0.024613715828707923,0.05128205128205128,0.0811965811965812,0.0155493542169821,0.018621355644387945,0.02822280600058378,0.036860215599531836,khong cai thien (14/50)
bt_dkgrec_time_only,active,2021,191,0.017394622038486445,284.0,False,,,,,,,,,
bt_dkgrec_time_only,active,2021,192,0.017088942857605687,285.4,False,,,,,,,,,
bt_dkgrec_time_only,active,2021,193,0.01743706116077165,286.8,False,,,,,,,,,
bt_dkgrec_time_only,active,2021,194,0.017121567546352353,288.2,False,,,,,,,,,
bt_dkgrec_time_only,active,2021,195,0.017038724576998364,289.6,True,0.012808825396092731,0.02465987375806321,0.05128205128205128,0.07692307692307693,0.015521034293898124,0.018119680873266923,0.02822280600058378,0.03543571417503042,khong cai thien (15/50)
bt_dkgrec_time_only,active,2021,196,0.01690723846692501,291.4,False,,,,,,,,,
bt_dkgrec_time_only,active,2021,197,0.01678120648146961,292.8,False,,,,,,,,,
bt_dkgrec_time_only,active,2021,198,0.01684127392259494,294.2,False,,,,,,,,,
bt_dkgrec_time_only,active,2021,199,0.01670088623731199,295.6,False,,,,,,,,,
bt_dkgrec_time_only,active,2021,200,0.016377726752611937,297.0,True,0.01290114125480331,0.025006058228227882,0.05128205128205128,0.0811965811965812,0.015469555183106956,0.018252306720678357,0.02822280600058378,0.0357206144599307,khong cai thien (16/50)
bt_dkgrec_time_only,active,2021,201,0.016425106204146212,299.0,False,,,,,,,,,
bt_dkgrec_time_only,active,2021,202,0.016793594436447793,300.3,False,,,,,,,,,
bt_dkgrec_time_only,active,2021,203,0.01633629165781808,301.8,False,,,,,,,,,
bt_dkgrec_time_only,active,2021,204,0.01646944630482591,303.1,False,,,,,,,,,
bt_dkgrec_time_only,active,2021,205,0.016248167251954323,304.5,True,0.012958838666497422,0.02520222942798786,0.05555555555555555,0.07692307692307693,0.01635622454657129,0.01855675376181804,0.029291182068959847,0.0356188643581806,khong cai thien (17/50)
bt_dkgrec_time_only,active,2021,206,0.016444137561097864,306.3,False,,,,,,,,,
bt_dkgrec_time_only,active,2021,207,0.016267076667643692,307.7,False,,,,,,,,,
bt_dkgrec_time_only,active,2021,208,0.015952065404792094,309.2,False,,,,,,,,,
bt_dkgrec_time_only,active,2021,209,0.016223250012615653,310.6,False,,,,,,,,,
bt_dkgrec_time_only,active,2021,210,0.015890604754970672,312.0,True,0.012993457113513887,0.025329163733714907,0.05555555555555555,0.07692307692307693,0.016174577222596343,0.018386774430937402,0.029291182068959847,0.0356188643581806,khong cai thien (18/50)
bt_dkgrec_time_only,active,2021,211,0.015920079130139344,313.8,False,,,,,,,,,
bt_dkgrec_time_only,active,2021,212,0.016078314152877905,315.2,False,,,,,,,,,
bt_dkgrec_time_only,active,2021,213,0.015743559181336526,316.5,False,,,,,,,,,
bt_dkgrec_time_only,active,2021,214,0.015879829685506608,317.9,False,,,,,,,,,
bt_dkgrec_time_only,active,2021,215,0.01606086217637466,319.3,True,0.01300499659585271,0.02544455855710313,0.05555555555555555,0.0811965811965812,0.016152025013784717,0.018345605346217757,0.029291182068959847,0.036005514744830984,khong cai thien (19/50)
bt_dkgrec_time_only,active,2021,216,0.015645499626797166,321.1,False,,,,,,,,,
bt_dkgrec_time_only,active,2021,217,0.01568771268350661,322.5,False,,,,,,,,,
bt_dkgrec_time_only,active,2021,218,0.015720055962160872,323.9,False,,,,,,,,,
bt_dkgrec_time_only,active,2021,219,0.015487514669475606,325.4,False,,,,,,,,,
bt_dkgrec_time_only,active,2021,220,0.01569257237152363,326.8,True,0.013201167795612688,0.02581382199194544,0.05555555555555555,0.0811965811965812,0.01631949389510767,0.01878501453297601,0.029291182068959847,0.03661601535533159,khong cai thien (20/50)
bt_dkgrec_time_only,active,2021,221,0.015380418596821646,328.6,False,,,,,,,,,
bt_dkgrec_time_only,active,2021,222,0.015736396752543725,330.0,False,,,,,,,,,
bt_dkgrec_time_only,active,2021,223,0.01531950628781414,331.3,False,,,,,,,,,
bt_dkgrec_time_only,active,2021,224,0.015134472604785454,332.7,False,,,,,,,,,
bt_dkgrec_time_only,active,2021,225,0.015322161545338362,334.1,True,0.0133627205483562,0.025894598368317197,0.05555555555555555,0.08974358974358974,0.016296437469794783,0.020011046353327865,0.029291182068959847,0.041703520442836685,best
bt_dkgrec_time_only,active,2021,226,0.015293605096823728,335.9,False,,,,,,,,,
bt_dkgrec_time_only,active,2021,227,0.015186879864088948,337.3,False,,,,,,,,,
bt_dkgrec_time_only,active,2021,228,0.01515190641066867,338.7,False,,,,,,,,,
bt_dkgrec_time_only,active,2021,229,0.014956121083731296,340.2,False,,,,,,,,,
bt_dkgrec_time_only,active,2021,230,0.014807252738596784,341.6,True,0.013316562619000912,0.026033072156383064,0.05555555555555555,0.08547008547008547,0.01599699923333261,0.019668744369065145,0.029291182068959847,0.040889519628835864,khong cai thien (1/50)
bt_dkgrec_time_only,active,2021,231,0.015038964098528661,343.4,False,,,,,,,,,
bt_dkgrec_time_only,active,2021,232,0.014929696971602482,344.7,False,,,,,,,,,
bt_dkgrec_time_only,active,2021,233,0.015097949081656199,346.1,False,,,,,,,,,
bt_dkgrec_time_only,active,2021,234,0.014729240285443604,347.5,False,,,,,,,,,
bt_dkgrec_time_only,active,2021,235,0.014670479129800889,348.9,True,0.013524273301099713,0.026171545944448933,0.05555555555555555,0.08974358974358974,0.015982514580337108,0.019819667204626475,0.029291182068959847,0.040945749948224086,khong cai thien (2/50)
bt_dkgrec_time_only,active,2021,236,0.014693890128676267,350.7,False,,,,,,,,,
bt_dkgrec_time_only,active,2021,237,0.014799722072975627,352.2,False,,,,,,,,,
bt_dkgrec_time_only,active,2021,238,0.014621355868285271,353.6,False,,,,,,,,,
bt_dkgrec_time_only,active,2021,239,0.014638438339021426,355.0,False,,,,,,,,,
bt_dkgrec_time_only,active,2021,240,0.014588092605188282,356.4,True,0.013697365536182046,0.026494651449935958,0.05128205128205128,0.08974358974358974,0.01550449181379475,0.019708603582536607,0.028680681458459235,0.040945749948224086,khong cai thien (3/50)
bt_dkgrec_time_only,active,2021,241,0.014608044605943815,358.2,False,,,,,,,,,
bt_dkgrec_time_only,active,2021,242,0.014548958553195233,359.5,False,,,,,,,,,
bt_dkgrec_time_only,active,2021,243,0.014588297126520362,360.9,False,,,,,,,,,
bt_dkgrec_time_only,active,2021,244,0.014543679140469775,362.3,False,,,,,,,,,
bt_dkgrec_time_only,active,2021,245,0.014384655957446316,363.7,True,0.013789681394892625,0.02677159902606769,0.05128205128205128,0.09401709401709402,0.015461962315341303,0.020596314766385706,0.028680681458459235,0.04521925422172836,best
bt_dkgrec_time_only,active,2021,246,0.014316462147845205,365.5,False,,,,,,,,,
bt_dkgrec_time_only,active,2021,247,0.014465948794912427,367.0,False,,,,,,,,,
bt_dkgrec_time_only,active,2021,248,0.01439611296428419,368.4,False,,,,,,,,,
bt_dkgrec_time_only,active,2021,249,0.014326594168616131,369.8,False,,,,,,,,,
bt_dkgrec_time_only,active,2021,250,0.014204605344864412,371.1,True,0.013939694665297315,0.0268292964377618,0.05128205128205128,0.08974358974358974,0.015160298613285125,0.020349430265101363,0.028680681458459235,0.045590374329690576,khong cai thien (1/50)
bt_dkgrec_time_only,active,2021,251,0.014323085068317384,372.9,False,,,,,,,,,
bt_dkgrec_time_only,active,2021,252,0.014312333977526875,374.3,False,,,,,,,,,
bt_dkgrec_time_only,active,2021,253,0.014271745083259253,375.7,False,,,,,,,,,
bt_dkgrec_time_only,active,2021,254,0.014285178229557624,377.1,False,,,,,,,,,
bt_dkgrec_time_only,active,2021,255,0.014186110273431713,378.5,True,0.014078168453363182,0.02701392815518296,0.05128205128205128,0.08547008547008547,0.01544325276769384,0.02041410083907306,0.028680681458459235,0.04553558581336359,khong cai thien (2/50)
bt_dkgrec_time_only,active,2021,256,0.013957067089522504,380.4,False,,,,,,,,,
bt_dkgrec_time_only,active,2021,257,0.013885942652779757,381.8,False,,,,,,,,,
bt_dkgrec_time_only,active,2021,258,0.013982232484129888,383.2,False,,,,,,,,,
bt_dkgrec_time_only,active,2021,259,0.01389569351984226,384.6,False,,,,,,,,,
bt_dkgrec_time_only,active,2021,260,0.014107772745720967,386.0,True,0.014032010524007894,0.02726779676663705,0.05555555555555555,0.0811965811965812,0.015845868655913215,0.019871666503006306,0.029291182068959847,0.04339883367661145,khong cai thien (3/50)
bt_dkgrec_time_only,active,2021,261,0.013878204888353916,387.8,False,,,,,,,,,
bt_dkgrec_time_only,active,2021,262,0.013734203234298146,389.2,False,,,,,,,,,
bt_dkgrec_time_only,active,2021,263,0.014009018972564905,390.6,False,,,,,,,,,
bt_dkgrec_time_only,active,2021,264,0.013967665727013499,392.0,False,,,,,,,,,
bt_dkgrec_time_only,active,2021,265,0.01363894513280323,393.4,True,0.01421664224142905,0.027383191590025273,0.05555555555555555,0.08974358974358974,0.015663775297369776,0.02078485532149394,0.029291182068959847,0.046960087237865024,best
bt_dkgrec_time_only,active,2021,266,0.013669256007468059,395.3,False,,,,,,,,,
bt_dkgrec_time_only,active,2021,267,0.013768839514868477,396.7,False,,,,,,,,,
bt_dkgrec_time_only,active,2021,268,0.013759731546044937,398.1,False,,,,,,,,,
bt_dkgrec_time_only,active,2021,269,0.013621846970695017,399.5,False,,,,,,,,,
bt_dkgrec_time_only,active,2021,270,0.013360053535706564,400.9,True,0.014262800170784339,0.02742934951938056,0.05555555555555555,0.09401709401709402,0.015788966656694728,0.021108432602138034,0.029291182068959847,0.04722718125495904,best
bt_dkgrec_time_only,active,2021,271,0.013604694995977277,402.7,False,,,,,,,,,
bt_dkgrec_time_only,active,2021,272,0.013323920988970178,404.1,False,,,,,,,,,
bt_dkgrec_time_only,active,2021,273,0.013489672157223648,405.5,False,,,,,,,,,
bt_dkgrec_time_only,active,2021,274,0.013408246611872227,406.9,False,,,,,,,,,
bt_dkgrec_time_only,active,2021,275,0.013342706501184957,408.3,True,0.014401273958850207,0.027452428484058204,0.0641025641025641,0.09401709401709402,0.017263841301009157,0.021749100556512295,0.031249871527649305,0.04722718125495904,best
bt_dkgrec_time_only,active,2021,276,0.013639646486048597,410.2,False,,,,,,,,,
bt_dkgrec_time_only,active,2021,277,0.01348428426687098,411.7,False,,,,,,,,,
bt_dkgrec_time_only,active,2021,278,0.01338450491592935,413.0,False,,,,,,,,,
bt_dkgrec_time_only,active,2021,279,0.013427256674454406,414.5,False,,,,,,,,,
bt_dkgrec_time_only,active,2021,280,0.013401750464262552,415.8,True,0.01432049758247845,0.027740915542528763,0.06837606837606838,0.09401709401709402,0.01718295376281644,0.021180536423649792,0.032674372952150726,0.04722718125495904,khong cai thien (1/50)
bt_dkgrec_time_only,active,2021,281,0.013220469826015388,417.6,False,,,,,,,,,
bt_dkgrec_time_only,active,2021,282,0.013368216973417581,419.0,False,,,,,,,,,
bt_dkgrec_time_only,active,2021,283,0.013344009509411092,420.4,False,,,,,,,,,
bt_dkgrec_time_only,active,2021,284,0.013222739765720802,421.8,False,,,,,,,,,
bt_dkgrec_time_only,active,2021,285,0.013320433483765352,423.2,True,0.014493589817560784,0.02793708674228874,0.06837606837606838,0.09401709401709402,0.017420492755663874,0.021561995147670182,0.032674372952150726,0.04722718125495904,khong cai thien (2/50)
bt_dkgrec_time_only,active,2021,286,0.013141260159007476,425.1,False,,,,,,,,,
bt_dkgrec_time_only,active,2021,287,0.013188675341652502,426.5,False,,,,,,,,,
bt_dkgrec_time_only,active,2021,288,0.013010586089502426,427.9,False,,,,,,,,,
bt_dkgrec_time_only,active,2021,289,0.013214002484265729,429.3,False,,,,,,,,,
bt_dkgrec_time_only,active,2021,290,0.012928196753745198,430.6,True,0.014632063605626652,0.027994784153982852,0.0641025641025641,0.09401709401709402,0.017432832301820227,0.021946090757528687,0.031249871527649305,0.046514930542708326,best
bt_dkgrec_time_only,active,2021,291,0.012937305273994974,432.4,False,,,,,,,,,
bt_dkgrec_time_only,active,2021,292,0.012930366526462674,433.8,False,,,,,,,,,
bt_dkgrec_time_only,active,2021,293,0.013035135292986123,435.2,False,,,,,,,,,
bt_dkgrec_time_only,active,2021,294,0.012627040661324274,436.7,False,,,,,,,,,
bt_dkgrec_time_only,active,2021,295,0.012914968695910786,438.1,True,0.014793616358370164,0.0281217184597099,0.05982905982905983,0.09401709401709402,0.017406847214489138,0.02207060718173869,0.030861371139148917,0.046514930542708326,best
bt_dkgrec_time_only,active,2021,296,0.0129711755956048,440.0,False,,,,,,,,,
bt_dkgrec_time_only,active,2021,297,0.012796560408049612,441.4,False,,,,,,,,,
bt_dkgrec_time_only,active,2021,298,0.01293432839719148,442.8,False,,,,,,,,,
bt_dkgrec_time_only,active,2021,299,0.013032247607592596,444.2,False,,,,,,,,,
bt_dkgrec_time_only,active,2021,300,0.012901719446106222,445.5,True,0.014885932217080742,0.028306350177131054,0.05982905982905983,0.09829059829059829,0.01768718652856754,0.022926881195367628,0.030861371139148917,0.04865168267946046,best
bt_dkgrec_time_only,active,2021,301,0.012701126177660078,447.3,False,,,,,,,,,
bt_dkgrec_time_only,active,2021,302,0.012993934011486892,448.7,False,,,,,,,,,
bt_dkgrec_time_only,active,2021,303,0.012579591358849788,450.1,False,,,,,,,,,
bt_dkgrec_time_only,active,2021,304,0.012759334004439115,451.6,False,,,,,,,,,
bt_dkgrec_time_only,active,2021,305,0.012699551494394386,453.0,True,0.014943629628774853,0.0284332844828581,0.05982905982905983,0.09829059829059829,0.017959938460365393,0.02278885404337759,0.030861371139148917,0.0465697190590353,khong cai thien (1/50)
bt_dkgrec_time_only,active,2021,306,0.01259737804725374,454.8,False,,,,,,,,,
bt_dkgrec_time_only,active,2021,307,0.012722841849194304,456.2,False,,,,,,,,,
bt_dkgrec_time_only,active,2021,308,0.012635008415658537,457.6,False,,,,,,,,,
bt_dkgrec_time_only,active,2021,309,0.012738929315367926,459.0,False,,,,,,,,,
bt_dkgrec_time_only,active,2021,310,0.012568113458522545,460.4,True,0.014909011181758386,0.028514060859229855,0.05982905982905983,0.10256410256410256,0.01833259185442545,0.02383419509776648,0.030861371139148917,0.048706471195787436,best
bt_dkgrec_time_only,active,2021,311,0.012735512252014344,462.2,False,,,,,,,,,
bt_dkgrec_time_only,active,2021,312,0.012348682516698638,463.6,False,,,,,,,,,
bt_dkgrec_time_only,active,2021,313,0.012675810728689034,465.0,False,,,,,,,,,
bt_dkgrec_time_only,active,2021,314,0.012487943606436699,466.4,False,,,,,,,,,
bt_dkgrec_time_only,active,2021,315,0.012449074906508944,467.8,True,0.014920550664097209,0.02879100843536159,0.05982905982905983,0.09829059829059829,0.01804845986190256,0.023722544140825037,0.030861371139148917,0.049363933391711176,khong cai thien (1/50)
bt_dkgrec_time_only,active,2021,316,0.01247970965958293,469.6,False,,,,,,,,,
bt_dkgrec_time_only,active,2021,317,0.012376058261961958,471.0,False,,,,,,,,,
bt_dkgrec_time_only,active,2021,318,0.012447918530379456,472.4,False,,,,,,,,,
bt_dkgrec_time_only,active,2021,319,0.012312258882103988,473.8,False,,,,,,,,,
bt_dkgrec_time_only,active,2021,320,0.012385562162382367,475.2,True,0.01503594548748543,0.028767929470683944,0.05982905982905983,0.09401709401709402,0.017845777504834976,0.02257429047002321,0.030861371139148917,0.04679983082760861,khong cai thien (2/50)
bt_dkgrec_time_only,active,2021,321,0.012333297196978928,476.9,False,,,,,,,,,
bt_dkgrec_time_only,active,2021,322,0.012376208636691316,478.4,False,,,,,,,,,
bt_dkgrec_time_only,active,2021,323,0.012267665014367414,479.8,False,,,,,,,,,
bt_dkgrec_time_only,active,2021,324,0.012228654326836426,481.2,False,,,,,,,,,
bt_dkgrec_time_only,active,2021,325,0.01220528567898203,482.6,True,0.01503594548748543,0.028929482223427457,0.05982905982905983,0.10256410256410256,0.01865661917027146,0.02310120669852948,0.03460068737846515,0.04827912076843701,khong cai thien (3/50)
bt_dkgrec_time_only,active,2021,326,0.012182602043552366,484.4,False,,,,,,,,,
bt_dkgrec_time_only,active,2021,327,0.01234591416416166,485.8,False,,,,,,,,,
bt_dkgrec_time_only,active,2021,328,0.012209362321953876,487.2,False,,,,,,,,,
bt_dkgrec_time_only,active,2021,329,0.01225241185925385,488.6,False,,,,,,,,,
bt_dkgrec_time_only,active,2021,330,0.012207633306430984,489.9,True,0.014989787558130142,0.028871784811733345,0.05555555555555555,0.10256410256410256,0.01902281068219957,0.024628082352815137,0.030327183104960888,0.04827912076843701,best
bt_dkgrec_time_only,active,2021,331,0.01214405811793589,491.8,False,,,,,,,,,
bt_dkgrec_time_only,active,2021,332,0.012085777866238266,493.2,False,,,,,,,,,
bt_dkgrec_time_only,active,2021,333,0.012107316768845328,494.6,False,,,,,,,,,
bt_dkgrec_time_only,active,2021,334,0.012262690724165994,496.0,False,,,,,,,,,
bt_dkgrec_time_only,active,2021,335,0.012172031529755784,497.4,True,0.015185958757890122,0.028975640152782745,0.0641025641025641,0.10256410256410256,0.02031750201359286,0.0242933502505824,0.034989187766965545,0.04668692235606316,khong cai thien (1/50)
bt_dkgrec_time_only,active,2021,336,0.01206160262316805,499.2,False,,,,,,,,,
bt_dkgrec_time_only,active,2021,337,0.012056641743176768,500.6,False,,,,,,,,,
bt_dkgrec_time_only,active,2021,338,0.012007874824076238,502.0,False,,,,,,,,,
bt_dkgrec_time_only,active,2021,339,0.012081514801658285,503.4,False,,,,,,,,,
bt_dkgrec_time_only,active,2021,340,0.012234040812858156,504.8,True,0.015209037722567766,0.029264127211253304,0.0641025641025641,0.09829059829059829,0.0202944947149097,0.024127106932520275,0.034989187766965545,0.046872425611741854,khong cai thien (2/50)
bt_dkgrec_time_only,active,2021,341,0.011986759579337801,506.6,False,,,,,,,,,
bt_dkgrec_time_only,active,2021,342,0.01210596090274358,508.1,False,,,,,,,,,
bt_dkgrec_time_only,active,2021,343,0.01198369496862274,509.5,False,,,,,,,,,
bt_dkgrec_time_only,active,2021,344,0.012111597491901596,510.8,False,,,,,,,,,
bt_dkgrec_time_only,active,2021,345,0.012073246413726608,512.2,True,0.015255195651923055,0.029310285140608593,0.0641025641025641,0.10256410256410256,0.020243924330020997,0.024238216630657755,0.034989187766965545,0.04692865593113006,khong cai thien (3/50)
bt_dkgrec_time_only,active,2021,346,0.011890085416700268,514.0,False,,,,,,,,,
bt_dkgrec_time_only,active,2021,347,0.01198530428441335,515.4,False,,,,,,,,,
bt_dkgrec_time_only,active,2021,348,0.01178143720137633,516.8,False,,,,,,,,,
bt_dkgrec_time_only,active,2021,349,0.011975785189592306,518.2,False,,,,,,,,,
bt_dkgrec_time_only,active,2021,350,0.012061798531867448,519.6,True,0.015301353581278343,0.02940260099931917,0.06837606837606838,0.09829059829059829,0.02061845750729826,0.024279923182038567,0.035045418086353766,0.04687386741480309,khong cai thien (4/50)
bt_dkgrec_time_only,active,2021,351,0.011912996143574772,521.5,False,,,,,,,,,
bt_dkgrec_time_only,active,2021,352,0.011712954893913616,522.9,False,,,,,,,,,
bt_dkgrec_time_only,active,2021,353,0.011776509501597735,524.4,False,,,,,,,,,
bt_dkgrec_time_only,active,2021,354,0.011979054158532478,525.8,False,,,,,,,,,
bt_dkgrec_time_only,active,2021,355,0.011856016419200154,527.1,True,0.015370590475311278,0.029575693234401505,0.06837606837606838,0.09401709401709402,0.01941979689923488,0.023756842671193632,0.03130610184703752,0.046588967129902806,khong cai thien (5/50)
bt_dkgrec_time_only,active,2021,356,0.011720459290632689,528.9,False,,,,,,,,,
bt_dkgrec_time_only,active,2021,357,0.0117151130906525,530.3,False,,,,,,,,,
bt_dkgrec_time_only,active,2021,358,0.011644243711974181,531.7,False,,,,,,,,,
bt_dkgrec_time_only,active,2021,359,0.011754586724233585,533.1,False,,,,,,,,,
bt_dkgrec_time_only,active,2021,360,0.011807992185356622,534.5,True,0.015312893063617166,0.02979494339883913,0.06837606837606838,0.09829059829059829,0.01801874219031708,0.022898134982132237,0.032674372952150726,0.04938173965951744,khong cai thien (6/50)
bt_dkgrec_time_only,active,2021,361,0.011677753313873739,536.4,False,,,,,,,,,
bt_dkgrec_time_only,active,2021,362,0.011816615238105288,537.8,False,,,,,,,,,
bt_dkgrec_time_only,active,2021,363,0.011711047306514568,539.2,False,,,,,,,,,
bt_dkgrec_time_only,active,2021,364,0.011683992783181427,540.6,False,,,,,,,,,
bt_dkgrec_time_only,active,2021,365,0.011614098422990958,542.0,True,0.015405208922327744,0.029887259257549707,0.0641025641025641,0.09829059829059829,0.018327307243285983,0.024435329932890066,0.028400868678646454,0.04966663994441773,khong cai thien (7/50)
bt_dkgrec_time_only,active,2021,366,0.011488560035815066,543.8,False,,,,,,,,,
bt_dkgrec_time_only,active,2021,367,0.011629049581150611,545.2,False,,,,,,,,,
bt_dkgrec_time_only,active,2021,368,0.011424826572192301,546.6,False,,,,,,,,,
bt_dkgrec_time_only,active,2021,369,0.011550690626878161,548.0,False,,,,,,,,,
bt_dkgrec_time_only,active,2021,370,0.011466678900180039,549.4,True,0.0153821299576501,0.02985264081053324,0.06837606837606838,0.09401709401709402,0.01968125978584352,0.024164249012308875,0.032674372952150726,0.047529887807665594,khong cai thien (8/50)
bt_dkgrec_time_only,active,2021,371,0.01151471340516482,551.3,False,,,,,,,,,
bt_dkgrec_time_only,active,2021,372,0.01158679122638681,552.7,False,,,,,,,,,
bt_dkgrec_time_only,active,2021,373,0.011555820149100941,554.1,False,,,,,,,,,
bt_dkgrec_time_only,active,2021,374,0.011650018825696268,555.5,False,,,,,,,,,
bt_dkgrec_time_only,active,2021,375,0.011476906181525382,556.9,True,0.015416748404666567,0.029991114598599107,0.06837606837606838,0.10256410256410256,0.019935080866918985,0.02489660438106234,0.032674372952150726,0.048280562571498244,best
bt_dkgrec_time_only,active,2021,376,0.011530756820245945,558.7,False,,,,,,,,,
bt_dkgrec_time_only,active,2021,377,0.01140981769189496,560.1,False,,,,,,,,,
bt_dkgrec_time_only,active,2021,378,0.011492267882845013,561.5,False,,,,,,,,,
bt_dkgrec_time_only,active,2021,379,0.011536147100909238,562.9,False,,,,,,,,,
bt_dkgrec_time_only,active,2021,380,0.011392908201476551,564.3,True,0.015578301157410079,0.03021036476303673,0.06837606837606838,0.10256410256410256,0.019822943420978446,0.024483422982882506,0.032674372952150726,0.04785321214414782,khong cai thien (1/50)
bt_dkgrec_time_only,active,2021,381,0.011357517209687397,566.3,False,,,,,,,,,
bt_dkgrec_time_only,active,2021,382,0.011336657038902938,567.6,False,,,,,,,,,
bt_dkgrec_time_only,active,2021,383,0.011515876486279835,569.0,False,,,,,,,,,
bt_dkgrec_time_only,active,2021,384,0.011220467547968262,570.4,False,,,,,,,,,
bt_dkgrec_time_only,active,2021,385,0.011384721987805862,571.8,True,0.015520603745715967,0.030094969939648508,0.0641025641025641,0.10683760683760683,0.02016074477771604,0.025193067303258574,0.03228587256365034,0.04790800066047479,best
bt_dkgrec_time_only,active,2021,386,0.011320797056833627,573.6,False,,,,,,,,,
bt_dkgrec_time_only,active,2021,387,0.011418226334659724,575.0,False,,,,,,,,,
bt_dkgrec_time_only,active,2021,388,0.01123227542385973,576.4,False,,,,,,,,,
bt_dkgrec_time_only,active,2021,389,0.011262213546562852,577.8,False,,,,,,,,,
bt_dkgrec_time_only,active,2021,390,0.011401330597161828,579.2,True,0.015682156498459478,0.030383456998119063,0.06837606837606838,0.1111111111111111,0.021445636713382565,0.025699130202615918,0.036559376837154614,0.04943425218672632,best
bt_dkgrec_time_only,active,2021,391,0.011246522016969976,581.2,False,,,,,,,,,
bt_dkgrec_time_only,active,2021,392,0.011338574771062463,582.5,False,,,,,,,,,
bt_dkgrec_time_only,active,2021,393,0.01128016238370563,583.9,False,,,,,,,,,
bt_dkgrec_time_only,active,2021,394,0.011238440087317458,585.3,False,,,,,,,,,
bt_dkgrec_time_only,active,2021,395,0.011247603012062502,586.7,True,0.015705235463137124,0.03051039130384611,0.06837606837606838,0.1111111111111111,0.02064165428234179,0.02580376613569126,0.033710373988151764,0.049861602614076746,best
bt_dkgrec_time_only,active,2021,396,0.011211638978841225,588.5,False,,,,,,,,,
bt_dkgrec_time_only,active,2021,397,0.011273795671579925,589.9,False,,,,,,,,,
bt_dkgrec_time_only,active,2021,398,0.011313183316709162,591.3,False,,,,,,,,,
bt_dkgrec_time_only,active,2021,399,0.011180020049105491,592.7,False,,,,,,,,,
bt_dkgrec_time_only,active,2021,400,0.011146656892011863,594.1,True,0.015762932874831236,0.030591167680217867,0.07692307692307693,0.1111111111111111,0.020418029551733316,0.02475910231431694,0.03415510469604037,0.04914935190182604,khong cai thien (1/50)
bt_dkgrec_time_only,active,2021,401,0.011111129640232162,595.9,False,,,,,,,,,
bt_dkgrec_time_only,active,2021,402,0.01108350816493466,597.3,False,,,,,,,,,
bt_dkgrec_time_only,active,2021,403,0.010996573315891232,598.7,False,,,,,,,,,
bt_dkgrec_time_only,active,2021,404,0.011071712242012394,600.1,False,,,,,,,,,
bt_dkgrec_time_only,active,2021,405,0.010993075700923402,601.5,True,0.015786011839508878,0.030579628197879044,0.07264957264957266,0.10683760683760683,0.019912600633220492,0.02495051392250352,0.03273060327153894,0.04970506399599967,khong cai thien (2/50)
bt_dkgrec_time_only,active,2021,406,0.011177485614083138,603.3,False,,,,,,,,,
bt_dkgrec_time_only,active,2021,407,0.011132719547963875,604.6,False,,,,,,,,,
bt_dkgrec_time_only,active,2021,408,0.011053417550550667,606.1,False,,,,,,,,,
bt_dkgrec_time_only,active,2021,409,0.011056931341650566,607.5,False,,,,,,,,,
bt_dkgrec_time_only,active,2021,410,0.011003086601796726,608.9,True,0.015866788215880636,0.030741180950622556,0.07692307692307693,0.1111111111111111,0.020336902919594398,0.02480046062796714,0.032997697288632964,0.04905571334664902,khong cai thien (3/50)
bt_dkgrec_time_only,active,2021,411,0.011163281901222557,610.7,False,,,,,,,,,
bt_dkgrec_time_only,active,2021,412,0.011067617438167586,612.1,False,,,,,,,,,
bt_dkgrec_time_only,active,2021,413,0.01102953835098409,613.5,False,,,,,,,,,
bt_dkgrec_time_only,active,2021,414,0.010987818139602815,614.9,False,,,,,,,,,
bt_dkgrec_time_only,active,2021,415,0.011046697918221719,616.2,True,0.01598218303926886,0.030683483538928445,0.07264957264957266,0.1111111111111111,0.01995148277302397,0.024704070828100774,0.03294146696924474,0.04905571334664902,khong cai thien (4/50)
bt_dkgrec_time_only,active,2021,416,0.011166950869061427,618.0,False,,,,,,,,,
bt_dkgrec_time_only,active,2021,417,0.011045717657322571,619.4,False,,,,,,,,,
bt_dkgrec_time_only,active,2021,418,0.010995916705834932,620.8,False,,,,,,,,,
bt_dkgrec_time_only,active,2021,419,0.010919971349885359,622.3,False,,,,,,,,,
bt_dkgrec_time_only,active,2021,420,0.010986001991396566,623.7,True,0.016074498897979437,0.030752720432961376,0.07264957264957266,0.11538461538461539,0.020076502263853414,0.025990295189074867,0.03294146696924474,0.0539397182306539,best
bt_dkgrec_time_only,active,2021,421,0.010977871783497907,625.5,False,,,,,,,,,
bt_dkgrec_time_only,active,2021,422,0.010960975107357945,626.9,False,,,,,,,,,
bt_dkgrec_time_only,active,2021,423,0.011028971014617674,628.2,False,,,,,,,,,
bt_dkgrec_time_only,active,2021,424,0.010899913469885426,629.6,False,,,,,,,,,
bt_dkgrec_time_only,active,2021,425,0.01099360732868926,631.0,True,0.016028340968624148,0.030937352150382534,0.07692307692307693,0.11538461538461539,0.02080815580353338,0.02717824904704411,0.034365968393746164,0.058614867642645424,best
bt_dkgrec_time_only,active,2021,426,0.010829490683489528,632.8,False,,,,,,,,,
bt_dkgrec_time_only,active,2021,427,0.01090090340404472,634.2,False,,,,,,,,,
bt_dkgrec_time_only,active,2021,428,0.011013994926324091,635.7,False,,,,,,,,,
bt_dkgrec_time_only,active,2021,429,0.01089730210617658,637.1,False,,,,,,,,,
bt_dkgrec_time_only,active,2021,430,0.01082043474387582,638.5,True,0.01609757786265708,0.030983510079737823,0.07264957264957266,0.11538461538461539,0.020057862752142958,0.027300288620517553,0.03294146696924474,0.05932711835489614,best
bt_dkgrec_time_only,active,2021,431,0.010872569715546109,640.3,False,,,,,,,,,
bt_dkgrec_time_only,active,2021,432,0.010881088744780627,641.7,False,,,,,,,,,
bt_dkgrec_time_only,active,2021,433,0.010854201574179472,643.0,False,,,,,,,,,
bt_dkgrec_time_only,active,2021,434,0.011004297797499197,644.4,False,,,,,,,,,
bt_dkgrec_time_only,active,2021,435,0.01082073634949439,645.8,True,0.016062959415640614,0.031133523350142512,0.07264957264957266,0.12393162393162394,0.01998341547261367,0.027645420837309965,0.03294146696924474,0.06187622616716184,best
bt_dkgrec_time_only,active,2021,436,0.01083249178264313,647.7,False,,,,,,,,,
bt_dkgrec_time_only,active,2021,437,0.01080917150013315,649.1,False,,,,,,,,,
bt_dkgrec_time_only,active,2021,438,0.010853845616037704,650.5,False,,,,,,,,,
bt_dkgrec_time_only,active,2021,439,0.010772777325647059,651.9,False,,,,,,,,,
bt_dkgrec_time_only,active,2021,440,0.010780854927328207,653.3,True,0.016224512168384126,0.03127199713820838,0.06837606837606838,0.11538461538461539,0.01965131727220243,0.02698935477646089,0.03151696554474332,0.05793499196276974,khong cai thien (1/50)
bt_dkgrec_time_only,active,2021,441,0.010794691469063726,655.1,False,,,,,,,,,
bt_dkgrec_time_only,active,2021,442,0.010725862676352902,656.5,False,,,,,,,,,
bt_dkgrec_time_only,active,2021,443,0.010665502891193711,657.8,False,,,,,,,,,
bt_dkgrec_time_only,active,2021,444,0.010967532077406639,659.2,False,,,,,,,,,
bt_dkgrec_time_only,active,2021,445,0.01073534569615742,660.6,True,0.016201433203706483,0.0313873919615966,0.07264957264957266,0.11538461538461539,0.02009018137140018,0.0268720682475143,0.03294146696924474,0.05793499196276974,khong cai thien (2/50)
bt_dkgrec_time_only,active,2021,446,0.010679985699293038,662.5,False,,,,,,,,,
bt_dkgrec_time_only,active,2021,447,0.010683657739387446,664.0,False,,,,,,,,,
bt_dkgrec_time_only,active,2021,448,0.010846622324567071,665.4,False,,,,,,,,,
bt_dkgrec_time_only,active,2021,449,0.010704652104245087,666.8,False,,,,,,,,,
bt_dkgrec_time_only,active,2021,450,0.010709546622358132,668.1,True,0.016362985956449992,0.031514326267323645,0.07692307692307693,0.11538461538461539,0.021450343348730125,0.027091565121466418,0.03721497124274902,0.05793499196276974,khong cai thien (3/50)
bt_dkgrec_time_only,active,2021,451,0.010792357258353603,669.9,False,,,,,,,,,
bt_dkgrec_time_only,active,2021,452,0.010732869825106267,671.3,False,,,,,,,,,
bt_dkgrec_time_only,active,2021,453,0.010641752134179743,672.7,False,,,,,,,,,
bt_dkgrec_time_only,active,2021,454,0.010693729386543971,674.1,False,,,,,,,,,
bt_dkgrec_time_only,active,2021,455,0.010706215229849304,675.5,True,0.016432222850482927,0.03137585247925778,0.07264957264957266,0.1111111111111111,0.02019585229305304,0.0266318267256327,0.03294146696924474,0.056408740436518216,khong cai thien (4/50)
bt_dkgrec_time_only,active,2021,456,0.010585372160467454,677.4,False,,,,,,,,,
bt_dkgrec_time_only,active,2021,457,0.010603230794657527,678.8,False,,,,,,,,,
bt_dkgrec_time_only,active,2021,458,0.010616235332848759,680.2,False,,,,,,,,,
bt_dkgrec_time_only,active,2021,459,0.010704995333349222,681.6,False,,,,,,,,,
bt_dkgrec_time_only,active,2021,460,0.010571557455074836,683.0,True,0.016536078191532327,0.03161818160837305,0.07264957264957266,0.10683760683760683,0.020767778459233877,0.025764506651677316,0.0357904698182476,0.05437373840151618,khong cai thien (5/50)
bt_dkgrec_time_only,active,2021,461,0.010573021504460914,684.8,False,,,,,,,,,
bt_dkgrec_time_only,active,2021,462,0.010541143365957175,686.1,False,,,,,,,,,
bt_dkgrec_time_only,active,2021,463,0.010566671874576229,687.5,False,,,,,,,,,
bt_dkgrec_time_only,active,2021,464,0.010597587214869895,688.9,False,,,,,,,,,
bt_dkgrec_time_only,active,2021,465,0.010537048223319205,690.3,True,0.01650145974451586,0.03161818160837305,0.07264957264957266,0.10256410256410256,0.020974915754177714,0.025352056607074264,0.0357904698182476,0.05103448506226284,khong cai thien (6/50)
bt_dkgrec_time_only,active,2021,466,0.010550716142501256,692.3,False,,,,,,,,,
bt_dkgrec_time_only,active,2021,467,0.0104036471791,693.7,False,,,,,,,,,
bt_dkgrec_time_only,active,2021,468,0.010464982144732177,695.0,False,,,,,,,,,
bt_dkgrec_time_only,active,2021,469,0.010557033164987857,696.4,False,,,,,,,,,
bt_dkgrec_time_only,active,2021,470,0.010548413098849319,697.8,True,0.016466841297499393,0.031652800055389514,0.07264957264957266,0.10683760683760683,0.021326967280384128,0.026395716987097872,0.0357904698182476,0.0546974887252665,khong cai thien (7/50)
bt_dkgrec_time_only,active,2021,471,0.010552106036497437,699.6,False,,,,,,,,,
bt_dkgrec_time_only,active,2021,472,0.010461777270007081,701.0,False,,,,,,,,,
bt_dkgrec_time_only,active,2021,473,0.010528888687191575,702.4,False,,,,,,,,,
bt_dkgrec_time_only,active,2021,474,0.010594346334939308,703.8,False,,,,,,,,,
bt_dkgrec_time_only,active,2021,475,0.010504653426017248,705.2,True,0.016432222850482927,0.03183743177281067,0.07264957264957266,0.10256410256410256,0.020594347063242938,0.025656090606098348,0.0357904698182476,0.054697488725266495,khong cai thien (8/50)
bt_dkgrec_time_only,active,2021,476,0.010424589499097338,707.2,False,,,,,,,,,
bt_dkgrec_time_only,active,2021,477,0.010404494345560074,708.5,False,,,,,,,,,
bt_dkgrec_time_only,active,2021,478,0.010422752252290434,709.9,False,,,,,,,,,
bt_dkgrec_time_only,active,2021,479,0.01037355964329794,711.3,False,,,,,,,,,
bt_dkgrec_time_only,active,2021,480,0.010566117584192474,712.7,True,0.016536078191532327,0.03173357643176127,0.07692307692307693,0.09829059829059829,0.02118255102842128,0.02565704138671272,0.03721497124274902,0.05463458866236644,khong cai thien (9/50)
bt_dkgrec_time_only,active,2021,481,0.01050093718387962,714.5,False,,,,,,,,,
bt_dkgrec_time_only,active,2021,482,0.01052215552886475,715.9,False,,,,,,,,,
bt_dkgrec_time_only,active,2021,483,0.01037828293521497,717.3,False,,,,,,,,,
bt_dkgrec_time_only,active,2021,484,0.010457042123658127,718.7,False,,,,,,,,,
bt_dkgrec_time_only,active,2021,485,0.01052002393546252,720.1,True,0.016559157156209973,0.031848971255149496,0.07692307692307693,0.10683760683760683,0.021004672631763942,0.02566249444713827,0.03721497124274902,0.05512483915261693,khong cai thien (10/50)
bt_dkgrec_time_only,active,2021,486,0.010368074514471297,722.1,False,,,,,,,,,
bt_dkgrec_time_only,active,2021,487,0.010414844831865085,723.4,False,,,,,,,,,
bt_dkgrec_time_only,active,2021,488,0.01046190738057624,724.8,False,,,,,,,,,
bt_dkgrec_time_only,active,2021,489,0.010271361685625187,726.2,False,,,,,,,,,
bt_dkgrec_time_only,active,2021,490,0.010431133017225824,727.6,True,0.016524538709193504,0.03207976090192594,0.07692307692307693,0.1111111111111111,0.02107145412215873,0.026139720404263635,0.03721497124274902,0.05583708986486765,khong cai thien (11/50)
bt_dkgrec_time_only,active,2021,491,0.010372033727084352,729.4,False,,,,,,,,,
bt_dkgrec_time_only,active,2021,492,0.01035433230978527,730.8,False,,,,,,,,,
bt_dkgrec_time_only,active,2021,493,0.010373729571718634,732.2,False,,,,,,,,,
bt_dkgrec_time_only,active,2021,494,0.010376919061570794,733.6,False,,,,,,,,,
bt_dkgrec_time_only,active,2021,495,0.01036155816506423,735.1,True,0.016455301815160573,0.032137458313620054,0.07692307692307693,0.10256410256410256,0.021079760031767324,0.02596780756089863,0.03721497124274902,0.05522843925621703,khong cai thien (12/50)
bt_dkgrec_time_only,active,2021,496,0.010324634245374538,736.8,False,,,,,,,,,
bt_dkgrec_time_only,active,2021,497,0.010378916960960905,738.2,False,,,,,,,,,
bt_dkgrec_time_only,active,2021,498,0.010267675704436796,739.6,False,,,,,,,,,
bt_dkgrec_time_only,active,2021,499,0.010402201042809216,741.0,False,,,,,,,,,
bt_dkgrec_time_only,active,2021,500,0.010346516818204655,742.4,True,0.016616854567904085,0.03229901106636356,0.07692307692307693,0.10683760683760683,0.022707048638507966,0.0279362624713657,0.04006397409175187,0.0595019435297213,best
bt_dkgrec_time_only,active,2021,501,0.010359950882547526,744.2,False,,,,,,,,,
bt_dkgrec_time_only,active,2021,502,0.010204980038601518,745.6,False,,,,,,,,,
bt_dkgrec_time_only,active,2021,503,0.01038816307367977,747.0,False,,,,,,,,,
bt_dkgrec_time_only,active,2021,504,0.010243725055283112,748.5,False,,,,,,,,,
bt_dkgrec_time_only,active,2021,505,0.010255306945267256,749.9,True,0.016824565250002886,0.03243748485442943,0.06837606837606838,0.1111111111111111,0.022932037115439407,0.02929302617030023,0.03846140998918777,0.06121134523912301,best
bt_dkgrec_time_only,active,2021,506,0.010330134703479084,751.7,False,,,,,,,,,
bt_dkgrec_time_only,active,2021,507,0.010242847861141224,753.1,False,,,,,,,,,
bt_dkgrec_time_only,active,2021,508,0.010302282496098759,754.4,False,,,,,,,,,
bt_dkgrec_time_only,active,2021,509,0.01029731135550409,755.8,False,,,,,,,,,
bt_dkgrec_time_only,active,2021,510,0.010161423399368841,757.2,True,0.016870723179358175,0.03244902433676825,0.07264957264957266,0.1111111111111111,0.02237247425893641,0.028499819593266414,0.03899559802337581,0.06121134523912301,khong cai thien (1/50)
bt_dkgrec_time_only,active,2021,511,0.010136605689854507,759.0,False,,,,,,,,,
bt_dkgrec_time_only,active,2021,512,0.010136647279206965,760.4,False,,,,,,,,,
bt_dkgrec_time_only,active,2021,513,0.01021882075465425,761.9,False,,,,,,,,,
bt_dkgrec_time_only,active,2021,514,0.010241301369928112,763.3,False,,,,,,,,,
bt_dkgrec_time_only,active,2021,515,0.01033764294329917,764.6,True,0.016824565250002886,0.03244902433676825,0.07264957264957266,0.1111111111111111,0.023388312610769933,0.029463824919455473,0.03899559802337581,0.06121134523912301,best
bt_dkgrec_time_only,active,2021,516,0.010217153730427014,766.4,False,,,,,,,,,
bt_dkgrec_time_only,active,2021,517,0.010208084939735101,767.8,False,,,,,,,,,
bt_dkgrec_time_only,active,2021,518,0.010058681677881775,769.2,False,,,,,,,,,
bt_dkgrec_time_only,active,2021,519,0.010135190463704067,770.6,False,,,,,,,,,
bt_dkgrec_time_only,active,2021,520,0.010199561339367605,772.0,True,0.01674378887363113,0.03252980071314001,0.07264957264957266,0.10683760683760683,0.022267884883353812,0.028115870952140784,0.03899559802337581,0.06082284485062262,khong cai thien (1/50)
bt_dkgrec_time_only,active,2021,521,0.010253364662189684,773.8,False,,,,,,,,,
bt_dkgrec_time_only,active,2021,522,0.01021147639297764,775.2,False,,,,,,,,,
bt_dkgrec_time_only,active,2021,523,0.010125118319153132,776.7,False,,,,,,,,,
bt_dkgrec_time_only,active,2021,524,0.010190755164170584,778.1,False,,,,,,,,,
bt_dkgrec_time_only,active,2021,525,0.010173657970938721,779.5,True,0.016859183697019352,0.03263365605418941,0.07264957264957266,0.10683760683760683,0.022310705350296993,0.028145677020634946,0.03952978605756384,0.06053794456572234,khong cai thien (2/50)
bt_dkgrec_time_only,active,2021,526,0.010208278381581854,781.2,False,,,,,,,,,
bt_dkgrec_time_only,active,2021,527,0.010077511642547317,782.6,False,,,,,,,,,
bt_dkgrec_time_only,active,2021,528,0.010088300474807693,784.0,False,,,,,,,,,
bt_dkgrec_time_only,active,2021,529,0.010159515357444063,785.4,False,,,,,,,,,
bt_dkgrec_time_only,active,2021,530,0.010068502810649561,786.8,True,0.01675532835596995,0.032714432430561165,0.07264957264957266,0.10683760683760683,0.022570630019107304,0.028329785926885887,0.03952978605756384,0.06053794456572234,khong cai thien (3/50)
bt_dkgrec_time_only,active,2021,531,0.010089380967374807,788.7,False,,,,,,,,,
bt_dkgrec_time_only,active,2021,532,0.010102947897965162,790.1,False,,,,,,,,,
bt_dkgrec_time_only,active,2021,533,0.010056965966178921,791.6,False,,,,,,,,,
bt_dkgrec_time_only,active,2021,534,0.010099270043619562,792.9,False,,,,,,,,,
bt_dkgrec_time_only,active,2021,535,0.010099323408875727,794.3,True,0.016824565250002886,0.032725971912899984,0.07264957264957266,0.10256410256410256,0.022555668258535302,0.027313743586498247,0.03952978605756384,0.05626444029221807,khong cai thien (4/50)
bt_dkgrec_time_only,active,2021,536,0.010016519907858344,796.2,False,,,,,,,,,
bt_dkgrec_time_only,active,2021,537,0.00992885193526018,797.5,False,,,,,,,,,
bt_dkgrec_time_only,active,2021,538,0.010082986459497349,798.9,False,,,,,,,,,
bt_dkgrec_time_only,active,2021,539,0.010045920692194303,800.3,False,,,,,,,,,
bt_dkgrec_time_only,active,2021,540,0.010166328844434889,801.7,True,0.016928420591052287,0.032702892948222345,0.07264957264957266,0.10256410256410256,0.02319644644105001,0.027500610196715722,0.04273491426269204,0.05697669100446878,khong cai thien (5/50)
bt_dkgrec_time_only,active,2021,541,0.010039895010161995,803.6,False,,,,,,,,,
bt_dkgrec_time_only,active,2021,542,0.010072132813559991,805.0,False,,,,,,,,,
bt_dkgrec_time_only,active,2021,543,0.010047332026269342,806.4,False,,,,,,,,,
bt_dkgrec_time_only,active,2021,544,0.010031646465262268,807.8,False,,,,,,,,,
bt_dkgrec_time_only,active,2021,545,0.00989828778559959,809.2,True,0.016939960073391106,0.03274905087757763,0.07264957264957266,0.10683760683760683,0.023641786396366243,0.02777931196535197,0.04273491426269204,0.057261591289369064,khong cai thien (6/50)
bt_dkgrec_time_only,active,2021,546,0.010041341414717672,811.0,False,,,,,,,,,
bt_dkgrec_time_only,active,2021,547,0.010023966186028558,812.4,False,,,,,,,,,
bt_dkgrec_time_only,active,2021,548,0.010071910731700402,813.8,False,,,,,,,,,
bt_dkgrec_time_only,active,2021,549,0.010017235016433403,815.2,False,,,,,,,,,
bt_dkgrec_time_only,active,2021,550,0.01003028134829758,816.6,True,0.0169861180027464,0.03287598518330468,0.07264957264957266,0.10683760683760683,0.023407491440803417,0.02760530661861276,0.04273491426269204,0.057261591289369064,khong cai thien (7/50)
bt_dkgrec_time_only,active,2021,551,0.009915182873409829,818.5,False,,,,,,,,,
bt_dkgrec_time_only,active,2021,552,0.010021213924456396,819.9,False,,,,,,,,,
bt_dkgrec_time_only,active,2021,553,0.010016130421772858,821.3,False,,,,,,,,,
bt_dkgrec_time_only,active,2021,554,0.009896060723054207,822.7,False,,,,,,,,,
bt_dkgrec_time_only,active,2021,555,0.009877643513855849,824.1,True,0.01700919696742404,0.03308369586540348,0.07692307692307693,0.10256410256410256,0.023861470285337423,0.02716300501782981,0.04326910229688008,0.05512483915261693,khong cai thien (8/50)
bt_dkgrec_time_only,active,2021,556,0.009927841985012611,825.9,False,,,,,,,,,
bt_dkgrec_time_only,active,2021,557,0.009956779285830764,827.3,False,,,,,,,,,
bt_dkgrec_time_only,active,2021,558,0.009976972660419412,828.7,False,,,,,,,,,
bt_dkgrec_time_only,active,2021,559,0.009942528745436286,830.1,False,,,,,,,,,
bt_dkgrec_time_only,active,2021,560,0.00988018902411528,831.5,True,0.017078433861456976,0.03310677483008112,0.07264957264957266,0.10256410256410256,0.02259795924321184,0.027319387607541788,0.03899559802337581,0.057261591289369064,khong cai thien (9/50)
bt_dkgrec_time_only,active,2021,561,0.009895485225859018,833.4,False,,,,,,,,,
bt_dkgrec_time_only,active,2021,562,0.009967074005479405,834.8,False,,,,,,,,,
bt_dkgrec_time_only,active,2021,563,0.009916498388808394,836.2,False,,,,,,,,,
bt_dkgrec_time_only,active,2021,564,0.009951206566153678,837.6,False,,,,,,,,,
bt_dkgrec_time_only,active,2021,565,0.009789430577175453,839.0,True,0.017170749720167553,0.03317601172411406,0.06837606837606838,0.10256410256410256,0.022450602930954067,0.02787313485293124,0.03846140998918777,0.05897099299877078,khong cai thien (10/50)
bt_dkgrec_time_only,active,2021,566,0.009865436769982338,840.7,False,,,,,,,,,
bt_dkgrec_time_only,active,2021,567,0.00982359153472929,842.1,False,,,,,,,,,
bt_dkgrec_time_only,active,2021,568,0.009945377782883184,843.5,False,,,,,,,,,
bt_dkgrec_time_only,active,2021,569,0.00985978188615914,845.0,False,,,,,,,,,
bt_dkgrec_time_only,active,2021,570,0.009799769955618315,846.4,True,0.017182289202506376,0.03310677483008112,0.07264957264957266,0.10256410256410256,0.022896654122164548,0.02798682477553477,0.03899559802337581,0.05897099299877078,khong cai thien (11/50)
bt_dkgrec_time_only,active,2021,571,0.009883186399118806,848.3,False,,,,,,,,,
bt_dkgrec_time_only,active,2021,572,0.009901001298738428,849.7,False,,,,,,,,,
bt_dkgrec_time_only,active,2021,573,0.00984155753617231,851.1,False,,,,,,,,,
bt_dkgrec_time_only,active,2021,574,0.009891527750650561,852.5,False,,,,,,,,,
bt_dkgrec_time_only,active,2021,575,0.009777673511320273,853.9,True,0.017078433861456976,0.03323370913580817,0.07264957264957266,0.10256410256410256,0.022868608163552104,0.028041166608628224,0.03899559802337581,0.05897099299877078,khong cai thien (12/50)
bt_dkgrec_time_only,active,2021,576,0.009905699495685838,855.7,False,,,,,,,,,
bt_dkgrec_time_only,active,2021,577,0.00992147478529473,857.1,False,,,,,,,,,
bt_dkgrec_time_only,active,2021,578,0.009897234905355556,858.5,False,,,,,,,,,
bt_dkgrec_time_only,active,2021,579,0.00975723553088311,859.9,False,,,,,,,,,
bt_dkgrec_time_only,active,2021,580,0.009859663018660434,861.3,True,0.017216907649522842,0.03329140654750228,0.07264957264957266,0.10683760683760683,0.024348921570550436,0.029715105725281216,0.03899559802337581,0.05935949338727117,best
bt_dkgrec_time_only,active,2021,581,0.009786181811890133,863.1,False,,,,,,,,,
bt_dkgrec_time_only,active,2021,582,0.009946856131025247,864.5,False,,,,,,,,,
bt_dkgrec_time_only,active,2021,583,0.009869089307014961,865.9,False,,,,,,,,,
bt_dkgrec_time_only,active,2021,584,0.009778995976686656,867.3,False,,,,,,,,,
bt_dkgrec_time_only,active,2021,585,0.00973626240312636,868.7,True,0.0172976840258946,0.03338372240621286,0.07264957264957266,0.10683760683760683,0.024481136114192753,0.029844745874657904,0.03899559802337581,0.05935949338727117,best
bt_dkgrec_time_only,active,2021,586,0.009709509082288018,870.5,False,,,,,,,,,
bt_dkgrec_time_only,active,2021,587,0.009784148500375666,871.9,False,,,,,,,,,
bt_dkgrec_time_only,active,2021,588,0.009744431178751487,873.3,False,,,,,,,,,
bt_dkgrec_time_only,active,2021,589,0.009823507908836526,874.7,False,,,,,,,,,
bt_dkgrec_time_only,active,2021,590,0.009800194244158627,876.1,True,0.017170749720167553,0.03317601172411406,0.07264957264957266,0.10683760683760683,0.024524812102260214,0.02984999563740997,0.03899559802337581,0.05836234239012017,best
bt_dkgrec_time_only,active,2021,591,0.009779496737052116,877.9,False,,,,,,,,,
bt_dkgrec_time_only,active,2021,592,0.009673358292325188,879.3,False,,,,,,,,,
bt_dkgrec_time_only,active,2021,593,0.009796172319997213,880.7,False,,,,,,,,,
bt_dkgrec_time_only,active,2021,594,0.009719318810662281,882.1,False,,,,,,,,,
bt_dkgrec_time_only,active,2021,595,0.009709934326187528,883.5,True,0.01720536816718402,0.03316447224177523,0.07692307692307693,0.10256410256410256,0.024355771989359305,0.028731240224389006,0.041132350160127944,0.057934991962769744,khong cai thien (1/50)
bt_dkgrec_time_only,active,2021,596,0.009719789876493147,885.3,False,,,,,,,,,
bt_dkgrec_time_only,active,2021,597,0.009699639416655087,886.7,False,,,,,,,,,
bt_dkgrec_time_only,active,2021,598,0.009668628524441805,888.1,False,,,,,,,,,
bt_dkgrec_time_only,active,2021,599,0.009718584974891569,889.5,False,,,,,,,,,
bt_dkgrec_time_only,active,2021,600,0.00972028292827512,890.9,True,0.017170749720167553,0.0333029460298411,0.0811965811965812,0.10256410256410256,0.02541754598261047,0.029993334034311172,0.04220072622850401,0.05925774328552106,best
bt_dkgrec_time_only,active,2021,601,0.009787622279050607,892.7,False,,,,,,,,,
bt_dkgrec_time_only,active,2021,602,0.009722599908846353,894.1,False,,,,,,,,,
bt_dkgrec_time_only,active,2021,603,0.009738637092171003,895.5,False,,,,,,,,,
bt_dkgrec_time_only,active,2021,604,0.009773460113060007,896.8,False,,,,,,,,,
bt_dkgrec_time_only,active,2021,605,0.009695106665987906,898.2,True,0.017136131273151087,0.033418340853229325,0.07692307692307693,0.1111111111111111,0.024936522879285883,0.031186055510504802,0.041132350160127944,0.0628902219179997,best
bt_dkgrec_time_only,active,2021,606,0.009660715397847307,900.0,False,,,,,,,,,
bt_dkgrec_time_only,active,2021,607,0.00959875474958642,901.5,False,,,,,,,,,
bt_dkgrec_time_only,active,2021,608,0.009665105134104256,902.9,False,,,,,,,,,
bt_dkgrec_time_only,active,2021,609,0.009732290252024184,904.3,False,,,,,,,,,
bt_dkgrec_time_only,active,2021,610,0.009679081348626137,905.7,True,0.01726306557887813,0.03333756447685757,0.08547008547008547,0.10683760683760683,0.02441826804784404,0.02941185254155677,0.04362522765300543,0.06221682124459903,khong cai thien (1/50)
bt_dkgrec_time_only,active,2021,611,0.009648641495338684,907.5,False,,,,,,,,,
bt_dkgrec_time_only,active,2021,612,0.009734607799028452,908.9,False,,,,,,,,,
bt_dkgrec_time_only,active,2021,613,0.00975341655666187,910.2,False,,,,,,,,,
bt_dkgrec_time_only,active,2021,614,0.009576541487688753,911.6,False,,,,,,,,,
bt_dkgrec_time_only,active,2021,615,0.009648153059268708,913.0,True,0.01735538143758871,0.03348757774726226,0.07692307692307693,0.10256410256410256,0.021688306821709986,0.026815802894599356,0.041132350160127944,0.05901169303947082,khong cai thien (2/50)
bt_dkgrec_time_only,active,2021,616,0.009689585367487893,914.8,False,,,,,,,,,
bt_dkgrec_time_only,active,2021,617,0.009641719648862396,916.2,False,,,,,,,,,
bt_dkgrec_time_only,active,2021,618,0.009612800018915848,917.7,False,,,,,,,,,
bt_dkgrec_time_only,active,2021,619,0.009736001052524248,919.0,False,,,,,,,,,
bt_dkgrec_time_only,active,2021,620,0.009526928283906225,920.4,True,0.01734384195524989,0.03338372240621286,0.07264957264957266,0.10256410256410256,0.02043905316024417,0.026661606257714108,0.036858845886623665,0.05901169303947082,khong cai thien (3/50)
bt_dkgrec_time_only,active,2021,621,0.009589043413094593,922.2,False,,,,,,,,,
bt_dkgrec_time_only,active,2021,622,0.009543924349696736,923.6,False,,,,,,,,,
bt_dkgrec_time_only,active,2021,623,0.009641813544940092,925.0,False,,,,,,,,,
bt_dkgrec_time_only,active,2021,624,0.009653147747385762,926.4,False,,,,,,,,,
bt_dkgrec_time_only,active,2021,625,0.0097035780625996,927.8,True,0.017401539366944,0.03329140654750228,0.07264957264957266,0.10683760683760683,0.020380690656743677,0.0265731036273143,0.036858845886623665,0.05863913112844737,khong cai thien (4/50)
bt_dkgrec_time_only,active,2021,626,0.009646868802569101,929.7,False,,,,,,,,,
bt_dkgrec_time_only,active,2021,627,0.009531292524662869,931.1,False,,,,,,,,,
bt_dkgrec_time_only,active,2021,628,0.009625325664440635,932.5,False,,,,,,,,,
bt_dkgrec_time_only,active,2021,629,0.009434277593484234,933.9,False,,,,,,,,,
bt_dkgrec_time_only,active,2021,630,0.00950882275555174,935.3,True,0.017378460402266354,0.033360643441535213,0.07692307692307693,0.10683760683760683,0.02114432480496175,0.02669825777735365,0.038537722565500344,0.059066481555797794,khong cai thien (5/50)
bt_dkgrec_time_only,active,2021,631,0.009543513302742388,937.1,False,,,,,,,,,
bt_dkgrec_time_only,active,2021,632,0.009550652881479455,938.5,False,,,,,,,,,
bt_dkgrec_time_only,active,2021,633,0.009443356844870163,939.8,False,,,,,,,,,
bt_dkgrec_time_only,active,2021,634,0.009560405667002829,941.2,False,,,,,,,,,
bt_dkgrec_time_only,active,2021,635,0.009469909498162425,942.6,True,0.017493855225654577,0.03359143308831166,0.07692307692307693,0.10256410256410256,0.021387255956154164,0.027067619062055168,0.037927221954999736,0.05972394375172153,khong cai thien (6/50)
bt_dkgrec_time_only,active,2021,636,0.009564332765419134,944.5,False,,,,,,,,,
bt_dkgrec_time_only,active,2021,637,0.009626811842930896,945.9,False,,,,,,,,,
bt_dkgrec_time_only,active,2021,638,0.00953278310847571,947.3,False,,,,,,,,,
bt_dkgrec_time_only,active,2021,639,0.009560011506060912,948.7,False,,,,,,,,,
bt_dkgrec_time_only,active,2021,640,0.00949819729870713,950.1,True,0.017493855225654577,0.03344141981790697,0.0811965811965812,0.10256410256410256,0.021555540331039246,0.026821346861806986,0.03935172337950116,0.05972394375172153,khong cai thien (7/50)
bt_dkgrec_time_only,active,2021,641,0.009485661157877062,951.9,False,,,,,,,,,
bt_dkgrec_time_only,active,2021,642,0.009473627105440448,953.3,False,,,,,,,,,
bt_dkgrec_time_only,active,2021,643,0.009572635480443266,954.7,False,,,,,,,,,
bt_dkgrec_time_only,active,2021,644,0.009590465493654861,956.1,False,,,,,,,,,
bt_dkgrec_time_only,active,2021,645,0.009478256966104295,957.5,True,0.017643868496059267,0.033579893605972834,0.0811965811965812,0.10256410256410256,0.02190132115617083,0.027525705843771932,0.03935172337950116,0.0607923198200976,khong cai thien (8/50)
bt_dkgrec_time_only,active,2021,646,0.00958170764565998,959.4,False,,,,,,,,,
bt_dkgrec_time_only,active,2021,647,0.00945758552983221,960.8,False,,,,,,,,,
bt_dkgrec_time_only,active,2021,648,0.009493515478699657,962.2,False,,,,,,,,,
bt_dkgrec_time_only,active,2021,649,0.009459158360806708,963.6,False,,,,,,,,,
bt_dkgrec_time_only,active,2021,650,0.00937545893812075,965.0,True,0.017574631602026332,0.033764525323393996,0.0811965811965812,0.10256410256410256,0.02208987936135777,0.02781059752456464,0.03935172337950116,0.0607923198200976,khong cai thien (9/50)
bt_dkgrec_time_only,active,2021,651,0.00952358968804275,966.8,False,,,,,,,,,
bt_dkgrec_time_only,active,2021,652,0.009452506560746267,968.2,False,,,,,,,,,
bt_dkgrec_time_only,active,2021,653,0.009466713693538246,969.6,False,,,,,,,,,
bt_dkgrec_time_only,active,2021,654,0.009463049504573509,971.0,False,,,,,,,,,
bt_dkgrec_time_only,active,2021,655,0.009442255098117214,972.4,True,0.01765540797839809,0.0338222227350881,0.07264957264957266,0.10256410256410256,0.02113876725465838,0.02790319530741766,0.03660447063224841,0.0607923198200976,khong cai thien (10/50)
bt_dkgrec_time_only,active,2021,656,0.009429533711855136,974.4,False,,,,,,,,,
bt_dkgrec_time_only,active,2021,657,0.009373765307430441,975.7,False,,,,,,,,,
bt_dkgrec_time_only,active,2021,658,0.009448884863601582,977.1,False,,,,,,,,,
bt_dkgrec_time_only,active,2021,659,0.009410225908125376,978.5,False,,,,,,,,,
bt_dkgrec_time_only,active,2021,660,0.00944787527471254,979.9,True,0.017724644872431024,0.033937617558476324,0.07264957264957266,0.10256410256410256,0.021141404726875878,0.027695322328663466,0.03660447063224841,0.06018181920959699,khong cai thien (11/50)
bt_dkgrec_time_only,active,2021,661,0.009321667444241106,981.7,False,,,,,,,,,
bt_dkgrec_time_only,active,2021,662,0.009387490975177592,983.1,False,,,,,,,,,
bt_dkgrec_time_only,active,2021,663,0.009385480668421283,984.5,False,,,,,,,,,
bt_dkgrec_time_only,active,2021,664,0.009348210830744096,985.9,False,,,,,,,,,
bt_dkgrec_time_only,active,2021,665,0.009430725348900786,987.4,True,0.017747723837108667,0.03394915704081515,0.07264957264957266,0.10683760683760683,0.021220149196744777,0.029282545457318662,0.03660447063224841,0.06522410202965759,khong cai thien (12/50)
bt_dkgrec_time_only,active,2021,666,0.009425681798909269,989.3,False,,,,,,,,,
bt_dkgrec_time_only,active,2021,667,0.0093878538494851,990.7,False,,,,,,,,,
bt_dkgrec_time_only,active,2021,668,0.009411165630239828,992.1,False,,,,,,,,,
bt_dkgrec_time_only,active,2021,669,0.009477488313644365,993.4,False,,,,,,,,,
bt_dkgrec_time_only,active,2021,670,0.00937198113067246,994.8,True,0.017828500213480425,0.03394915704081515,0.06837606837606838,0.1111111111111111,0.021415222320187544,0.030810162661252458,0.036070282598060374,0.06949760630316186,khong cai thien (13/50)
bt_dkgrec_time_only,active,2021,671,0.009412767864697972,996.6,False,,,,,,,,,
bt_dkgrec_time_only,active,2021,672,0.009395444523242615,998.0,False,,,,,,,,,
bt_dkgrec_time_only,active,2021,673,0.00941222360266167,999.5,False,,,,,,,,,
bt_dkgrec_time_only,active,2021,674,0.009358039553493855,1000.9,False,,,,,,,,,
bt_dkgrec_time_only,active,2021,675,0.009406834579902698,1002.3,True,0.017782342284125133,0.033983775487831616,0.07692307692307693,0.11538461538461539,0.022122975958845305,0.030926167873404034,0.03721497124274902,0.06942129372684928,khong cai thien (14/50)
bt_dkgrec_time_only,active,2021,676,0.009328429654642407,1004.1,False,,,,,,,,,
bt_dkgrec_time_only,active,2021,677,0.00935085524063433,1005.5,False,,,,,,,,,
bt_dkgrec_time_only,active,2021,678,0.009355404287947726,1006.9,False,,,,,,,,,
bt_dkgrec_time_only,active,2021,679,0.009380020850636394,1008.3,False,,,,,,,,,
bt_dkgrec_time_only,active,2021,680,0.009338235065380866,1009.6,True,0.017736184354769844,0.033914538593798685,0.0811965811965812,0.11538461538461539,0.02363832033865753,0.03106173840858797,0.041488475516253294,0.06899394329949886,khong cai thien (15/50)
bt_dkgrec_time_only,active,2021,681,0.009370639108249246,1011.4,False,,,,,,,,,
bt_dkgrec_time_only,active,2021,682,0.00933747790351159,1012.9,False,,,,,,,,,
bt_dkgrec_time_only,active,2021,683,0.009331827257582196,1014.3,False,,,,,,,,,
bt_dkgrec_time_only,active,2021,684,0.00930995590413533,1015.7,False,,,,,,,,,
bt_dkgrec_time_only,active,2021,685,0.009281216601584362,1017.1,True,0.017736184354769844,0.03390299911145986,0.07692307692307693,0.11538461538461539,0.022941361140437256,0.03107653248911283,0.04077622480400258,0.06960444390999947,khong cai thien (16/50)
bt_dkgrec_time_only,active,2021,686,0.009302217008167551,1018.9,False,,,,,,,,,
bt_dkgrec_time_only,active,2021,687,0.00928443953237392,1020.3,False,,,,,,,,,
bt_dkgrec_time_only,active,2021,688,0.009355815631102413,1021.7,False,,,,,,,,,
bt_dkgrec_time_only,active,2021,689,0.009360762748444508,1023.0,False,,,,,,,,,
bt_dkgrec_time_only,active,2021,690,0.009258107773969789,1024.4,True,0.017747723837108667,0.03400685445250926,0.0811965811965812,0.1111111111111111,0.02355349270110464,0.029427502612536724,0.041488475516253294,0.06361968792524347,khong cai thien (17/50)
bt_dkgrec_time_only,active,2021,691,0.009244391658196231,1026.2,False,,,,,,,,,
bt_dkgrec_time_only,active,2021,692,0.009302908038465115,1027.6,False,,,,,,,,,
bt_dkgrec_time_only,active,2021,693,0.009325095096857968,1029.1,False,,,,,,,,,
bt_dkgrec_time_only,active,2021,694,0.009247712824161217,1030.5,False,,,,,,,,,
bt_dkgrec_time_only,active,2021,695,0.009314406747886883,1031.8,True,0.017724644872431024,0.033937617558476324,0.0811965811965812,0.1111111111111111,0.023394283090984343,0.02907997185886582,0.041488475516253294,0.06361968792524347,khong cai thien (18/50)
bt_dkgrec_time_only,active,2021,696,0.009254384178887699,1033.7,False,,,,,,,,,
bt_dkgrec_time_only,active,2021,697,0.009259655880436582,1035.1,False,,,,,,,,,
bt_dkgrec_time_only,active,2021,698,0.009342693028294519,1036.4,False,,,,,,,,,
bt_dkgrec_time_only,active,2021,699,0.009235595754508275,1037.8,False,,,,,,,,,
bt_dkgrec_time_only,active,2021,700,0.009329566430938336,1039.2,True,0.017816960731141602,0.0339722360054928,0.0811965811965812,0.11538461538461539,0.024880595641348008,0.030815246937899072,0.04081939151383596,0.06366285463507686,khong cai thien (19/50)
bt_dkgrec_time_only,active,2021,701,0.00935152252957171,1041.0,False,,,,,,,,,
bt_dkgrec_time_only,active,2021,702,0.00921025764630322,1042.5,False,,,,,,,,,
bt_dkgrec_time_only,active,2021,703,0.009248576465031846,1043.9,False,,,,,,,,,
bt_dkgrec_time_only,active,2021,704,0.009221613488679298,1045.3,False,,,,,,,,,
bt_dkgrec_time_only,active,2021,705,0.009221574894470244,1046.6,True,0.01786311866049689,0.033926078076137504,0.07692307692307693,0.10683760683760683,0.024638658162591826,0.030397566498487207,0.04077622480400258,0.06280059960615517,khong cai thien (20/50)
bt_dkgrec_time_only,active,2021,706,0.009176329842443775,1048.4,False,,,,,,,,,
bt_dkgrec_time_only,active,2021,707,0.009224816391279509,1049.8,False,,,,,,,,,
bt_dkgrec_time_only,active,2021,708,0.00922176234503709,1051.2,False,,,,,,,,,
bt_dkgrec_time_only,active,2021,709,0.009140186193086581,1052.6,False,,,,,,,,,
bt_dkgrec_time_only,active,2021,710,0.009210046912653617,1054.0,True,0.017955434519207468,0.03405301238186455,0.07692307692307693,0.10256410256410256,0.024164807970241408,0.02972708488209108,0.04077622480400258,0.060238347043902594,khong cai thien (21/50)
bt_dkgrec_time_only,active,2021,711,0.009164082021416716,1055.9,False,,,,,,,,,
bt_dkgrec_time_only,active,2021,712,0.009128973638939615,1057.4,False,,,,,,,,,
bt_dkgrec_time_only,active,2021,713,0.00915070302666816,1058.8,False,,,,,,,,,
bt_dkgrec_time_only,active,2021,714,0.00927516219827079,1060.2,False,,,,,,,,,
bt_dkgrec_time_only,active,2021,715,0.00913345774498147,1061.5,True,0.01796697400154629,0.03408763082888101,0.0811965811965812,0.10683760683760683,0.024496337931283828,0.029961547687264542,0.04291297694075472,0.06237509918065474,khong cai thien (22/50)
bt_dkgrec_time_only,active,2021,716,0.009266551730487146,1063.3,False,,,,,,,,,
bt_dkgrec_time_only,active,2021,717,0.009160227430713852,1064.7,False,,,,,,,,,
bt_dkgrec_time_only,active,2021,718,0.009211903430799702,1066.1,False,,,,,,,,,
bt_dkgrec_time_only,active,2021,719,0.00918119811622469,1067.5,False,,,,,,,,,
bt_dkgrec_time_only,active,2021,720,0.009174618267780219,1068.9,True,0.01796697400154629,0.034353038922673926,0.0811965811965812,0.10256410256410256,0.024844406928443235,0.028303745694335854,0.04291297694075472,0.055341751869529644,khong cai thien (23/50)
bt_dkgrec_time_only,active,2021,721,0.009133159988643185,1070.8,False,,,,,,,,,
bt_dkgrec_time_only,active,2021,722,0.009175917678200267,1072.2,False,,,,,,,,,
bt_dkgrec_time_only,active,2021,723,0.009127285995244185,1073.6,False,,,,,,,,,
bt_dkgrec_time_only,active,2021,724,0.00904689722010084,1075.0,False,,,,,,,,,
bt_dkgrec_time_only,active,2021,725,0.00916728111306283,1076.4,True,0.017874658142835714,0.03431842047565746,0.0811965811965812,0.10256410256410256,0.025255813350110037,0.028498102035165087,0.04291297694075472,0.05491440144217922,khong cai thien (24/50)
bt_dkgrec_time_only,active,2021,726,0.00913182532503106,1078.2,False,,,,,,,,,
bt_dkgrec_time_only,active,2021,727,0.009117952756315481,1079.6,False,,,,,,,,,
bt_dkgrec_time_only,active,2021,728,0.009233974964034953,1081.0,False,,,,,,,,,
bt_dkgrec_time_only,active,2021,729,0.00914146227532992,1082.4,False,,,,,,,,,
bt_dkgrec_time_only,active,2021,730,0.009106058758547761,1083.8,True,0.01786311866049689,0.03421456513460806,0.07692307692307693,0.10256410256410256,0.024116625424483822,0.02834869819180515,0.04077622480400258,0.055341751869529644,khong cai thien (25/50)
bt_dkgrec_time_only,active,2021,731,0.009066947262433083,1085.7,False,,,,,,,,,
bt_dkgrec_time_only,active,2021,732,0.00908414648822215,1087.1,False,,,,,,,,,
bt_dkgrec_time_only,active,2021,733,0.009109479350595239,1088.5,False,,,,,,,,,
bt_dkgrec_time_only,active,2021,734,0.009130566783986624,1089.9,False,,,,,,,,,
bt_dkgrec_time_only,active,2021,735,0.009164665203563365,1091.3,True,0.017874658142835714,0.03437611788735157,0.07692307692307693,0.10256410256410256,0.024150158608004086,0.02860118206196952,0.04077622480400258,0.05573025225803003,khong cai thien (26/50)
bt_dkgrec_time_only,active,2021,736,0.00915340546289637,1093.1,False,,,,,,,,,
bt_dkgrec_time_only,active,2021,737,0.009133610272413828,1094.5,False,,,,,,,,,
bt_dkgrec_time_only,active,2021,738,0.009061817128223544,1095.8,False,,,,,,,,,
bt_dkgrec_time_only,active,2021,739,0.009121814345261705,1097.3,False,,,,,,,,,
bt_dkgrec_time_only,active,2021,740,0.009110898042543442,1098.7,True,0.01790927658985218,0.034479973228400976,0.0811965811965812,0.10256410256410256,0.025202114743457887,0.028180067271098064,0.04504972907750686,0.05501800154577932,khong cai thien (27/50)
bt_dkgrec_time_only,active,2021,741,0.009099114912180227,1100.6,False,,,,,,,,,
bt_dkgrec_time_only,active,2021,742,0.009068878701628367,1102.0,False,,,,,,,,,
bt_dkgrec_time_only,active,2021,743,0.009143737138423452,1103.4,False,,,,,,,,,
bt_dkgrec_time_only,active,2021,744,0.009088086032606696,1104.7,False,,,,,,,,,
bt_dkgrec_time_only,active,2021,745,0.009026751918867735,1106.2,True,0.01790927658985218,0.03446843374606215,0.08547008547008547,0.10256410256410256,0.026613116773948065,0.029352806827651977,0.045477079504857285,0.05501800154577932,khong cai thien (28/50)
bt_dkgrec_time_only,active,2021,746,0.00908252089099442,1108.0,False,,,,,,,,,
bt_dkgrec_time_only,active,2021,747,0.009158758477360215,1109.3,False,,,,,,,,,
bt_dkgrec_time_only,active,2021,748,0.009106939203757798,1110.7,False,,,,,,,,,
bt_dkgrec_time_only,active,2021,749,0.009109330794520518,1112.1,False,,,,,,,,,
bt_dkgrec_time_only,active,2021,750,0.00904504596152456,1113.6,True,0.017955434519207468,0.03446843374606215,0.0811965811965812,0.10256410256410256,0.026074532265943914,0.029129560823033415,0.04440870343648121,0.05491440144217922,khong cai thien (29/50)
bt_dkgrec_time_only,active,2021,751,0.009082146012499657,1115.5,False,,,,,,,,,
bt_dkgrec_time_only,active,2021,752,0.009036939296550616,1116.9,False,,,,,,,,,
bt_dkgrec_time_only,active,2021,753,0.009099260508771079,1118.3,False,,,,,,,,,
bt_dkgrec_time_only,active,2021,754,0.009086050256244167,1119.7,False,,,,,,,,,
bt_dkgrec_time_only,active,2021,755,0.009001765639397283,1121.1,True,0.017932355554529825,0.034479973228400976,0.0811965811965812,0.10256410256410256,0.025754604463837427,0.029293960570644074,0.04440870343648121,0.056015152542930324,khong cai thien (30/50)
bt_dkgrec_time_only,active,2021,756,0.00904690532803801,1122.9,False,,,,,,,,,
bt_dkgrec_time_only,active,2021,757,0.009021747772863823,1124.2,False,,,,,,,,,
bt_dkgrec_time_only,active,2021,758,0.009171971275470286,1125.7,False,,,,,,,,,
bt_dkgrec_time_only,active,2021,759,0.009090143227328686,1127.1,False,,,,,,,,,
bt_dkgrec_time_only,active,2021,760,0.009085091795697353,1128.5,True,0.017897737107513356,0.03450305219307862,0.07692307692307693,0.10256410256410256,0.024010635663019364,0.028494433551150323,0.04013519916297694,0.05562665215442993,khong cai thien (31/50)
bt_dkgrec_time_only,active,2021,761,0.009002430082210962,1130.3,False,,,,,,,,,
bt_dkgrec_time_only,active,2021,762,0.009011267900527387,1131.7,False,,,,,,,,,
bt_dkgrec_time_only,active,2021,763,0.008962717483442899,1133.1,False,,,,,,,,,
bt_dkgrec_time_only,active,2021,764,0.00899447723865622,1134.5,False,,,,,,,,,
bt_dkgrec_time_only,active,2021,765,0.009044659974156159,1135.9,True,0.018024671413240403,0.03461844701646684,0.0811965811965812,0.10683760683760683,0.025430449786616943,0.029773230215972758,0.04440870343648121,0.059900156427934205,khong cai thien (32/50)
bt_dkgrec_time_only,active,2021,766,0.008974923654906403,1137.6,False,,,,,,,,,
bt_dkgrec_time_only,active,2021,767,0.009068087525823184,1139.0,False,,,,,,,,,
bt_dkgrec_time_only,active,2021,768,0.009042026967206582,1140.5,False,,,,,,,,,
bt_dkgrec_time_only,active,2021,769,0.009004233861064557,1141.9,False,,,,,,,,,
bt_dkgrec_time_only,active,2021,770,0.009106693015997909,1143.3,True,0.018001592448562757,0.03468768391049978,0.08547008547008547,0.10683760683760683,0.02855381144943241,0.03207289234110032,0.04654545557323335,0.059900156427934205,best
bt_dkgrec_time_only,active,2021,771,0.00896952402590955,1145.1,False,,,,,,,,,
bt_dkgrec_time_only,active,2021,772,0.008969093100263718,1146.5,False,,,,,,,,,
bt_dkgrec_time_only,active,2021,773,0.00901682732263727,1147.9,False,,,,,,,,,
bt_dkgrec_time_only,active,2021,774,0.008992726648305938,1149.3,False,,,,,,,,,
bt_dkgrec_time_only,active,2021,775,0.00900127791489961,1150.6,True,0.017955434519207468,0.034629986498805665,0.07692307692307693,0.10256410256410256,0.02610714572177874,0.030568784576171914,0.04398135300913079,0.059793318821096605,khong cai thien (1/50)
bt_dkgrec_time_only,active,2021,776,0.00904983030535955,1152.4,False,,,,,,,,,
bt_dkgrec_time_only,active,2021,777,0.008902849646551142,1153.9,False,,,,,,,,,
bt_dkgrec_time_only,active,2021,778,0.008970983360034867,1155.3,False,,,,,,,,,
bt_dkgrec_time_only,active,2021,779,0.008876517491662277,1156.7,False,,,,,,,,,
bt_dkgrec_time_only,active,2021,780,0.008983806806182704,1158.1,True,0.01807082934259569,0.03461844701646684,0.08547008547008547,0.10683760683760683,0.028091491518009083,0.03227510166528835,0.04654545557323335,0.06193007095784874,best
bt_dkgrec_time_only,active,2021,781,0.008946808346241295,1159.9,False,,,,,,,,,
bt_dkgrec_time_only,active,2021,782,0.009049647123398947,1161.3,False,,,,,,,,,
bt_dkgrec_time_only,active,2021,783,0.008980025193295917,1162.7,False,,,,,,,,,
bt_dkgrec_time_only,active,2021,784,0.00882565120147509,1164.0,False,,,,,,,,,
bt_dkgrec_time_only,active,2021,785,0.008925366932166326,1165.4,True,0.018151605718967446,0.034779999769210354,0.08974358974358974,0.10683760683760683,0.028246975559102352,0.0312723471866147,0.04761383164160942,0.0581907547185325,khong cai thien (1/50)
bt_dkgrec_time_only,active,2021,786,0.008974176267059824,1167.2,False,,,,,,,,,
bt_dkgrec_time_only,active,2021,787,0.00898838636731723,1168.6,False,,,,,,,,,
bt_dkgrec_time_only,active,2021,788,0.00901082258694915,1170.1,False,,,,,,,,,
bt_dkgrec_time_only,active,2021,789,0.008951239269186697,1171.5,False,,,,,,,,,
bt_dkgrec_time_only,active,2021,790,0.008934909212433988,1172.9,True,0.018209303130661558,0.03489539459259858,0.08547008547008547,0.10683760683760683,0.027646298584788495,0.03132427739418736,0.045477079504857285,0.0581907547185325,khong cai thien (2/50)
bt_dkgrec_time_only,active,2021,791,0.008842393590139165,1174.7,False,,,,,,,,,
bt_dkgrec_time_only,active,2021,792,0.008916589519537653,1176.0,False,,,,,,,,,
bt_dkgrec_time_only,active,2021,793,0.00896871087112333,1177.4,False,,,,,,,,,
bt_dkgrec_time_only,active,2021,794,0.008924830384782437,1178.8,False,,,,,,,,,
bt_dkgrec_time_only,active,2021,795,0.008926106570914742,1180.2,True,0.018174684683645092,0.034918473557276224,0.08547008547008547,0.11538461538461539,0.027751569777624205,0.032885164429999815,0.045477079504857285,0.0638887604165382,best
bt_dkgrec_time_only,active,2021,796,0.00895368602885342,1182.0,False,,,,,,,,,
bt_dkgrec_time_only,active,2021,797,0.008878442286358989,1183.4,False,,,,,,,,,
bt_dkgrec_time_only,active,2021,798,0.00894897907944897,1184.9,False,,,,,,,,,
bt_dkgrec_time_only,active,2021,799,0.008948805023386616,1186.3,False,,,,,,,,,
bt_dkgrec_time_only,active,2021,800,0.008882315980420536,1187.7,True,0.018243921577678027,0.03473384183985506,0.08547008547008547,0.11538461538461539,0.02736758255783971,0.03244254500468749,0.045477079504857285,0.0638887604165382,khong cai thien (1/50)
bt_dkgrec_time_only,active,2021,801,0.008853700485436745,1189.5,False,,,,,,,,,
bt_dkgrec_time_only,active,2021,802,0.008911806861263926,1190.8,False,,,,,,,,,
bt_dkgrec_time_only,active,2021,803,0.008970275781432982,1192.2,False,,,,,,,,,
bt_dkgrec_time_only,active,2021,804,0.00881627123869916,1193.6,False,,,,,,,,,
bt_dkgrec_time_only,active,2021,805,0.008833173103402498,1195.0,True,0.01822084261300038,0.03467614442816095,0.08547008547008547,0.1111111111111111,0.02768477333294309,0.032542809568240516,0.04512095414873193,0.06236250889028667,khong cai thien (2/50)
bt_dkgrec_time_only,active,2021,806,0.008866017517353076,1196.9,False,,,,,,,,,
bt_dkgrec_time_only,active,2021,807,0.008941870486346003,1198.4,False,,,,,,,,,
bt_dkgrec_time_only,active,2021,808,0.008906370655295249,1199.8,False,,,,,,,,,
bt_dkgrec_time_only,active,2021,809,0.008856199254561707,1201.2,False,,,,,,,,,
bt_dkgrec_time_only,active,2021,810,0.00891657810087296,1202.6,True,0.01816314520130627,0.03476846028687153,0.08974358974358974,0.10683760683760683,0.0289565783509603,0.03245594608253524,0.04679983082760861,0.06022575675353453,khong cai thien (3/50)
bt_dkgrec_time_only,active,2021,811,0.008870143043753265,1204.4,False,,,,,,,,,
bt_dkgrec_time_only,active,2021,812,0.00884175490053443,1205.8,False,,,,,,,,,
bt_dkgrec_time_only,active,2021,813,0.008877003871194136,1207.2,False,,,,,,,,,
bt_dkgrec_time_only,active,2021,814,0.008842167840331427,1208.5,False,,,,,,,,,
bt_dkgrec_time_only,active,2021,815,0.008822288253570414,1209.9,True,0.018128526754289803,0.03473384183985506,0.08547008547008547,0.1111111111111111,0.027383783314190512,0.031987884003025935,0.04512095414873193,0.060981174175618616,khong cai thien (4/50)
bt_dkgrec_time_only,active,2021,816,0.008887761469582974,1211.9,False,,,,,,,,,
bt_dkgrec_time_only,active,2021,817,0.008828655898729026,1213.3,False,,,,,,,,,
bt_dkgrec_time_only,active,2021,818,0.008732298642169765,1214.7,False,,,,,,,,,
bt_dkgrec_time_only,active,2021,819,0.008891657431267328,1216.0,False,,,,,,,,,
bt_dkgrec_time_only,active,2021,820,0.008842251122447154,1217.4,True,0.018174684683645092,0.03466460494582213,0.08974358974358974,0.1111111111111111,0.027584668113875763,0.031742689898558725,0.046189330217108,0.060981174175618616,khong cai thien (5/50)
bt_dkgrec_time_only,active,2021,821,0.008860342997981614,1219.2,False,,,,,,,,,
bt_dkgrec_time_only,active,2021,822,0.008803956624035804,1220.6,False,,,,,,,,,
bt_dkgrec_time_only,active,2021,823,0.008830860671398875,1222.0,False,,,,,,,,,
bt_dkgrec_time_only,active,2021,824,0.008867808339455602,1223.4,False,,,,,,,,,
bt_dkgrec_time_only,active,2021,825,0.008806186904840354,1224.8,True,0.01822084261300038,0.034779999769210354,0.08974358974358974,0.1111111111111111,0.027192753006499176,0.03165781787532503,0.046189330217108,0.06236250889028667,khong cai thien (6/50)
bt_dkgrec_time_only,active,2021,826,0.008719172007682794,1226.7,False,,,,,,,,,
bt_dkgrec_time_only,active,2021,827,0.008771916197483815,1228.1,False,,,,,,,,,
bt_dkgrec_time_only,active,2021,828,0.008776295319061558,1229.5,False,,,,,,,,,
bt_dkgrec_time_only,active,2021,829,0.008867471249841887,1230.9,False,,,,,,,,,
bt_dkgrec_time_only,active,2021,830,0.008718060084519006,1232.3,True,0.018186224165983915,0.03476846028687153,0.08974358974358974,0.11965811965811966,0.0272079771447273,0.03266032126723484,0.046189330217108,0.06496977816422261,khong cai thien (7/50)
bt_dkgrec_time_only,active,2021,831,0.008820286717110113,1234.1,False,,,,,,,,,
bt_dkgrec_time_only,active,2021,832,0.008741159567643673,1235.5,False,,,,,,,,,
bt_dkgrec_time_only,active,2021,833,0.008689607778966005,1236.8,False,,,,,,,,,
bt_dkgrec_time_only,active,2021,834,0.008738835596553167,1238.2,False,,,,,,,,,
bt_dkgrec_time_only,active,2021,835,0.00875720631629355,1239.7,True,0.018232382095339204,0.03494155252195386,0.08974358974358974,0.1111111111111111,0.02725534850362728,0.03199600183358174,0.046189330217108,0.06307475960253739,khong cai thien (8/50)
bt_dkgrec_time_only,active,2021,836,0.008789831443510877,1241.6,False,,,,,,,,,
bt_dkgrec_time_only,active,2021,837,0.008781623200082474,1243.0,False,,,,,,,,,
bt_dkgrec_time_only,active,2021,838,0.008811418554479483,1244.3,False,,,,,,,,,
bt_dkgrec_time_only,active,2021,839,0.008862108681933196,1245.7,False,,,,,,,,,
bt_dkgrec_time_only,active,2021,840,0.008827958794706126,1247.1,True,0.018186224165983915,0.03504540786300327,0.08974358974358974,0.1111111111111111,0.028579431430537365,0.03270437462376036,0.046189330217108,0.06175200827978606,khong cai thien (9/50)
bt_dkgrec_time_only,active,2021,841,0.00876906919268554,1248.9,False,,,,,,,,,
bt_dkgrec_time_only,active,2021,842,0.008846587874484496,1250.3,False,,,,,,,,,
bt_dkgrec_time_only,active,2021,843,0.008721357729554532,1251.7,False,,,,,,,,,
bt_dkgrec_time_only,active,2021,844,0.008787082855183382,1253.1,False,,,,,,,,,
bt_dkgrec_time_only,active,2021,845,0.008820083439300842,1254.5,True,0.018243921577678027,0.035137723721713844,0.08974358974358974,0.11538461538461539,0.02885930999066622,0.03374685509036825,0.046189330217108,0.06311792631237076,best
bt_dkgrec_time_only,active,2021,846,0.008730337332073236,1256.4,False,,,,,,,,,
bt_dkgrec_time_only,active,2021,847,0.008653729317261402,1257.8,False,,,,,,,,,
bt_dkgrec_time_only,active,2021,848,0.008675308080165693,1259.2,False,,,,,,,,,
bt_dkgrec_time_only,active,2021,849,0.008755876588372914,1260.6,False,,,,,,,,,
bt_dkgrec_time_only,active,2021,850,0.008786456657799455,1262.0,True,0.018359316401066247,0.03531081595679618,0.08547008547008547,0.11538461538461539,0.02734868179175368,0.03215859451207187,0.045761979789757566,0.06250742570187015,khong cai thien (1/50)
bt_dkgrec_time_only,active,2021,851,0.008703940172409802,1263.8,False,,,,,,,,,
bt_dkgrec_time_only,active,2021,852,0.008702913270458282,1265.2,False,,,,,,,,,
bt_dkgrec_time_only,active,2021,853,0.008683706460561562,1266.6,False,,,,,,,,,
bt_dkgrec_time_only,active,2021,854,0.008763249621418473,1268.0,False,,,,,,,,,
bt_dkgrec_time_only,active,2021,855,0.008686341949241849,1269.4,True,0.018486250706793293,0.035541605603572626,0.0811965811965812,0.1111111111111111,0.02810193405460976,0.0334805969756172,0.04504972907750686,0.06460101112878891,khong cai thien (2/50)
bt_dkgrec_time_only,active,2021,856,0.008737036539157994,1271.2,False,,,,,,,,,
bt_dkgrec_time_only,active,2021,857,0.008686946463532436,1272.6,False,,,,,,,,,
bt_dkgrec_time_only,active,2021,858,0.008757055348041684,1274.0,False,,,,,,,,,
bt_dkgrec_time_only,active,2021,859,0.008686320387269545,1275.4,False,,,,,,,,,
bt_dkgrec_time_only,active,2021,860,0.008686402476087419,1276.8,True,0.01850932967147094,0.03547236870953969,0.08547008547008547,0.11538461538461539,0.028532469070623546,0.032813854530342274,0.045761979789757566,0.06032371197969488,khong cai thien (3/50)
bt_dkgrec_time_only,active,2021,861,0.008625680816908357,1278.6,False,,,,,,,,,
bt_dkgrec_time_only,active,2021,862,0.00877453682224404,1280.0,False,,,,,,,,,
bt_dkgrec_time_only,active,2021,863,0.008743577850643607,1281.4,False,,,,,,,,,
bt_dkgrec_time_only,active,2021,864,0.008661497927662496,1282.8,False,,,,,,,,,
bt_dkgrec_time_only,active,2021,865,0.008759424207258226,1284.2,True,0.018313158471710958,0.0354262107801844,0.08547008547008547,0.11538461538461539,0.027380014523423556,0.03161330035993995,0.045761979789757566,0.0601405617965447,khong cai thien (4/50)
bt_dkgrec_time_only,active,2021,866,0.008681584370875772,1286.0,False,,,,,,,,,
bt_dkgrec_time_only,active,2021,867,0.008666925484492988,1287.4,False,,,,,,,,,
bt_dkgrec_time_only,active,2021,868,0.008706498014652021,1288.8,False,,,,,,,,,
bt_dkgrec_time_only,active,2021,869,0.008653152629600525,1290.2,False,,,,,,,,,
bt_dkgrec_time_only,active,2021,870,0.008688390098322528,1291.6,True,0.01847471122445447,0.03544928974486205,0.08547008547008547,0.10683760683760683,0.02743207419335991,0.030616597405986917,0.04608758011535789,0.05643439142370766,khong cai thien (5/50)
bt_dkgrec_time_only,active,2021,871,0.008666982159042203,1293.4,False,,,,,,,,,
bt_dkgrec_time_only,active,2021,872,0.008696468983268752,1294.8,False,,,,,,,,,
bt_dkgrec_time_only,active,2021,873,0.008665913176118489,1296.2,False,,,,,,,,,
bt_dkgrec_time_only,active,2021,874,0.00870612382832739,1297.6,False,,,,,,,,,
bt_dkgrec_time_only,active,2021,875,0.008658898315655219,1299.0,True,0.01852086915380976,0.03536851336849029,0.08547008547008547,0.11538461538461539,0.0286110206597212,0.03396814612022188,0.04507399256330881,0.06498139997071621,best
bt_dkgrec_time_only,active,2021,876,0.008617394951538276,1300.8,False,,,,,,,,,
bt_dkgrec_time_only,active,2021,877,0.008615220251037305,1302.2,False,,,,,,,,,
bt_dkgrec_time_only,active,2021,878,0.008663015412814619,1303.6,False,,,,,,,,,
bt_dkgrec_time_only,active,2021,879,0.008650193908686118,1305.0,False,,,,,,,,,
bt_dkgrec_time_only,active,2021,880,0.008620290681641803,1306.3,True,0.018590106047842694,0.035506987156556154,0.07692307692307693,0.1111111111111111,0.028976684413259648,0.03449726862753837,0.04074569977347755,0.06028054526986151,best
bt_dkgrec_time_only,active,2021,881,0.008667390737268054,1308.1,False,,,,,,,,,
bt_dkgrec_time_only,active,2021,882,0.00868706086696872,1309.5,False,,,,,,,,,
bt_dkgrec_time_only,active,2021,883,0.008630305891875125,1311.0,False,,,,,,,,,
bt_dkgrec_time_only,active,2021,884,0.008610113745545019,1312.4,False,,,,,,,,,
bt_dkgrec_time_only,active,2021,885,0.008639826555862798,1313.8,True,0.01865934294187563,0.03561084249760556,0.0811965811965812,0.1111111111111111,0.028440917258118658,0.03321306408440905,0.042882451910229685,0.06028054526986151,khong cai thien (1/50)
bt_dkgrec_time_only,active,2021,886,0.008672815167112337,1315.5,False,,,,,,,,,
bt_dkgrec_time_only,active,2021,887,0.008580263802745913,1316.9,False,,,,,,,,,
bt_dkgrec_time_only,active,2021,888,0.008632333741945263,1318.3,False,,,,,,,,,
bt_dkgrec_time_only,active,2021,889,0.00861332027059483,1319.7,False,,,,,,,,,
bt_dkgrec_time_only,active,2021,890,0.008593121310296008,1321.1,True,0.018636263977197982,0.0355300661212338,0.0811965811965812,0.1111111111111111,0.027890341899162157,0.03308931805695288,0.042882451910229685,0.06109639608571232,khong cai thien (2/50)
bt_dkgrec_time_only,active,2021,891,0.008571413691085526,1322.9,False,,,,,,,,,
bt_dkgrec_time_only,active,2021,892,0.00863080649860482,1324.3,False,,,,,,,,,
bt_dkgrec_time_only,active,2021,893,0.008624603919701365,1325.7,False,,,,,,,,,
bt_dkgrec_time_only,active,2021,894,0.008580700441034412,1327.1,False,,,,,,,,,
bt_dkgrec_time_only,active,2021,895,0.008517748363819522,1328.5,True,0.018497790189132116,0.035414671297845576,0.07264957264957266,0.1111111111111111,0.02693649397189181,0.03339125949199088,0.04031834934612712,0.06152374651306275,khong cai thien (3/50)
bt_dkgrec_time_only,active,2021,896,0.008642354597382619,1330.3,False,,,,,,,,,
bt_dkgrec_time_only,active,2021,897,0.008640607584645452,1331.6,False,,,,,,,,,
bt_dkgrec_time_only,active,2021,898,0.008622495847007906,1333.0,False,,,,,,,,,
bt_dkgrec_time_only,active,2021,899,0.008531891639066124,1334.4,False,,,,,,,,,
bt_dkgrec_time_only,active,2021,900,0.008552662054416762,1335.8,True,0.018532408636148582,0.03540313181550676,0.0811965811965812,0.1111111111111111,0.02802490035673824,0.03320205378984863,0.04316735219512997,0.06109639608571232,khong cai thien (4/50)
bt_dkgrec_time_only,active,2021,901,0.008667449615168212,1337.7,False,,,,,,,,,
bt_dkgrec_time_only,active,2021,902,0.00857972770093149,1339.1,False,,,,,,,,,
bt_dkgrec_time_only,active,2021,903,0.008574979112777206,1340.5,False,,,,,,,,,
bt_dkgrec_time_only,active,2021,904,0.008650738194041807,1341.9,False,,,,,,,,,
bt_dkgrec_time_only,active,2021,905,0.008581018065342415,1343.3,True,0.018543948118487405,0.03544928974486205,0.08547008547008547,0.1111111111111111,0.02825092038908536,0.033386274407554296,0.0435947026224804,0.06109639608571232,khong cai thien (5/50)
bt_dkgrec_time_only,active,2021,906,0.008593865848340751,1345.1,False,,,,,,,,,
bt_dkgrec_time_only,active,2021,907,0.008567204258224315,1346.4,False,,,,,,,,,
bt_dkgrec_time_only,active,2021,908,0.008602508512748184,1347.8,False,,,,,,,,,
bt_dkgrec_time_only,active,2021,909,0.008513506052132138,1349.2,False,,,,,,,,,
bt_dkgrec_time_only,active,2021,910,0.008571687674376481,1350.6,True,0.01862472449485916,0.0352185000980856,0.08547008547008547,0.11538461538461539,0.028478778520747844,0.03391768936220036,0.0435947026224804,0.06146331311929603,khong cai thien (6/50)
bt_dkgrec_time_only,active,2021,911,0.008570926121253495,1352.6,False,,,,,,,,,
bt_dkgrec_time_only,active,2021,912,0.00855425294094078,1354.0,False,,,,,,,,,
bt_dkgrec_time_only,active,2021,913,0.008621814551836745,1355.4,False,,,,,,,,,
bt_dkgrec_time_only,active,2021,914,0.00856553695833913,1356.7,False,,,,,,,,,
bt_dkgrec_time_only,active,2021,915,0.008583372282246628,1358.1,True,0.01857856656550387,0.03525311854510207,0.08547008547008547,0.11538461538461539,0.02836283483755765,0.033945672439957324,0.04337077531521976,0.061851813507796415,khong cai thien (7/50)
bt_dkgrec_time_only,active,2021,916,0.008596254771038361,1359.9,False,,,,,,,,,
bt_dkgrec_time_only,active,2021,917,0.008506983239705758,1361.3,False,,,,,,,,,
bt_dkgrec_time_only,active,2021,918,0.008580025036785201,1362.7,False,,,,,,,,,
bt_dkgrec_time_only,active,2021,919,0.008506907206406445,1364.1,False,,,,,,,,,
bt_dkgrec_time_only,active,2021,920,0.008466916441349809,1365.5,True,0.01865934294187563,0.03539159233316794,0.0811965811965812,0.1111111111111111,0.026842198969253488,0.033115402504460545,0.04096692916137361,0.06179702499146944,khong cai thien (8/50)
bt_dkgrec_time_only,active,2021,921,0.00852053013013443,1367.4,False,,,,,,,,,
bt_dkgrec_time_only,active,2021,922,0.008400686133591647,1368.8,False,,,,,,,,,
bt_dkgrec_time_only,active,2021,923,0.0085011135283382,1370.2,False,,,,,,,,,
bt_dkgrec_time_only,active,2021,924,0.00854928534143533,1371.6,False,,,,,,,,,
bt_dkgrec_time_only,active,2021,925,0.008490705182480317,1373.0,True,0.018647803459536805,0.0355300661212338,0.08547008547008547,0.10683760683760683,0.02896662079628073,0.03284611725102392,0.049470770998548776,0.061274458763775,khong cai thien (9/50)
bt_dkgrec_time_only,active,2021,926,0.00851505553324731,1374.8,False,,,,,,,,,
bt_dkgrec_time_only,active,2021,927,0.008543206769840259,1376.1,False,,,,,,,,,
bt_dkgrec_time_only,active,2021,928,0.0085770843378941,1377.5,False,,,,,,,,,
bt_dkgrec_time_only,active,2021,929,0.00845844208240369,1378.9,False,,,,,,,,,
bt_dkgrec_time_only,active,2021,930,0.00849535957331752,1380.4,True,0.018693961388892094,0.03539159233316794,0.08974358974358974,0.11538461538461539,0.02884163394237179,0.03428091718673367,0.0477918943196721,0.06608215107146731,khong cai thien (10/50)
bt_dkgrec_time_only,active,2021,931,0.00845739477060098,1382.3,False,,,,,,,,,
bt_dkgrec_time_only,active,2021,932,0.00858362192798824,1383.7,False,,,,,,,,,
bt_dkgrec_time_only,active,2021,933,0.008496868667040096,1385.1,False,,,,,,,,,
bt_dkgrec_time_only,active,2021,934,0.008480586537859984,1386.4,False,,,,,,,,,
bt_dkgrec_time_only,active,2021,935,0.008453274369187578,1387.8,True,0.01852086915380976,0.03531081595679618,0.0811965811965812,0.10683760683760683,0.028874710835148296,0.0335321965047087,0.04497526650304428,0.06071600724378502,khong cai thien (11/50)
bt_dkgrec_time_only,active,2021,936,0.008473005578079586,1389.6,False,,,,,,,,,
bt_dkgrec_time_only,active,2021,937,0.008432950660638145,1391.0,False,,,,,,,,,
bt_dkgrec_time_only,active,2021,938,0.008530699513048997,1392.4,False,,,,,,,,,
bt_dkgrec_time_only,active,2021,939,0.00847981018766707,1393.8,False,,,,,,,,,
bt_dkgrec_time_only,active,2021,940,0.008449546957873262,1395.2,True,0.01861318501252034,0.035322355439135,0.08547008547008547,0.10683760683760683,0.028173881444668602,0.03161234812682086,0.04672351825129603,0.05922028074805853,khong cai thien (12/50)
bt_dkgrec_time_only,active,2021,941,0.008516593719264786,1397.2,False,,,,,,,,,
bt_dkgrec_time_only,active,2021,942,0.008548687952007954,1398.5,False,,,,,,,,,
bt_dkgrec_time_only,active,2021,943,0.008402345669243139,1399.9,False,,,,,,,,,
bt_dkgrec_time_only,active,2021,944,0.008493875536348724,1401.3,False,,,,,,,,,
bt_dkgrec_time_only,active,2021,945,0.00854607259507495,1402.7,True,0.018601645530181517,0.0352185000980856,0.08547008547008547,0.10683760683760683,0.027067146122808732,0.03004289999710118,0.047112018639796416,0.05850803003580782,khong cai thien (13/50)
bt_dkgrec_time_only,active,2021,946,0.008487193650142486,1404.5,False,,,,,,,,,
bt_dkgrec_time_only,active,2021,947,0.008510829776411329,1405.9,False,,,,,,,,,
bt_dkgrec_time_only,active,2021,948,0.008416688011549855,1407.3,False,,,,,,,,,
bt_dkgrec_time_only,active,2021,949,0.008379503267305147,1408.7,False,,,,,,,,,
bt_dkgrec_time_only,active,2021,950,0.00841249351677833,1410.1,True,0.018543948118487405,0.03516080268639149,0.07692307692307693,0.10683760683760683,0.02495107586791273,0.030041647308999775,0.04031326184103962,0.05850803003580782,khong cai thien (14/50)
bt_dkgrec_time_only,active,2021,951,0.008453946032404066,1411.9,False,,,,,,,,,
bt_dkgrec_time_only,active,2021,952,0.008385674437220983,1413.3,False,,,,,,,,,
bt_dkgrec_time_only,active,2021,953,0.008520551865052715,1414.7,False,,,,,,,,,
bt_dkgrec_time_only,active,2021,954,0.008461762554947976,1416.1,False,,,,,,,,,
bt_dkgrec_time_only,active,2021,955,0.008396990557505812,1417.5,True,0.01850932967147094,0.0354262107801844,0.07692307692307693,0.11538461538461539,0.02517602999014757,0.03132042013670449,0.04031326184103962,0.06141182140113764,khong cai thien (15/50)
bt_dkgrec_time_only,active,2021,956,0.008341303769074533,1419.3,False,,,,,,,,,
bt_dkgrec_time_only,active,2021,957,0.008415908272800048,1420.7,False,,,,,,,,,
bt_dkgrec_time_only,active,2021,958,0.00840296956784687,1422.1,False,,,,,,,,,
bt_dkgrec_time_only,active,2021,959,0.008365361197954016,1423.5,False,,,,,,,,,
bt_dkgrec_time_only,active,2021,960,0.00843018700721491,1424.9,True,0.01862472449485916,0.035345434403812645,0.0811965811965812,0.11538461538461539,0.023653726264270078,0.029473417312388263,0.040847449875227655,0.06141182140113764,khong cai thien (16/50)
bt_dkgrec_time_only,active,2021,961,0.008396281678719425,1426.7,False,,,,,,,,,
bt_dkgrec_time_only,active,2021,962,0.00845221062518093,1428.1,False,,,,,,,,,
bt_dkgrec_time_only,active,2021,963,0.008355364223737987,1429.5,False,,,,,,,,,
bt_dkgrec_time_only,active,2021,964,0.008430183401041064,1430.9,False,,,,,,,,,
bt_dkgrec_time_only,active,2021,965,0.008400652412177944,1432.3,True,0.01861318501252034,0.03547236870953969,0.0811965811965812,0.11538461538461539,0.025428921639720214,0.03162220896757277,0.040847449875227655,0.062480197469513714,khong cai thien (17/50)
bt_dkgrec_time_only,active,2021,966,0.008409085862374,1434.1,False,,,,,,,,,
bt_dkgrec_time_only,active,2021,967,0.008471057855957536,1435.5,False,,,,,,,,,
bt_dkgrec_time_only,active,2021,968,0.008428639450905396,1436.9,False,,,,,,,,,
bt_dkgrec_time_only,active,2021,969,0.008408560363597481,1438.3,False,,,,,,,,,
bt_dkgrec_time_only,active,2021,970,0.008380748761943935,1439.7,True,0.01865934294187563,0.0355300661212338,0.0811965811965812,0.1111111111111111,0.024526553321045714,0.03053605907453757,0.040847449875227655,0.06242540895318673,khong cai thien (18/50)
bt_dkgrec_time_only,active,2021,971,0.008332075740282012,1441.5,False,,,,,,,,,
bt_dkgrec_time_only,active,2021,972,0.008404825282007469,1442.9,False,,,,,,,,,
bt_dkgrec_time_only,active,2021,973,0.008425641557468519,1444.3,False,,,,,,,,,
bt_dkgrec_time_only,active,2021,974,0.00839119007755153,1445.7,False,,,,,,,,,
bt_dkgrec_time_only,active,2021,975,0.008363237988588276,1447.1,True,0.018740119318247383,0.03559930301526674,0.07692307692307693,0.1111111111111111,0.024274959137735655,0.030687236451938694,0.03696244599022377,0.06005854504786129,khong cai thien (19/50)
bt_dkgrec_time_only,active,2021,976,0.008366790411634913,1448.9,False,,,,,,,,,
bt_dkgrec_time_only,active,2021,977,0.008431115793309752,1450.3,False,,,,,,,,,
bt_dkgrec_time_only,active,2021,978,0.00830710768513238,1451.7,False,,,,,,,,,
bt_dkgrec_time_only,active,2021,979,0.008342756758046422,1453.1,False,,,,,,,,,
bt_dkgrec_time_only,active,2021,980,0.008316750460073167,1454.5,True,0.01871704035356974,0.03564546094462202,0.07692307692307693,0.10683760683760683,0.023845507117594443,0.02941942062155611,0.03696244599022377,0.05621239120170744,khong cai thien (20/50)
bt_dkgrec_time_only,active,2021,981,0.008298297448555331,1456.3,False,,,,,,,,,
bt_dkgrec_time_only,active,2021,982,0.008327821040814509,1457.7,False,,,,,,,,,
bt_dkgrec_time_only,active,2021,983,0.008355198965024334,1459.1,False,,,,,,,,,
bt_dkgrec_time_only,active,2021,984,0.008376112362417601,1460.5,False,,,,,,,,,
bt_dkgrec_time_only,active,2021,985,0.00828638765160937,1461.8,True,0.018647803459536805,0.03558776353292791,0.0811965811965812,0.10683760683760683,0.024767510563275173,0.02916770705111843,0.04123595026372804,0.05621239120170744,khong cai thien (21/50)
bt_dkgrec_time_only,active,2021,986,0.008374694025041766,1463.7,False,,,,,,,,,
bt_dkgrec_time_only,active,2021,987,0.008423158090090607,1465.1,False,,,,,,,,,
bt_dkgrec_time_only,active,2021,988,0.008338749116199721,1466.5,False,,,,,,,,,
bt_dkgrec_time_only,active,2021,989,0.008392928059010511,1467.9,False,,,,,,,,,
bt_dkgrec_time_only,active,2021,990,0.008387276826583847,1469.3,True,0.018797816729941495,0.035841632144382005,0.0811965811965812,0.11538461538461539,0.025125200209749184,0.03097094381318259,0.04123595026372804,0.061910396899713144,khong cai thien (22/50)
bt_dkgrec_time_only,active,2021,991,0.00831187467386379,1471.1,False,,,,,,,,,
bt_dkgrec_time_only,active,2021,992,0.00831958572006638,1472.5,False,,,,,,,,,
bt_dkgrec_time_only,active,2021,993,0.008362613844321801,1473.9,False,,,,,,,,,
bt_dkgrec_time_only,active,2021,994,0.008256250454931236,1475.3,False,,,,,,,,,
bt_dkgrec_time_only,active,2021,995,0.008322342184792345,1476.6,True,0.018740119318247383,0.035691618873977315,0.08547008547008547,0.11538461538461539,0.0259003875644555,0.03107135263203744,0.043372702400480176,0.061910396899713144,khong cai thien (23/50)
bt_dkgrec_time_only,active,2021,996,0.008327725845343109,1478.6,False,,,,,,,,,
bt_dkgrec_time_only,active,2021,997,0.008266865352231907,1480.0,False,,,,,,,,,
bt_dkgrec_time_only,active,2021,998,0.008272084775377204,1481.4,False,,,,,,,,,
bt_dkgrec_time_only,active,2021,999,0.008304615750665652,1482.8,False,,,,,,,,,
bt_dkgrec_time_only,active,2021,1000,0.008345709142506198,1484.2,True,0.018693961388892094,0.03566853990929967,0.08547008547008547,0.11538461538461539,0.02609852519640052,0.03128845235209697,0.043372702400480176,0.061910396899713144,khong cai thien (24/50)
