model,cohort,seed,epoch,loss,seconds,evaluated,valid_coverage@10,valid_coverage@20,valid_hit_rate@10,valid_hit_rate@20,valid_ndcg@10,valid_ndcg@20,valid_recall@10,valid_recall@20,note
lightgcn,active,2020,1,0.678583886154888,1.2,False,,,,,,,,,
lightgcn,active,2020,2,0.6596356880273825,1.8,False,,,,,,,,,
lightgcn,active,2020,3,0.6207966310139297,2.4,False,,,,,,,,,
lightgcn,active,2020,4,0.5565478397061651,3.0,False,,,,,,,,,
lightgcn,active,2020,5,0.4769753367364935,3.6,True,0.004269608465364244,0.007800690061043862,0.029914529914529916,0.05128205128205128,0.005621177866812146,0.007918920156668934,0.012505201101692329,0.018782764298396322,best
lightgcn,active,2020,6,0.3987492483476829,4.7,False,,,,,,,,,
lightgcn,active,2020,7,0.33144768652577733,5.3,False,,,,,,,,,
lightgcn,active,2020,8,0.27913022585449615,6.0,False,,,,,,,,,
lightgcn,active,2020,9,0.23839495484986337,6.6,False,,,,,,,,,
lightgcn,active,2020,10,0.20691650853119192,7.3,True,0.00500813533504887,0.00875846709516611,0.02564102564102564,0.05555555555555555,0.0058069049247653215,0.008520412204647098,0.012405804072470739,0.019110717696525163,best
lightgcn,active,2020,11,0.18038276490134858,8.3,False,,,,,,,,,
lightgcn,active,2020,12,0.16222189926129638,9.0,False,,,,,,,,,
lightgcn,active,2020,13,0.14427166770957486,9.6,False,,,,,,,,,
lightgcn,active,2020,14,0.13054771025577325,10.2,False,,,,,,,,,
lightgcn,active,2020,15,0.11941835063471336,10.8,True,0.005954372886832296,0.010685560645749432,0.038461538461538464,0.05982905982905983,0.007346143354750502,0.010194393001450747,0.013441379121203682,0.023384221970029435,best
lightgcn,active,2020,16,0.10824488012686892,11.8,False,,,,,,,,,
lightgcn,active,2020,17,0.09998477048437328,12.4,False,,,,,,,,,
lightgcn,active,2020,18,0.09150314614624305,13.0,False,,,,,,,,,
lightgcn,active,2020,19,0.08455408246613319,13.8,False,,,,,,,,,
lightgcn,active,2020,20,0.07941008804910393,14.5,True,0.007108321120714525,0.012774206949076265,0.038461538461538464,0.05982905982905983,0.00744743133668534,0.010034478324630149,0.013441379121203682,0.023341055260196062,khong cai thien (1/50)
lightgcn,active,2020,21,0.07447273813760247,15.5,False,,,,,,,,,
lightgcn,active,2020,22,0.07021657450764654,16.1,False,,,,,,,,,
lightgcn,active,2020,23,0.065257931013791,16.7,False,,,,,,,,,
lightgcn,active,2020,24,0.06184817662342722,17.3,False,,,,,,,,,
lightgcn,active,2020,25,0.05866160959713618,18.0,True,0.007685295237655639,0.014124326382718471,0.03418803418803419,0.05982905982905983,0.007164891369591245,0.009965294545523811,0.013398212411370307,0.023341055260196062,khong cai thien (2/50)
lightgcn,active,2020,26,0.05527966675788835,19.0,False,,,,,,,,,
lightgcn,active,2020,27,0.05257331350334344,19.7,False,,,,,,,,,
lightgcn,active,2020,28,0.05091036702435716,20.3,False,,,,,,,,,
lightgcn,active,2020,29,0.04852853973227719,21.0,False,,,,,,,,,
lightgcn,active,2020,30,0.04573318313633126,21.6,True,0.008169953495886175,0.01502440600514661,0.03418803418803419,0.05555555555555555,0.00733215703709657,0.009885210507807956,0.013398212411370307,0.023297888550362685,khong cai thien (3/50)
lightgcn,active,2020,31,0.04482218982684455,22.6,False,,,,,,,,,
lightgcn,active,2020,32,0.043080688137136995,23.2,False,,,,,,,,,
lightgcn,active,2020,33,0.041033897545162255,23.9,False,,,,,,,,,
lightgcn,active,2020,34,0.03930630940078197,24.5,False,,,,,,,,,
lightgcn,active,2020,35,0.03847379777334432,25.1,True,0.008643072271777888,0.015912946145235925,0.029914529914529916,0.05555555555555555,0.006713139470329574,0.009674039654157168,0.01313111839427629,0.023297888550362685,khong cai thien (4/50)
lightgcn,active,2020,36,0.03727946047197597,26.1,False,,,,,,,,,
lightgcn,active,2020,37,0.035860334384632285,26.7,False,,,,,,,,,
lightgcn,active,2020,38,0.035087950675455525,27.3,False,,,,,,,,,
lightgcn,active,2020,39,0.03407612210556181,28.0,False,,,,,,,,,
lightgcn,active,2020,40,0.03271934516279633,28.6,True,0.008908480365570801,0.016582236120887616,0.038461538461538464,0.05555555555555555,0.0073034964640163935,0.009745824925478068,0.01355649034742602,0.023297888550362685,khong cai thien (5/50)
lightgcn,active,2020,41,0.03204802914739469,29.5,False,,,,,,,,,
lightgcn,active,2020,42,0.030689917604612073,30.2,False,,,,,,,,,
lightgcn,active,2020,43,0.02953460307067641,30.8,False,,,,,,,,,
lightgcn,active,2020,44,0.02925919529689628,31.5,False,,,,,,,,,
lightgcn,active,2020,45,0.028383564172124922,32.2,True,0.00920850690638018,0.01700919696742404,0.03418803418803419,0.05982905982905983,0.007596233430979987,0.01100245127491325,0.013500260028037805,0.025434640687114818,best
lightgcn,active,2020,46,0.02770372516608049,33.2,False,,,,,,,,,
lightgcn,active,2020,47,0.027130766952459,33.9,False,,,,,,,,,
lightgcn,active,2020,48,0.026965041822874656,34.5,False,,,,,,,,,
lightgcn,active,2020,49,0.025389272993127893,35.1,False,,,,,,,,,
lightgcn,active,2020,50,0.02547171120293422,35.8,True,0.009450836035495448,0.017643868496059267,0.038461538461538464,0.0641025641025641,0.008036867803690237,0.011373634445149371,0.013555048544364783,0.02582314107561521,best
lightgcn,active,2020,51,0.024887398283517638,36.8,False,,,,,,,,,
lightgcn,active,2020,52,0.02441746737516754,37.4,False,,,,,,,,,
lightgcn,active,2020,53,0.023704446606654786,38.0,False,,,,,,,,,
lightgcn,active,2020,54,0.023200540088655748,38.6,False,,,,,,,,,
lightgcn,active,2020,55,0.022683148340068415,39.2,True,0.009704704646949537,0.018105447789612157,0.03418803418803419,0.05555555555555555,0.007740902513891564,0.010569701419202346,0.013287954527270766,0.023297888550362685,khong cai thien (1/50)
lightgcn,active,2020,56,0.022185792036135178,40.2,False,,,,,,,,,
lightgcn,active,2020,57,0.022327694025920025,40.8,False,,,,,,,,,
lightgcn,active,2020,58,0.021468741603245543,41.5,False,,,,,,,,,
lightgcn,active,2020,59,0.021243820071775943,42.1,False,,,,,,,,,
lightgcn,active,2020,60,0.020415655624665276,42.7,True,0.009981652223081273,0.01868242190655327,0.03418803418803419,0.05982905982905983,0.00782162428392247,0.011737006025100348,0.013287954527270766,0.027626181340193935,best
lightgcn,active,2020,61,0.02018633485425217,43.7,False,,,,,,,,,
lightgcn,active,2020,62,0.02036965966952353,44.4,False,,,,,,,,,
lightgcn,active,2020,63,0.019409783552746605,45.0,False,,,,,,,,,
lightgcn,active,2020,64,0.019513699341666815,45.7,False,,,,,,,,,
lightgcn,active,2020,65,0.019129522548690645,46.3,True,0.010316297210907118,0.01902860637671794,0.029914529914529916,0.0641025641025641,0.007570998194698053,0.011952285346051918,0.013129676591215052,0.028014681728694323,best
lightgcn,active,2020,66,0.018825024433431214,47.4,False,,,,,,,,,
lightgcn,active,2020,67,0.018591282325719632,48.0,False,,,,,,,,,
lightgcn,active,2020,68,0.01820121921096625,48.7,False,,,,,,,,,
lightgcn,active,2020,69,0.017389944668307008,49.3,False,,,,,,,,,
lightgcn,active,2020,70,0.017272738708326508,49.9,True,0.010535547375344742,0.019444027740915543,0.03418803418803419,0.06837606837606838,0.0079080849766572,0.0129797522070766,0.013287954527270766,0.03151970497055967,best
lightgcn,active,2020,71,0.017349378857914263,50.9,False,,,,,,,,,
lightgcn,active,2020,72,0.017257781323136785,51.5,False,,,,,,,,,
lightgcn,active,2020,73,0.01654452965901125,52.1,False,,,,,,,,,
lightgcn,active,2020,74,0.016375809397829226,52.7,False,,,,,,,,,
lightgcn,active,2020,75,0.015997912127578534,53.3,True,0.010685560645749432,0.01974405428172492,0.029914529914529916,0.07264957264957266,0.008491984153149137,0.014652777887899041,0.013129676591215052,0.03381473504336752,best
lightgcn,active,2020,76,0.01646912912520462,54.3,False,,,,,,,,,
lightgcn,active,2020,77,0.015413036466891577,55.0,False,,,,,,,,,
lightgcn,active,2020,78,0.015255074776671268,55.6,False,,,,,,,,,
lightgcn,active,2020,79,0.016010863394122176,56.2,False,,,,,,,,,
lightgcn,active,2020,80,0.015536923029850025,56.8,True,0.010754797539782365,0.0202517915046331,0.03418803418803419,0.07264957264957266,0.00821559299880269,0.013996302325082373,0.013287954527270766,0.033656457107311806,khong cai thien (1/50)
lightgcn,active,2020,81,0.014977315791723367,57.9,False,,,,,,,,,
lightgcn,active,2020,82,0.015053138669200416,58.5,False,,,,,,,,,
lightgcn,active,2020,83,0.014503119580113846,59.2,False,,,,,,,,,
lightgcn,active,2020,84,0.014273164725362088,59.8,False,,,,,,,,,
lightgcn,active,2020,85,0.014510775059897821,60.5,True,0.010974047704219989,0.020471041669070725,0.03418803418803419,0.07264957264957266,0.008224300384067882,0.01408643045962452,0.013287954527270766,0.033656457107311806,khong cai thien (2/50)
lightgcn,active,2020,86,0.014433054618293344,61.4,False,,,,,,,,,
lightgcn,active,2020,87,0.013681389211800472,62.1,False,,,,,,,,,
lightgcn,active,2020,88,0.013873019099119453,62.7,False,,,,,,,,,
lightgcn,active,2020,89,0.013495371072295793,63.3,False,,,,,,,,,
lightgcn,active,2020,90,0.013745349884752352,63.9,True,0.011193297868657612,0.021013397338995373,0.029914529914529916,0.07264957264957266,0.00795241667381595,0.014013633535752645,0.013129676591215052,0.033656457107311806,khong cai thien (3/50)
lightgcn,active,2020,91,0.013401767296151204,64.9,False,,,,,,,,,
lightgcn,active,2020,92,0.013615846904217391,65.5,False,,,,,,,,,
lightgcn,active,2020,93,0.013196020920277383,66.1,False,,,,,,,,,
lightgcn,active,2020,94,0.01327285594929319,66.7,False,,,,,,,,,
lightgcn,active,2020,95,0.012590981149212782,67.4,True,0.011458705962450525,0.02125572646811064,0.03418803418803419,0.07264957264957266,0.008503715476751168,0.013968872363152033,0.014554178015716476,0.033601668590984825,khong cai thien (4/50)
lightgcn,active,2020,96,0.012836508571291521,68.4,False,,,,,,,,,
lightgcn,active,2020,97,0.01284368686188284,69.0,False,,,,,,,,,
lightgcn,active,2020,98,0.012397238229251544,69.6,False,,,,,,,,,
lightgcn,active,2020,99,0.012260604320055626,70.2,False,,,,,,,,,
lightgcn,active,2020,100,0.012460093799537044,70.9,True,0.011677956126888147,0.021428818703192975,0.038461538461538464,0.07264957264957266,0.008815832547817372,0.013967213482140218,0.01471245595177219,0.033601668590984825,khong cai thien (5/50)
lightgcn,active,2020,101,0.012194245013279573,72.0,False,,,,,,,,,
lightgcn,active,2020,102,0.012023461156314457,72.6,False,,,,,,,,,
lightgcn,active,2020,103,0.011454018580861109,73.3,False,,,,,,,,,
lightgcn,active,2020,104,0.01187777352937519,73.9,False,,,,,,,,,
lightgcn,active,2020,105,0.011503663689867055,74.5,True,0.011827969397292838,0.021728845244002353,0.038461538461538464,0.07264957264957266,0.009332641892362981,0.014688690634492038,0.01471245595177219,0.033990168979485216,best
lightgcn,active,2020,106,0.011714576893445605,75.5,False,,,,,,,,,
lightgcn,active,2020,107,0.011400128491679684,76.1,False,,,,,,,,,
lightgcn,active,2020,108,0.011115350273920424,76.7,False,,,,,,,,,
lightgcn,active,2020,109,0.011512429353295292,77.4,False,,,,,,,,,
lightgcn,active,2020,110,0.01130699290109076,78.0,True,0.01183950887963166,0.022051950749489378,0.038461538461538464,0.07264957264957266,0.010282501036108912,0.01477256518738497,0.01882768228922075,0.033990168979485216,best
lightgcn,active,2020,111,0.01106523306227208,79.0,False,,,,,,,,,
lightgcn,active,2020,112,0.010855828353449956,79.6,False,,,,,,,,,
lightgcn,active,2020,113,0.010927174345766118,80.2,False,,,,,,,,,
lightgcn,active,2020,114,0.010656991053966787,80.8,False,,,,,,,,,
lightgcn,active,2020,115,0.010724714976377512,81.4,True,0.012001061632375172,0.022386595737315225,0.038461538461538464,0.07264957264957266,0.009786093150655989,0.01432942757927277,0.01882768228922075,0.033990168979485216,khong cai thien (1/50)
lightgcn,active,2020,116,0.010612671316940884,82.4,False,,,,,,,,,
lightgcn,active,2020,117,0.010425460909038411,83.1,False,,,,,,,,,
lightgcn,active,2020,118,0.010473632498357711,83.7,False,,,,,,,,,
lightgcn,active,2020,119,0.010420685796222814,84.4,False,,,,,,,,,
lightgcn,active,2020,120,0.010359226092914672,85.0,True,0.01224339076149044,0.022744319689818715,0.038461538461538464,0.07692307692307693,0.010077350447039241,0.01481864321268142,0.01882768228922075,0.03470241969173593,best
lightgcn,active,2020,121,0.010395206973583117,86.1,False,,,,,,,,,
lightgcn,active,2020,122,0.010558518464881633,86.8,False,,,,,,,,,
lightgcn,active,2020,123,0.010001435265524264,87.4,False,,,,,,,,,
lightgcn,active,2020,124,0.010018172828289228,88.0,False,,,,,,,,,
lightgcn,active,2020,125,0.009924809943810828,88.6,True,0.012370325067217485,0.02296356985425634,0.038461538461538464,0.0811965811965812,0.009786093150655989,0.015101094219887224,0.01882768228922075,0.03612692111623735,best
lightgcn,active,2020,126,0.00998989630439636,89.6,False,,,,,,,,,
lightgcn,active,2020,127,0.00989807082933368,90.2,False,,,,,,,,,
lightgcn,active,2020,128,0.009422105733223635,90.8,False,,,,,,,,,
lightgcn,active,2020,129,0.009541120307170572,91.5,False,,,,,,,,,
lightgcn,active,2020,130,0.009370020863033403,92.1,True,0.012520338337622174,0.023263596395065717,0.038461538461538464,0.08547008547008547,0.009827312153766801,0.016156302980906177,0.01882768228922075,0.040400425389741625,best
lightgcn,active,2020,131,0.009574770335607828,93.0,False,,,,,,,,,
lightgcn,active,2020,132,0.00958432862195811,93.7,False,,,,,,,,,
lightgcn,active,2020,133,0.009372482436707874,94.3,False,,,,,,,,,
lightgcn,active,2020,134,0.009463829274035758,94.9,False,,,,,,,,,
lightgcn,active,2020,135,0.009220089362909037,95.5,True,0.012416482996572773,0.023390530700792764,0.042735042735042736,0.08547008547008547,0.010059316658503107,0.016199631164545973,0.018985960225276464,0.040400425389741625,best
lightgcn,active,2020,136,0.00895858330996428,96.6,False,,,,,,,,,
lightgcn,active,2020,137,0.009169827201654067,97.3,False,,,,,,,,,
lightgcn,active,2020,138,0.008923914587070635,97.9,False,,,,,,,,,
lightgcn,active,2020,139,0.009133421400339145,98.6,False,,,,,,,,,
lightgcn,active,2020,140,0.008865890817519975,99.2,True,0.012428022478911597,0.023552083453536276,0.042735042735042736,0.08547008547008547,0.009875659251898011,0.016182836845556298,0.018985960225276464,0.040400425389741625,khong cai thien (1/50)
lightgcn,active,2020,141,0.008713400492925403,100.2,False,,,,,,,,,
lightgcn,active,2020,142,0.008622949655996609,100.8,False,,,,,,,,,
lightgcn,active,2020,143,0.008808662178617298,101.4,False,,,,,,,,,
lightgcn,active,2020,144,0.008561189585001936,102.1,False,,,,,,,,,
lightgcn,active,2020,145,0.00857066478104212,102.7,True,0.01260111471399393,0.02373671517095743,0.04700854700854701,0.08547008547008547,0.010869092605323748,0.01680906563837412,0.01980702701856548,0.040400425389741625,best
lightgcn,active,2020,146,0.008502986578273771,103.7,False,,,,,,,,,
lightgcn,active,2020,147,0.008517761594499813,104.3,False,,,,,,,,,
lightgcn,active,2020,148,0.008670645250267076,104.9,False,,,,,,,,,
lightgcn,active,2020,149,0.008280850643033974,105.6,False,,,,,,,,,
lightgcn,active,2020,150,0.008483678611069231,106.2,True,0.012808825396092731,0.023898267923700943,0.05128205128205128,0.08547008547008547,0.012079581462503503,0.01683362705681068,0.024080531292069753,0.040400425389741625,best
lightgcn,active,2020,151,0.008511973057142389,107.2,False,,,,,,,,,
lightgcn,active,2020,152,0.008439663816099594,107.8,False,,,,,,,,,
lightgcn,active,2020,153,0.008301200403015666,108.4,False,,,,,,,,,
lightgcn,active,2020,154,0.008176745635282754,109.1,False,,,,,,,,,
lightgcn,active,2020,155,0.008256697555109148,109.7,True,0.012993457113513887,0.0242906103232209,0.04700854700854701,0.09401709401709402,0.01069735335690457,0.017878298411776197,0.01980702701856548,0.045208117697433936,best
lightgcn,active,2020,156,0.008224672465375242,110.8,False,,,,,,,,,
lightgcn,active,2020,157,0.008323663421017433,111.5,False,,,,,,,,,
lightgcn,active,2020,158,0.008133995560792537,112.1,False,,,,,,,,,
lightgcn,active,2020,159,0.008056479239603252,112.7,False,,,,,,,,,
lightgcn,active,2020,160,0.007925641569249443,113.3,True,0.013293483654323267,0.024567557899352634,0.05128205128205128,0.09401709401709402,0.010820059087052296,0.01792360059634102,0.019965304954621194,0.045208117697433936,best
lightgcn,active,2020,161,0.007870214411367286,114.3,False,,,,,,,,,
lightgcn,active,2020,162,0.007948149338477005,115.0,False,,,,,,,,,
lightgcn,active,2020,163,0.00792028729106982,115.6,False,,,,,,,,,
lightgcn,active,2020,164,0.007957206328621694,116.2,False,,,,,,,,,
lightgcn,active,2020,165,0.007677835063452219,116.8,True,0.013385799513033845,0.024682952722740858,0.05128205128205128,0.09829059829059829,0.01080998966341845,0.01815509870360699,0.019965304954621194,0.04547521171452795,best
lightgcn,active,2020,166,0.0076667988728373986,117.8,False,,,,,,,,,
lightgcn,active,2020,167,0.007791544065122616,118.4,False,,,,,,,,,
lightgcn,active,2020,168,0.00771242505362533,119.0,False,,,,,,,,,
lightgcn,active,2020,169,0.007732306252476827,119.6,False,,,,,,,,,
lightgcn,active,2020,170,0.007775562261440805,120.2,True,0.013466575889405601,0.02489066340483966,0.05128205128205128,0.09829059829059829,0.011874006813136181,0.018175767715078034,0.024080531292069753,0.04547521171452795,best
lightgcn,active,2020,171,0.007552813701959473,121.2,False,,,,,,,,,
lightgcn,active,2020,172,0.007389615532440033,121.9,False,,,,,,,,,
lightgcn,active,2020,173,0.00756384301604967,122.5,False,,,,,,,,,
lightgcn,active,2020,174,0.007314005365279969,123.1,False,,,,,,,,,
lightgcn,active,2020,175,0.0073851012123451795,123.8,True,0.01345503640706678,0.025017597710566705,0.05128205128205128,0.09401709401709402,0.011874006813136181,0.017478321676376134,0.024080531292069753,0.043004747705602406,khong cai thien (1/50)
lightgcn,active,2020,176,0.007464166521889677,124.8,False,,,,,,,,,
lightgcn,active,2020,177,0.007487040077699735,125.4,False,,,,,,,,,
lightgcn,active,2020,178,0.007365381217365194,126.1,False,,,,,,,,,
lightgcn,active,2020,179,0.007317710324347411,126.7,False,,,,,,,,,
lightgcn,active,2020,180,0.007352831166677718,127.3,True,0.013478115371744424,0.025225308392665506,0.05555555555555555,0.08974358974358974,0.012014735224014,0.016361118978633668,0.024238809228125466,0.038731243432098134,khong cai thien (2/50)
lightgcn,active,2020,181,0.007375679771241343,128.3,False,,,,,,,,,
lightgcn,active,2020,182,0.007244833410333531,128.9,False,,,,,,,,,
lightgcn,active,2020,183,0.0072325507498863725,129.5,False,,,,,,,,,
lightgcn,active,2020,184,0.007066450511482349,130.1,False,,,,,,,,,
lightgcn,active,2020,185,0.007266933887248575,130.7,True,0.013547352265777357,0.025467637521780773,0.05128205128205128,0.08974358974358974,0.010893733166056295,0.016431116828519908,0.019965304954621194,0.038731243432098134,khong cai thien (3/50)
lightgcn,active,2020,186,0.007126022177128781,131.7,False,,,,,,,,,
lightgcn,active,2020,187,0.007325915778543692,132.3,False,,,,,,,,,
lightgcn,active,2020,188,0.00688317579209108,132.9,False,,,,,,,,,
lightgcn,active,2020,189,0.007003082854487925,133.6,False,,,,,,,,,
lightgcn,active,2020,190,0.007222149632725497,134.2,True,0.013431957442389134,0.02559457182750782,0.042735042735042736,0.09401709401709402,0.010696255079886249,0.01768459776266458,0.019594721517798442,0.0433932480941028,khong cai thien (4/50)
lightgcn,active,2020,191,0.007019654064560266,135.3,False,,,,,,,,,
lightgcn,active,2020,192,0.006853899420053929,136.0,False,,,,,,,,,
lightgcn,active,2020,193,0.006985124736854819,136.6,False,,,,,,,,,
lightgcn,active,2020,194,0.006919397028383285,137.3,False,,,,,,,,,
lightgcn,active,2020,195,0.007022802712448127,137.9,True,0.013535812783438536,0.02575612458025133,0.05128205128205128,0.08974358974358974,0.011971454055991138,0.01681493979165966,0.02397171521103145,0.039119743820598525,khong cai thien (5/50)
lightgcn,active,2020,196,0.0069736785701291415,138.9,False,,,,,,,,,
lightgcn,active,2020,197,0.00683018459616317,139.5,False,,,,,,,,,
lightgcn,active,2020,198,0.0068468761792139145,140.1,False,,,,,,,,,
lightgcn,active,2020,199,0.0068944132646111345,140.7,False,,,,,,,,,
lightgcn,active,2020,200,0.006781727914228705,141.4,True,0.01351273381876089,0.02581382199194544,0.05128205128205128,0.09401709401709402,0.01176571169641031,0.017614797403557373,0.02397171521103145,0.0433932480941028,khong cai thien (6/50)
lightgcn,active,2020,201,0.006726467177084699,142.3,False,,,,,,,,,
lightgcn,active,2020,202,0.00678165409925035,142.9,False,,,,,,,,,
lightgcn,active,2020,203,0.006729875069418489,143.6,False,,,,,,,,,
lightgcn,active,2020,204,0.006708296348656448,144.2,False,,,,,,,,,
lightgcn,active,2020,205,0.00662352063629971,144.8,True,0.01361658915981029,0.025940756297672486,0.05128205128205128,0.09401709401709402,0.01206196572173769,0.017949029015766654,0.02397171521103145,0.0433932480941028,khong cai thien (7/50)
lightgcn,active,2020,206,0.0066795461299662,145.8,False,,,,,,,,,
lightgcn,active,2020,207,0.006600783631659882,146.4,False,,,,,,,,,
lightgcn,active,2020,208,0.0066110032289181265,147.0,False,,,,,,,,,
lightgcn,active,2020,209,0.006475989075480535,147.7,False,,,,,,,,,
lightgcn,active,2020,210,0.006556673604290355,148.3,True,0.013755062947876158,0.026229243356143045,0.05555555555555555,0.09401709401709402,0.012472551111470234,0.01786571794855714,0.024505903245219483,0.043004747705602406,khong cai thien (8/50)
lightgcn,active,2020,211,0.006475050295787434,149.4,False,,,,,,,,,
lightgcn,active,2020,212,0.006503846581621209,150.0,False,,,,,,,,,
lightgcn,active,2020,213,0.0066826485328910215,150.7,False,,,,,,,,,
lightgcn,active,2020,214,0.006576730450770688,151.3,False,,,,,,,,,
lightgcn,active,2020,215,0.0065570250059013456,151.9,True,0.013778141912553802,0.026379256626547734,0.05555555555555555,0.09829059829059829,0.012535347056145363,0.01822328784040731,0.024505903245219483,0.043436414803936174,best
lightgcn,active,2020,216,0.006486434505148268,152.9,False,,,,,,,,,
lightgcn,active,2020,217,0.006293599431144537,153.5,False,,,,,,,,,
lightgcn,active,2020,218,0.006374844058630723,154.1,False,,,,,,,,,
lightgcn,active,2020,219,0.006315286811233736,154.7,False,,,,,,,,,
lightgcn,active,2020,220,0.00612119910842232,155.4,True,0.013962773629974959,0.02646003300291949,0.05128205128205128,0.09401709401709402,0.012310613332071842,0.01808576705738111,0.02434762530916377,0.0433932480941028,khong cai thien (1/50)
lightgcn,active,2020,221,0.006325848748976706,156.3,False,,,,,,,,,
lightgcn,active,2020,222,0.00637148811794406,157.0,False,,,,,,,,,
lightgcn,active,2020,223,0.006353949980852178,157.6,False,,,,,,,,,
lightgcn,active,2020,224,0.006370213454780989,158.2,False,,,,,,,,,
lightgcn,active,2020,225,0.006316110990011397,158.8,True,0.014193563276751404,0.026494651449935958,0.04700854700854701,0.09401709401709402,0.01211081349090418,0.01826118075878097,0.023813437274975736,0.0433932480941028,best
lightgcn,active,2020,226,0.006205608919824905,159.8,False,,,,,,,,,
lightgcn,active,2020,227,0.006216147972661796,160.5,False,,,,,,,,,
lightgcn,active,2020,228,0.006097497134552299,161.1,False,,,,,,,,,
lightgcn,active,2020,229,0.0061263981662954435,161.8,False,,,,,,,,,
lightgcn,active,2020,230,0.006232022702182973,162.4,True,0.014205102759090227,0.0267254410967124,0.04700854700854701,0.09401709401709402,0.012186121743457583,0.01827755342504602,0.023813437274975736,0.043338459577775816,best
lightgcn,active,2020,231,0.006292809321355291,163.4,False,,,,,,,,,
lightgcn,active,2020,232,0.006068000158043488,164.0,False,,,,,,,,,
lightgcn,active,2020,233,0.0061019657232439335,164.7,False,,,,,,,,,
lightgcn,active,2020,234,0.006080393650971245,165.3,False,,,,,,,,,
lightgcn,active,2020,235,0.006075148957179328,165.9,True,0.01437819499417256,0.026898533331794736,0.042735042735042736,0.08974358974358974,0.01179736923733375,0.017352180552043343,0.02375864875864876,0.039119743820598525,khong cai thien (1/50)
lightgcn,active,2020,236,0.0059310611224155105,166.9,False,,,,,,,,,
lightgcn,active,2020,237,0.006029062831608801,167.5,False,,,,,,,,,
lightgcn,active,2020,238,0.005985183633250192,168.1,False,,,,,,,,,
lightgcn,active,2020,239,0.006026932304093772,168.7,False,,,,,,,,,
lightgcn,active,2020,240,0.006143721614766184,169.3,True,0.014308958100139628,0.02708316504921589,0.05555555555555555,0.08974358974358974,0.01259434889428831,0.017593903175437072,0.024238809228125466,0.03954709424794895,khong cai thien (2/50)
lightgcn,active,2020,241,0.005762119874162059,170.3,False,,,,,,,,,
lightgcn,active,2020,242,0.005749844160786184,170.9,False,,,,,,,,,
lightgcn,active,2020,243,0.005932245290232411,171.6,False,,,,,,,,,
lightgcn,active,2020,244,0.005965233619129793,172.2,False,,,,,,,,,
lightgcn,active,2020,245,0.0057883853561678505,172.8,True,0.014401273958850207,0.02722163883728176,0.05982905982905983,0.08974358974358974,0.01274258009214845,0.01747589983481441,0.024627309616625855,0.03954709424794895,khong cai thien (3/50)
lightgcn,active,2020,246,0.006063741137133307,173.9,False,,,,,,,,,
lightgcn,active,2020,247,0.005665467982880642,174.5,False,,,,,,,,,
lightgcn,active,2020,248,0.00598278258163052,175.2,False,,,,,,,,,
lightgcn,active,2020,249,0.005719676690055449,175.8,False,,,,,,,,,
lightgcn,active,2020,250,0.005777501545023148,176.5,True,0.014516668782238428,0.027463967966397027,0.0641025641025641,0.08974358974358974,0.014184036155676963,0.017510748273169664,0.028900813890130134,0.03949230573162198,khong cai thien (4/50)
lightgcn,active,2020,251,0.005863261842241235,177.4,False,,,,,,,,,
lightgcn,active,2020,252,0.00584284221413324,178.0,False,,,,,,,,,
lightgcn,active,2020,253,0.005924339158083599,178.7,False,,,,,,,,,
lightgcn,active,2020,254,0.0058728677936371165,179.3,False,,,,,,,,,
lightgcn,active,2020,255,0.00572109896914314,179.9,True,0.014632063605626652,0.027510125895752316,0.05982905982905983,0.08547008547008547,0.013202354672786226,0.017059678636917913,0.024627309616625855,0.0381970553979101,khong cai thien (5/50)
lightgcn,active,2020,256,0.005779575633775906,180.9,False,,,,,,,,,
lightgcn,active,2020,257,0.005795942553788202,181.5,False,,,,,,,,,
lightgcn,active,2020,258,0.005662067841557645,182.1,False,,,,,,,,,
lightgcn,active,2020,259,0.0055940876548284035,182.7,False,,,,,,,,,
lightgcn,active,2020,260,0.005688135347723689,183.3,True,0.014643603087965473,0.02762552071914054,0.05982905982905983,0.08547008547008547,0.01340625121583989,0.017165695542749354,0.024627309616625855,0.03787330507415977,khong cai thien (6/50)
lightgcn,active,2020,261,0.005715956641018867,184.3,False,,,,,,,,,
lightgcn,active,2020,262,0.005727073205814628,184.9,False,,,,,,,,,
lightgcn,active,2020,263,0.005686565888607346,185.6,False,,,,,,,,,
lightgcn,active,2020,264,0.005443341519697723,186.2,False,,,,,,,,,
lightgcn,active,2020,265,0.0055061608400161334,186.9,True,0.014805155840708985,0.027821691918900517,0.05982905982905983,0.08547008547008547,0.01313435125708677,0.01751955598394703,0.024627309616625855,0.03965393185478656,khong cai thien (7/50)
lightgcn,active,2020,266,0.0055755935697248135,188.0,False,,,,,,,,,
lightgcn,active,2020,267,0.005578547813510218,188.6,False,,,,,,,,,
lightgcn,active,2020,268,0.005579488975192158,189.2,False,,,,,,,,,
lightgcn,active,2020,269,0.005732048672118612,189.9,False,,,,,,,,,
lightgcn,active,2020,270,0.005763476846003618,190.5,True,0.01487439273474192,0.027740915542528763,0.05982905982905983,0.08547008547008547,0.01374926868770292,0.018336287413794932,0.024627309616625855,0.040081282282136976,best
lightgcn,active,2020,271,0.005526086677956237,191.5,False,,,,,,,,,
lightgcn,active,2020,272,0.005613411423988179,192.1,False,,,,,,,,,
lightgcn,active,2020,273,0.00555290683657771,192.8,False,,,,,,,,,
lightgcn,active,2020,274,0.0055710374820717844,193.4,False,,,,,,,,,
lightgcn,active,2020,275,0.005533703987804213,194.0,True,0.014735918946676052,0.02793708674228874,0.0641025641025641,0.08547008547008547,0.014586426844959333,0.018115938979162038,0.02605181104112728,0.03858555578641049,khong cai thien (1/50)
lightgcn,active,2020,276,0.005617004087927228,195.0,False,,,,,,,,,
lightgcn,active,2020,277,0.0054978237815594255,195.6,False,,,,,,,,,
lightgcn,active,2020,278,0.005526894858366169,196.2,False,,,,,,,,,
lightgcn,active,2020,279,0.005528532426631947,196.8,False,,,,,,,,,
lightgcn,active,2020,280,0.0055737643234902694,197.5,True,0.014909011181758386,0.028052481565676964,0.0641025641025641,0.08547008547008547,0.01463338230406026,0.017863835421367436,0.026106599557454258,0.03858555578641049,khong cai thien (2/50)
lightgcn,active,2020,281,0.0054318487386137496,198.4,False,,,,,,,,,
lightgcn,active,2020,282,0.005623123624970838,199.1,False,,,,,,,,,
lightgcn,active,2020,283,0.005517915594098101,199.7,False,,,,,,,,,
lightgcn,active,2020,284,0.005370755361673037,200.4,False,,,,,,,,,
lightgcn,active,2020,285,0.0054139685776511395,201.1,True,0.015185958757890122,0.028271731730114588,0.0641025641025641,0.08547008547008547,0.015132797956265646,0.017907683908636934,0.026106599557454258,0.035914615615470324,khong cai thien (3/50)
lightgcn,active,2020,286,0.005445438483756625,202.1,False,,,,,,,,,
lightgcn,active,2020,287,0.0055443532112778035,202.7,False,,,,,,,,,
lightgcn,active,2020,288,0.005277582729085481,203.4,False,,,,,,,,,
lightgcn,active,2020,289,0.005337031294911778,204.0,False,,,,,,,,,
lightgcn,active,2020,290,0.0052811072901555135,204.6,True,0.015162879793212477,0.02837558707116399,0.0641025641025641,0.08547008547008547,0.015174435280626366,0.017577766183603027,0.026106599557454258,0.03484623954709425,khong cai thien (4/50)
lightgcn,active,2020,291,0.005504614363451202,205.6,False,,,,,,,,,
lightgcn,active,2020,292,0.0055271541338831566,206.2,False,,,,,,,,,
lightgcn,active,2020,293,0.005307104456097227,206.8,False,,,,,,,,,
lightgcn,active,2020,294,0.005406761788710417,207.5,False,,,,,,,,,
lightgcn,active,2020,295,0.005304338359839575,208.1,True,0.015347511510633634,0.028629455682618078,0.05982905982905983,0.09401709401709402,0.014013775072098719,0.019634940821168,0.024627309616625855,0.04446162416247887,best
lightgcn,active,2020,296,0.005346561837675479,209.1,False,,,,,,,,,
lightgcn,active,2020,297,0.0053000470923840965,209.7,False,,,,,,,,,
lightgcn,active,2020,298,0.005411233584562443,210.3,False,,,,,,,,,
lightgcn,active,2020,299,0.00530141427548684,210.9,False,,,,,,,,,
lightgcn,active,2020,300,0.0052041670694953565,211.5,True,0.015370590475311278,0.02868715309431219,0.05982905982905983,0.08547008547008547,0.014451573910944572,0.0189560777807225,0.024627309616625855,0.03992102587188058,khong cai thien (1/50)
lightgcn,active,2020,301,0.005236912813432004,212.6,False,,,,,,,,,
lightgcn,active,2020,302,0.005317774659110192,213.3,False,,,,,,,,,
lightgcn,active,2020,303,0.005336249565655597,214.0,False,,,,,,,,,
lightgcn,active,2020,304,0.005129756445130943,214.6,False,,,,,,,,,
lightgcn,active,2020,305,0.005230663386562601,215.2,True,0.015451366851683034,0.028848705847055702,0.05982905982905983,0.08974358974358974,0.014527050804947787,0.01971381788130943,0.024682098132952832,0.04419453014538485,best
lightgcn,active,2020,306,0.005267983989310858,216.2,False,,,,,,,,,
lightgcn,active,2020,307,0.00523691446002341,216.8,False,,,,,,,,,
lightgcn,active,2020,308,0.005197129938751827,217.5,False,,,,,,,,,
lightgcn,active,2020,309,0.005070475489644122,218.1,False,,,,,,,,,
lightgcn,active,2020,310,0.0052232281872524305,218.7,True,0.015509064263377144,0.029010258599799214,0.05982905982905983,0.08974358974358974,0.014080632056964651,0.019747838463260853,0.024627309616625855,0.04458303053388524,best
lightgcn,active,2020,311,0.005165213822513117,219.7,False,,,,,,,,,
lightgcn,active,2020,312,0.0054025862976936345,220.3,False,,,,,,,,,
lightgcn,active,2020,313,0.00513467580389805,220.9,False,,,,,,,,,
lightgcn,active,2020,314,0.005178412176847475,221.5,False,,,,,,,,,
lightgcn,active,2020,315,0.005168251497268436,222.1,True,0.015612919604426545,0.029056416529154503,0.05982905982905983,0.08974358974358974,0.014262868584143776,0.01968334955413627,0.025015810005126243,0.04458303053388524,khong cai thien (1/50)
lightgcn,active,2020,316,0.005118732603730979,223.1,False,,,,,,,,,
lightgcn,active,2020,317,0.0050702232270186725,223.7,False,,,,,,,,,
lightgcn,active,2020,318,0.005167557433767949,224.4,False,,,,,,,,,
lightgcn,active,2020,319,0.005182975296628696,225.0,False,,,,,,,,,
lightgcn,active,2020,320,0.005162040322072422,225.7,True,0.01563599856910419,0.02904487704681568,0.05982905982905983,0.08974358974358974,0.014027363806013828,0.019746234094799454,0.024627309616625855,0.04458303053388524,khong cai thien (2/50)
lightgcn,active,2020,321,0.005234402027053207,226.8,False,,,,,,,,,
lightgcn,active,2020,322,0.005035890455318687,227.5,False,,,,,,,,,
lightgcn,active,2020,323,0.005069100088278503,228.1,False,,,,,,,,,
lightgcn,active,2020,324,0.005244562655791203,228.7,False,,,,,,,,,
lightgcn,active,2020,325,0.005043960906968975,229.3,True,0.015751393392492413,0.02929874565826977,0.05982905982905983,0.09401709401709402,0.014122836702371999,0.020858798996572194,0.024627309616625855,0.04885653480738951,best
lightgcn,active,2020,326,0.005049703664362583,230.3,False,,,,,,,,,
lightgcn,active,2020,327,0.004969278208441206,231.0,False,,,,,,,,,
lightgcn,active,2020,328,0.004960126131256584,231.6,False,,,,,,,,,
lightgcn,active,2020,329,0.005249090546839957,232.2,False,,,,,,,,,
lightgcn,active,2020,330,0.005055574925283107,232.9,True,0.015670617016120658,0.029391061516980347,0.05982905982905983,0.08974358974358974,0.014279732446679266,0.020141246518536063,0.024627309616625855,0.04458303053388524,khong cai thien (1/50)
lightgcn,active,2020,331,0.00495250700078617,233.8,False,,,,,,,,,
lightgcn,active,2020,332,0.005030545060786044,234.5,False,,,,,,,,,
lightgcn,active,2020,333,0.005097805340774265,235.1,False,,,,,,,,,
lightgcn,active,2020,334,0.005000161468928702,235.7,False,,,,,,,,,
lightgcn,active,2020,335,0.004976382543218319,236.3,True,0.01584370925120299,0.02935644306996388,0.0641025641025641,0.08974358974358974,0.014634450334984795,0.01996547616015447,0.02605181104112728,0.04458303053388524,khong cai thien (2/50)
lightgcn,active,2020,336,0.005040150985460263,237.4,False,,,,,,,,,
lightgcn,active,2020,337,0.004877111556361964,238.0,False,,,,,,,,,
lightgcn,active,2020,338,0.004892521979878822,238.7,False,,,,,,,,,
lightgcn,active,2020,339,0.0051131011278172985,239.3,False,,,,,,,,,
lightgcn,active,2020,340,0.004981602436870849,240.0,True,0.015809090804186524,0.029425679963996816,0.05982905982905983,0.08974358974358974,0.014012536401404593,0.019893816453755254,0.024627309616625855,0.04458303053388524,khong cai thien (3/50)
lightgcn,active,2020,341,0.004994254559434809,241.0,False,,,,,,,,,
lightgcn,active,2020,342,0.004983203811932379,241.6,False,,,,,,,,,
lightgcn,active,2020,343,0.005050133588295501,242.2,False,,,,,,,,,
lightgcn,active,2020,344,0.005058746428385291,242.9,False,,,,,,,,,
lightgcn,active,2020,345,0.004933219965470744,243.5,True,0.01584370925120299,0.029425679963996816,0.0641025641025641,0.09401709401709402,0.014561940366593987,0.02091020049573152,0.02605181104112728,0.04885653480738951,best
lightgcn,active,2020,346,0.004956582721152624,244.5,False,,,,,,,,,
lightgcn,active,2020,347,0.00498321602794352,245.1,False,,,,,,,,,
lightgcn,active,2020,348,0.004952044637500034,245.8,False,,,,,,,,,
lightgcn,active,2020,349,0.004972729728026617,246.4,False,,,,,,,,,
lightgcn,active,2020,350,0.004970269821688242,247.0,True,0.015924485627574748,0.029564153752062682,0.0641025641025641,0.08974358974358974,0.01422951491614795,0.019686983030504875,0.02605181104112728,0.04458303053388524,khong cai thien (1/50)
lightgcn,active,2020,351,0.004993698662523751,248.0,False,,,,,,,,,
lightgcn,active,2020,352,0.005081939511773519,248.6,False,,,,,,,,,
lightgcn,active,2020,353,0.004862337093125368,249.2,False,,,,,,,,,
lightgcn,active,2020,354,0.0050124375527389065,249.8,False,,,,,,,,,
lightgcn,active,2020,355,0.004864296493588553,250.5,True,0.01608603838031826,0.02965646961077326,0.05982905982905983,0.08974358974358974,0.014818719833470974,0.01991224879244696,0.02540431039362663,0.044528242017558256,khong cai thien (2/50)
lightgcn,active,2020,356,0.004968821773906653,251.6,False,,,,,,,,,
lightgcn,active,2020,357,0.0049063418523544984,252.3,False,,,,,,,,,
lightgcn,active,2020,358,0.004794044674539808,252.9,False,,,,,,,,,
lightgcn,active,2020,359,0.00492842419695731,253.6,False,,,,,,,,,
lightgcn,active,2020,360,0.005031525636965864,254.2,True,0.016201433203706483,0.029771864434161483,0.05982905982905983,0.08547008547008547,0.015427002584698467,0.019529213550744055,0.02540431039362663,0.040254737744053984,khong cai thien (3/50)
lightgcn,active,2020,361,0.004982938015897607,255.1,False,,,,,,,,,
lightgcn,active,2020,362,0.004937167860935678,255.8,False,,,,,,,,,
lightgcn,active,2020,363,0.0048359385917328785,256.4,False,,,,,,,,,
lightgcn,active,2020,364,0.004872383944197652,257.0,False,,,,,,,,,
lightgcn,active,2020,365,0.004756130125688524,257.6,True,0.016247591133061772,0.02971416702246737,0.0641025641025641,0.08547008547008547,0.015676771229351388,0.019534923638605952,0.026828811818128056,0.04068208817140441,khong cai thien (4/50)
lightgcn,active,2020,366,0.004880880435015752,258.6,False,,,,,,,,,
lightgcn,active,2020,367,0.004763922650984287,259.2,False,,,,,,,,,
lightgcn,active,2020,368,0.004816190578758932,259.8,False,,,,,,,,,
lightgcn,active,2020,369,0.004830302050464201,260.4,False,,,,,,,,,
lightgcn,active,2020,370,0.004678941347160019,261.0,True,0.01629374906241706,0.02976032495182266,0.0641025641025641,0.08547008547008547,0.015432023029459892,0.01919083083383615,0.025938498427814666,0.039613712103028345,khong cai thien (5/50)
lightgcn,active,2020,371,0.00486931052461213,262.0,False,,,,,,,,,
lightgcn,active,2020,372,0.0048330812839958645,262.7,False,,,,,,,,,
lightgcn,active,2020,373,0.004817908850233359,263.3,False,,,,,,,,,
lightgcn,active,2020,374,0.0047655837069843394,264.0,False,,,,,,,,,
lightgcn,active,2020,375,0.004702398151130082,264.6,True,0.016224512168384126,0.029933417186904995,0.05982905982905983,0.08547008547008547,0.01493191695564653,0.01983491735617434,0.02588370991148769,0.04383242786020564,khong cai thien (6/50)
lightgcn,active,2020,376,0.004877822655418721,265.8,False,,,,,,,,,
lightgcn,active,2020,377,0.00476161072984625,266.4,False,,,,,,,,,
lightgcn,active,2020,378,0.00486407560294867,267.0,False,,,,,,,,,
lightgcn,active,2020,379,0.004731426446454323,267.6,False,,,,,,,,,
lightgcn,active,2020,380,0.004907006685262149,268.2,True,0.01623605165072295,0.03010650942198733,0.05555555555555555,0.08974358974358974,0.014721390741337258,0.019976020625723775,0.025349521877299653,0.04388721637653262,khong cai thien (7/50)
lightgcn,active,2020,381,0.004841758069023556,269.2,False,,,,,,,,,
lightgcn,active,2020,382,0.004920958258760832,269.8,False,,,,,,,,,
lightgcn,active,2020,383,0.00481833023647563,270.5,False,,,,,,,,,
lightgcn,active,2020,384,0.004688171911935763,271.1,False,,,,,,,,,
lightgcn,active,2020,385,0.004718323728094196,271.7,True,0.01629374906241706,0.03040653596279671,0.05555555555555555,0.08547008547008547,0.014714404628048945,0.019987845294225915,0.024961021488799265,0.04383242786020564,khong cai thien (8/50)
lightgcn,active,2020,386,0.004783516243444146,272.7,False,,,,,,,,,
lightgcn,active,2020,387,0.004657683867932626,273.3,False,,,,,,,,,
lightgcn,active,2020,388,0.004716187468929728,273.9,False,,,,,,,,,
lightgcn,active,2020,389,0.004808533195897892,274.5,False,,,,,,,,,
lightgcn,active,2020,390,0.004743173316505687,275.1,True,0.016305288544755884,0.03056808871554022,0.05555555555555555,0.08547008547008547,0.014316390775569057,0.019586497000894036,0.024961021488799265,0.04383242786020564,khong cai thien (9/50)
lightgcn,active,2020,391,0.0046110517628015265,276.1,False,,,,,,,,,
lightgcn,active,2020,392,0.004616428293854629,276.8,False,,,,,,,,,
lightgcn,active,2020,393,0.004697135104337738,277.4,False,,,,,,,,,
lightgcn,active,2020,394,0.004723391988386614,278.1,False,,,,,,,,,
lightgcn,active,2020,395,0.0046049496778447635,278.8,True,0.01633990699177235,0.030487312339168463,0.05555555555555555,0.08547008547008547,0.014199503206309557,0.01943621368144292,0.024961021488799265,0.04383242786020564,khong cai thien (10/50)
lightgcn,active,2020,396,0.004553350224590459,279.7,False,,,,,,,,,
lightgcn,active,2020,397,0.00479073677889623,280.4,False,,,,,,,,,
lightgcn,active,2020,398,0.0047334809512722675,281.0,False,,,,,,,,,
lightgcn,active,2020,399,0.004695653637816305,281.6,False,,,,,,,,,
lightgcn,active,2020,400,0.004691098011392409,282.2,True,0.016466841297499393,0.030579628197879044,0.05555555555555555,0.08974358974358974,0.014412223749376316,0.020603784217123458,0.024961021488799265,0.048105932133709915,khong cai thien (11/50)
lightgcn,active,2020,401,0.004758535184325367,283.2,False,,,,,,,,,
lightgcn,active,2020,402,0.0045949989888581745,283.8,False,,,,,,,,,
lightgcn,active,2020,403,0.0046709914977555835,284.5,False,,,,,,,,,
lightgcn,active,2020,404,0.004533057779365244,285.1,False,,,,,,,,,
lightgcn,active,2020,405,0.0046740192022596185,285.7,True,0.016374525438788815,0.030475772856829644,0.05555555555555555,0.08974358974358974,0.01403024620880702,0.02031175473187692,0.024961021488799265,0.048105932133709915,khong cai thien (12/50)
lightgcn,active,2020,406,0.004693387235889787,286.7,False,,,,,,,,,
lightgcn,active,2020,407,0.004633778113976198,287.3,False,,,,,,,,,
lightgcn,active,2020,408,0.004658412770393446,287.9,False,,,,,,,,,
lightgcn,active,2020,409,0.004648562056966174,288.5,False,,,,,,,,,
lightgcn,active,2020,410,0.004675646607208722,289.2,True,0.016536078191532327,0.0306604045742508,0.05555555555555555,0.09401709401709402,0.01441020277441236,0.021778492603849307,0.024961021488799265,0.05237943640721419,best
lightgcn,active,2020,411,0.004572659044010051,290.3,False,,,,,,,,,
lightgcn,active,2020,412,0.0045808899395644665,290.9,False,,,,,,,,,
lightgcn,active,2020,413,0.0046765591929417705,291.6,False,,,,,,,,,
lightgcn,active,2020,414,0.004545007724882391,292.2,False,,,,,,,,,
lightgcn,active,2020,415,0.00456981386604107,292.8,True,0.016478380779838216,0.030787338879977845,0.05128205128205128,0.08974358974358974,0.014020958970908302,0.020594331694422933,0.02469392747170525,0.048105932133709915,khong cai thien (1/50)
lightgcn,active,2020,416,0.004766330813830479,293.8,False,,,,,,,,,
lightgcn,active,2020,417,0.004710595911593352,294.5,False,,,,,,,,,
lightgcn,active,2020,418,0.0046113225281275635,295.1,False,,,,,,,,,
lightgcn,active,2020,419,0.004588645714105646,295.7,False,,,,,,,,,
lightgcn,active,2020,420,0.004551490710528561,296.3,True,0.016512999226854685,0.030683483538928445,0.05128205128205128,0.08974358974358974,0.014382495770956702,0.021104265213113257,0.02469392747170525,0.048105932133709915,khong cai thien (2/50)
lightgcn,active,2020,421,0.004666573790879073,297.3,False,,,,,,,,,
lightgcn,active,2020,422,0.004494856560649459,297.9,False,,,,,,,,,
lightgcn,active,2020,423,0.004662190364676934,298.5,False,,,,,,,,,
lightgcn,active,2020,424,0.004608841403851392,299.2,False,,,,,,,,,
lightgcn,active,2020,425,0.004530442721409573,299.8,True,0.016582236120887616,0.03061424664489551,0.05128205128205128,0.08974358974358974,0.014659395328855384,0.021203118386034295,0.025082427860205637,0.048105932133709915,khong cai thien (3/50)
lightgcn,active,2020,426,0.004499971823306803,300.8,False,,,,,,,,,
lightgcn,active,2020,427,0.0045346155857218925,301.4,False,,,,,,,,,
lightgcn,active,2020,428,0.004545799547717776,302.0,False,,,,,,,,,
lightgcn,active,2020,429,0.004621877373807105,302.7,False,,,,,,,,,
lightgcn,active,2020,430,0.004641170843479965,303.4,True,0.01665147301492055,0.030602707162556687,0.05555555555555555,0.08547008547008547,0.015445038616155747,0.0205067443041959,0.027219179996957773,0.04422092824870603,khong cai thien (4/50)
lightgcn,active,2020,431,0.004471358376300269,304.5,False,,,,,,,,,
lightgcn,active,2020,432,0.004587617352108612,305.1,False,,,,,,,,,
lightgcn,active,2020,433,0.004551381757842424,305.8,False,,,,,,,,,
lightgcn,active,2020,434,0.004434959610083633,306.4,False,,,,,,,,,
lightgcn,active,2020,435,0.004503144514759746,307.0,True,0.016628394050242905,0.030879654738688422,0.05555555555555555,0.08974358974358974,0.015291145150943654,0.020493050207912762,0.027219179996957773,0.04427571676503301,khong cai thien (5/50)
lightgcn,active,2020,436,0.004408229520190462,308.0,False,,,,,,,,,
lightgcn,active,2020,437,0.004583937154164722,308.6,False,,,,,,,,,
lightgcn,active,2020,438,0.0045148804395961604,309.3,False,,,,,,,,,
lightgcn,active,2020,439,0.0044985929425710985,309.9,False,,,,,,,,,
lightgcn,active,2020,440,0.00449392569319827,310.5,True,0.016686091461937017,0.030856575774010776,0.0641025641025641,0.08974358974358974,0.017119433570521737,0.020891207455273283,0.03154747278678902,0.04427571676503301,khong cai thien (6/50)
lightgcn,active,2020,441,0.00454625792319581,311.5,False,,,,,,,,,
lightgcn,active,2020,442,0.00457257488347255,312.1,False,,,,,,,,,
lightgcn,active,2020,443,0.004486063547195256,312.7,False,,,,,,,,,
lightgcn,active,2020,444,0.004468282541080152,313.4,False,,,,,,,,,
lightgcn,active,2020,445,0.004541178644236055,314.0,True,0.016836104732341706,0.03090273370336607,0.06837606837606838,0.09401709401709402,0.01805755013181255,0.021088482029673058,0.03543247667179292,0.04431888347486638,khong cai thien (7/50)
lightgcn,active,2020,446,0.004510671312755913,315.0,False,,,,,,,,,
lightgcn,active,2020,447,0.004464268281557688,315.6,False,,,,,,,,,
lightgcn,active,2020,448,0.004484753278952783,316.3,False,,,,,,,,,
lightgcn,active,2020,449,0.004519055721391338,316.9,False,,,,,,,,,
lightgcn,active,2020,450,0.004460533317346211,317.6,True,0.016766867838308774,0.030971970597399,0.07264957264957266,0.09401709401709402,0.018268144243255468,0.02102106620520992,0.03596666470598095,0.04431888347486638,khong cai thien (8/50)
lightgcn,active,2020,451,0.004464397727432394,318.6,False,,,,,,,,,
lightgcn,active,2020,452,0.00447500791423549,319.2,False,,,,,,,,,
lightgcn,active,2020,453,0.004418379015438892,319.8,False,,,,,,,,,
lightgcn,active,2020,454,0.00445715341008706,320.4,False,,,,,,,,,
lightgcn,active,2020,455,0.004454026386460745,321.1,True,0.01680148628532524,0.031041207491431935,0.0641025641025641,0.08974358974358974,0.015793346340446233,0.01970484589832531,0.0274196561589724,0.04004537920136211,khong cai thien (9/50)
lightgcn,active,2020,456,0.004411278569748695,322.0,False,,,,,,,,,
lightgcn,active,2020,457,0.004400633344198082,322.7,False,,,,,,,,,
lightgcn,active,2020,458,0.0044655840942600345,323.3,False,,,,,,,,,
lightgcn,active,2020,459,0.0044539180006858,323.9,False,,,,,,,,,
lightgcn,active,2020,460,0.004402501664675285,324.5,True,0.016836104732341706,0.031202760244175447,0.0641025641025641,0.09401709401709402,0.017155605711761886,0.02113755894469711,0.0274196561589724,0.04010160952075032,khong cai thien (10/50)
lightgcn,active,2020,461,0.004380509166356272,325.5,False,,,,,,,,,
lightgcn,active,2020,462,0.004474970614491436,326.1,False,,,,,,,,,
lightgcn,active,2020,463,0.004473866924542147,326.8,False,,,,,,,,,
lightgcn,active,2020,464,0.004495837718453019,327.4,False,,,,,,,,,
lightgcn,active,2020,465,0.00436902314017014,328.0,True,0.016916881108713464,0.031191220761836624,0.05982905982905983,0.0811965811965812,0.016331730940303935,0.018822632392707272,0.026885468124784363,0.03392002307600598,khong cai thien (11/50)
lightgcn,active,2020,466,0.0044684227565112,329.1,False,,,,,,,,,
lightgcn,active,2020,467,0.00443777310227602,329.8,False,,,,,,,,,
lightgcn,active,2020,468,0.004462196605588969,330.4,False,,,,,,,,,
lightgcn,active,2020,469,0.00447798786628301,331.1,False,,,,,,,,,
lightgcn,active,2020,470,0.004378594188790019,331.7,True,0.016928420591052287,0.03142201040861307,0.05982905982905983,0.0811965811965812,0.01652545240922511,0.019279587909390647,0.026496967736283975,0.03392002307600598,khong cai thien (12/50)
lightgcn,active,2020,471,0.0042840834143282915,332.7,False,,,,,,,,,
lightgcn,active,2020,472,0.00444660409037556,333.3,False,,,,,,,,,
lightgcn,active,2020,473,0.004387353435479096,333.9,False,,,,,,,,,
lightgcn,active,2020,474,0.004378088583049716,334.5,False,,,,,,,,,
lightgcn,active,2020,475,0.004362279458574999,335.1,True,0.016789946802986417,0.03139893144393543,0.0641025641025641,0.08547008547008547,0.017037305816727664,0.019666133650115124,0.02654013444611735,0.033976253395394194,khong cai thien (13/50)
lightgcn,active,2020,476,0.004437999901879112,336.1,False,,,,,,,,,
lightgcn,active,2020,477,0.004519506413278823,336.8,False,,,,,,,,,
lightgcn,active,2020,478,0.004408101977149146,337.4,False,,,,,,,,,
lightgcn,active,2020,479,0.004379327834318313,338.0,False,,,,,,,,,
lightgcn,active,2020,480,0.004404199116829968,338.6,True,0.016882262661696998,0.031514326267323645,0.06837606837606838,0.08547008547008547,0.016846543663303765,0.019100376799486448,0.030813638719621627,0.03819352734951026,khong cai thien (14/50)
lightgcn,active,2020,481,0.0043957505587844305,339.6,False,,,,,,,,,
lightgcn,active,2020,482,0.004453025490626841,340.2,False,,,,,,,,,
lightgcn,active,2020,483,0.004356243716167863,340.8,False,,,,,,,,,
lightgcn,active,2020,484,0.004375515951801883,341.5,False,,,,,,,,,
lightgcn,active,2020,485,0.004353407839323559,342.1,True,0.01684764421468053,0.03145662885562954,0.0641025641025641,0.08547008547008547,0.016768612204108628,0.01907133705370592,0.030770472009788247,0.03780502696100987,khong cai thien (15/50)
lightgcn,active,2020,486,0.004324231960267589,343.2,False,,,,,,,,,
lightgcn,active,2020,487,0.004397951519566853,343.9,False,,,,,,,,,
lightgcn,active,2020,488,0.004323550568361436,344.5,False,,,,,,,,,
lightgcn,active,2020,489,0.004382459163598903,345.1,False,,,,,,,,,
lightgcn,active,2020,490,0.004265272345753838,345.7,True,0.016893802144035817,0.03156048419667894,0.0641025641025641,0.08974358974358974,0.017092107939324436,0.02115049138230459,0.030770472009788247,0.046308868798185035,khong cai thien (16/50)
lightgcn,active,2020,491,0.004393013268018981,346.8,False,,,,,,,,,
lightgcn,active,2020,492,0.004423123336329452,347.4,False,,,,,,,,,
lightgcn,active,2020,493,0.00433061588613689,348.0,False,,,,,,,,,
lightgcn,active,2020,494,0.00437008795882715,348.6,False,,,,,,,,,
lightgcn,active,2020,495,0.004366960441613297,349.2,True,0.016870723179358175,0.03153740523200129,0.06837606837606838,0.08547008547008547,0.01805554809926797,0.020841850241236207,0.031304660043976286,0.04203536452468076,khong cai thien (17/50)
lightgcn,active,2020,496,0.004244234648511593,350.2,False,,,,,,,,,
lightgcn,active,2020,497,0.00432662082278169,350.8,False,,,,,,,,,
lightgcn,active,2020,498,0.004321000675703409,351.5,False,,,,,,,,,
lightgcn,active,2020,499,0.004230667069410587,352.1,False,,,,,,,,,
lightgcn,active,2020,500,0.004304397293972631,352.7,True,0.016974578520407575,0.03154894471434012,0.0641025641025641,0.09401709401709402,0.017613804232361335,0.02259999291829654,0.030770472009788247,0.04880174629106253,best
lightgcn,active,2020,501,0.004341140506793391,353.7,False,,,,,,,,,
lightgcn,active,2020,502,0.004314393812357192,354.4,False,,,,,,,,,
lightgcn,active,2020,503,0.004363979458087543,355.0,False,,,,,,,,,
lightgcn,active,2020,504,0.004263218393180516,355.7,False,,,,,,,,,
lightgcn,active,2020,505,0.004313242117392139,356.3,True,0.016963039038068752,0.03152586574966247,0.0641025641025641,0.09401709401709402,0.01791617376900301,0.022873070197617536,0.030770472009788247,0.04880174629106253,best
lightgcn,active,2020,506,0.004334044932224993,357.4,False,,,,,,,,,
lightgcn,active,2020,507,0.004309820598739297,358.0,False,,,,,,,,,
lightgcn,active,2020,508,0.004339001378893878,358.6,False,,,,,,,,,
lightgcn,active,2020,509,0.004223127295711752,359.2,False,,,,,,,,,
lightgcn,active,2020,510,0.004274710199346802,359.9,True,0.01690534162637464,0.031433549890951894,0.0641025641025641,0.09401709401709402,0.017035987768947304,0.022127212193245843,0.030770472009788247,0.04880174629106253,khong cai thien (1/50)
lightgcn,active,2020,511,0.004361957962090314,360.9,False,,,,,,,,,
lightgcn,active,2020,512,0.0042947373165295516,361.5,False,,,,,,,,,
lightgcn,active,2020,513,0.004311713774767015,362.1,False,,,,,,,,,
lightgcn,active,2020,514,0.004230220669163677,362.7,False,,,,,,,,,
lightgcn,active,2020,515,0.0042171626632801764,363.4,True,0.017032275932101687,0.031352773514580136,0.0641025641025641,0.09401709401709402,0.01711259918694318,0.022046246588523322,0.030770472009788247,0.04841324590256214,khong cai thien (2/50)
lightgcn,active,2020,516,0.004256799449942867,364.4,False,,,,,,,,,
lightgcn,active,2020,517,0.004249904381330812,365.0,False,,,,,,,,,
lightgcn,active,2020,518,0.004239643540630465,365.6,False,,,,,,,,,
lightgcn,active,2020,519,0.004228374892555729,366.2,False,,,,,,,,,
lightgcn,active,2020,520,0.004293624432677865,366.9,True,0.017032275932101687,0.03154894471434012,0.07264957264957266,0.09401709401709402,0.017806061573191617,0.02204021505651525,0.03134782675380966,0.04742041157639448,khong cai thien (3/50)
lightgcn,active,2020,521,0.0042648458396373915,368.0,False,,,,,,,,,
lightgcn,active,2020,522,0.0042877570185456855,368.7,False,,,,,,,,,
lightgcn,active,2020,523,0.004304528163368954,369.3,False,,,,,,,,,
lightgcn,active,2020,524,0.004280679474763755,370.0,False,,,,,,,,,
lightgcn,active,2020,525,0.00432272311357786,370.6,True,0.01700919696742404,0.031433549890951894,0.07264957264957266,0.09829059829059829,0.01821721335673026,0.022958617308146537,0.03134782675380966,0.0488449130008959,best
lightgcn,active,2020,526,0.004386378483822986,371.7,False,,,,,,,,,
lightgcn,active,2020,527,0.004239405876896945,372.3,False,,,,,,,,,
lightgcn,active,2020,528,0.004283406493496009,372.9,False,,,,,,,,,
lightgcn,active,2020,529,0.004202597815856901,373.6,False,,,,,,,,,
lightgcn,active,2020,530,0.004255808837121396,374.2,True,0.01684764421468053,0.03156048419667894,0.07692307692307693,0.09829059829059829,0.018508760782442776,0.02287018260415418,0.03161492077090368,0.0488449130008959,khong cai thien (1/50)
lightgcn,active,2020,531,0.004306712702692193,375.2,False,,,,,,,,,
lightgcn,active,2020,532,0.004142535692714782,375.8,False,,,,,,,,,
lightgcn,active,2020,533,0.004158569814330952,376.5,False,,,,,,,,,
lightgcn,active,2020,534,0.0042046239131984025,377.1,False,,,,,,,,,
lightgcn,active,2020,535,0.0042351855705904246,377.7,True,0.01684764421468053,0.03158356316135658,0.07264957264957266,0.09401709401709402,0.01813040932948524,0.022525798203064554,0.0315717540610703,0.04841324590256214,khong cai thien (2/50)
lightgcn,active,2020,536,0.00422929322268296,378.8,False,,,,,,,,,
lightgcn,active,2020,537,0.004321461265700127,379.4,False,,,,,,,,,
lightgcn,active,2020,538,0.004203572147043551,380.1,False,,,,,,,,,
lightgcn,active,2020,539,0.0042270101255519445,380.7,False,,,,,,,,,
lightgcn,active,2020,540,0.004304385551484794,381.4,True,0.0169861180027464,0.03181435280813303,0.07692307692307693,0.09401709401709402,0.01854379509413917,0.02298599613625363,0.03199910448842073,0.04880174629106253,best
lightgcn,active,2020,541,0.004240520825374054,382.5,False,,,,,,,,,
lightgcn,active,2020,542,0.004244609797367786,383.2,False,,,,,,,,,
lightgcn,active,2020,543,0.004191252721910868,383.8,False,,,,,,,,,
lightgcn,active,2020,544,0.004189009913814476,384.4,False,,,,,,,,,
lightgcn,active,2020,545,0.004204270895257875,385.1,True,0.017020736449762864,0.03197590556087654,0.07692307692307693,0.09829059829059829,0.018513754552320953,0.023854726534335555,0.03199910448842073,0.0530752505645668,best
lightgcn,active,2020,546,0.004187226883761552,386.1,False,,,,,,,,,
lightgcn,active,2020,547,0.004197961423884538,386.7,False,,,,,,,,,
lightgcn,active,2020,548,0.004236400485026914,387.4,False,,,,,,,,,
lightgcn,active,2020,549,0.004128715194703013,388.0,False,,,,,,,,,
lightgcn,active,2020,550,0.004212794970767057,388.6,True,0.01705535489677933,0.031722036949422446,0.07692307692307693,0.09829059829059829,0.01864471874089583,0.023957660098235682,0.03199910448842073,0.0530752505645668,best
lightgcn,active,2020,551,0.004207117634246415,389.7,False,,,,,,,,,
lightgcn,active,2020,552,0.0042902012569325364,390.3,False,,,,,,,,,
lightgcn,active,2020,553,0.004276522651715431,390.9,False,,,,,,,,,
lightgcn,active,2020,554,0.004171143788782003,391.5,False,,,,,,,,,
lightgcn,active,2020,555,0.004204247157695367,392.2,True,0.0171938286848452,0.031860510737488315,0.07692307692307693,0.10256410256410256,0.018345395345284735,0.023696144797203906,0.03199910448842073,0.05274298049545463,khong cai thien (1/50)
lightgcn,active,2020,556,0.004243994026121784,393.2,False,,,,,,,,,
lightgcn,active,2020,557,0.004232748946038263,393.9,False,,,,,,,,,
lightgcn,active,2020,558,0.0041506956326466385,394.6,False,,,,,,,,,
lightgcn,active,2020,559,0.004193994247268996,395.2,False,,,,,,,,,
lightgcn,active,2020,560,0.004214106230791475,395.9,True,0.017216907649522842,0.031860510737488315,0.06837606837606838,0.09401709401709402,0.017111963056429584,0.022620439353909415,0.03167722195499974,0.05165074914006538,khong cai thien (2/50)
lightgcn,active,2020,561,0.004142549154529176,397.0,False,,,,,,,,,
lightgcn,active,2020,562,0.004148978226012467,397.6,False,,,,,,,,,
lightgcn,active,2020,563,0.004223246114778597,398.3,False,,,,,,,,,
lightgcn,active,2020,564,0.004231918387431542,398.9,False,,,,,,,,,
lightgcn,active,2020,565,0.004128450206584736,399.5,True,0.017286144543555777,0.031848971255149496,0.07264957264957266,0.09401709401709402,0.017309853452541886,0.02253238651127977,0.03138860387792012,0.051262248751564994,khong cai thien (3/50)
lightgcn,active,2020,566,0.004153750537825903,400.5,False,,,,,,,,,
lightgcn,active,2020,567,0.004255933084290264,401.2,False,,,,,,,,,
lightgcn,active,2020,568,0.004183792322068557,401.8,False,,,,,,,,,
lightgcn,active,2020,569,0.004183624646966291,402.5,False,,,,,,,,,
lightgcn,active,2020,570,0.004197896361202306,403.1,True,0.017389999884605177,0.031998984525554185,0.07264957264957266,0.09401709401709402,0.01705679708797832,0.022153951090555728,0.03138860387792012,0.051262248751564994,khong cai thien (4/50)
lightgcn,active,2020,571,0.004184708959793192,404.1,False,,,,,,,,,
lightgcn,active,2020,572,0.004180361703429937,404.7,False,,,,,,,,,
lightgcn,active,2020,573,0.004144768225081451,405.4,False,,,,,,,,,
lightgcn,active,2020,574,0.004108479045422622,406.0,False,,,,,,,,,
lightgcn,active,2020,575,0.004095468050326979,406.6,True,0.017136131273151087,0.03209130038426476,0.07264957264957266,0.08974358974358974,0.017452733924633132,0.021791714325239846,0.03138860387792012,0.047377244866561107,khong cai thien (5/50)
lightgcn,active,2020,576,0.004200909130839623,407.8,False,,,,,,,,,
lightgcn,active,2020,577,0.004130245510331177,408.4,False,,,,,,,,,
lightgcn,active,2020,578,0.004133759475379352,409.1,False,,,,,,,,,
lightgcn,active,2020,579,0.0041074464388375755,409.8,False,,,,,,,,,
lightgcn,active,2020,580,0.004103069686310828,410.4,True,0.017286144543555777,0.03211437934894241,0.0641025641025641,0.08974358974358974,0.016608502322453873,0.021521386490928128,0.030799627327405106,0.047377244866561107,khong cai thien (6/50)
lightgcn,active,2020,581,0.004070087199857555,411.4,False,,,,,,,,,
lightgcn,active,2020,582,0.004200850596109609,412.1,False,,,,,,,,,
lightgcn,active,2020,583,0.00411840900846816,412.7,False,,,,,,,,,
lightgcn,active,2020,584,0.004128537974482282,413.4,False,,,,,,,,,
lightgcn,active,2020,585,0.0041339016734363646,414.0,True,0.017274605061216954,0.031998984525554185,0.06837606837606838,0.08974358974358974,0.017719837760518407,0.022317158917454883,0.03133381536159314,0.047377244866561107,khong cai thien (7/50)
lightgcn,active,2020,586,0.004141107850831708,415.0,False,,,,,,,,,
lightgcn,active,2020,587,0.004064592196907725,415.7,False,,,,,,,,,
lightgcn,active,2020,588,0.004164612031729736,416.3,False,,,,,,,,,
lightgcn,active,2020,589,0.004189237128817119,416.9,False,,,,,,,,,
lightgcn,active,2020,590,0.004084983470435479,417.5,True,0.017228447131861665,0.03195282659619889,0.0641025641025641,0.08547008547008547,0.017590213151609992,0.022300756756978245,0.031066721344499122,0.04732245635023413,khong cai thien (8/50)
lightgcn,active,2020,591,0.004124000770207782,418.6,False,,,,,,,,,
lightgcn,active,2020,592,0.0040708848099925855,419.2,False,,,,,,,,,
lightgcn,active,2020,593,0.004110273509928639,419.9,False,,,,,,,,,
lightgcn,active,2020,594,0.004124355866824214,420.5,False,,,,,,,,,
lightgcn,active,2020,595,0.004114176570756835,421.2,True,0.017401539366944,0.032010524007893004,0.0641025641025641,0.09401709401709402,0.018294690752766213,0.02420304227972171,0.030799627327405106,0.052631961659739435,best
lightgcn,active,2020,596,0.004137220107732065,422.4,False,,,,,,,,,
lightgcn,active,2020,597,0.004210415305828893,423.0,False,,,,,,,,,
lightgcn,active,2020,598,0.004100515293222803,423.7,False,,,,,,,,,
lightgcn,active,2020,599,0.00403533778938734,424.3,False,,,,,,,,,
lightgcn,active,2020,600,0.004115666043505763,425.0,True,0.0172976840258946,0.03211437934894241,0.0641025641025641,0.09829059829059829,0.01829069752659048,0.02449349714638599,0.030799627327405106,0.05284502811212213,best
lightgcn,active,2020,601,0.004129765859058257,426.0,False,,,,,,,,,
lightgcn,active,2020,602,0.004060385391357869,426.6,False,,,,,,,,,
lightgcn,active,2020,603,0.00417356304165598,427.2,False,,,,,,,,,
lightgcn,active,2020,604,0.004038439843634009,427.9,False,,,,,,,,,
lightgcn,active,2020,605,0.004068452630238606,428.5,True,0.01726306557887813,0.03231055054870238,0.05982905982905983,0.09401709401709402,0.018200153467953294,0.024642671180529784,0.03037227690005468,0.05279023959579515,best
lightgcn,active,2020,606,0.004161844248172902,429.5,False,,,,,,,,,
lightgcn,active,2020,607,0.004073779193502722,430.2,False,,,,,,,,,
lightgcn,active,2020,608,0.004092793764547028,430.8,False,,,,,,,,,
lightgcn,active,2020,609,0.004085065535281099,431.4,False,,,,,,,,,
lightgcn,active,2020,610,0.004093398138475326,432.1,True,0.017401539366944,0.03224131365466945,0.06837606837606838,0.09401709401709402,0.020040531206666205,0.024835905041906216,0.03546163198940978,0.05262302789012191,best
lightgcn,active,2020,611,0.00411999581262838,433.1,False,,,,,,,,,
lightgcn,active,2020,612,0.0041372247978987385,433.8,False,,,,,,,,,
lightgcn,active,2020,613,0.004019103921267275,434.4,False,,,,,,,,,
lightgcn,active,2020,614,0.0041885127761193035,435.1,False,,,,,,,,,
lightgcn,active,2020,615,0.004100482880729176,435.8,True,0.017493855225654577,0.03219515572531416,0.0641025641025641,0.10256410256410256,0.019754514263573348,0.025850248443165937,0.035034281562059344,0.05745224425779981,best
lightgcn,active,2020,616,0.004131053930518834,436.8,False,,,,,,,,,
lightgcn,active,2020,617,0.0040287263549633155,437.5,False,,,,,,,,,
lightgcn,active,2020,618,0.004039284570579185,438.1,False,,,,,,,,,
lightgcn,active,2020,619,0.004119400661963206,438.7,False,,,,,,,,,
lightgcn,active,2020,620,0.004103050771116418,439.4,True,0.017482315743315754,0.03210283986660358,0.05982905982905983,0.10256410256410256,0.018319744450409972,0.02569815605351324,0.03076077728855507,0.05745224425779981,khong cai thien (1/50)
lightgcn,active,2020,621,0.004121211455129018,440.4,False,,,,,,,,,
lightgcn,active,2020,622,0.004074730997661385,441.0,False,,,,,,,,,
lightgcn,active,2020,623,0.0041741680267020735,441.6,False,,,,,,,,,
lightgcn,active,2020,624,0.004009988863718216,442.3,False,,,,,,,,,
lightgcn,active,2020,625,0.004091883295328714,442.9,True,0.01735538143758871,0.03209130038426476,0.05982905982905983,0.09401709401709402,0.019752091001490692,0.025277735188593588,0.03076077728855507,0.049293736099291656,khong cai thien (2/50)
lightgcn,active,2020,626,0.004110712397029848,443.9,False,,,,,,,,,
lightgcn,active,2020,627,0.0040594464590037104,444.6,False,,,,,,,,,
lightgcn,active,2020,628,0.004085637136125051,445.2,False,,,,,,,,,
lightgcn,active,2020,629,0.0040912837353961565,445.8,False,,,,,,,,,
lightgcn,active,2020,630,0.004070498891515683,446.5,True,0.01741307884928282,0.03216053727829769,0.05982905982905983,0.08547008547008547,0.01936054352375342,0.02369010647742459,0.03037227690005468,0.044409731215286775,khong cai thien (3/50)
lightgcn,active,2020,631,0.004067475979108682,447.7,False,,,,,,,,,
lightgcn,active,2020,632,0.004138935282666057,448.3,False,,,,,,,,,
lightgcn,active,2020,633,0.003989889097439053,449.0,False,,,,,,,,,
lightgcn,active,2020,634,0.004044408272017484,449.6,False,,,,,,,,,
lightgcn,active,2020,635,0.004028838232678379,450.3,True,0.017436157813960466,0.032010524007893004,0.05982905982905983,0.08547008547008547,0.017118125016009296,0.021091357309211717,0.03037227690005468,0.041135227940783496,khong cai thien (4/50)
lightgcn,active,2020,636,0.003996686063656411,451.3,False,,,,,,,,,
lightgcn,active,2020,637,0.0040087310780710815,451.9,False,,,,,,,,,
lightgcn,active,2020,638,0.004037875932375968,452.6,False,,,,,,,,,
lightgcn,active,2020,639,0.004081513341042144,453.2,False,,,,,,,,,
lightgcn,active,2020,640,0.004009555615761311,453.8,True,0.0175053947079934,0.03197590556087654,0.05982905982905983,0.08974358974358974,0.019433532943890847,0.02396985307068766,0.03037227690005468,0.04463173143728699,khong cai thien (5/50)
lightgcn,active,2020,641,0.004010693032287486,454.9,False,,,,,,,,,
lightgcn,active,2020,642,0.003957509724614368,455.5,False,,,,,,,,,
lightgcn,active,2020,643,0.004044234625409894,456.1,False,,,,,,,,,
lightgcn,active,2020,644,0.004053764849637771,456.8,False,,,,,,,,,
lightgcn,active,2020,645,0.004045940090821911,457.4,True,0.01747077626097693,0.03187205021982714,0.05982905982905983,0.09401709401709402,0.019679161783062536,0.02485148384379227,0.03037227690005468,0.045775649247871475,khong cai thien (6/50)
lightgcn,active,2020,646,0.004031774190497395,458.4,False,,,,,,,,,
lightgcn,active,2020,647,0.0040640907870844924,459.1,False,,,,,,,,,
lightgcn,active,2020,648,0.00399466338219576,459.7,False,,,,,,,,,
lightgcn,active,2020,649,0.003971198522260599,460.4,False,,,,,,,,,
lightgcn,active,2020,650,0.004000835955228749,461.1,True,0.017574631602026332,0.03194128711386007,0.05982905982905983,0.09829059829059829,0.019511311931892556,0.025725187232425867,0.03037227690005468,0.050049153521375754,khong cai thien (7/50)
lightgcn,active,2020,651,0.004021369466555781,462.3,False,,,,,,,,,
lightgcn,active,2020,652,0.003957257923700807,462.9,False,,,,,,,,,
lightgcn,active,2020,653,0.0040713173597977876,463.6,False,,,,,,,,,
lightgcn,active,2020,654,0.00400459808329731,464.2,False,,,,,,,,,
lightgcn,active,2020,655,0.003979252904076964,464.9,True,0.01747077626097693,0.03183743177281067,0.0641025641025641,0.09401709401709402,0.01845000853813144,0.02315491527571495,0.030803943998388445,0.045775649247871475,khong cai thien (8/50)
lightgcn,active,2020,656,0.003973818832218308,465.9,False,,,,,,,,,
lightgcn,active,2020,657,0.004026951901396185,466.5,False,,,,,,,,,
lightgcn,active,2020,658,0.004124269924068617,467.1,False,,,,,,,,,
lightgcn,active,2020,659,0.003952054151380709,467.8,False,,,,,,,,,
lightgcn,active,2020,660,0.003977314928428369,468.4,True,0.017563092119687512,0.03191820814918243,0.0641025641025641,0.09401709401709402,0.017835807659465387,0.022566234195373215,0.030799627327405106,0.04538714885937108,khong cai thien (9/50)
lightgcn,active,2020,661,0.003963194118835448,469.4,False,,,,,,,,,
lightgcn,active,2020,662,0.003973780821334131,470.1,False,,,,,,,,,
lightgcn,active,2020,663,0.004035223085162239,470.7,False,,,,,,,,,
lightgcn,active,2020,664,0.004017892566972751,471.3,False,,,,,,,,,
lightgcn,active,2020,665,0.003961287468892266,472.0,True,0.017643868496059267,0.03192974763152125,0.07264957264957266,0.09401709401709402,0.019545564258400233,0.02305864585883065,0.03511629831074276,0.045775649247871475,khong cai thien (10/50)
lightgcn,active,2020,666,0.004002749450138143,473.1,False,,,,,,,,,
lightgcn,active,2020,667,0.0038907285992494786,473.7,False,,,,,,,,,
lightgcn,active,2020,668,0.004047652907771502,474.4,False,,,,,,,,,
lightgcn,active,2020,669,0.004036162659314452,475.1,False,,,,,,,,,
lightgcn,active,2020,670,0.004029736058610218,475.7,True,0.01765540797839809,0.03211437934894241,0.0641025641025641,0.08974358974358974,0.019252497077792745,0.023134598628195842,0.03464578117355896,0.0457324825380381,khong cai thien (11/50)
lightgcn,active,2020,671,0.003964846335776733,476.7,False,,,,,,,,,
lightgcn,active,2020,672,0.003906022162389982,477.3,False,,,,,,,,,
lightgcn,active,2020,673,0.004057963195593015,478.0,False,,,,,,,,,
lightgcn,active,2020,674,0.0039817284979621346,478.6,False,,,,,,,,,
lightgcn,active,2020,675,0.003936088596543132,479.2,True,0.017540013155009866,0.03197590556087654,0.0641025641025641,0.08974358974358974,0.019819409420401522,0.023703562314679637,0.03464578117355896,0.0457324825380381,khong cai thien (12/50)
lightgcn,active,2020,676,0.003956757804898919,480.3,False,,,,,,,,,
lightgcn,active,2020,677,0.003973724601816387,480.9,False,,,,,,,,,
lightgcn,active,2020,678,0.003928104393696991,481.5,False,,,,,,,,,
lightgcn,active,2020,679,0.003978120906894248,482.1,False,,,,,,,,,
lightgcn,active,2020,680,0.003987988649942196,482.8,True,0.01736692091992753,0.03196436607853772,0.0641025641025641,0.0811965811965812,0.020135813290965515,0.022328047739386698,0.03480405910961467,0.04003447684003239,khong cai thien (13/50)
lightgcn,active,2020,681,0.003931582070801315,483.8,False,,,,,,,,,
lightgcn,active,2020,682,0.003992164170655334,484.4,False,,,,,,,,,
lightgcn,active,2020,683,0.0039651624560119265,485.0,False,,,,,,,,,
lightgcn,active,2020,684,0.003916838311904128,485.7,False,,,,,,,,,
lightgcn,active,2020,685,0.0040618927235564675,486.3,True,0.017401539366944,0.03211437934894241,0.06837606837606838,0.08547008547008547,0.020799944558007117,0.022518822401732197,0.03580306010861567,0.04008926535635938,khong cai thien (14/50)
lightgcn,active,2020,686,0.003970636837043005,487.5,False,,,,,,,,,
lightgcn,active,2020,687,0.0039593901811170356,488.1,False,,,,,,,,,
lightgcn,active,2020,688,0.003982992219386095,488.8,False,,,,,,,,,
lightgcn,active,2020,689,0.003994565146983551,489.4,False,,,,,,,,,
lightgcn,active,2020,690,0.003986873200328173,490.1,True,0.01744769729629929,0.03231055054870238,0.06837606837606838,0.08974358974358974,0.02047445718679484,0.023483070680912595,0.03564478217255995,0.04436276962986365,khong cai thien (15/50)
lightgcn,active,2020,691,0.003995313725875123,491.1,False,,,,,,,,,
lightgcn,active,2020,692,0.0039049193626049194,491.7,False,,,,,,,,,
lightgcn,active,2020,693,0.003947013002619284,492.3,False,,,,,,,,,
lightgcn,active,2020,694,0.0039184715466491485,493.0,False,,,,,,,,,
lightgcn,active,2020,695,0.003923528293036126,493.6,True,0.017574631602026332,0.03251826123080118,0.0641025641025641,0.08974358974358974,0.01907908080580074,0.024268082716911586,0.031141055446611002,0.04867512394221796,khong cai thien (16/50)
lightgcn,active,2020,696,0.003858422234856761,494.6,False,,,,,,,,,
lightgcn,active,2020,697,0.003908869940911875,495.2,False,,,,,,,,,
lightgcn,active,2020,698,0.004063674923398791,495.8,False,,,,,,,,,
lightgcn,active,2020,699,0.0039293037640524015,496.5,False,,,,,,,,,
lightgcn,active,2020,700,0.00395118205853381,497.1,True,0.017540013155009866,0.03259903760717294,0.06837606837606838,0.0811965811965812,0.02063662272913023,0.022497464663688002,0.03580306010861567,0.04046182726738282,khong cai thien (17/50)
lightgcn,active,2020,701,0.003947309820605157,498.1,False,,,,,,,,,
lightgcn,active,2020,702,0.003956234155333155,498.7,False,,,,,,,,,
lightgcn,active,2020,703,0.003913296180412399,499.4,False,,,,,,,,,
lightgcn,active,2020,704,0.003919365122802204,500.1,False,,,,,,,,,
lightgcn,active,2020,705,0.003885833254144202,500.7,True,0.017528473672671043,0.03251826123080118,0.0641025641025641,0.09401709401709402,0.01902949331145667,0.024374693053004957,0.03152955583511139,0.05043333723889279,khong cai thien (18/50)
lightgcn,active,2020,706,0.004047606235854965,501.9,False,,,,,,,,,
lightgcn,active,2020,707,0.003919433242094101,502.6,False,,,,,,,,,
lightgcn,active,2020,708,0.004001487060990428,503.2,False,,,,,,,,,
lightgcn,active,2020,709,0.003949915030814481,503.8,False,,,,,,,,,
lightgcn,active,2020,710,0.003991268789010773,504.5,True,0.017482315743315754,0.03261057708951177,0.06837606837606838,0.09829059829059829,0.01933746193193622,0.025326814049265477,0.03195690626246182,0.05427949108504665,khong cai thien (19/50)
lightgcn,active,2020,711,0.0038907120429268202,505.5,False,,,,,,,,,
lightgcn,active,2020,712,0.004004285391857825,506.1,False,,,,,,,,,
lightgcn,active,2020,713,0.003909386331417615,506.7,False,,,,,,,,,
lightgcn,active,2020,714,0.003831056115980334,507.4,False,,,,,,,,,
lightgcn,active,2020,715,0.0038901689589424947,508.0,True,0.017493855225654577,0.032725971912899984,0.06837606837606838,0.09829059829059829,0.019292007271065278,0.0253630396080587,0.03195690626246182,0.05427949108504665,khong cai thien (20/50)
lightgcn,active,2020,716,0.0038213062149941995,509.0,False,,,,,,,,,
lightgcn,active,2020,717,0.003960981184444879,509.6,False,,,,,,,,,
lightgcn,active,2020,718,0.003944236509253403,510.3,False,,,,,,,,,
lightgcn,active,2020,719,0.003918078412100442,510.9,False,,,,,,,,,
lightgcn,active,2020,720,0.003901212267592986,511.5,True,0.01755155263734869,0.03264519553652823,0.07264957264957266,0.09829059829059829,0.021184820361283465,0.025698354752813405,0.03623041053596609,0.05356724037279593,khong cai thien (21/50)
lightgcn,active,2020,721,0.003963128753566712,512.6,False,,,,,,,,,
lightgcn,active,2020,722,0.003974072782869372,513.3,False,,,,,,,,,
lightgcn,active,2020,723,0.0039228807297061845,514.0,False,,,,,,,,,
lightgcn,active,2020,724,0.003993751509570637,514.7,False,,,,,,,,,
lightgcn,active,2020,725,0.0038945984143435837,515.3,True,0.017540013155009866,0.032702892948222345,0.07264957264957266,0.09401709401709402,0.020414725052328442,0.023913231654694358,0.03623041053596609,0.049293736099291656,khong cai thien (22/50)
lightgcn,active,2020,726,0.0039083884427132416,516.4,False,,,,,,,,,
lightgcn,active,2020,727,0.003870656797268081,517.0,False,,,,,,,,,
lightgcn,active,2020,728,0.003895402632586624,517.7,False,,,,,,,,,
lightgcn,active,2020,729,0.003930871614140309,518.3,False,,,,,,,,,
lightgcn,active,2020,730,0.0039659765993893085,518.9,True,0.01751693419033222,0.03263365605418941,0.07264957264957266,0.10256410256410256,0.021317662498869308,0.024741617170785858,0.03623041053596609,0.04867944061320129,khong cai thien (23/50)
lightgcn,active,2020,731,0.0039575453440752854,520.0,False,,,,,,,,,
lightgcn,active,2020,732,0.0038825937614871955,520.6,False,,,,,,,,,
lightgcn,active,2020,733,0.003894957404120468,521.3,False,,,,,,,,,
lightgcn,active,2020,734,0.0039022692910969663,521.9,False,,,,,,,,,
lightgcn,active,2020,735,0.003860534670753541,522.5,True,0.017528473672671043,0.03243748485442943,0.06837606837606838,0.10256410256410256,0.01949578817328189,0.02437929727106641,0.03195690626246182,0.04956204566247301,khong cai thien (24/50)
lightgcn,active,2020,736,0.0038194972665380224,523.6,False,,,,,,,,,
lightgcn,active,2020,737,0.003982347468368584,524.2,False,,,,,,,,,
lightgcn,active,2020,738,0.003871750019594663,524.8,False,,,,,,,,,
lightgcn,active,2020,739,0.0039142439322576396,525.5,False,,,,,,,,,
lightgcn,active,2020,740,0.00393044872818382,526.2,True,0.017597710566703978,0.03259903760717294,0.06837606837606838,0.09829059829059829,0.019698774471182227,0.024542943640278356,0.03195690626246182,0.04943054136430205,khong cai thien (25/50)
lightgcn,active,2020,741,0.0038573396325886594,527.4,False,,,,,,,,,
lightgcn,active,2020,742,0.003909903901998306,528.1,False,,,,,,,,,
lightgcn,active,2020,743,0.003859745552810607,528.7,False,,,,,,,,,
lightgcn,active,2020,744,0.003828613061695995,529.4,False,,,,,,,,,
lightgcn,active,2020,745,0.0039196281156969,530.0,True,0.017574631602026332,0.03269135346588352,0.06837606837606838,0.09401709401709402,0.019576535702982466,0.023405045583040907,0.03195690626246182,0.04515703709079778,khong cai thien (26/50)
lightgcn,active,2020,746,0.003973816805919069,531.1,False,,,,,,,,,
lightgcn,active,2020,747,0.003880967670019058,531.7,False,,,,,,,,,
lightgcn,active,2020,748,0.003841840673639103,532.3,False,,,,,,,,,
lightgcn,active,2020,749,0.003773378406641516,533.0,False,,,,,,,,,
lightgcn,active,2020,750,0.0038161742061074084,533.6,True,0.017643868496059267,0.03262211657185059,0.06837606837606838,0.09401709401709402,0.019661219675126348,0.02412040985297094,0.03234540665096221,0.04938737465446868,khong cai thien (27/50)
lightgcn,active,2020,751,0.003913209334232893,534.7,False,,,,,,,,,
lightgcn,active,2020,752,0.003881110200133644,535.3,False,,,,,,,,,
lightgcn,active,2020,753,0.0038404374187336076,535.9,False,,,,,,,,,
lightgcn,active,2020,754,0.0038609563966303466,536.6,False,,,,,,,,,
lightgcn,active,2020,755,0.003838069082281421,537.2,True,0.017736184354769844,0.03261057708951177,0.06837606837606838,0.10683760683760683,0.02030434776232582,0.025789299118174663,0.03234540665096221,0.05335759222117747,khong cai thien (28/50)
lightgcn,active,2020,756,0.0038946502202583414,538.3,False,,,,,,,,,
lightgcn,active,2020,757,0.003854944910131715,539.0,False,,,,,,,,,
lightgcn,active,2020,758,0.003836214901531368,539.7,False,,,,,,,,,
lightgcn,active,2020,759,0.0038535618867383582,540.4,False,,,,,,,,,
lightgcn,active,2020,760,0.003849894382011648,541.1,True,0.017782342284125133,0.03266827450120587,0.06837606837606838,0.1111111111111111,0.01975838406329193,0.02640402943830387,0.03218712871490649,0.05795077627342584,best
lightgcn,active,2020,761,0.00381864980979941,542.3,False,,,,,,,,,
lightgcn,active,2020,762,0.0039615488149886595,542.9,False,,,,,,,,,
lightgcn,active,2020,763,0.0039025787054270964,543.5,False,,,,,,,,,
lightgcn,active,2020,764,0.003850515832346519,544.2,False,,,,,,,,,
lightgcn,active,2020,765,0.003843929670201287,544.8,True,0.017770802801786313,0.032575958642495295,0.07692307692307693,0.10683760683760683,0.02103959365355671,0.025788305555880527,0.03384592313685881,0.05367871380298281,khong cai thien (1/50)
lightgcn,active,2020,766,0.003863172944831492,545.9,False,,,,,,,,,
lightgcn,active,2020,767,0.003866326101232056,546.5,False,,,,,,,,,
lightgcn,active,2020,768,0.0038356589694803125,547.2,False,,,,,,,,,
lightgcn,active,2020,769,0.0038713424639183693,547.8,False,,,,,,,,,
lightgcn,active,2020,770,0.003895840939167536,548.5,True,0.017747723837108667,0.03273751139523881,0.07264957264957266,0.10256410256410256,0.020373502762680323,0.024878271644903603,0.03272131674909453,0.049405209529478536,khong cai thien (2/50)
lightgcn,active,2020,771,0.003854713206979453,549.5,False,,,,,,,,,
lightgcn,active,2020,772,0.0038342986552056925,550.1,False,,,,,,,,,
lightgcn,active,2020,773,0.00393144147831529,550.8,False,,,,,,,,,
lightgcn,active,2020,774,0.0038104040632214015,551.4,False,,,,,,,,,
lightgcn,active,2020,775,0.003875217761886548,552.1,True,0.017770802801786313,0.03294522207733761,0.07264957264957266,0.09829059829059829,0.019389925582491307,0.024007859530244934,0.03272131674909453,0.05006122992234103,khong cai thien (3/50)
lightgcn,active,2020,776,0.003859267990204329,553.2,False,,,,,,,,,
lightgcn,active,2020,777,0.003917031946356503,553.9,False,,,,,,,,,
lightgcn,active,2020,778,0.0038499873481460706,554.6,False,,,,,,,,,
lightgcn,active,2020,779,0.003903046527307008,555.3,False,,,,,,,,,
lightgcn,active,2020,780,0.0038740186027527283,555.9,True,0.01786311866049689,0.03308369586540348,0.07264957264957266,0.10683760683760683,0.018558126764343853,0.024061701915073758,0.03272131674909453,0.05367727199992157,khong cai thien (4/50)
lightgcn,active,2020,781,0.003842650861713915,557.0,False,,,,,,,,,
lightgcn,active,2020,782,0.003822714966929997,557.6,False,,,,,,,,,
lightgcn,active,2020,783,0.0038486584942886166,558.3,False,,,,,,,,,
lightgcn,active,2020,784,0.00387875051185873,558.9,False,,,,,,,,,
lightgcn,active,2020,785,0.0038296464726067553,559.5,True,0.017955434519207468,0.03301445897137054,0.07264957264957266,0.10683760683760683,0.018297891804045712,0.02366149631054053,0.03272131674909453,0.053019809803997835,khong cai thien (5/50)
lightgcn,active,2020,786,0.003917620627528843,560.6,False,,,,,,,,,
lightgcn,active,2020,787,0.003886235305673,561.2,False,,,,,,,,,
lightgcn,active,2020,788,0.003784117217669581,561.9,False,,,,,,,,,
lightgcn,active,2020,789,0.0038284159636343485,562.5,False,,,,,,,,,
lightgcn,active,2020,790,0.0038650976062233377,563.2,True,0.017920816072191002,0.03294522207733761,0.0641025641025641,0.09829059829059829,0.017820474671094946,0.021794163218320676,0.03202885077885078,0.04447280125698928,khong cai thien (6/50)
lightgcn,active,2020,791,0.003790671219264348,564.2,False,,,,,,,,,
lightgcn,active,2020,792,0.0037942494873951815,564.8,False,,,,,,,,,
lightgcn,active,2020,793,0.0038539027129158607,565.5,False,,,,,,,,,
lightgcn,active,2020,794,0.0038411760509553493,566.1,False,,,,,,,,,
lightgcn,active,2020,795,0.0038699696149864403,566.8,True,0.01790927658985218,0.032852906218627034,0.06837606837606838,0.10683760683760683,0.0181793981090238,0.022918019000052213,0.032083639295177754,0.0489051922278418,khong cai thien (7/50)
lightgcn,active,2020,796,0.0038475244532895354,568.0,False,,,,,,,,,
lightgcn,active,2020,797,0.0038204003887796524,568.7,False,,,,,,,,,
lightgcn,active,2020,798,0.0038163896305213824,569.4,False,,,,,,,,,
lightgcn,active,2020,799,0.0038392551557454853,570.0,False,,,,,,,,,
lightgcn,active,2020,800,0.00385432652317428,570.7,True,0.018001592448562757,0.03281828777161057,0.06837606837606838,0.09829059829059829,0.017831153303917626,0.02221697322959141,0.032083639295177754,0.048157328979978556,khong cai thien (8/50)
lightgcn,active,2020,801,0.003830787453123148,571.7,False,,,,,,,,,
lightgcn,active,2020,802,0.003763005167696216,572.4,False,,,,,,,,,
lightgcn,active,2020,803,0.00385929837467459,573.0,False,,,,,,,,,
lightgcn,active,2020,804,0.003759954276016837,573.7,False,,,,,,,,,
lightgcn,active,2020,805,0.003867739675922156,574.3,True,0.017920816072191002,0.03294522207733761,0.07692307692307693,0.09829059829059829,0.018278560069733024,0.02227161522924387,0.03230975063240021,0.048157328979978556,khong cai thien (9/50)
lightgcn,active,2020,806,0.0038123439111702544,575.4,False,,,,,,,,,
lightgcn,active,2020,807,0.003817382313476285,576.0,False,,,,,,,,,
lightgcn,active,2020,808,0.00380855448391677,576.7,False,,,,,,,,,
lightgcn,active,2020,809,0.0038179060693218064,577.3,False,,,,,,,,,
lightgcn,active,2020,810,0.0038533890478035858,577.9,True,0.01796697400154629,0.03304907741838701,0.0811965811965812,0.09401709401709402,0.019455395519920326,0.021311707752714237,0.03658325490590448,0.043883824706474284,khong cai thien (10/50)
lightgcn,active,2020,811,0.0038900633003495083,578.9,False,,,,,,,,,
lightgcn,active,2020,812,0.00384924102494992,579.6,False,,,,,,,,,
lightgcn,active,2020,813,0.0038514523933186645,580.2,False,,,,,,,,,
lightgcn,active,2020,814,0.003805218307434992,580.9,False,,,,,,,,,
lightgcn,active,2020,815,0.0037983377619314595,581.6,True,0.018174684683645092,0.033222169653469344,0.0811965811965812,0.09829059829059829,0.019457586050140963,0.022937806981397094,0.03373425205690163,0.048157328979978556,khong cai thien (11/50)
lightgcn,active,2020,816,0.003768930870274981,582.7,False,,,,,,,,,
lightgcn,active,2020,817,0.0037754723959338896,583.4,False,,,,,,,,,
lightgcn,active,2020,818,0.0037894158660470986,584.0,False,,,,,,,,,
lightgcn,active,2020,819,0.003754539162543109,584.6,False,,,,,,,,,
lightgcn,active,2020,820,0.0038326620315819416,585.3,True,0.01811698727195098,0.033129853794758767,0.07264957264957266,0.10683760683760683,0.01892443799561589,0.024244074868034367,0.032254962116073226,0.05264450846715804,khong cai thien (12/50)
lightgcn,active,2020,821,0.003850210427245039,586.3,False,,,,,,,,,
lightgcn,active,2020,822,0.0038844516760286403,586.9,False,,,,,,,,,
lightgcn,active,2020,823,0.003791386722508061,587.6,False,,,,,,,,,
lightgcn,active,2020,824,0.0038249141206301205,588.2,False,,,,,,,,,
lightgcn,active,2020,825,0.0038292065343492813,588.9,True,0.01822084261300038,0.033279867065163456,0.07264957264957266,0.09829059829059829,0.02157802448510133,0.025805263027380284,0.032254962116073226,0.04831621567732679,khong cai thien (13/50)
lightgcn,active,2020,826,0.00373829363313467,589.9,False,,,,,,,,,
lightgcn,active,2020,827,0.003798519309723562,590.5,False,,,,,,,,,
lightgcn,active,2020,828,0.003764156906780517,591.2,False,,,,,,,,,
lightgcn,active,2020,829,0.0037129342873459723,591.8,False,,,,,,,,,
lightgcn,active,2020,830,0.0038158669848938043,592.5,True,0.018093908307273334,0.03308369586540348,0.06837606837606838,0.10256410256410256,0.02109868706578415,0.025687719366775375,0.03164446150557262,0.04837100419365376,khong cai thien (14/50)
lightgcn,active,2020,831,0.0038055736671439365,593.7,False,,,,,,,,,
lightgcn,active,2020,832,0.003829256214609135,594.4,False,,,,,,,,,
lightgcn,active,2020,833,0.003836704612572222,595.1,False,,,,,,,,,
lightgcn,active,2020,834,0.0038036544106542663,595.8,False,,,,,,,,,
lightgcn,active,2020,835,0.003815112534666359,596.4,True,0.017990052966223934,0.03316447224177523,0.0641025641025641,0.10256410256410256,0.02023036216820114,0.024994485067819646,0.031759778287556065,0.04837100419365376,khong cai thien (15/50)
lightgcn,active,2020,836,0.003815445227950537,597.4,False,,,,,,,,,
lightgcn,active,2020,837,0.0037298064574963256,598.0,False,,,,,,,,,
lightgcn,active,2020,838,0.00382797037802113,598.6,False,,,,,,,,,
lightgcn,active,2020,839,0.0037330718741979277,599.2,False,,,,,,,,,
lightgcn,active,2020,840,0.0038143527599499997,599.9,True,0.01790927658985218,0.0331990906887917,0.06837606837606838,0.09401709401709402,0.021275536834972967,0.02341140266007039,0.033184279712057486,0.03982399564664522,khong cai thien (16/50)
lightgcn,active,2020,841,0.003753340018301145,600.9,False,,,,,,,,,
lightgcn,active,2020,842,0.003765202269603016,601.5,False,,,,,,,,,
lightgcn,active,2020,843,0.003739600743108381,602.2,False,,,,,,,,,
lightgcn,active,2020,844,0.003765063377951717,602.8,False,,,,,,,,,
lightgcn,active,2020,845,0.0037975645147295123,603.4,True,0.017816960731141602,0.0330952353477423,0.07264957264957266,0.09401709401709402,0.019345803195598026,0.021206422986554976,0.03371846774624552,0.03982399564664522,khong cai thien (17/50)
lightgcn,active,2020,846,0.0038001819300443013,604.4,False,,,,,,,,,
lightgcn,active,2020,847,0.0038080905606915276,605.1,False,,,,,,,,,
lightgcn,active,2020,848,0.0037968510319230076,605.7,False,,,,,,,,,
lightgcn,active,2020,849,0.0037227440069984553,606.4,False,,,,,,,,,
lightgcn,active,2020,850,0.0038746315753827626,607.1,True,0.018024671413240403,0.033141393277097586,0.0641025641025641,0.10683760683760683,0.019849419173154137,0.025708418160592845,0.031759778287556065,0.05307185889450847,khong cai thien (18/50)
lightgcn,active,2020,851,0.0037339132546502997,608.2,False,,,,,,,,,
lightgcn,active,2020,852,0.0038482103694462188,608.9,False,,,,,,,,,
lightgcn,active,2020,853,0.0038676816712070266,609.5,False,,,,,,,,,
lightgcn,active,2020,854,0.003766635198385772,610.2,False,,,,,,,,,
lightgcn,active,2020,855,0.003778304322533062,610.8,True,0.01811698727195098,0.0333029460298411,0.06837606837606838,0.10256410256410256,0.020137228543182648,0.024787099613491324,0.03181456680388304,0.04879835462100419,khong cai thien (19/50)
lightgcn,active,2020,856,0.0037982166829531277,611.8,False,,,,,,,,,
lightgcn,active,2020,857,0.0037870485270411875,612.4,False,,,,,,,,,
lightgcn,active,2020,858,0.0037729630867866996,613.0,False,,,,,,,,,
lightgcn,active,2020,859,0.0038410624571688797,613.7,False,,,,,,,,,
lightgcn,active,2020,860,0.003721617170324129,614.3,True,0.018140066236628626,0.03345295930024579,0.06837606837606838,0.1111111111111111,0.018798035879407673,0.025708332263247702,0.031631416620732856,0.05740015168433971,khong cai thien (20/50)
lightgcn,active,2020,861,0.003710912257044232,615.3,False,,,,,,,,,
lightgcn,active,2020,862,0.0037860843147163327,616.0,False,,,,,,,,,
lightgcn,active,2020,863,0.0038128062962585457,616.6,False,,,,,,,,,
lightgcn,active,2020,864,0.003729420876134434,617.3,False,,,,,,,,,
lightgcn,active,2020,865,0.0037735997379221616,617.9,True,0.018093908307273334,0.03339526188855168,0.06837606837606838,0.11538461538461539,0.0180094813940693,0.025569668538380462,0.03181456680388304,0.06161886744151701,khong cai thien (21/50)
lightgcn,active,2020,866,0.0037745779462831633,619.0,False,,,,,,,,,
lightgcn,active,2020,867,0.0037227659212718755,619.7,False,,,,,,,,,
lightgcn,active,2020,868,0.003770789956325918,620.4,False,,,,,,,,,
lightgcn,active,2020,869,0.0037829320196893805,621.1,False,,,,,,,,,
lightgcn,active,2020,870,0.003778099085702268,621.7,True,0.018140066236628626,0.033279867065163456,0.07264957264957266,0.10683760683760683,0.019375549094386643,0.024281042286804225,0.03234875483807108,0.052003482826132395,khong cai thien (22/50)
lightgcn,active,2020,871,0.003762604090478214,622.9,False,,,,,,,,,
lightgcn,active,2020,872,0.003796312810444446,623.5,False,,,,,,,,,
lightgcn,active,2020,873,0.003694611332255126,624.2,False,,,,,,,,,
lightgcn,active,2020,874,0.003747921137541994,624.8,False,,,,,,,,,
lightgcn,active,2020,875,0.003784621322357745,625.4,True,0.01807082934259569,0.033129853794758767,0.07264957264957266,0.10683760683760683,0.019590143784316134,0.024828889848954948,0.03234875483807108,0.05307185889450847,khong cai thien (23/50)
lightgcn,active,2020,876,0.0037185150186390243,626.4,False,,,,,,,,,
lightgcn,active,2020,877,0.0038080809774813608,627.1,False,,,,,,,,,
lightgcn,active,2020,878,0.0036913481559478984,627.7,False,,,,,,,,,
lightgcn,active,2020,879,0.003701737469301803,628.4,False,,,,,,,,,
lightgcn,active,2020,880,0.003805932259323451,629.0,True,0.018082368824934515,0.03329140654750228,0.06837606837606838,0.09829059829059829,0.018833211145672296,0.02328413015670383,0.0322939663217441,0.04874356610467721,khong cai thien (24/50)
lightgcn,active,2020,881,0.003794977973950707,630.1,False,,,,,,,,,
lightgcn,active,2020,882,0.003744379896770809,630.7,False,,,,,,,,,
lightgcn,active,2020,883,0.0037412214244054117,631.4,False,,,,,,,,,
lightgcn,active,2020,884,0.003718978051695443,632.0,False,,,,,,,,,
lightgcn,active,2020,885,0.003756216482334422,632.7,True,0.018255461060016846,0.03338372240621286,0.0641025641025641,0.10256410256410256,0.018234049290666222,0.02417227896780521,0.0313985654263432,0.05300402549334173,khong cai thien (25/50)
lightgcn,active,2020,886,0.0038087166334463945,633.9,False,,,,,,,,,
lightgcn,active,2020,887,0.003710938124027136,634.6,False,,,,,,,,,
lightgcn,active,2020,888,0.003788929307058956,635.3,False,,,,,,,,,
lightgcn,active,2020,889,0.0037593214878719116,635.9,False,,,,,,,,,
lightgcn,active,2020,890,0.0037435953032761054,636.6,True,0.018174684683645092,0.03346449878258461,0.0641025641025641,0.10683760683760683,0.019356144278245235,0.025505951277353313,0.031027445318380992,0.05377250652498066,khong cai thien (26/50)
lightgcn,active,2020,891,0.0037247283289289597,637.6,False,,,,,,,,,
lightgcn,active,2020,892,0.0037302156578330036,638.2,False,,,,,,,,,
lightgcn,active,2020,893,0.0037149403833807095,638.9,False,,,,,,,,,
lightgcn,active,2020,894,0.00376018818352693,639.5,False,,,,,,,,,
lightgcn,active,2020,895,0.0036840769118519586,640.2,True,0.01826700054235567,0.03338372240621286,0.06837606837606838,0.09829059829059829,0.01906391620900186,0.025075012982845913,0.031066295357231027,0.05350404279497847,khong cai thien (27/50)
lightgcn,active,2020,896,0.003755211055302907,641.2,False,,,,,,,,,
lightgcn,active,2020,897,0.0037508651827925666,641.8,False,,,,,,,,,
lightgcn,active,2020,898,0.0036700622094145733,642.5,False,,,,,,,,,
lightgcn,active,2020,899,0.0037264612992578727,643.1,False,,,,,,,,,
lightgcn,active,2020,900,0.003691395585114598,643.8,True,0.01822084261300038,0.03329140654750228,0.0641025641025641,0.10256410256410256,0.02013224369598938,0.025385379544837435,0.031027445318380992,0.049353160438967904,khong cai thien (28/50)
lightgcn,active,2020,901,0.0037021337222620638,644.8,False,,,,,,,,,
lightgcn,active,2020,902,0.003765256483630579,645.5,False,,,,,,,,,
lightgcn,active,2020,903,0.0037241067676247078,646.2,False,,,,,,,,,
lightgcn,active,2020,904,0.0037516909057071393,646.8,False,,,,,,,,,
lightgcn,active,2020,905,0.0036771952935601205,647.5,True,0.018140066236628626,0.03323370913580817,0.0641025641025641,0.10683760683760683,0.019893767717918984,0.026137224738059767,0.031027445318380992,0.05362666471247218,khong cai thien (29/50)
lightgcn,active,2020,906,0.0038459819574247064,648.7,False,,,,,,,,,
lightgcn,active,2020,907,0.003710970944131859,649.4,False,,,,,,,,,
lightgcn,active,2020,908,0.0036888715206213414,650.1,False,,,,,,,,,
lightgcn,active,2020,909,0.0037298121451506535,650.7,False,,,,,,,,,
lightgcn,active,2020,910,0.003657199849997724,651.3,True,0.018128526754289803,0.03310677483008112,0.0641025641025641,0.09829059829059829,0.0205985980420716,0.024643342265841854,0.0313985654263432,0.04499264678358245,khong cai thien (30/50)
lightgcn,active,2020,911,0.0037544741368031615,652.4,False,,,,,,,,,
lightgcn,active,2020,912,0.003704649225106211,653.0,False,,,,,,,,,
lightgcn,active,2020,913,0.003725561243644232,653.7,False,,,,,,,,,
lightgcn,active,2020,914,0.0037448603449855835,654.3,False,,,,,,,,,
lightgcn,active,2020,915,0.003710113091370066,655.0,True,0.018140066236628626,0.033210630171130524,0.06837606837606838,0.10683760683760683,0.02072128851147522,0.02584282465762319,0.032110816138593914,0.05003319028566442,khong cai thien (31/50)
lightgcn,active,2020,916,0.0036922173187544116,656.0,False,,,,,,,,,
lightgcn,active,2020,917,0.003743029902239415,656.6,False,,,,,,,,,
lightgcn,active,2020,918,0.0037212886522123307,657.3,False,,,,,,,,,
lightgcn,active,2020,919,0.0037773115631878603,657.9,False,,,,,,,,,
lightgcn,active,2020,920,0.0038061392873607863,658.5,True,0.018255461060016846,0.03347603826492344,0.05982905982905983,0.10256410256410256,0.020219833997390625,0.026165011080023386,0.031309534087311866,0.05040849162250422,khong cai thien (32/50)
lightgcn,active,2020,921,0.003680740184426699,659.6,False,,,,,,,,,
lightgcn,active,2020,922,0.003713770142524551,660.3,False,,,,,,,,,
lightgcn,active,2020,923,0.0036759325954075525,661.0,False,,,,,,,,,
lightgcn,active,2020,924,0.003639668599448792,661.7,False,,,,,,,,,
lightgcn,active,2020,925,0.0037409024317340478,662.4,True,0.018209303130661558,0.033556814641295195,0.06837606837606838,0.1111111111111111,0.019826990439284972,0.026003336798958727,0.03189995244088811,0.05436148307549567,khong cai thien (33/50)
lightgcn,active,2020,926,0.0036749603172096194,663.5,False,,,,,,,,,
lightgcn,active,2020,927,0.003657465926655927,664.1,False,,,,,,,,,
lightgcn,active,2020,928,0.0037158662550580515,664.7,False,,,,,,,,,
lightgcn,active,2020,929,0.003656199674517674,665.4,False,,,,,,,,,
lightgcn,active,2020,930,0.0036581790329499792,666.0,True,0.01832469795404978,0.03352219619427872,0.06837606837606838,0.11538461538461539,0.019892280148666737,0.027108518083708965,0.03189995244088811,0.058634987348999947,best
lightgcn,active,2020,931,0.0036973177390409767,667.1,False,,,,,,,,,
lightgcn,active,2020,932,0.00377662221053437,667.7,False,,,,,,,,,
lightgcn,active,2020,933,0.0037210520310926028,668.4,False,,,,,,,,,
lightgcn,active,2020,934,0.003738177891196894,669.0,False,,,,,,,,,
lightgcn,active,2020,935,0.0036968186548161524,669.7,True,0.01830161898937214,0.033360643441535213,0.0641025641025641,0.1111111111111111,0.020064052773022922,0.02747125125456415,0.03147260201353769,0.05842131213532474,best
lightgcn,active,2020,936,0.0037545526638744827,670.7,False,,,,,,,,,
lightgcn,active,2020,937,0.003655908530701161,671.3,False,,,,,,,,,
lightgcn,active,2020,938,0.003709427616759887,672.0,False,,,,,,,,,
lightgcn,active,2020,939,0.003696113976006579,672.6,False,,,,,,,,,
lightgcn,active,2020,940,0.003633569598448639,673.3,True,0.01850932967147094,0.03354527515895637,0.0641025641025641,0.10683760683760683,0.020173385424038164,0.027050328137076664,0.0318437221214999,0.054839440790295485,khong cai thien (1/50)
lightgcn,active,2020,941,0.003697510302930319,674.5,False,,,,,,,,,
lightgcn,active,2020,942,0.003685011537834606,675.2,False,,,,,,,,,
lightgcn,active,2020,943,0.0036726481509927445,675.9,False,,,,,,,,,
lightgcn,active,2020,944,0.0037033254549116786,676.6,False,,,,,,,,,
lightgcn,active,2020,945,0.0036698087086547856,677.2,True,0.01837085588340507,0.03352219619427872,0.0641025641025641,0.10683760683760683,0.02026205992165331,0.02669261868001012,0.0318437221214999,0.05425046423978048,khong cai thien (2/50)
lightgcn,active,2020,946,0.0037134236444811217,678.2,False,,,,,,,,,
lightgcn,active,2020,947,0.003710322396247512,678.9,False,,,,,,,,,
lightgcn,active,2020,948,0.0037322902621225815,679.5,False,,,,,,,,,
lightgcn,active,2020,949,0.003735997552797588,680.2,False,,,,,,,,,
lightgcn,active,2020,950,0.0037133794082082425,680.8,True,0.018486250706793293,0.033637591017666946,0.06837606837606838,0.09829059829059829,0.02021071200781474,0.026070197389502232,0.032110816138593914,0.053982000509778284,khong cai thien (3/50)
lightgcn,active,2020,951,0.003632490098127833,681.9,False,,,,,,,,,
lightgcn,active,2020,952,0.0037066560855772705,682.5,False,,,,,,,,,
lightgcn,active,2020,953,0.0036766795817395463,683.2,False,,,,,,,,,
lightgcn,active,2020,954,0.003796407934348502,683.8,False,,,,,,,,,
lightgcn,active,2020,955,0.0036889511539014365,684.4,True,0.018705500871230917,0.03385684118210457,0.0641025641025641,0.09829059829059829,0.01886903739707391,0.024911718501787056,0.0318437221214999,0.053982000509778284,khong cai thien (4/50)
lightgcn,active,2020,956,0.0037183213887199526,685.5,False,,,,,,,,,
lightgcn,active,2020,957,0.003640299576396503,686.2,False,,,,,,,,,
lightgcn,active,2020,958,0.0037172219681815004,686.9,False,,,,,,,,,
lightgcn,active,2020,959,0.0037278145741077968,687.6,False,,,,,,,,,
lightgcn,active,2020,960,0.0036604580886686502,688.2,True,0.018693961388892094,0.0339722360054928,0.0641025641025641,0.09829059829059829,0.019438769098229204,0.025557736098504327,0.0318437221214999,0.054370500898278676,khong cai thien (5/50)
lightgcn,active,2020,961,0.0036871825505530756,689.5,False,,,,,,,,,
lightgcn,active,2020,962,0.003739130037150997,690.1,False,,,,,,,,,
lightgcn,active,2020,963,0.0036928897967839006,690.8,False,,,,,,,,,
lightgcn,active,2020,964,0.003694796493227924,691.4,False,,,,,,,,,
lightgcn,active,2020,965,0.003679661064664295,692.0,True,0.018567027083165048,0.03408763082888101,0.0641025641025641,0.09401709401709402,0.019880690919104528,0.024800422327841645,0.0318437221214999,0.04970849623627401,khong cai thien (6/50)
lightgcn,active,2020,966,0.0036811312794256786,693.1,False,,,,,,,,,
lightgcn,active,2020,967,0.003667018651217715,693.7,False,,,,,,,,,
lightgcn,active,2020,968,0.0036632744063457936,694.4,False,,,,,,,,,
lightgcn,active,2020,969,0.003660777002830189,695.0,False,,,,,,,,,
lightgcn,active,2020,970,0.0036755658214660714,695.7,True,0.01857856656550387,0.03415686772291395,0.0641025641025641,0.09401709401709402,0.01955874431739354,0.023699433194599277,0.0318437221214999,0.04548978047909672,khong cai thien (7/50)
lightgcn,active,2020,971,0.003679024262224087,696.7,False,,,,,,,,,
lightgcn,active,2020,972,0.003747089290226557,697.4,False,,,,,,,,,
lightgcn,active,2020,973,0.0036933684919436055,698.0,False,,,,,,,,,
lightgcn,active,2020,974,0.0036593593502084448,698.7,False,,,,,,,,,
lightgcn,active,2020,975,0.0036555771369210306,699.3,True,0.018532408636148582,0.03394915704081515,0.05982905982905983,0.08547008547008547,0.01844249514036812,0.02206048957207126,0.028282468560246337,0.04032596281527906,khong cai thien (8/50)
lightgcn,active,2020,976,0.003642785814197467,700.4,False,,,,,,,,,
lightgcn,active,2020,977,0.0035857618144973552,701.1,False,,,,,,,,,
lightgcn,active,2020,978,0.0037018356631947458,701.8,False,,,,,,,,,
lightgcn,active,2020,979,0.003670370306374108,702.5,False,,,,,,,,,
lightgcn,active,2020,980,0.003680133070525723,703.2,True,0.018347776918727427,0.03386838066444339,0.0641025641025641,0.0811965811965812,0.0198358912896679,0.02187127028981339,0.03255597283375061,0.0394158646829587,khong cai thien (9/50)
lightgcn,active,2020,981,0.0036742219431654803,704.3,False,,,,,,,,,
lightgcn,active,2020,982,0.0036319580647232778,704.9,False,,,,,,,,,
lightgcn,active,2020,983,0.0036754338540770115,705.5,False,,,,,,,,,
lightgcn,active,2020,984,0.0037029167397350095,706.2,False,,,,,,,,,
lightgcn,active,2020,985,0.00370061401261891,706.8,True,0.018382395365743893,0.03383376221742693,0.0641025641025641,0.08974358974358974,0.018891628091548283,0.02368439018373642,0.028549562577340357,0.04780459529391154,khong cai thien (10/50)
lightgcn,active,2020,986,0.0036451435926689235,707.9,False,,,,,,,,,
lightgcn,active,2020,987,0.003615773837249535,708.5,False,,,,,,,,,
lightgcn,active,2020,988,0.0036375790734464323,709.2,False,,,,,,,,,
lightgcn,active,2020,989,0.0036384566685879675,709.8,False,,,,,,,,,
lightgcn,active,2020,990,0.003611268249768178,710.5,True,0.01832469795404978,0.03383376221742693,0.0641025641025641,0.08974358974358974,0.019061378926556974,0.0229055807527691,0.030686314714092493,0.04422355699065101,khong cai thien (11/50)
lightgcn,active,2020,991,0.0036329223274799826,711.5,False,,,,,,,,,
lightgcn,active,2020,992,0.003642035460044075,712.2,False,,,,,,,,,
lightgcn,active,2020,993,0.0036843463794532464,712.8,False,,,,,,,,,
lightgcn,active,2020,994,0.0036689044746917743,713.5,False,,,,,,,,,
lightgcn,active,2020,995,0.0036837439991669334,714.2,True,0.018243921577678027,0.03364913050000577,0.0641025641025641,0.10256410256410256,0.018881649710442188,0.025567835987841108,0.030686314714092493,0.056885791875108116,khong cai thien (12/50)
lightgcn,active,2020,996,0.003626277823196566,715.4,False,,,,,,,,,
lightgcn,active,2020,997,0.003636742863562154,716.1,False,,,,,,,,,
lightgcn,active,2020,998,0.0036726717353976453,716.8,False,,,,,,,,,
lightgcn,active,2020,999,0.0037396217775117597,717.4,False,,,,,,,,,
lightgcn,active,2020,1000,0.0036595563298478856,718.1,True,0.018359316401066247,0.03372990687637752,0.0641025641025641,0.09401709401709402,0.01968823302527636,0.02448967026199134,0.030686314714092493,0.04833878332809957,khong cai thien (13/50)
