model,cohort,seed,epoch,loss,seconds,evaluated,valid_coverage@10,valid_coverage@20,valid_hit_rate@10,valid_hit_rate@20,valid_ndcg@10,valid_ndcg@20,valid_recall@10,valid_recall@20,note
bt_dkgrec_alpha_only,active,2021,1,0.6874025130659852,1.8,False,,,,,,,,,
bt_dkgrec_alpha_only,active,2021,2,0.6785669028235236,3.1,False,,,,,,,,,
bt_dkgrec_alpha_only,active,2021,3,0.6585329862812849,4.4,False,,,,,,,,,
bt_dkgrec_alpha_only,active,2021,4,0.6205018049075878,5.7,False,,,,,,,,,
bt_dkgrec_alpha_only,active,2021,5,0.5663378973504933,7.0,True,0.003669555383745485,0.006519807521434588,0.029914529914529916,0.05982905982905983,0.00912179278619672,0.012570379121826673,0.011547843869031453,0.023659750535031686,best
bt_dkgrec_alpha_only,active,2021,6,0.50540875133805,8.7,False,,,,,,,,,
bt_dkgrec_alpha_only,active,2021,7,0.44734236281577383,10.0,False,,,,,,,,,
bt_dkgrec_alpha_only,active,2021,8,0.3967896531005363,11.4,False,,,,,,,,,
bt_dkgrec_alpha_only,active,2021,9,0.3541579205584807,12.7,False,,,,,,,,,
bt_dkgrec_alpha_only,active,2021,10,0.31845727105520716,14.0,True,0.0037964896894725304,0.006715978721194567,0.03418803418803419,0.05555555555555555,0.010729180725068352,0.012906939062478855,0.012194940374764937,0.019230618912917607,best
bt_dkgrec_alpha_only,active,2021,11,0.28779825471449455,15.8,False,,,,,,,,,
bt_dkgrec_alpha_only,active,2021,12,0.2595804565297618,17.1,False,,,,,,,,,
bt_dkgrec_alpha_only,active,2021,13,0.23813187132415414,18.4,False,,,,,,,,,
bt_dkgrec_alpha_only,active,2021,14,0.21776106345080568,19.6,False,,,,,,,,,
bt_dkgrec_alpha_only,active,2021,15,0.1997437663949385,21.0,True,0.004650411382545379,0.008227650907580287,0.04700854700854701,0.06837606837606838,0.01079445621364025,0.01337181914002627,0.01724708695862542,0.02778923054170468,best
bt_dkgrec_alpha_only,active,2021,16,0.18437270775561823,22.7,False,,,,,,,,,
bt_dkgrec_alpha_only,active,2021,17,0.17026936736722398,24.0,False,,,,,,,,,
bt_dkgrec_alpha_only,active,2021,18,0.15647680757228935,25.3,False,,,,,,,,,
bt_dkgrec_alpha_only,active,2021,19,0.1463644285998128,26.7,False,,,,,,,,,
bt_dkgrec_alpha_only,active,2021,20,0.1367875060960699,28.0,True,0.005423556699246472,0.010050889117114206,0.04700854700854701,0.06837606837606838,0.011710928238986099,0.014306913285700083,0.01724708695862542,0.02778923054170468,best
bt_dkgrec_alpha_only,active,2021,21,0.12934214752885803,29.7,False,,,,,,,,,
bt_dkgrec_alpha_only,active,2021,22,0.12078038873910664,31.0,False,,,,,,,,,
bt_dkgrec_alpha_only,active,2021,23,0.11398861847450231,32.3,False,,,,,,,,,
bt_dkgrec_alpha_only,active,2021,24,0.1086053144740589,33.7,False,,,,,,,,,
bt_dkgrec_alpha_only,active,2021,25,0.10227147411897927,35.0,True,0.006150544086592276,0.011377929586078769,0.042735042735042736,0.07264957264957266,0.01352404705224809,0.01708637166316398,0.016712898924437385,0.029925982678456812,best
bt_dkgrec_alpha_only,active,2021,26,0.09693212373643895,36.7,False,,,,,,,,,
bt_dkgrec_alpha_only,active,2021,27,0.0929578357287129,38.0,False,,,,,,,,,
bt_dkgrec_alpha_only,active,2021,28,0.08887084144415895,39.4,False,,,,,,,,,
bt_dkgrec_alpha_only,active,2021,29,0.08456343988174793,40.7,False,,,,,,,,,
bt_dkgrec_alpha_only,active,2021,30,0.08151650482384491,42.1,True,0.006785215615227501,0.012404943514233952,0.042735042735042736,0.06837606837606838,0.01325136788585471,0.016637833167800358,0.016712898924437385,0.02939179464426878,khong cai thien (1/50)
bt_dkgrec_alpha_only,active,2021,31,0.07824371563742336,43.8,False,,,,,,,,,
bt_dkgrec_alpha_only,active,2021,32,0.07490083347586776,45.2,False,,,,,,,,,
bt_dkgrec_alpha_only,active,2021,33,0.07182584523313694,46.5,False,,,,,,,,,
bt_dkgrec_alpha_only,active,2021,34,0.06969110275866289,47.8,False,,,,,,,,,
bt_dkgrec_alpha_only,active,2021,35,0.06745102855189995,49.1,True,0.007258334391119214,0.013339641583678556,0.04700854700854701,0.07264957264957266,0.013993043966698733,0.016956807148108193,0.01895314048091826,0.029925982678456812,khong cai thien (2/50)
bt_dkgrec_alpha_only,active,2021,36,0.06467593408942574,50.9,False,,,,,,,,,
bt_dkgrec_alpha_only,active,2021,37,0.06334232942430106,52.2,False,,,,,,,,,
bt_dkgrec_alpha_only,active,2021,38,0.06048823403855986,53.6,False,,,,,,,,,
bt_dkgrec_alpha_only,active,2021,39,0.05893474071695646,54.9,False,,,,,,,,,
bt_dkgrec_alpha_only,active,2021,40,0.056897441897850176,56.3,True,0.007546821449589771,0.014239721206106695,0.05128205128205128,0.07264957264957266,0.014219583875337066,0.017110399149896687,0.019009370800306475,0.02998077119478379,best
bt_dkgrec_alpha_only,active,2021,41,0.05564322014496895,58.0,False,,,,,,,,,
bt_dkgrec_alpha_only,active,2021,42,0.05384612788607405,59.4,False,,,,,,,,,
bt_dkgrec_alpha_only,active,2021,43,0.05191299486181111,60.7,False,,,,,,,,,
bt_dkgrec_alpha_only,active,2021,44,0.051040140813693735,62.1,False,,,,,,,,,
bt_dkgrec_alpha_only,active,2021,45,0.04984289581941364,63.4,True,0.007985321778465018,0.014909011181758386,0.04700854700854701,0.07692307692307693,0.013848744060675877,0.01712951328338702,0.018966204090473098,0.030353333105807238,best
bt_dkgrec_alpha_only,active,2021,46,0.04842827721114339,65.1,False,,,,,,,,,
bt_dkgrec_alpha_only,active,2021,47,0.04795450444631424,66.5,False,,,,,,,,,
bt_dkgrec_alpha_only,active,2021,48,0.0461128759075133,67.9,False,,,,,,,,,
bt_dkgrec_alpha_only,active,2021,49,0.0451877973811913,69.3,False,,,,,,,,,
bt_dkgrec_alpha_only,active,2021,50,0.04370583501119544,70.7,True,0.008412282625001443,0.015520603745715967,0.042735042735042736,0.07692307692307693,0.013623680837480421,0.017162979389492877,0.01890997377108488,0.030353333105807238,best
bt_dkgrec_alpha_only,active,2021,51,0.04298522628133021,72.4,False,,,,,,,,,
bt_dkgrec_alpha_only,active,2021,52,0.04205320944144087,73.8,False,,,,,,,,,
bt_dkgrec_alpha_only,active,2021,53,0.040866737998768214,75.1,False,,,,,,,,,
bt_dkgrec_alpha_only,active,2021,54,0.04057084716074802,76.5,False,,,,,,,,,
bt_dkgrec_alpha_only,active,2021,55,0.03914485754120894,77.9,True,0.008746927612827289,0.016212972686045303,0.05128205128205128,0.0811965811965812,0.012259773666752367,0.015305363995606433,0.02002151654929433,0.03074183349430763,khong cai thien (1/50)
bt_dkgrec_alpha_only,active,2021,56,0.03863441710987305,79.6,False,,,,,,,,,
bt_dkgrec_alpha_only,active,2021,57,0.03770957413921577,81.0,False,,,,,,,,,
bt_dkgrec_alpha_only,active,2021,58,0.03690079671783952,82.4,False,,,,,,,,,
bt_dkgrec_alpha_only,active,2021,59,0.03692981627758936,83.8,False,,,,,,,,,
bt_dkgrec_alpha_only,active,2021,60,0.03528795570431722,85.2,True,0.008943098812587267,0.016789946802986417,0.05555555555555555,0.0811965811965812,0.012489642886285247,0.015500359021125346,0.01954355883449451,0.03074183349430763,khong cai thien (2/50)
bt_dkgrec_alpha_only,active,2021,61,0.035271905721518615,87.0,False,,,,,,,,,
bt_dkgrec_alpha_only,active,2021,62,0.034452926243568084,88.4,False,,,,,,,,,
bt_dkgrec_alpha_only,active,2021,63,0.03392893674184553,89.8,False,,,,,,,,,
bt_dkgrec_alpha_only,active,2021,64,0.03356455916652526,91.1,False,,,,,,,,,
bt_dkgrec_alpha_only,active,2021,65,0.03248033799312413,92.5,True,0.009127730530008423,0.0171938286848452,0.05555555555555555,0.0811965811965812,0.012862741700631298,0.01579511495725523,0.0205687681930372,0.030796622010634607,khong cai thien (3/50)
bt_dkgrec_alpha_only,active,2021,66,0.03190953159187916,94.3,False,,,,,,,,,
bt_dkgrec_alpha_only,active,2021,67,0.0314404434818893,95.8,False,,,,,,,,,
bt_dkgrec_alpha_only,active,2021,68,0.031055627346935694,97.2,False,,,,,,,,,
bt_dkgrec_alpha_only,active,2021,69,0.0302446442306888,98.6,False,,,,,,,,,
bt_dkgrec_alpha_only,active,2021,70,0.029806043407640415,100.0,True,0.009335441212107224,0.017724644872431024,0.05128205128205128,0.07692307692307693,0.012521321004407341,0.01560249794027995,0.020512537873648984,0.03075345530080123,khong cai thien (4/50)
bt_dkgrec_alpha_only,active,2021,71,0.02964984389879256,101.8,False,,,,,,,,,
bt_dkgrec_alpha_only,active,2021,72,0.029255245222208983,103.2,False,,,,,,,,,
bt_dkgrec_alpha_only,active,2021,73,0.02864096655115941,104.7,False,,,,,,,,,
bt_dkgrec_alpha_only,active,2021,74,0.028135261877405213,106.1,False,,,,,,,,,
bt_dkgrec_alpha_only,active,2021,75,0.027668328093908574,107.5,True,0.00950853344718956,0.01822084261300038,0.05128205128205128,0.07692307692307693,0.012705763249395315,0.015756597762513584,0.020499492988809227,0.03075345530080123,khong cai thien (5/50)
bt_dkgrec_alpha_only,active,2021,76,0.027524548542843287,109.3,False,,,,,,,,,
bt_dkgrec_alpha_only,active,2021,77,0.02727314351595036,110.8,False,,,,,,,,,
bt_dkgrec_alpha_only,active,2021,78,0.02636963426877011,112.2,False,,,,,,,,,
bt_dkgrec_alpha_only,active,2021,79,0.02654041839433115,113.7,False,,,,,,,,,
bt_dkgrec_alpha_only,active,2021,80,0.026043121461076423,115.1,True,0.00991241532904834,0.018670882424214448,0.05555555555555555,0.07264957264957266,0.013271287690128261,0.015854740263735026,0.02056732638997596,0.030697224981413015,khong cai thien (6/50)
bt_dkgrec_alpha_only,active,2021,81,0.025628411252250138,116.9,False,,,,,,,,,
bt_dkgrec_alpha_only,active,2021,82,0.025170859084410448,118.3,False,,,,,,,,,
bt_dkgrec_alpha_only,active,2021,83,0.025011309064430817,119.8,False,,,,,,,,,
bt_dkgrec_alpha_only,active,2021,84,0.02438177296169827,121.2,False,,,,,,,,,
bt_dkgrec_alpha_only,active,2021,85,0.024198510225758762,122.6,True,0.01012012601114714,0.018947830000346184,0.05555555555555555,0.07264957264957266,0.013306154934315697,0.015940531409293707,0.02056732638997596,0.030697224981413015,khong cai thien (7/50)
bt_dkgrec_alpha_only,active,2021,86,0.023905817154096894,124.5,False,,,,,,,,,
bt_dkgrec_alpha_only,active,2021,87,0.023322541619192373,126.0,False,,,,,,,,,
bt_dkgrec_alpha_only,active,2021,88,0.02349834591858693,127.4,False,,,,,,,,,
bt_dkgrec_alpha_only,active,2021,89,0.02345532223170905,128.8,False,,,,,,,,,
bt_dkgrec_alpha_only,active,2021,90,0.02278546530028266,130.2,True,0.010362455140262407,0.019513264634948475,0.05128205128205128,0.07264957264957266,0.013021458039288284,0.015897155192660502,0.020512537873648984,0.030697224981413015,khong cai thien (8/50)
bt_dkgrec_alpha_only,active,2021,91,0.022667730317263896,132.0,False,,,,,,,,,
bt_dkgrec_alpha_only,active,2021,92,0.022452638343720143,133.3,False,,,,,,,,,
bt_dkgrec_alpha_only,active,2021,93,0.022177798995126816,134.7,False,,,,,,,,,
bt_dkgrec_alpha_only,active,2021,94,0.021827798287089466,136.1,False,,,,,,,,,
bt_dkgrec_alpha_only,active,2021,95,0.021996963370965617,137.5,True,0.010570165822361208,0.01997484392850137,0.05982905982905983,0.07264957264957266,0.013507405333855594,0.016085731442899875,0.02095582677847635,0.031085725369913404,khong cai thien (9/50)
bt_dkgrec_alpha_only,active,2021,96,0.021201657246660642,139.4,False,,,,,,,,,
bt_dkgrec_alpha_only,active,2021,97,0.021256327600694142,140.8,False,,,,,,,,,
bt_dkgrec_alpha_only,active,2021,98,0.02106326909606733,142.2,False,,,,,,,,,
bt_dkgrec_alpha_only,active,2021,99,0.020773008719080173,143.6,False,,,,,,,,,
bt_dkgrec_alpha_only,active,2021,100,0.020249015848368412,145.0,True,0.010870192363170588,0.020274870469310747,0.05555555555555555,0.07692307692307693,0.013465004277678954,0.016458822046334868,0.020942781893636592,0.03156930611665205,khong cai thien (10/50)
bt_dkgrec_alpha_only,active,2021,101,0.02030972875523756,146.8,False,,,,,,,,,
bt_dkgrec_alpha_only,active,2021,102,0.01990021676522788,148.1,False,,,,,,,,,
bt_dkgrec_alpha_only,active,2021,103,0.019576258575448313,149.5,False,,,,,,,,,
bt_dkgrec_alpha_only,active,2021,104,0.019716711275804613,150.9,False,,,,,,,,,
bt_dkgrec_alpha_only,active,2021,105,0.019541389700609774,152.3,True,0.010962508221881167,0.020586436492458948,0.05555555555555555,0.07264957264957266,0.013160352267705858,0.016258365034743497,0.020887993377309615,0.03150147271548531,khong cai thien (11/50)
bt_dkgrec_alpha_only,active,2021,106,0.019215786520627325,154.2,False,,,,,,,,,
bt_dkgrec_alpha_only,active,2021,107,0.019014315868762382,155.6,False,,,,,,,,,
bt_dkgrec_alpha_only,active,2021,108,0.018500263787461318,157.0,False,,,,,,,,,
bt_dkgrec_alpha_only,active,2021,109,0.018623318214057966,158.4,False,,,,,,,,,
bt_dkgrec_alpha_only,active,2021,110,0.018627628565313636,159.7,True,0.011158679421641145,0.02079414717455775,0.05555555555555555,0.07264957264957266,0.013160352267705858,0.01624081208354871,0.020887993377309615,0.03150147271548531,khong cai thien (12/50)
bt_dkgrec_alpha_only,active,2021,111,0.01850959181744977,161.5,False,,,,,,,,,
bt_dkgrec_alpha_only,active,2021,112,0.018277122224722366,162.9,False,,,,,,,,,
bt_dkgrec_alpha_only,active,2021,113,0.01821295948371873,164.3,False,,,,,,,,,
bt_dkgrec_alpha_only,active,2021,114,0.01774261620494718,165.7,False,,,,,,,,,
bt_dkgrec_alpha_only,active,2021,115,0.01775989092307362,167.1,True,0.011331771656723479,0.02125572646811064,0.05128205128205128,0.07692307692307693,0.012911323601730104,0.01730389865337396,0.0206208993602156,0.035774976988989585,best
bt_dkgrec_alpha_only,active,2021,116,0.017397605144747582,169.0,False,,,,,,,,,
bt_dkgrec_alpha_only,active,2021,117,0.017378018878363398,170.4,False,,,,,,,,,
bt_dkgrec_alpha_only,active,2021,118,0.017241506894816072,171.7,False,,,,,,,,,
bt_dkgrec_alpha_only,active,2021,119,0.017216792002607773,173.1,False,,,,,,,,,
bt_dkgrec_alpha_only,active,2021,120,0.016829504438449494,174.5,True,0.011424087515434058,0.021521134561903552,0.05555555555555555,0.0811965811965812,0.01281002466972923,0.0179809517888541,0.020677129679603813,0.040048481262493864,best
bt_dkgrec_alpha_only,active,2021,121,0.017099062039804075,176.3,False,,,,,,,,,
bt_dkgrec_alpha_only,active,2021,122,0.016640058188216043,177.7,False,,,,,,,,,
bt_dkgrec_alpha_only,active,2021,123,0.01683767077581949,179.0,False,,,,,,,,,
bt_dkgrec_alpha_only,active,2021,124,0.01629325730143837,180.5,False,,,,,,,,,
bt_dkgrec_alpha_only,active,2021,125,0.016329991577564228,181.9,True,0.011470245444789346,0.021763463691018822,0.05555555555555555,0.0811965811965812,0.013081908379981159,0.018152529833564867,0.0210656300681042,0.040048481262493864,best
bt_dkgrec_alpha_only,active,2021,126,0.01629929797496691,183.8,False,,,,,,,,,
bt_dkgrec_alpha_only,active,2021,127,0.016267562147871156,185.2,False,,,,,,,,,
bt_dkgrec_alpha_only,active,2021,128,0.016051121681436648,186.6,False,,,,,,,,,
bt_dkgrec_alpha_only,active,2021,129,0.015954205212080217,188.0,False,,,,,,,,,
bt_dkgrec_alpha_only,active,2021,130,0.015702462457490438,189.4,True,0.011654877162210503,0.022028871784811735,0.05128205128205128,0.07692307692307693,0.012895432369666556,0.018127359794141852,0.021009399748715987,0.03999225094310564,khong cai thien (1/50)
bt_dkgrec_alpha_only,active,2021,131,0.01579712254672072,191.2,False,,,,,,,,,
bt_dkgrec_alpha_only,active,2021,132,0.01570854343333627,192.6,False,,,,,,,,,
bt_dkgrec_alpha_only,active,2021,133,0.01547394028468169,194.0,False,,,,,,,,,
bt_dkgrec_alpha_only,active,2021,134,0.015289415231465256,195.4,False,,,,,,,,,
bt_dkgrec_alpha_only,active,2021,135,0.014900044506099294,196.9,True,0.011897206291325771,0.022225042984571713,0.05555555555555555,0.07692307692307693,0.014323414085072747,0.01841636952448072,0.02528290402222026,0.03999225094310564,best
bt_dkgrec_alpha_only,active,2021,136,0.015212741551837241,198.8,False,,,,,,,,,
bt_dkgrec_alpha_only,active,2021,137,0.015115151470826637,200.1,False,,,,,,,,,
bt_dkgrec_alpha_only,active,2021,138,0.014918313259746404,201.5,False,,,,,,,,,
bt_dkgrec_alpha_only,active,2021,139,0.01481554642366686,202.9,False,,,,,,,,,
bt_dkgrec_alpha_only,active,2021,140,0.014609116169797584,204.3,True,0.012001061632375172,0.02252506952538109,0.05555555555555555,0.0811965811965812,0.01415977299138712,0.018423527026832996,0.02528290402222026,0.040048481262493864,best
bt_dkgrec_alpha_only,active,2021,141,0.014513271864805891,206.1,False,,,,,,,,,
bt_dkgrec_alpha_only,active,2021,142,0.01416770092005265,207.5,False,,,,,,,,,
bt_dkgrec_alpha_only,active,2021,143,0.014116664757223714,208.9,False,,,,,,,,,
bt_dkgrec_alpha_only,active,2021,144,0.014144575162453522,210.4,False,,,,,,,,,
bt_dkgrec_alpha_only,active,2021,145,0.014542778805055686,211.8,True,0.01215107490277986,0.022790477619174004,0.05128205128205128,0.0811965811965812,0.0140290223811846,0.018575235861139336,0.025228115505893284,0.040048481262493864,best
bt_dkgrec_alpha_only,active,2021,146,0.014242200239039516,213.6,False,,,,,,,,,
bt_dkgrec_alpha_only,active,2021,147,0.014215028666108284,215.0,False,,,,,,,,,
bt_dkgrec_alpha_only,active,2021,148,0.013896906586833499,216.4,False,,,,,,,,,
bt_dkgrec_alpha_only,active,2021,149,0.014003442805646256,217.8,False,,,,,,,,,
bt_dkgrec_alpha_only,active,2021,150,0.013981025436924113,219.2,True,0.012197232832135151,0.02288279347788458,0.05982905982905983,0.08547008547008547,0.015409142687282256,0.019201073078763863,0.029167907907224146,0.041472982686995286,best
bt_dkgrec_alpha_only,active,2021,151,0.013709906001175165,221.0,False,,,,,,,,,
bt_dkgrec_alpha_only,active,2021,152,0.013869269134041694,222.4,False,,,,,,,,,
bt_dkgrec_alpha_only,active,2021,153,0.01345758855782623,223.8,False,,,,,,,,,
bt_dkgrec_alpha_only,active,2021,154,0.013541308818296178,225.2,False,,,,,,,,,
bt_dkgrec_alpha_only,active,2021,155,0.013632686713147341,226.6,True,0.01224339076149044,0.023102043642322205,0.05982905982905983,0.0811965811965812,0.015616598676562,0.018952521452314627,0.029222696423551124,0.04141675236760707,khong cai thien (1/50)
bt_dkgrec_alpha_only,active,2021,156,0.01340027557349532,228.4,False,,,,,,,,,
bt_dkgrec_alpha_only,active,2021,157,0.013066590560687296,229.8,False,,,,,,,,,
bt_dkgrec_alpha_only,active,2021,158,0.013309528008580058,231.2,False,,,,,,,,,
bt_dkgrec_alpha_only,active,2021,159,0.01304190542541318,232.5,False,,,,,,,,,
bt_dkgrec_alpha_only,active,2021,160,0.013246093915353868,233.9,True,0.012324167137862196,0.023309754324421006,0.05982905982905983,0.0811965811965812,0.015794274603938348,0.018527566797982425,0.029167907907224146,0.03719947841349101,khong cai thien (2/50)
bt_dkgrec_alpha_only,active,2021,161,0.012718272896614887,235.7,False,,,,,,,,,
bt_dkgrec_alpha_only,active,2021,162,0.013109264148198444,237.1,False,,,,,,,,,
bt_dkgrec_alpha_only,active,2021,163,0.012717457970364523,238.6,False,,,,,,,,,
bt_dkgrec_alpha_only,active,2021,164,0.012789041593494883,240.0,False,,,,,,,,,
bt_dkgrec_alpha_only,active,2021,165,0.012390966318245824,241.4,True,0.012508798855283353,0.02367901775926332,0.05982905982905983,0.0811965811965812,0.016008017120757778,0.01869725382723561,0.029167907907224146,0.03719947841349101,khong cai thien (3/50)
bt_dkgrec_alpha_only,active,2021,166,0.01256808187059358,243.2,False,,,,,,,,,
bt_dkgrec_alpha_only,active,2021,167,0.012679008688039188,244.5,False,,,,,,,,,
bt_dkgrec_alpha_only,active,2021,168,0.01232800254604623,245.9,False,,,,,,,,,
bt_dkgrec_alpha_only,active,2021,169,0.01243426708064248,247.3,False,,,,,,,,,
bt_dkgrec_alpha_only,active,2021,170,0.012336978506823509,248.7,True,0.012578035749316286,0.023829031029668008,0.05982905982905983,0.07264957264957266,0.01599121070980657,0.01810711617690851,0.029167907907224146,0.03571874666960137,khong cai thien (4/50)
bt_dkgrec_alpha_only,active,2021,171,0.01223645631713624,250.5,False,,,,,,,,,
bt_dkgrec_alpha_only,active,2021,172,0.012167007984358368,251.9,False,,,,,,,,,
bt_dkgrec_alpha_only,active,2021,173,0.012141010700982948,253.3,False,,,,,,,,,
bt_dkgrec_alpha_only,active,2021,174,0.011839436095523735,254.8,False,,,,,,,,,
bt_dkgrec_alpha_only,active,2021,175,0.011887519821847266,256.1,True,0.01270497005504333,0.024082899641122098,0.05555555555555555,0.08547008547008547,0.015367747751037324,0.01882127456116679,0.02911311939089717,0.038623979837992435,khong cai thien (5/50)
bt_dkgrec_alpha_only,active,2021,176,0.012302471220066506,257.9,False,,,,,,,,,
bt_dkgrec_alpha_only,active,2021,177,0.011753827101782884,259.3,False,,,,,,,,,
bt_dkgrec_alpha_only,active,2021,178,0.0118192302831507,260.7,False,,,,,,,,,
bt_dkgrec_alpha_only,active,2021,179,0.011888047581041016,262.1,False,,,,,,,,,
bt_dkgrec_alpha_only,active,2021,180,0.011814790005398217,263.5,True,0.012762667466737442,0.024313689287898545,0.05982905982905983,0.0811965811965812,0.0158193172372284,0.01852598340546629,0.029167907907224146,0.037199478413491006,khong cai thien (6/50)
bt_dkgrec_alpha_only,active,2021,181,0.011703849070547149,265.4,False,,,,,,,,,
bt_dkgrec_alpha_only,active,2021,182,0.011579960788225364,266.8,False,,,,,,,,,
bt_dkgrec_alpha_only,active,2021,183,0.011653868382869215,268.2,False,,,,,,,,,
bt_dkgrec_alpha_only,active,2021,184,0.011699438600358396,269.6,False,,,,,,,,,
bt_dkgrec_alpha_only,active,2021,185,0.011370159605557081,271.0,True,0.012981917631175066,0.02474065013443497,0.05982905982905983,0.07692307692307693,0.01585413698139301,0.01842136526372638,0.029167907907224146,0.03714324809410279,khong cai thien (7/50)
bt_dkgrec_alpha_only,active,2021,186,0.011404903970377916,272.8,False,,,,,,,,,
bt_dkgrec_alpha_only,active,2021,187,0.01118002396455545,274.2,False,,,,,,,,,
bt_dkgrec_alpha_only,active,2021,188,0.011455534014771628,275.5,False,,,,,,,,,
bt_dkgrec_alpha_only,active,2021,189,0.011362135209979128,276.9,False,,,,,,,,,
bt_dkgrec_alpha_only,active,2021,190,0.011408556158263423,278.3,True,0.013051154525208,0.024856044957823193,0.05982905982905983,0.07692307692307693,0.01588870370914101,0.018641746576564647,0.029167907907224146,0.03719803661042977,khong cai thien (8/50)
bt_dkgrec_alpha_only,active,2021,191,0.011283294005949799,280.3,False,,,,,,,,,
bt_dkgrec_alpha_only,active,2021,192,0.011162998999553819,281.7,False,,,,,,,,,
bt_dkgrec_alpha_only,active,2021,193,0.011461573079336098,283.1,False,,,,,,,,,
bt_dkgrec_alpha_only,active,2021,194,0.011133886632473097,284.5,False,,,,,,,,,
bt_dkgrec_alpha_only,active,2021,195,0.011015322977363868,285.9,True,0.013178088830935044,0.025086834604599637,0.05555555555555555,0.08547008547008547,0.015517462321833713,0.020291703239214854,0.02809953183884808,0.04360829302068619,best
bt_dkgrec_alpha_only,active,2021,196,0.011008658537313483,287.7,False,,,,,,,,,
bt_dkgrec_alpha_only,active,2021,197,0.011050041671586706,289.1,False,,,,,,,,,
bt_dkgrec_alpha_only,active,2021,198,0.011088158773617572,290.5,False,,,,,,,,,
bt_dkgrec_alpha_only,active,2021,199,0.010786601926496053,291.9,False,,,,,,,,,
bt_dkgrec_alpha_only,active,2021,200,0.01064212204066142,293.3,True,0.013339641583678556,0.02544455855710313,0.05555555555555555,0.08974358974358974,0.01596713614837114,0.020963393528299897,0.02809953183884808,0.04360829302068619,best
bt_dkgrec_alpha_only,active,2021,201,0.01056350391464141,295.2,False,,,,,,,,,
bt_dkgrec_alpha_only,active,2021,202,0.010807654522214452,296.6,False,,,,,,,,,
bt_dkgrec_alpha_only,active,2021,203,0.010716218614855107,298.0,False,,,,,,,,,
bt_dkgrec_alpha_only,active,2021,204,0.010764669916310223,299.4,False,,,,,,,,,
bt_dkgrec_alpha_only,active,2021,205,0.010560322977008537,300.8,True,0.013328102101339733,0.02560611130984664,0.05555555555555555,0.08974358974358974,0.015784545804680458,0.021129013269584798,0.02809953183884808,0.0450327944451876,best
bt_dkgrec_alpha_only,active,2021,206,0.010707200244482523,302.6,False,,,,,,,,,
bt_dkgrec_alpha_only,active,2021,207,0.010506564123722159,304.0,False,,,,,,,,,
bt_dkgrec_alpha_only,active,2021,208,0.010628457807836594,305.3,False,,,,,,,,,
bt_dkgrec_alpha_only,active,2021,209,0.010664307753739034,306.8,False,,,,,,,,,
bt_dkgrec_alpha_only,active,2021,210,0.010310497385533772,308.2,True,0.013478115371744424,0.02580228250960662,0.05982905982905983,0.09401709401709402,0.016187451965020274,0.02135816425455076,0.029167907907224146,0.045745045157438324,best
bt_dkgrec_alpha_only,active,2021,211,0.010472100086279048,310.1,False,,,,,,,,,
bt_dkgrec_alpha_only,active,2021,212,0.01044124179118042,311.5,False,,,,,,,,,
bt_dkgrec_alpha_only,active,2021,213,0.010173644578696281,312.9,False,,,,,,,,,
bt_dkgrec_alpha_only,active,2021,214,0.010222541848603462,314.2,False,,,,,,,,,
bt_dkgrec_alpha_only,active,2021,215,0.010546307922725203,315.6,True,0.01351273381876089,0.025825361474284263,0.0641025641025641,0.08974358974358974,0.016615031810826537,0.020581820595150388,0.029435001924318163,0.04147154088393405,khong cai thien (1/50)
bt_dkgrec_alpha_only,active,2021,216,0.010155022823632674,317.4,False,,,,,,,,,
bt_dkgrec_alpha_only,active,2021,217,0.010198410878123126,318.8,False,,,,,,,,,
bt_dkgrec_alpha_only,active,2021,218,0.01023251910364879,320.2,False,,,,,,,,,
bt_dkgrec_alpha_only,active,2021,219,0.010286199652901451,321.6,False,,,,,,,,,
bt_dkgrec_alpha_only,active,2021,220,0.010236243390588373,323.0,True,0.013570431230455001,0.025963835262350132,0.05982905982905983,0.09401709401709402,0.01642017622636135,0.020818407849151555,0.029380213407991185,0.04152777120332226,khong cai thien (2/50)
bt_dkgrec_alpha_only,active,2021,221,0.00990595116081639,324.9,False,,,,,,,,,
bt_dkgrec_alpha_only,active,2021,222,0.010374701355616389,326.3,False,,,,,,,,,
bt_dkgrec_alpha_only,active,2021,223,0.009916543096687349,327.7,False,,,,,,,,,
bt_dkgrec_alpha_only,active,2021,224,0.009819364204404867,329.1,False,,,,,,,,,
bt_dkgrec_alpha_only,active,2021,225,0.00977751402777761,330.5,True,0.01372044450085969,0.026021532674044244,0.05982905982905983,0.09401709401709402,0.016404138652546092,0.021457833937545474,0.029380213407991185,0.045690256641111336,best
bt_dkgrec_alpha_only,active,2021,226,0.00988454337382931,332.3,False,,,,,,,,,
bt_dkgrec_alpha_only,active,2021,227,0.009690388734311278,333.7,False,,,,,,,,,
bt_dkgrec_alpha_only,active,2021,228,0.00990912906775667,335.0,False,,,,,,,,,
bt_dkgrec_alpha_only,active,2021,229,0.009646014375412232,336.5,False,,,,,,,,,
bt_dkgrec_alpha_only,active,2021,230,0.009637596964981333,337.9,True,0.013755062947876158,0.026033072156383064,0.05982905982905983,0.09829059829059829,0.016900501247092924,0.022184474875210174,0.029380213407991185,0.04574648696049955,best
bt_dkgrec_alpha_only,active,2021,231,0.009833774192976725,339.8,False,,,,,,,,,
bt_dkgrec_alpha_only,active,2021,232,0.00976105300008442,341.1,False,,,,,,,,,
bt_dkgrec_alpha_only,active,2021,233,0.00982846676357224,342.5,False,,,,,,,,,
bt_dkgrec_alpha_only,active,2021,234,0.009489146970495382,343.9,False,,,,,,,,,
bt_dkgrec_alpha_only,active,2021,235,0.009604127878344788,345.3,True,0.013731983983198514,0.026344638179531265,0.05555555555555555,0.10256410256410256,0.01672636904869864,0.023101160543932738,0.02911311939089717,0.04996520271767685,best
bt_dkgrec_alpha_only,active,2021,236,0.00948535722044863,347.1,False,,,,,,,,,
bt_dkgrec_alpha_only,active,2021,237,0.009616187382033722,348.5,False,,,,,,,,,
bt_dkgrec_alpha_only,active,2021,238,0.009332423350319299,349.9,False,,,,,,,,,
bt_dkgrec_alpha_only,active,2021,239,0.00953607230220163,351.3,False,,,,,,,,,
bt_dkgrec_alpha_only,active,2021,240,0.009539362495534729,352.7,True,0.013997392076991426,0.026552348861630066,0.05555555555555555,0.1111111111111111,0.01879220864670448,0.026362727957729492,0.02911311939089717,0.05450580100827514,best
bt_dkgrec_alpha_only,active,2021,241,0.00955744457497767,354.5,False,,,,,,,,,
bt_dkgrec_alpha_only,active,2021,242,0.009404959378165269,355.9,False,,,,,,,,,
bt_dkgrec_alpha_only,active,2021,243,0.0095022431306828,357.3,False,,,,,,,,,
bt_dkgrec_alpha_only,active,2021,244,0.009435483221094802,358.7,False,,,,,,,,,
bt_dkgrec_alpha_only,active,2021,245,0.009290451688776166,360.1,True,0.014089707935702004,0.026852375402439448,0.05128205128205128,0.09829059829059829,0.01835540522928242,0.024957479846222656,0.02850261878039656,0.04990897239828864,khong cai thien (1/50)
bt_dkgrec_alpha_only,active,2021,246,0.009331766784216732,361.9,False,,,,,,,,,
bt_dkgrec_alpha_only,active,2021,247,0.009500076878070772,363.3,False,,,,,,,,,
bt_dkgrec_alpha_only,active,2021,248,0.009402099210364417,364.7,False,,,,,,,,,
bt_dkgrec_alpha_only,active,2021,249,0.009281377866411793,366.1,False,,,,,,,,,
bt_dkgrec_alpha_only,active,2021,250,0.009346277554301195,367.5,True,0.014124326382718471,0.02697930970816649,0.05128205128205128,0.09829059829059829,0.018224441040707553,0.02485374525785867,0.02850261878039656,0.04990897239828864,khong cai thien (2/50)
bt_dkgrec_alpha_only,active,2021,251,0.00921516052318396,369.3,False,,,,,,,,,
bt_dkgrec_alpha_only,active,2021,252,0.009288346687602617,370.7,False,,,,,,,,,
bt_dkgrec_alpha_only,active,2021,253,0.009256343074545027,372.1,False,,,,,,,,,
bt_dkgrec_alpha_only,active,2021,254,0.009279676391377976,373.5,False,,,,,,,,,
bt_dkgrec_alpha_only,active,2021,255,0.009291440518501387,374.9,True,0.014262800170784339,0.027106244013893537,0.05555555555555555,0.10683760683760683,0.01846776420197382,0.0259365226817668,0.02911311939089717,0.05444957068888693,khong cai thien (3/50)
bt_dkgrec_alpha_only,active,2021,256,0.009010256819786146,376.7,False,,,,,,,,,
bt_dkgrec_alpha_only,active,2021,257,0.009003868475031136,378.1,False,,,,,,,,,
bt_dkgrec_alpha_only,active,2021,258,0.009098089171324474,379.5,False,,,,,,,,,
bt_dkgrec_alpha_only,active,2021,259,0.008992671662628309,380.9,False,,,,,,,,,
bt_dkgrec_alpha_only,active,2021,260,0.009176068477257852,382.3,True,0.01432049758247845,0.027198559872604115,0.05555555555555555,0.10256410256410256,0.018401795001213934,0.02578683523060365,0.02911311939089717,0.05439478217255995,khong cai thien (4/50)
bt_dkgrec_alpha_only,active,2021,261,0.009102157212881955,384.1,False,,,,,,,,,
bt_dkgrec_alpha_only,active,2021,262,0.008876932960178179,385.5,False,,,,,,,,,
bt_dkgrec_alpha_only,active,2021,263,0.009192939430202465,386.8,False,,,,,,,,,
bt_dkgrec_alpha_only,active,2021,264,0.009022889417780417,388.2,False,,,,,,,,,
bt_dkgrec_alpha_only,active,2021,265,0.008785096994132026,389.6,True,0.014458971370544317,0.027383191590025273,0.05555555555555555,0.10683760683760683,0.018357752039583893,0.025985059391941324,0.02911311939089717,0.05444957068888693,khong cai thien (5/50)
bt_dkgrec_alpha_only,active,2021,266,0.008946744246288326,391.4,False,,,,,,,,,
bt_dkgrec_alpha_only,active,2021,267,0.008929836165111168,392.9,False,,,,,,,,,
bt_dkgrec_alpha_only,active,2021,268,0.008983092940192528,394.3,False,,,,,,,,,
bt_dkgrec_alpha_only,active,2021,269,0.008851273278413088,395.7,False,,,,,,,,,
bt_dkgrec_alpha_only,active,2021,270,0.008682988760739276,397.1,True,0.014355116029494916,0.027406270554702915,0.05555555555555555,0.10256410256410256,0.0179123092824935,0.025424058262440128,0.02911311939089717,0.05418247667179291,khong cai thien (6/50)
bt_dkgrec_alpha_only,active,2021,271,0.008964799266232115,398.9,False,,,,,,,,,
bt_dkgrec_alpha_only,active,2021,272,0.008591813495995922,400.3,False,,,,,,,,,
bt_dkgrec_alpha_only,active,2021,273,0.008778403128492393,401.6,False,,,,,,,,,
bt_dkgrec_alpha_only,active,2021,274,0.008750783814707027,403.0,False,,,,,,,,,
bt_dkgrec_alpha_only,active,2021,275,0.008644244887847818,404.4,True,0.01447051085288314,0.02741781003704174,0.05555555555555555,0.10256410256410256,0.0179123092824935,0.025530060498316097,0.02911311939089717,0.05418247667179291,khong cai thien (7/50)
bt_dkgrec_alpha_only,active,2021,276,0.008960835747624556,406.3,False,,,,,,,,,
bt_dkgrec_alpha_only,active,2021,277,0.008652901190123654,407.7,False,,,,,,,,,
bt_dkgrec_alpha_only,active,2021,278,0.00859164633079373,409.2,False,,,,,,,,,
bt_dkgrec_alpha_only,active,2021,279,0.008792139567313116,410.6,False,,,,,,,,,
bt_dkgrec_alpha_only,active,2021,280,0.008674760621589617,411.9,True,0.014493589817560784,0.027613981236801716,0.05982905982905983,0.10256410256410256,0.020044393395801753,0.026421941019845557,0.03338662366440144,0.05439478217255995,best
bt_dkgrec_alpha_only,active,2021,281,0.008554913566161323,413.7,False,,,,,,,,,
bt_dkgrec_alpha_only,active,2021,282,0.00876567852656423,415.1,False,,,,,,,,,
bt_dkgrec_alpha_only,active,2021,283,0.008738474300331771,416.5,False,,,,,,,,,
bt_dkgrec_alpha_only,active,2021,284,0.008527585418725656,417.9,False,,,,,,,,,
bt_dkgrec_alpha_only,active,2021,285,0.008635610012354375,419.3,True,0.014493589817560784,0.027590902272124074,0.05982905982905983,0.09829059829059829,0.020081999342416324,0.025312588675596066,0.03338662366440144,0.04973277751055529,khong cai thien (1/50)
bt_dkgrec_alpha_only,active,2021,286,0.008594147992570822,421.2,False,,,,,,,,,
bt_dkgrec_alpha_only,active,2021,287,0.008568029786298796,422.6,False,,,,,,,,,
bt_dkgrec_alpha_only,active,2021,288,0.008449384444815008,424.0,False,,,,,,,,,
bt_dkgrec_alpha_only,active,2021,289,0.00868167714192183,425.4,False,,,,,,,,,
bt_dkgrec_alpha_only,active,2021,290,0.0083720639374292,426.7,True,0.014516668782238428,0.02798324467164403,0.05982905982905983,0.09829059829059829,0.02010608092196307,0.025027230377248643,0.03338662366440144,0.04902052679830458,khong cai thien (2/50)
bt_dkgrec_alpha_only,active,2021,291,0.008343206411071814,428.5,False,,,,,,,,,
bt_dkgrec_alpha_only,active,2021,292,0.008407799321588355,429.9,False,,,,,,,,,
bt_dkgrec_alpha_only,active,2021,293,0.008510572316486928,431.3,False,,,,,,,,,
bt_dkgrec_alpha_only,active,2021,294,0.008193690350056649,432.7,False,,,,,,,,,
bt_dkgrec_alpha_only,active,2021,295,0.008388730022009544,434.1,True,0.014735918946676052,0.028283271212453408,0.0641025641025641,0.10256410256410256,0.02084215030306221,0.026090020321370772,0.035523375801153584,0.05329403107180885,khong cai thien (3/50)
bt_dkgrec_alpha_only,active,2021,296,0.008439267856291418,436.0,False,,,,,,,,,
bt_dkgrec_alpha_only,active,2021,297,0.008350601418592696,437.5,False,,,,,,,,,
bt_dkgrec_alpha_only,active,2021,298,0.008518218608855817,438.8,False,,,,,,,,,
bt_dkgrec_alpha_only,active,2021,299,0.008441196113328444,440.2,False,,,,,,,,,
bt_dkgrec_alpha_only,active,2021,300,0.008446483018234223,441.6,True,0.01487439273474192,0.028352508106486343,0.06837606837606838,0.09829059829059829,0.020944245404278798,0.02571531601549989,0.0357904698182476,0.05302693705471483,khong cai thien (4/50)
bt_dkgrec_alpha_only,active,2021,301,0.008264732313818546,443.4,False,,,,,,,,,
bt_dkgrec_alpha_only,active,2021,302,0.008591548132822655,444.8,False,,,,,,,,,
bt_dkgrec_alpha_only,active,2021,303,0.008180576995150794,446.2,False,,,,,,,,,
bt_dkgrec_alpha_only,active,2021,304,0.008160475550528712,447.6,False,,,,,,,,,
bt_dkgrec_alpha_only,active,2021,305,0.00827892557895054,449.0,True,0.014909011181758386,0.028317889659469877,0.05982905982905983,0.10256410256410256,0.02028381133339749,0.02616511858699882,0.03338662366440144,0.053081725571041814,khong cai thien (5/50)
bt_dkgrec_alpha_only,active,2021,306,0.008254002275670375,451.0,False,,,,,,,,,
bt_dkgrec_alpha_only,active,2021,307,0.008219100020234271,452.4,False,,,,,,,,,
bt_dkgrec_alpha_only,active,2021,308,0.008206655826216632,453.8,False,,,,,,,,,
bt_dkgrec_alpha_only,active,2021,309,0.008305390543204503,455.1,False,,,,,,,,,
bt_dkgrec_alpha_only,active,2021,310,0.008176702439706439,456.6,True,0.014966708593452498,0.028421745000519277,0.05982905982905983,0.10256410256410256,0.020133620806372154,0.025230343221724242,0.03338662366440144,0.04907531531463156,khong cai thien (6/50)
bt_dkgrec_alpha_only,active,2021,311,0.008357259164967821,458.3,False,,,,,,,,,
bt_dkgrec_alpha_only,active,2021,312,0.007950017088512005,459.7,False,,,,,,,,,
bt_dkgrec_alpha_only,active,2021,313,0.008338587731759288,461.1,False,,,,,,,,,
bt_dkgrec_alpha_only,active,2021,314,0.008102151310524386,462.5,False,,,,,,,,,
bt_dkgrec_alpha_only,active,2021,315,0.00806254508403654,464.0,True,0.015082103416840721,0.02844482396519692,0.0641025641025641,0.09829059829059829,0.020299371241458728,0.02505698443546297,0.03365371768149546,0.04902052679830458,khong cai thien (7/50)
bt_dkgrec_alpha_only,active,2021,316,0.008021055844111218,465.9,False,,,,,,,,,
bt_dkgrec_alpha_only,active,2021,317,0.008033429780000536,467.3,False,,,,,,,,,
bt_dkgrec_alpha_only,active,2021,318,0.008098874141114324,468.7,False,,,,,,,,,
bt_dkgrec_alpha_only,active,2021,319,0.007967660310756988,470.1,False,,,,,,,,,
bt_dkgrec_alpha_only,active,2021,320,0.008083347156529478,471.4,True,0.015047484969824254,0.02875638998834512,0.06837606837606838,0.09829059829059829,0.02089752552671272,0.025546205632283717,0.0357904698182476,0.05027955583511139,khong cai thien (8/50)
bt_dkgrec_alpha_only,active,2021,321,0.008071035174740658,473.2,False,,,,,,,,,
bt_dkgrec_alpha_only,active,2021,322,0.007938352745703202,474.6,False,,,,,,,,,
bt_dkgrec_alpha_only,active,2021,323,0.007969404847961107,476.0,False,,,,,,,,,
bt_dkgrec_alpha_only,active,2021,324,0.007938701363203874,477.4,False,,,,,,,,,
bt_dkgrec_alpha_only,active,2021,325,0.00799227792914442,478.8,True,0.015059024452163077,0.028698692576651013,0.06837606837606838,0.09829059829059829,0.02105912208345344,0.024903156800425853,0.037927221954999736,0.04940902718680497,khong cai thien (9/50)
bt_dkgrec_alpha_only,active,2021,326,0.007992482734961974,480.8,False,,,,,,,,,
bt_dkgrec_alpha_only,active,2021,327,0.007997596551449573,482.1,False,,,,,,,,,
bt_dkgrec_alpha_only,active,2021,328,0.007873934439622397,483.5,False,,,,,,,,,
bt_dkgrec_alpha_only,active,2021,329,0.007994076817437263,484.9,False,,,,,,,,,
bt_dkgrec_alpha_only,active,2021,330,0.007907447705111512,486.3,True,0.015278274616600699,0.0287448505060063,0.06837606837606838,0.09829059829059829,0.02087297092077644,0.024849128187473844,0.037927221954999736,0.04956730512286067,khong cai thien (10/50)
bt_dkgrec_alpha_only,active,2021,331,0.007895815310854575,488.1,False,,,,,,,,,
bt_dkgrec_alpha_only,active,2021,332,0.007884766309630248,489.4,False,,,,,,,,,
bt_dkgrec_alpha_only,active,2021,333,0.00777725404352725,490.9,False,,,,,,,,,
bt_dkgrec_alpha_only,active,2021,334,0.007975576360458583,492.3,False,,,,,,,,,
bt_dkgrec_alpha_only,active,2021,335,0.008016154769793268,493.7,True,0.015393669439988922,0.029067956011493326,0.0641025641025641,0.09829059829059829,0.020345283868524546,0.024404164751281574,0.03766012793790572,0.04940902718680497,khong cai thien (11/50)
bt_dkgrec_alpha_only,active,2021,336,0.007865734346889499,495.5,False,,,,,,,,,
bt_dkgrec_alpha_only,active,2021,337,0.007791030570570132,496.9,False,,,,,,,,,
bt_dkgrec_alpha_only,active,2021,338,0.007818197094118674,498.3,False,,,,,,,,,
bt_dkgrec_alpha_only,active,2021,339,0.007869655078874358,499.7,False,,,,,,,,,
bt_dkgrec_alpha_only,active,2021,340,0.007948696289378278,501.1,True,0.015428287887005388,0.029275666693592127,0.07264957264957266,0.09829059829059829,0.021512445426613295,0.024843490594749267,0.039796880074657856,0.04979752757530535,khong cai thien (12/50)
bt_dkgrec_alpha_only,active,2021,341,0.007805394042530173,502.8,False,,,,,,,,,
bt_dkgrec_alpha_only,active,2021,342,0.007990397589436381,504.2,False,,,,,,,,,
bt_dkgrec_alpha_only,active,2021,343,0.007838742014188625,505.6,False,,,,,,,,,
bt_dkgrec_alpha_only,active,2021,344,0.007840081757785534,507.1,False,,,,,,,,,
bt_dkgrec_alpha_only,active,2021,345,0.007873675982849418,508.5,True,0.015555222192732435,0.029425679963996816,0.06837606837606838,0.10256410256410256,0.020925528365254166,0.025058801834149817,0.03908462936240714,0.05100972349903974,khong cai thien (13/50)
bt_dkgrec_alpha_only,active,2021,346,0.007677584978725006,510.3,False,,,,,,,,,
bt_dkgrec_alpha_only,active,2021,347,0.007856528691898394,511.7,False,,,,,,,,,
bt_dkgrec_alpha_only,active,2021,348,0.007639475944980996,513.0,False,,,,,,,,,
bt_dkgrec_alpha_only,active,2021,349,0.007790891638909902,514.4,False,,,,,,,,,
bt_dkgrec_alpha_only,active,2021,350,0.007788166282649409,515.8,True,0.01563599856910419,0.02944875892867446,0.06837606837606838,0.09829059829059829,0.02101121161546412,0.025212903766303488,0.03908462936240714,0.051113212918768476,khong cai thien (14/50)
bt_dkgrec_alpha_only,active,2021,351,0.007804700110155255,517.6,False,,,,,,,,,
bt_dkgrec_alpha_only,active,2021,352,0.007624182891942864,519.1,False,,,,,,,,,
bt_dkgrec_alpha_only,active,2021,353,0.007541225061757916,520.5,False,,,,,,,,,
bt_dkgrec_alpha_only,active,2021,354,0.007808490222939837,521.9,False,,,,,,,,,
bt_dkgrec_alpha_only,active,2021,355,0.00774325813671603,523.3,True,0.015647538051443012,0.029575693234401505,0.06837606837606838,0.09401709401709402,0.02050235558212904,0.024182275613362194,0.03908462936240714,0.04968871149426705,khong cai thien (15/50)
bt_dkgrec_alpha_only,active,2021,356,0.007569332028335681,525.1,False,,,,,,,,,
bt_dkgrec_alpha_only,active,2021,357,0.007627023133944499,526.5,False,,,,,,,,,
bt_dkgrec_alpha_only,active,2021,358,0.007590207047775935,527.9,False,,,,,,,,,
bt_dkgrec_alpha_only,active,2021,359,0.007683438280619508,529.3,False,,,,,,,,,
bt_dkgrec_alpha_only,active,2021,360,0.007680094683612107,530.7,True,0.015705235463137124,0.029633390646095617,0.06837606837606838,0.09401709401709402,0.019528825458248147,0.0240396386071787,0.035523375801153584,0.04968871149426705,khong cai thien (16/50)
bt_dkgrec_alpha_only,active,2021,361,0.007575543460532293,532.8,False,,,,,,,,,
bt_dkgrec_alpha_only,active,2021,362,0.00773709055329601,534.2,False,,,,,,,,,
bt_dkgrec_alpha_only,active,2021,363,0.007548251180905326,535.6,False,,,,,,,,,
bt_dkgrec_alpha_only,active,2021,364,0.007709079195648978,537.0,False,,,,,,,,,
bt_dkgrec_alpha_only,active,2021,365,0.00743623308264213,538.4,True,0.015705235463137124,0.02961031168141797,0.06837606837606838,0.09401709401709402,0.01973615057224013,0.024498378276999844,0.035523375801153584,0.05040096220651776,khong cai thien (17/50)
bt_dkgrec_alpha_only,active,2021,366,0.007448377063068772,540.2,False,,,,,,,,,
bt_dkgrec_alpha_only,active,2021,367,0.0075538072706786315,541.6,False,,,,,,,,,
bt_dkgrec_alpha_only,active,2021,368,0.007459712571951777,543.0,False,,,,,,,,,
bt_dkgrec_alpha_only,active,2021,369,0.007438493692974777,544.4,False,,,,,,,,,
bt_dkgrec_alpha_only,active,2021,370,0.007464525374908845,545.7,True,0.015682156498459478,0.02969108805778973,0.06837606837606838,0.09401709401709402,0.01984483347195453,0.024432575952095584,0.035523375801153584,0.05001246181801738,khong cai thien (18/50)
bt_dkgrec_alpha_only,active,2021,371,0.007528805182990917,547.7,False,,,,,,,,,
bt_dkgrec_alpha_only,active,2021,372,0.007580656176806482,549.1,False,,,,,,,,,
bt_dkgrec_alpha_only,active,2021,373,0.00760412956446454,550.5,False,,,,,,,,,
bt_dkgrec_alpha_only,active,2021,374,0.007650592990168982,551.9,False,,,,,,,,,
bt_dkgrec_alpha_only,active,2021,375,0.007535153495780869,553.3,True,0.01563599856910419,0.029921877704566172,0.06837606837606838,0.09829059829059829,0.020023127192743746,0.025074704733499466,0.035523375801153584,0.05143696324251879,khong cai thien (19/50)
bt_dkgrec_alpha_only,active,2021,376,0.007505974085281594,555.0,False,,,,,,,,,
bt_dkgrec_alpha_only,active,2021,377,0.007367644284343659,556.4,False,,,,,,,,,
bt_dkgrec_alpha_only,active,2021,378,0.007558145528894515,557.8,False,,,,,,,,,
bt_dkgrec_alpha_only,active,2021,379,0.007468684267819338,559.2,False,,,,,,,,,
bt_dkgrec_alpha_only,active,2021,380,0.007441281650329189,560.6,True,0.015751393392492413,0.02991033822222735,0.07264957264957266,0.09829059829059829,0.021845436935384023,0.025361154243815773,0.039510001315556875,0.05104846285401841,khong cai thien (20/50)
bt_dkgrec_alpha_only,active,2021,381,0.00733041702579629,562.5,False,,,,,,,,,
bt_dkgrec_alpha_only,active,2021,382,0.007350873478975617,564.0,False,,,,,,,,,
bt_dkgrec_alpha_only,active,2021,383,0.007473643305340049,565.3,False,,,,,,,,,
bt_dkgrec_alpha_only,active,2021,384,0.0073386463407910454,566.7,False,,,,,,,,,
bt_dkgrec_alpha_only,active,2021,385,0.007373205641861428,568.1,True,0.015762932874831236,0.029991114598599107,0.07692307692307693,0.09829059829059829,0.021994981625943034,0.025486984975546755,0.04006397409175187,0.05104846285401841,khong cai thien (21/50)
bt_dkgrec_alpha_only,active,2021,386,0.007333152945904141,569.9,False,,,,,,,,,
bt_dkgrec_alpha_only,active,2021,387,0.00739248090086855,571.3,False,,,,,,,,,
bt_dkgrec_alpha_only,active,2021,388,0.007268728766887477,572.7,False,,,,,,,,,
bt_dkgrec_alpha_only,active,2021,389,0.007256642527596098,574.1,False,,,,,,,,,
bt_dkgrec_alpha_only,active,2021,390,0.007439321640876929,575.5,True,0.01588986718055828,0.03010650942198733,0.07692307692307693,0.09829059829059829,0.0214548390582358,0.02467602057585021,0.04077622480400258,0.050724712530268085,khong cai thien (22/50)
bt_dkgrec_alpha_only,active,2021,391,0.007325511311251565,577.5,False,,,,,,,,,
bt_dkgrec_alpha_only,active,2021,392,0.007323170459049745,578.9,False,,,,,,,,,
bt_dkgrec_alpha_only,active,2021,393,0.0073203199120863965,580.2,False,,,,,,,,,
bt_dkgrec_alpha_only,active,2021,394,0.00730304357713387,581.6,False,,,,,,,,,
bt_dkgrec_alpha_only,active,2021,395,0.0073457614949356655,583.0,True,0.01587832769821946,0.03015266735134262,0.07692307692307693,0.09829059829059829,0.021377395645970427,0.024581063627021265,0.04077622480400258,0.050724712530268085,khong cai thien (23/50)
bt_dkgrec_alpha_only,active,2021,396,0.007286553943441413,584.8,False,,,,,,,,,
bt_dkgrec_alpha_only,active,2021,397,0.007340826512924784,586.2,False,,,,,,,,,
bt_dkgrec_alpha_only,active,2021,398,0.007379833542999507,587.6,False,,,,,,,,,
bt_dkgrec_alpha_only,active,2021,399,0.007263037465263816,589.0,False,,,,,,,,,
bt_dkgrec_alpha_only,active,2021,400,0.007169596639747,590.4,True,0.01593602510991357,0.030268062174730843,0.07692307692307693,0.09829059829059829,0.02183342033917597,0.024998484830482923,0.04077622480400258,0.050724712530268085,khong cai thien (24/50)
bt_dkgrec_alpha_only,active,2021,401,0.007182831874545427,592.4,False,,,,,,,,,
bt_dkgrec_alpha_only,active,2021,402,0.007164054387141927,593.7,False,,,,,,,,,
bt_dkgrec_alpha_only,active,2021,403,0.007092186611040761,595.1,False,,,,,,,,,
bt_dkgrec_alpha_only,active,2021,404,0.00720082052463862,596.5,False,,,,,,,,,
bt_dkgrec_alpha_only,active,2021,405,0.007206749292461475,597.9,True,0.01594756459225239,0.030198825280697908,0.07692307692307693,0.10256410256410256,0.02178502367841996,0.02509337544944855,0.04077622480400258,0.0507809428496563,khong cai thien (25/50)
bt_dkgrec_alpha_only,active,2021,406,0.007230088699580572,599.7,False,,,,,,,,,
bt_dkgrec_alpha_only,active,2021,407,0.007274003101062623,601.1,False,,,,,,,,,
bt_dkgrec_alpha_only,active,2021,408,0.007191682990989972,602.5,False,,,,,,,,,
bt_dkgrec_alpha_only,active,2021,409,0.007113077381788308,603.9,False,,,,,,,,,
bt_dkgrec_alpha_only,active,2021,410,0.007113862038813626,605.3,True,0.0157975513218477,0.030175746316020262,0.07692307692307693,0.09829059829059829,0.022037559328402217,0.02525980388842066,0.04077622480400258,0.050724712530268085,khong cai thien (26/50)
bt_dkgrec_alpha_only,active,2021,411,0.007225427494020636,607.2,False,,,,,,,,,
bt_dkgrec_alpha_only,active,2021,412,0.007179516930166869,608.6,False,,,,,,,,,
bt_dkgrec_alpha_only,active,2021,413,0.007186437810139208,610.0,False,,,,,,,,,
bt_dkgrec_alpha_only,active,2021,414,0.007169286832950501,611.4,False,,,,,,,,,
bt_dkgrec_alpha_only,active,2021,415,0.007183068109378055,612.7,True,0.01608603838031826,0.03056808871554022,0.07264957264957266,0.10256410256410256,0.021172476217569475,0.025568030801787912,0.0368912209189987,0.051113212918768476,khong cai thien (27/50)
bt_dkgrec_alpha_only,active,2021,416,0.007368047513198002,614.5,False,,,,,,,,,
bt_dkgrec_alpha_only,active,2021,417,0.007149841530121149,615.9,False,,,,,,,,,
bt_dkgrec_alpha_only,active,2021,418,0.0071601221261206925,617.3,False,,,,,,,,,
bt_dkgrec_alpha_only,active,2021,419,0.007080749684272349,618.8,False,,,,,,,,,
bt_dkgrec_alpha_only,active,2021,420,0.007144190299643898,620.2,True,0.016062959415640614,0.030637325609573156,0.06837606837606838,0.10256410256410256,0.019717667235937188,0.025206240133260293,0.03546671949449728,0.05243596424151979,khong cai thien (28/50)
bt_dkgrec_alpha_only,active,2021,421,0.007131104223279426,622.0,False,,,,,,,,,
bt_dkgrec_alpha_only,active,2021,422,0.007204856428192614,623.4,False,,,,,,,,,
bt_dkgrec_alpha_only,active,2021,423,0.007180877491695026,624.8,False,,,,,,,,,
bt_dkgrec_alpha_only,active,2021,424,0.007089161186300955,626.1,False,,,,,,,,,
bt_dkgrec_alpha_only,active,2021,425,0.007118439283053134,627.5,True,0.016005262003946502,0.030706562503606087,0.07264957264957266,0.10683760683760683,0.020972101287920496,0.02532608656883897,0.03935172337950116,0.05195208597986376,khong cai thien (29/50)
bt_dkgrec_alpha_only,active,2021,426,0.007051926976498421,629.3,False,,,,,,,,,
bt_dkgrec_alpha_only,active,2021,427,0.0071376914867461085,630.7,False,,,,,,,,,
bt_dkgrec_alpha_only,active,2021,428,0.00721993338289939,632.1,False,,,,,,,,,
bt_dkgrec_alpha_only,active,2021,429,0.0070683013930864114,633.6,False,,,,,,,,,
bt_dkgrec_alpha_only,active,2021,430,0.00694304118017145,635.0,True,0.016062959415640614,0.030810417844655488,0.07264957264957266,0.10683760683760683,0.022109001452116892,0.026483641940597623,0.03974022376800155,0.05256258659036437,best
bt_dkgrec_alpha_only,active,2021,431,0.007071916901573187,636.8,False,,,,,,,,,
bt_dkgrec_alpha_only,active,2021,432,0.0070626365090535066,638.2,False,,,,,,,,,
bt_dkgrec_alpha_only,active,2021,433,0.007024563679529763,639.6,False,,,,,,,,,
bt_dkgrec_alpha_only,active,2021,434,0.007166601581666078,641.0,False,,,,,,,,,
bt_dkgrec_alpha_only,active,2021,435,0.00700452338996059,642.4,True,0.016109117344995903,0.03092581266804371,0.06837606837606838,0.10683760683760683,0.020407175492503597,0.025916702872111935,0.03546671949449728,0.05256258659036437,khong cai thien (1/50)
bt_dkgrec_alpha_only,active,2021,436,0.007087092627856439,644.2,False,,,,,,,,,
bt_dkgrec_alpha_only,active,2021,437,0.007010513326454656,645.6,False,,,,,,,,,
bt_dkgrec_alpha_only,active,2021,438,0.007091933725826326,647.0,False,,,,,,,,,
bt_dkgrec_alpha_only,active,2021,439,0.00693499032348119,648.4,False,,,,,,,,,
bt_dkgrec_alpha_only,active,2021,440,0.006990428072088687,649.8,True,0.01633990699177235,0.030995049562076646,0.06837606837606838,0.1111111111111111,0.020536094027834077,0.026071629975444623,0.03546671949449728,0.052617375106691344,khong cai thien (2/50)
bt_dkgrec_alpha_only,active,2021,441,0.006968086561310694,651.6,False,,,,,,,,,
bt_dkgrec_alpha_only,active,2021,442,0.00694998134808056,653.0,False,,,,,,,,,
bt_dkgrec_alpha_only,active,2021,443,0.006857636883973008,654.4,False,,,,,,,,,
bt_dkgrec_alpha_only,active,2021,444,0.0071900129571550574,655.7,False,,,,,,,,,
bt_dkgrec_alpha_only,active,2021,445,0.006986367796567187,657.1,True,0.016201433203706483,0.030995049562076646,0.05982905982905983,0.10683760683760683,0.017610328921367192,0.025530151167974045,0.026919710947488722,0.052989937017714796,khong cai thien (3/50)
bt_dkgrec_alpha_only,active,2021,446,0.006957318793867288,659.0,False,,,,,,,,,
bt_dkgrec_alpha_only,active,2021,447,0.006924934980290372,660.4,False,,,,,,,,,
bt_dkgrec_alpha_only,active,2021,448,0.007037886660993694,661.8,False,,,,,,,,,
bt_dkgrec_alpha_only,active,2021,449,0.007021886163642445,663.2,False,,,,,,,,,
bt_dkgrec_alpha_only,active,2021,450,0.0069181244127468995,664.6,True,0.01629374906241706,0.031341234032241316,0.06837606837606838,0.10683760683760683,0.020183234867213188,0.025495879158518593,0.03546671949449728,0.05256258659036437,khong cai thien (4/50)
bt_dkgrec_alpha_only,active,2021,451,0.006987479088047798,666.4,False,,,,,,,,,
bt_dkgrec_alpha_only,active,2021,452,0.006966693324844671,667.8,False,,,,,,,,,
bt_dkgrec_alpha_only,active,2021,453,0.006880223186382196,669.2,False,,,,,,,,,
bt_dkgrec_alpha_only,active,2021,454,0.006925195253327198,670.6,False,,,,,,,,,
bt_dkgrec_alpha_only,active,2021,455,0.007006775791869378,672.0,True,0.016409143885805284,0.031364312996918955,0.06837606837606838,0.10683760683760683,0.020106774537588485,0.025543523122738356,0.03546671949449728,0.05256258659036437,khong cai thien (5/50)
bt_dkgrec_alpha_only,active,2021,456,0.006803352700019344,673.8,False,,,,,,,,,
bt_dkgrec_alpha_only,active,2021,457,0.006836984216395154,675.2,False,,,,,,,,,
bt_dkgrec_alpha_only,active,2021,458,0.0068388202899684405,676.6,False,,,,,,,,,
bt_dkgrec_alpha_only,active,2021,459,0.006991253355144101,678.0,False,,,,,,,,,
bt_dkgrec_alpha_only,active,2021,460,0.006896299044375138,679.4,True,0.016455301815160573,0.03141047092627425,0.0641025641025641,0.10256410256410256,0.018996394030079775,0.025189850459339837,0.031193215220993,0.05113808516586295,khong cai thien (6/50)
bt_dkgrec_alpha_only,active,2021,461,0.006837233968591234,681.2,False,,,,,,,,,
bt_dkgrec_alpha_only,active,2021,462,0.006916470098651672,682.6,False,,,,,,,,,
bt_dkgrec_alpha_only,active,2021,463,0.006892234184663274,684.0,False,,,,,,,,,
bt_dkgrec_alpha_only,active,2021,464,0.006832812339506188,685.3,False,,,,,,,,,
bt_dkgrec_alpha_only,active,2021,465,0.006799902868818166,686.7,True,0.01648992026217704,0.031502786784984825,0.07264957264957266,0.09401709401709402,0.020633001927665585,0.02463624216875973,0.036178970206747985,0.04985418388196165,khong cai thien (7/50)
bt_dkgrec_alpha_only,active,2021,466,0.0068358271055119066,688.7,False,,,,,,,,,
bt_dkgrec_alpha_only,active,2021,467,0.00676580854161895,690.1,False,,,,,,,,,
bt_dkgrec_alpha_only,active,2021,468,0.006817812971357414,691.5,False,,,,,,,,,
bt_dkgrec_alpha_only,active,2021,469,0.006878391060166703,692.9,False,,,,,,,,,
bt_dkgrec_alpha_only,active,2021,470,0.006869223062921882,694.3,True,0.016478380779838216,0.03156048419667894,0.06837606837606838,0.09401709401709402,0.019198153446649643,0.024657592974551654,0.03190546593324371,0.050464684492462275,khong cai thien (8/50)
bt_dkgrec_alpha_only,active,2021,471,0.006909242024628768,696.1,False,,,,,,,,,
bt_dkgrec_alpha_only,active,2021,472,0.006785319781170728,697.5,False,,,,,,,,,
bt_dkgrec_alpha_only,active,2021,473,0.006867887788849428,698.9,False,,,,,,,,,
bt_dkgrec_alpha_only,active,2021,474,0.006897265173064326,700.2,False,,,,,,,,,
bt_dkgrec_alpha_only,active,2021,475,0.00681095306222771,701.6,True,0.016478380779838216,0.03166433953772834,0.07264957264957266,0.09829059829059829,0.02047159679117327,0.025757561733605324,0.036178970206747985,0.05473818876596655,khong cai thien (9/50)
bt_dkgrec_alpha_only,active,2021,476,0.006722767502837468,703.6,False,,,,,,,,,
bt_dkgrec_alpha_only,active,2021,477,0.006724443924188748,705.0,False,,,,,,,,,
bt_dkgrec_alpha_only,active,2021,478,0.006797389175368945,706.4,False,,,,,,,,,
bt_dkgrec_alpha_only,active,2021,479,0.006681694505629823,707.8,False,,,,,,,,,
bt_dkgrec_alpha_only,active,2021,480,0.006870053714613044,709.2,True,0.01648992026217704,0.03154894471434012,0.07692307692307693,0.09829059829059829,0.021833314206848985,0.02591354834099522,0.04045247448025226,0.05473818876596655,khong cai thien (10/50)
bt_dkgrec_alpha_only,active,2021,481,0.006856103632598747,711.0,False,,,,,,,,,
bt_dkgrec_alpha_only,active,2021,482,0.006823018632929382,712.4,False,,,,,,,,,
bt_dkgrec_alpha_only,active,2021,483,0.0067029457389399145,713.7,False,,,,,,,,,
bt_dkgrec_alpha_only,active,2021,484,0.006815263792818801,715.1,False,,,,,,,,,
bt_dkgrec_alpha_only,active,2021,485,0.0068463349863986875,716.5,True,0.016709170426614663,0.03168741850240598,0.07692307692307693,0.09829059829059829,0.021482921413515044,0.0258089858406407,0.03831572234350012,0.05473818876596655,khong cai thien (11/50)
bt_dkgrec_alpha_only,active,2021,486,0.00673414294359424,718.4,False,,,,,,,,,
bt_dkgrec_alpha_only,active,2021,487,0.006724131248482492,719.9,False,,,,,,,,,
bt_dkgrec_alpha_only,active,2021,488,0.006776128397699005,721.2,False,,,,,,,,,
bt_dkgrec_alpha_only,active,2021,489,0.006630654015850199,722.6,False,,,,,,,,,
bt_dkgrec_alpha_only,active,2021,490,0.006764750645775913,724.0,True,0.01669763094427584,0.03174511591410009,0.07264957264957266,0.09401709401709402,0.020929582635299145,0.02474977588428466,0.03724734627512405,0.050464684492462275,khong cai thien (12/50)
bt_dkgrec_alpha_only,active,2021,491,0.006696185873902407,725.8,False,,,,,,,,,
bt_dkgrec_alpha_only,active,2021,492,0.006683975761830489,727.2,False,,,,,,,,,
bt_dkgrec_alpha_only,active,2021,493,0.006791424102627639,728.6,False,,,,,,,,,
bt_dkgrec_alpha_only,active,2021,494,0.0068358083824541565,730.0,False,,,,,,,,,
bt_dkgrec_alpha_only,active,2021,495,0.0066803566011287945,731.4,True,0.016836104732341706,0.03191820814918243,0.07264957264957266,0.10256410256410256,0.02097718654999805,0.026058609901985514,0.03404221806999585,0.05194397443329067,khong cai thien (13/50)
bt_dkgrec_alpha_only,active,2021,496,0.006662250494847097,733.3,False,,,,,,,,,
bt_dkgrec_alpha_only,active,2021,497,0.006776720799986958,734.7,False,,,,,,,,,
bt_dkgrec_alpha_only,active,2021,498,0.006659133097888133,736.1,False,,,,,,,,,
bt_dkgrec_alpha_only,active,2021,499,0.006752504818464401,737.5,False,,,,,,,,,
bt_dkgrec_alpha_only,active,2021,500,0.006748023148801831,738.9,True,0.01695149955572993,0.03187205021982714,0.06837606837606838,0.10683760683760683,0.020947323490185833,0.02794451822093111,0.032973842001619784,0.059066481555797794,best
bt_dkgrec_alpha_only,active,2021,501,0.006659842351918014,740.7,False,,,,,,,,,
bt_dkgrec_alpha_only,active,2021,502,0.006609027519155937,742.1,False,,,,,,,,,
bt_dkgrec_alpha_only,active,2021,503,0.00678562081155632,743.5,False,,,,,,,,,
bt_dkgrec_alpha_only,active,2021,504,0.006636293365247427,744.9,False,,,,,,,,,
bt_dkgrec_alpha_only,active,2021,505,0.006694572284907884,746.4,True,0.017043815414440507,0.032206695207652986,0.07264957264957266,0.10256410256410256,0.022204992217521244,0.027724468271239297,0.03724734627512405,0.05687494090271868,khong cai thien (1/50)
bt_dkgrec_alpha_only,active,2021,506,0.006738374907267322,748.3,False,,,,,,,,,
bt_dkgrec_alpha_only,active,2021,507,0.0066431806469500745,749.7,False,,,,,,,,,
bt_dkgrec_alpha_only,active,2021,508,0.006665234247393613,751.0,False,,,,,,,,,
bt_dkgrec_alpha_only,active,2021,509,0.006703484744183406,752.4,False,,,,,,,,,
bt_dkgrec_alpha_only,active,2021,510,0.0065961223876358326,753.8,True,0.01700919696742404,0.03225285313700827,0.06837606837606838,0.09829059829059829,0.021119430795335,0.02660846421432454,0.032973842001619784,0.05123172372103996,khong cai thien (2/50)
bt_dkgrec_alpha_only,active,2021,511,0.006597127275654821,755.6,False,,,,,,,,,
bt_dkgrec_alpha_only,active,2021,512,0.006517920674364558,757.0,False,,,,,,,,,
bt_dkgrec_alpha_only,active,2021,513,0.006602823958567021,758.4,False,,,,,,,,,
bt_dkgrec_alpha_only,active,2021,514,0.006607841804471108,759.8,False,,,,,,,,,
bt_dkgrec_alpha_only,active,2021,515,0.006727917739718618,761.2,True,0.0170899733437958,0.032414405889751786,0.07264957264957266,0.09829059829059829,0.022085373907541374,0.027214506674772564,0.03724734627512405,0.055450439478217255,khong cai thien (3/50)
bt_dkgrec_alpha_only,active,2021,516,0.006609684328006324,763.0,False,,,,,,,,,
bt_dkgrec_alpha_only,active,2021,517,0.006600869987520792,764.4,False,,,,,,,,,
bt_dkgrec_alpha_only,active,2021,518,0.006444589509957998,765.8,False,,,,,,,,,
bt_dkgrec_alpha_only,active,2021,519,0.006583642910421719,767.2,False,,,,,,,,,
bt_dkgrec_alpha_only,active,2021,520,0.00657724048923569,768.6,True,0.01700919696742404,0.03228747158402474,0.06837606837606838,0.09401709401709402,0.020864653818424086,0.025966690786387983,0.032973842001619784,0.05074958477736256,khong cai thien (4/50)
bt_dkgrec_alpha_only,active,2021,521,0.006710488462136479,770.4,False,,,,,,,,,
bt_dkgrec_alpha_only,active,2021,522,0.006701071394355436,771.8,False,,,,,,,,,
bt_dkgrec_alpha_only,active,2021,523,0.006581974090748887,773.2,False,,,,,,,,,
bt_dkgrec_alpha_only,active,2021,524,0.006595154689320246,774.6,False,,,,,,,,,
bt_dkgrec_alpha_only,active,2021,525,0.006567117747824068,776.1,True,0.017078433861456976,0.03237978744273532,0.07692307692307693,0.08974358974358974,0.022284558084034522,0.02520384576075866,0.03831572234350012,0.04733078135855914,khong cai thien (5/50)
bt_dkgrec_alpha_only,active,2021,526,0.006679256302623737,777.8,False,,,,,,,,,
bt_dkgrec_alpha_only,active,2021,527,0.006530758468362307,779.2,False,,,,,,,,,
bt_dkgrec_alpha_only,active,2021,528,0.006453119848267129,780.6,False,,,,,,,,,
bt_dkgrec_alpha_only,active,2021,529,0.0065382792370650275,782.0,False,,,,,,,,,
bt_dkgrec_alpha_only,active,2021,530,0.006515780090290769,783.4,True,0.0170899733437958,0.03237978744273532,0.07692307692307693,0.09401709401709402,0.022214498017194495,0.025611925219677204,0.03831572234350012,0.04875528278306056,khong cai thien (6/50)
bt_dkgrec_alpha_only,active,2021,531,0.00652681025609947,785.2,False,,,,,,,,,
bt_dkgrec_alpha_only,active,2021,532,0.006558102559333881,786.6,False,,,,,,,,,
bt_dkgrec_alpha_only,active,2021,533,0.0065199093545512884,788.0,False,,,,,,,,,
bt_dkgrec_alpha_only,active,2021,534,0.0065211363606962934,789.5,False,,,,,,,,,
bt_dkgrec_alpha_only,active,2021,535,0.006583028847633379,790.8,True,0.017182289202506376,0.0324721033014459,0.07692307692307693,0.10683760683760683,0.022271992556157763,0.027739957707879827,0.03831572234350012,0.057357079846396083,khong cai thien (7/50)
bt_dkgrec_alpha_only,active,2021,536,0.006468780684325123,792.7,False,,,,,,,,,
bt_dkgrec_alpha_only,active,2021,537,0.0064058493734464195,794.1,False,,,,,,,,,
bt_dkgrec_alpha_only,active,2021,538,0.006479094243260629,795.4,False,,,,,,,,,
bt_dkgrec_alpha_only,active,2021,539,0.0064897062953571324,796.8,False,,,,,,,,,
bt_dkgrec_alpha_only,active,2021,540,0.006603511765557173,798.2,True,0.017182289202506376,0.03264519553652823,0.07264957264957266,0.10256410256410256,0.02221706382080445,0.02785899137752886,0.03724734627512405,0.05687494090271868,khong cai thien (8/50)
bt_dkgrec_alpha_only,active,2021,541,0.0064558931925687854,800.0,False,,,,,,,,,
bt_dkgrec_alpha_only,active,2021,542,0.006510834814876719,801.4,False,,,,,,,,,
bt_dkgrec_alpha_only,active,2021,543,0.006519790844880098,802.9,False,,,,,,,,,
bt_dkgrec_alpha_only,active,2021,544,0.006491488625892845,804.3,False,,,,,,,,,
bt_dkgrec_alpha_only,active,2021,545,0.006399346202306196,805.6,True,0.01720536816718402,0.03248364278378472,0.07264957264957266,0.10683760683760683,0.02209017708537412,0.027911139177591922,0.03724734627512405,0.05692972941904566,khong cai thien (9/50)
bt_dkgrec_alpha_only,active,2021,546,0.006554396382251508,807.4,False,,,,,,,,,
bt_dkgrec_alpha_only,active,2021,547,0.006530542299677394,808.8,False,,,,,,,,,
bt_dkgrec_alpha_only,active,2021,548,0.006491599296333136,810.2,False,,,,,,,,,
bt_dkgrec_alpha_only,active,2021,549,0.006481785769988594,811.6,False,,,,,,,,,
bt_dkgrec_alpha_only,active,2021,550,0.0065382155957389105,813.0,True,0.017170749720167553,0.032414405889751786,0.07264957264957266,0.10683760683760683,0.022379771243247283,0.02789807465980512,0.03724734627512405,0.05621747870679495,khong cai thien (10/50)
bt_dkgrec_alpha_only,active,2021,551,0.006431646086746379,814.8,False,,,,,,,,,
bt_dkgrec_alpha_only,active,2021,552,0.006468506785842802,816.3,False,,,,,,,,,
bt_dkgrec_alpha_only,active,2021,553,0.006499781237793007,817.7,False,,,,,,,,,
bt_dkgrec_alpha_only,active,2021,554,0.006422025375714804,819.1,False,,,,,,,,,
bt_dkgrec_alpha_only,active,2021,555,0.006398040174348316,820.4,True,0.01725152609653931,0.03263365605418941,0.07692307692307693,0.09829059829059829,0.023726053281323767,0.02705123470089147,0.04152085054862833,0.05294112543044167,khong cai thien (11/50)
bt_dkgrec_alpha_only,active,2021,556,0.0063990710893491514,822.2,False,,,,,,,,,
bt_dkgrec_alpha_only,active,2021,557,0.006458056858420914,823.6,False,,,,,,,,,
bt_dkgrec_alpha_only,active,2021,558,0.006460634024176681,825.0,False,,,,,,,,,
bt_dkgrec_alpha_only,active,2021,559,0.006427785872843931,826.4,False,,,,,,,,,
bt_dkgrec_alpha_only,active,2021,560,0.00641194349089727,827.8,True,0.017239986614200488,0.03266827450120587,0.07692307692307693,0.09829059829059829,0.022949699342491144,0.026204668091602313,0.04152085054862833,0.05294112543044167,khong cai thien (12/50)
bt_dkgrec_alpha_only,active,2021,561,0.006417621013301739,829.7,False,,,,,,,,,
bt_dkgrec_alpha_only,active,2021,562,0.006474017207752699,831.1,False,,,,,,,,,
bt_dkgrec_alpha_only,active,2021,563,0.006422949583062926,832.6,False,,,,,,,,,
bt_dkgrec_alpha_only,active,2021,564,0.006505206580918603,833.9,False,,,,,,,,,
bt_dkgrec_alpha_only,active,2021,565,0.006282751026836871,835.3,True,0.017320762990572242,0.03273751139523881,0.07264957264957266,0.09401709401709402,0.021675114068175613,0.02582409835166147,0.03724734627512405,0.0528863369141147,khong cai thien (13/50)
bt_dkgrec_alpha_only,active,2021,566,0.0063861835191381605,837.1,False,,,,,,,,,
bt_dkgrec_alpha_only,active,2021,567,0.00635366947706183,838.5,False,,,,,,,,,
bt_dkgrec_alpha_only,active,2021,568,0.006442899931158127,839.9,False,,,,,,,,,
bt_dkgrec_alpha_only,active,2021,569,0.006342075840001374,841.3,False,,,,,,,,,
bt_dkgrec_alpha_only,active,2021,570,0.006358991594690987,842.7,True,0.01726306557887813,0.032852906218627034,0.07264957264957266,0.09401709401709402,0.02175827977028439,0.026066126345906288,0.03724734627512405,0.05388348791126569,khong cai thien (14/50)
bt_dkgrec_alpha_only,active,2021,571,0.006452675945493353,844.6,False,,,,,,,,,
bt_dkgrec_alpha_only,active,2021,572,0.00641040987289555,846.0,False,,,,,,,,,
bt_dkgrec_alpha_only,active,2021,573,0.006386602812677034,847.4,False,,,,,,,,,
bt_dkgrec_alpha_only,active,2021,574,0.0063726726660618925,848.8,False,,,,,,,,,
bt_dkgrec_alpha_only,active,2021,575,0.006339001369783722,850.2,True,0.017424618331621643,0.03304907741838701,0.07264957264957266,0.09401709401709402,0.021606719665956026,0.025181692313255337,0.03724734627512405,0.0496647721540884,khong cai thien (15/50)
bt_dkgrec_alpha_only,active,2021,576,0.006464999265156594,852.0,False,,,,,,,,,
bt_dkgrec_alpha_only,active,2021,577,0.006445319975139515,853.4,False,,,,,,,,,
bt_dkgrec_alpha_only,active,2021,578,0.006417519586726734,854.7,False,,,,,,,,,
bt_dkgrec_alpha_only,active,2021,579,0.006349693738351204,856.1,False,,,,,,,,,
bt_dkgrec_alpha_only,active,2021,580,0.006427279132039872,857.6,True,0.017482315743315754,0.033279867065163456,0.07264957264957266,0.10256410256410256,0.021631834617190298,0.025594773190049002,0.03724734627512405,0.05090612339543964,khong cai thien (16/50)
bt_dkgrec_alpha_only,active,2021,581,0.0063742652049060145,859.5,False,,,,,,,,,
bt_dkgrec_alpha_only,active,2021,582,0.006444569139370917,860.9,False,,,,,,,,,
bt_dkgrec_alpha_only,active,2021,583,0.006343393302311199,862.3,False,,,,,,,,,
bt_dkgrec_alpha_only,active,2021,584,0.006326038540824617,863.7,False,,,,,,,,,
bt_dkgrec_alpha_only,active,2021,585,0.0063088218195742765,865.1,True,0.017528473672671043,0.0334068013708905,0.07264957264957266,0.09401709401709402,0.02214525537386577,0.02543635051118908,0.03724734627512405,0.04932508335286113,khong cai thien (17/50)
bt_dkgrec_alpha_only,active,2021,586,0.00629544456145791,866.9,False,,,,,,,,,
bt_dkgrec_alpha_only,active,2021,587,0.006339014418157173,868.2,False,,,,,,,,,
bt_dkgrec_alpha_only,active,2021,588,0.006316720576783371,869.6,False,,,,,,,,,
bt_dkgrec_alpha_only,active,2021,589,0.006413649451731297,871.0,False,,,,,,,,,
bt_dkgrec_alpha_only,active,2021,590,0.0063534855594923004,872.5,True,0.017459236778638112,0.03346449878258461,0.07264957264957266,0.09829059829059829,0.022599281922407767,0.026055586217139815,0.03724734627512405,0.05013908416686194,khong cai thien (18/50)
bt_dkgrec_alpha_only,active,2021,591,0.006366452479228942,874.5,False,,,,,,,,,
bt_dkgrec_alpha_only,active,2021,592,0.00623704301207076,875.8,False,,,,,,,,,
bt_dkgrec_alpha_only,active,2021,593,0.006339105388571464,877.2,False,,,,,,,,,
bt_dkgrec_alpha_only,active,2021,594,0.006299554720879297,878.6,False,,,,,,,,,
bt_dkgrec_alpha_only,active,2021,595,0.006308463093119788,880.0,True,0.017493855225654577,0.03344141981790697,0.07264957264957266,0.09829059829059829,0.022681954321038148,0.026444001618047098,0.03724734627512405,0.050851334879112656,khong cai thien (19/50)
bt_dkgrec_alpha_only,active,2021,596,0.006327454448561352,881.8,False,,,,,,,,,
bt_dkgrec_alpha_only,active,2021,597,0.006259006217378959,883.2,False,,,,,,,,,
bt_dkgrec_alpha_only,active,2021,598,0.006271038448466701,884.6,False,,,,,,,,,
bt_dkgrec_alpha_only,active,2021,599,0.006244909589474343,886.0,False,,,,,,,,,
bt_dkgrec_alpha_only,active,2021,600,0.006313835881034433,887.5,True,0.017632329013720444,0.03354527515895637,0.07692307692307693,0.10683760683760683,0.02252441034052681,0.027620363310793976,0.037927221954999736,0.05589187838119462,khong cai thien (20/50)
bt_dkgrec_alpha_only,active,2021,601,0.0063947001531149605,889.4,False,,,,,,,,,
bt_dkgrec_alpha_only,active,2021,602,0.006339814607236063,890.8,False,,,,,,,,,
bt_dkgrec_alpha_only,active,2021,603,0.006412332246045062,892.2,False,,,,,,,,,
bt_dkgrec_alpha_only,active,2021,604,0.006380452889085016,893.6,False,,,,,,,,,
bt_dkgrec_alpha_only,active,2021,605,0.006295489035241862,894.9,True,0.017678486943075732,0.0335106567119399,0.07692307692307693,0.11538461538461539,0.022458649223659158,0.02871627453755933,0.037927221954999736,0.06022161297408711,best
bt_dkgrec_alpha_only,active,2021,606,0.0062660216082663055,896.7,False,,,,,,,,,
bt_dkgrec_alpha_only,active,2021,607,0.006205484508675514,898.1,False,,,,,,,,,
bt_dkgrec_alpha_only,active,2021,608,0.006266242921229831,899.6,False,,,,,,,,,
bt_dkgrec_alpha_only,active,2021,609,0.0063003827336545835,901.0,False,,,,,,,,,
bt_dkgrec_alpha_only,active,2021,610,0.006302188506738663,902.4,True,0.017690026425414555,0.03339526188855168,0.07692307692307693,0.10683760683760683,0.022675046971871192,0.028273522095499812,0.03831572234350012,0.060110594138371914,khong cai thien (1/50)
bt_dkgrec_alpha_only,active,2021,611,0.006260521222198064,904.2,False,,,,,,,,,
bt_dkgrec_alpha_only,active,2021,612,0.006330279973832756,905.6,False,,,,,,,,,
bt_dkgrec_alpha_only,active,2021,613,0.0063526855942648034,907.0,False,,,,,,,,,
bt_dkgrec_alpha_only,active,2021,614,0.006177103788552399,908.4,False,,,,,,,,,
bt_dkgrec_alpha_only,active,2021,615,0.006238167336614578,909.8,True,0.01762078953138162,0.033556814641295195,0.07692307692307693,0.11538461538461539,0.022533088523593,0.02871625152719566,0.03831572234350012,0.06083211358458772,khong cai thien (2/50)
bt_dkgrec_alpha_only,active,2021,616,0.006262632700478191,911.6,False,,,,,,,,,
bt_dkgrec_alpha_only,active,2021,617,0.006275442028135518,913.0,False,,,,,,,,,
bt_dkgrec_alpha_only,active,2021,618,0.006278791041815133,914.4,False,,,,,,,,,
bt_dkgrec_alpha_only,active,2021,619,0.006328484860439078,915.8,False,,,,,,,,,
bt_dkgrec_alpha_only,active,2021,620,0.006208800760098298,917.2,True,0.017690026425414555,0.03349911722960108,0.07692307692307693,0.1111111111111111,0.022378768228289835,0.027979877580298747,0.03831572234350012,0.0594076121600863,khong cai thien (3/50)
bt_dkgrec_alpha_only,active,2021,621,0.006199097547240087,919.0,False,,,,,,,,,
bt_dkgrec_alpha_only,active,2021,622,0.006219599221839799,920.4,False,,,,,,,,,
bt_dkgrec_alpha_only,active,2021,623,0.0062633184196200856,921.8,False,,,,,,,,,
bt_dkgrec_alpha_only,active,2021,624,0.006316335367874188,923.1,False,,,,,,,,,
bt_dkgrec_alpha_only,active,2021,625,0.006316546120815617,924.5,True,0.01765540797839809,0.03344141981790697,0.07692307692307693,0.1111111111111111,0.022541946630358474,0.027807615733256973,0.03831572234350012,0.058695361447835576,khong cai thien (4/50)
bt_dkgrec_alpha_only,active,2021,626,0.006272013840009556,926.3,False,,,,,,,,,
bt_dkgrec_alpha_only,active,2021,627,0.006206420605480615,927.8,False,,,,,,,,,
bt_dkgrec_alpha_only,active,2021,628,0.00621827706299093,929.2,False,,,,,,,,,
bt_dkgrec_alpha_only,active,2021,629,0.006126860780991411,930.6,False,,,,,,,,,
bt_dkgrec_alpha_only,active,2021,630,0.006142024907011174,932.0,True,0.01780542124880278,0.03367220946468341,0.0811965811965812,0.10256410256410256,0.023738693768587157,0.0277799043715985,0.03837051085982711,0.05489472738404363,khong cai thien (5/50)
bt_dkgrec_alpha_only,active,2021,631,0.006161828630228073,933.8,False,,,,,,,,,
bt_dkgrec_alpha_only,active,2021,632,0.00619211428847121,935.2,False,,,,,,,,,
bt_dkgrec_alpha_only,active,2021,633,0.006069523915089752,936.5,False,,,,,,,,,
bt_dkgrec_alpha_only,active,2021,634,0.006193804656452068,937.9,False,,,,,,,,,
bt_dkgrec_alpha_only,active,2021,635,0.006196528622836698,939.3,True,0.01770156590775338,0.03379914377041046,0.0811965811965812,0.10683760683760683,0.023193239285938107,0.0272244967791377,0.03837051085982711,0.05423870699118112,khong cai thien (6/50)
bt_dkgrec_alpha_only,active,2021,636,0.006218150698300438,941.1,False,,,,,,,,,
bt_dkgrec_alpha_only,active,2021,637,0.006265439503611379,942.5,False,,,,,,,,,
bt_dkgrec_alpha_only,active,2021,638,0.006216992759257152,944.0,False,,,,,,,,,
bt_dkgrec_alpha_only,active,2021,639,0.006186465038826833,945.4,False,,,,,,,,,
bt_dkgrec_alpha_only,active,2021,640,0.00614523627816226,946.8,True,0.017828500213480425,0.03387992014678221,0.0811965811965812,0.10256410256410256,0.023155633262592172,0.026214548780866494,0.03837051085982711,0.04996520271767685,khong cai thien (7/50)
bt_dkgrec_alpha_only,active,2021,641,0.006146449523579906,948.6,False,,,,,,,,,
bt_dkgrec_alpha_only,active,2021,642,0.006153285949664958,949.9,False,,,,,,,,,
bt_dkgrec_alpha_only,active,2021,643,0.006223749274652451,951.3,False,,,,,,,,,
bt_dkgrec_alpha_only,active,2021,644,0.006252830350418335,952.7,False,,,,,,,,,
bt_dkgrec_alpha_only,active,2021,645,0.006122105790497871,954.1,True,0.017782342284125133,0.0338222227350881,0.0811965811965812,0.10683760683760683,0.02333600645438912,0.026928696436452775,0.03798201047132671,0.05049939075186488,khong cai thien (8/50)
bt_dkgrec_alpha_only,active,2021,646,0.006257722592086671,956.0,False,,,,,,,,,
bt_dkgrec_alpha_only,active,2021,647,0.006080904727305243,957.4,False,,,,,,,,,
bt_dkgrec_alpha_only,active,2021,648,0.00619376050927745,958.8,False,,,,,,,,,
bt_dkgrec_alpha_only,active,2021,649,0.006118460192104404,960.2,False,,,,,,,,,
bt_dkgrec_alpha_only,active,2021,650,0.00606815011039403,961.6,True,0.017736184354769844,0.03390299911145986,0.0811965811965812,0.10683760683760683,0.023005002645689113,0.027372218530094666,0.03798345227438795,0.05228001753249166,khong cai thien (9/50)
bt_dkgrec_alpha_only,active,2021,651,0.006137714979476839,963.4,False,,,,,,,,,
bt_dkgrec_alpha_only,active,2021,652,0.006140810815548551,964.8,False,,,,,,,,,
bt_dkgrec_alpha_only,active,2021,653,0.006195836553152906,966.2,False,,,,,,,,,
bt_dkgrec_alpha_only,active,2021,654,0.006108289379728029,967.6,False,,,,,,,,,
bt_dkgrec_alpha_only,active,2021,655,0.0061189135625580775,969.0,True,0.017793881766463956,0.03411070979355866,0.08547008547008547,0.10256410256410256,0.023705320429131385,0.027601615398312435,0.03841080270173838,0.05174582949830363,khong cai thien (10/50)
bt_dkgrec_alpha_only,active,2021,656,0.006115841042414881,970.9,False,,,,,,,,,
bt_dkgrec_alpha_only,active,2021,657,0.00608898936394675,972.3,False,,,,,,,,,
bt_dkgrec_alpha_only,active,2021,658,0.006167588608675573,973.7,False,,,,,,,,,
bt_dkgrec_alpha_only,active,2021,659,0.006056459395189573,975.1,False,,,,,,,,,
bt_dkgrec_alpha_only,active,2021,660,0.0061111869268953975,976.5,True,0.017816960731141602,0.03396069652315397,0.0811965811965812,0.1111111111111111,0.023399304081157007,0.02971985825067794,0.03798345227438795,0.06045111598136789,best
bt_dkgrec_alpha_only,active,2021,661,0.0060204657940259665,978.3,False,,,,,,,,,
bt_dkgrec_alpha_only,active,2021,662,0.0061293122784566775,979.6,False,,,,,,,,,
bt_dkgrec_alpha_only,active,2021,663,0.0060753036784086676,981.0,False,,,,,,,,,
bt_dkgrec_alpha_only,active,2021,664,0.006023141181311274,982.4,False,,,,,,,,,
bt_dkgrec_alpha_only,active,2021,665,0.006154329565786369,983.8,True,0.017690026425414555,0.033764525323393996,0.0811965811965812,0.11538461538461539,0.024627994731143243,0.029835429282510775,0.04258922661700439,0.060360671446478914,best
bt_dkgrec_alpha_only,active,2021,666,0.00615418909503747,985.8,False,,,,,,,,,
bt_dkgrec_alpha_only,active,2021,667,0.006069003529300098,987.2,False,,,,,,,,,
bt_dkgrec_alpha_only,active,2021,668,0.006113618208577157,988.6,False,,,,,,,,,
bt_dkgrec_alpha_only,active,2021,669,0.0061309895902112626,989.9,False,,,,,,,,,
bt_dkgrec_alpha_only,active,2021,670,0.006051971991229305,991.3,True,0.017678486943075732,0.03372990687637752,0.07692307692307693,0.10683760683760683,0.023550879572567844,0.02853953579989515,0.03831572234350012,0.055798085659196764,khong cai thien (1/50)
bt_dkgrec_alpha_only,active,2021,671,0.006096047567350877,993.2,False,,,,,,,,,
bt_dkgrec_alpha_only,active,2021,672,0.006159310360395334,994.5,False,,,,,,,,,
bt_dkgrec_alpha_only,active,2021,673,0.00612307312453081,995.9,False,,,,,,,,,
bt_dkgrec_alpha_only,active,2021,674,0.0060750223410330284,997.3,False,,,,,,,,,
bt_dkgrec_alpha_only,active,2021,675,0.006123212339517902,998.8,True,0.017840039695819244,0.03386838066444339,0.07692307692307693,0.10683760683760683,0.023649105027570703,0.02880050118332528,0.03831572234350012,0.0562254360865472,khong cai thien (2/50)
bt_dkgrec_alpha_only,active,2021,676,0.0060572918321103045,1000.7,False,,,,,,,,,
bt_dkgrec_alpha_only,active,2021,677,0.006003148357083274,1002.1,False,,,,,,,,,
bt_dkgrec_alpha_only,active,2021,678,0.006044737690378628,1003.5,False,,,,,,,,,
bt_dkgrec_alpha_only,active,2021,679,0.006116042308688034,1004.8,False,,,,,,,,,
bt_dkgrec_alpha_only,active,2021,680,0.006076036381589172,1006.2,True,0.01780542124880278,0.0339722360054928,0.0811965811965812,0.10683760683760683,0.024571825670835563,0.02890944360853052,0.04220072622850401,0.0562254360865472,khong cai thien (3/50)
bt_dkgrec_alpha_only,active,2021,681,0.0060847215297247575,1008.0,False,,,,,,,,,
bt_dkgrec_alpha_only,active,2021,682,0.006075434652411195,1009.4,False,,,,,,,,,
bt_dkgrec_alpha_only,active,2021,683,0.006077258040358057,1010.8,False,,,,,,,,,
bt_dkgrec_alpha_only,active,2021,684,0.006058577594868913,1012.2,False,,,,,,,,,
bt_dkgrec_alpha_only,active,2021,685,0.006073058185842677,1013.6,True,0.017770802801786313,0.03381068325274928,0.08547008547008547,0.10256410256410256,0.024446400860882962,0.02815766001338198,0.044013728041505815,0.05640349876460987,khong cai thien (4/50)
bt_dkgrec_alpha_only,active,2021,686,0.006003381616229841,1015.6,False,,,,,,,,,
bt_dkgrec_alpha_only,active,2021,687,0.0060399345374910545,1016.9,False,,,,,,,,,
bt_dkgrec_alpha_only,active,2021,688,0.00610289967558506,1018.3,False,,,,,,,,,
bt_dkgrec_alpha_only,active,2021,689,0.0060602598308575895,1019.7,False,,,,,,,,,
bt_dkgrec_alpha_only,active,2021,690,0.0060243759193499575,1021.1,True,0.017770802801786313,0.0339722360054928,0.08974358974358974,0.10256410256410256,0.025840161185953895,0.02869606098181608,0.043693061054172165,0.05455164691275803,khong cai thien (5/50)
bt_dkgrec_alpha_only,active,2021,691,0.005962566171920695,1022.9,False,,,,,,,,,
bt_dkgrec_alpha_only,active,2021,692,0.006005508843288542,1024.3,False,,,,,,,,,
bt_dkgrec_alpha_only,active,2021,693,0.006084600406985796,1025.7,False,,,,,,,,,
bt_dkgrec_alpha_only,active,2021,694,0.005975623316669662,1027.1,False,,,,,,,,,
bt_dkgrec_alpha_only,active,2021,695,0.006053049446409617,1028.5,True,0.017747723837108667,0.033995314970170436,0.08974358974358974,0.10683760683760683,0.02622912618072085,0.029187881291157142,0.043693061054172165,0.05508583494694606,khong cai thien (6/50)
bt_dkgrec_alpha_only,active,2021,696,0.00602920707428677,1030.4,False,,,,,,,,,
bt_dkgrec_alpha_only,active,2021,697,0.006015453804073945,1031.8,False,,,,,,,,,
bt_dkgrec_alpha_only,active,2021,698,0.006075137652877098,1033.2,False,,,,,,,,,
bt_dkgrec_alpha_only,active,2021,699,0.0059911370936177434,1034.6,False,,,,,,,,,
bt_dkgrec_alpha_only,active,2021,700,0.0060358994964233095,1035.9,True,0.017886197625174533,0.03421456513460806,0.08974358974358974,0.10256410256410256,0.02604810658348605,0.029089202546446216,0.043693061054172165,0.054709924848813735,khong cai thien (7/50)
bt_dkgrec_alpha_only,active,2021,701,0.006076685193223498,1037.8,False,,,,,,,,,
bt_dkgrec_alpha_only,active,2021,702,0.005958164524386221,1039.2,False,,,,,,,,,
bt_dkgrec_alpha_only,active,2021,703,0.006007855499378404,1040.6,False,,,,,,,,,
bt_dkgrec_alpha_only,active,2021,704,0.005967887303009251,1042.0,False,,,,,,,,,
bt_dkgrec_alpha_only,active,2021,705,0.005983990114019292,1043.4,True,0.01790927658985218,0.03424918358162453,0.08974358974358974,0.10683760683760683,0.025317293514495187,0.02913295834712942,0.04408156144267255,0.05898342912231801,khong cai thien (8/50)
bt_dkgrec_alpha_only,active,2021,706,0.005953224625874532,1045.2,False,,,,,,,,,
bt_dkgrec_alpha_only,active,2021,707,0.005984524720845904,1046.6,False,,,,,,,,,
bt_dkgrec_alpha_only,active,2021,708,0.005976184773130148,1048.0,False,,,,,,,,,
bt_dkgrec_alpha_only,active,2021,709,0.005941358072826405,1049.4,False,,,,,,,,,
bt_dkgrec_alpha_only,active,2021,710,0.00594882949313834,1050.8,True,0.017932355554529825,0.034295341510979814,0.09401709401709402,0.10683760683760683,0.025039651928696463,0.02752245050477685,0.04835506571617682,0.0588251511862623,khong cai thien (9/50)
bt_dkgrec_alpha_only,active,2021,711,0.005967626068948898,1052.6,False,,,,,,,,,
bt_dkgrec_alpha_only,active,2021,712,0.00592118773739569,1054.0,False,,,,,,,,,
bt_dkgrec_alpha_only,active,2021,713,0.0059510114125708655,1055.4,False,,,,,,,,,
bt_dkgrec_alpha_only,active,2021,714,0.005999797780664573,1056.9,False,,,,,,,,,
bt_dkgrec_alpha_only,active,2021,715,0.0059205275478596215,1058.3,True,0.01801313193090158,0.0341799466875916,0.09401709401709402,0.10683760683760683,0.026399554062342904,0.029558950715768556,0.04835506571617682,0.06030618044506933,khong cai thien (10/50)
bt_dkgrec_alpha_only,active,2021,716,0.006029106165501443,1060.1,False,,,,,,,,,
bt_dkgrec_alpha_only,active,2021,717,0.00596076410305119,1061.5,False,,,,,,,,,
bt_dkgrec_alpha_only,active,2021,718,0.00596568538985152,1062.8,False,,,,,,,,,
bt_dkgrec_alpha_only,active,2021,719,0.005971511808245705,1064.2,False,,,,,,,,,
bt_dkgrec_alpha_only,active,2021,720,0.005958968273551905,1065.6,True,0.018047750377918045,0.034491512710739795,0.09401709401709402,0.10256410256410256,0.027117306707283254,0.028829309167540763,0.04835506571617682,0.05526389762500873,khong cai thien (11/50)
bt_dkgrec_alpha_only,active,2021,721,0.005906857842206631,1067.4,False,,,,,,,,,
bt_dkgrec_alpha_only,active,2021,722,0.0059624708019493005,1068.8,False,,,,,,,,,
bt_dkgrec_alpha_only,active,2021,723,0.00593246649679664,1070.2,False,,,,,,,,,
bt_dkgrec_alpha_only,active,2021,724,0.005844374123677296,1071.7,False,,,,,,,,,
bt_dkgrec_alpha_only,active,2021,725,0.00593712463067115,1073.1,True,0.01801313193090158,0.034433815299045684,0.08974358974358974,0.10256410256410256,0.027587503627516215,0.028940461454592368,0.047744565105676214,0.05348327084438196,khong cai thien (12/50)
bt_dkgrec_alpha_only,active,2021,726,0.005902588204897716,1074.9,False,,,,,,,,,
bt_dkgrec_alpha_only,active,2021,727,0.005892501152767239,1076.2,False,,,,,,,,,
bt_dkgrec_alpha_only,active,2021,728,0.005990617029600674,1077.6,False,,,,,,,,,
bt_dkgrec_alpha_only,active,2021,729,0.005949910824504505,1079.0,False,,,,,,,,,
bt_dkgrec_alpha_only,active,2021,730,0.005905473848897852,1080.4,True,0.018093908307273334,0.0343876573696904,0.08974358974358974,0.10256410256410256,0.025267084336935874,0.02662984214406818,0.047744565105676214,0.05348327084438196,khong cai thien (13/50)
bt_dkgrec_alpha_only,active,2021,731,0.005899376728515143,1082.2,False,,,,,,,,,
bt_dkgrec_alpha_only,active,2021,732,0.005909130411338328,1083.6,False,,,,,,,,,
bt_dkgrec_alpha_only,active,2021,733,0.005911506352926411,1085.1,False,,,,,,,,,
bt_dkgrec_alpha_only,active,2021,734,0.0059497038160532464,1086.4,False,,,,,,,,,
bt_dkgrec_alpha_only,active,2021,735,0.005974243219877634,1087.8,True,0.018128526754289803,0.03439919685202922,0.08547008547008547,0.1111111111111111,0.026081111330996394,0.029838704700744206,0.04560781296892408,0.05979177715288826,best
bt_dkgrec_alpha_only,active,2021,736,0.005949150223853379,1089.6,False,,,,,,,,,
bt_dkgrec_alpha_only,active,2021,737,0.00592785714551436,1091.0,False,,,,,,,,,
bt_dkgrec_alpha_only,active,2021,738,0.005867286650861729,1092.4,False,,,,,,,,,
bt_dkgrec_alpha_only,active,2021,739,0.005967579208091082,1093.8,False,,,,,,,,,
bt_dkgrec_alpha_only,active,2021,740,0.005920343271423501,1095.2,True,0.01822084261300038,0.03457228908711155,0.08547008547008547,0.1111111111111111,0.02591026360346636,0.029508157083332473,0.04560781296892408,0.059181276542387654,khong cai thien (1/50)
bt_dkgrec_alpha_only,active,2021,741,0.005934511277458224,1097.1,False,,,,,,,,,
bt_dkgrec_alpha_only,active,2021,742,0.005875442112965736,1098.5,False,,,,,,,,,
bt_dkgrec_alpha_only,active,2021,743,0.00592926475269911,1100.0,False,,,,,,,,,
bt_dkgrec_alpha_only,active,2021,744,0.005943015242442973,1101.3,False,,,,,,,,,
bt_dkgrec_alpha_only,active,2021,745,0.005870628844825539,1102.7,True,0.018151605718967446,0.034433815299045684,0.08547008547008547,0.1111111111111111,0.024696789533360613,0.028253442755992283,0.045967329995107775,0.059181276542387654,khong cai thien (2/50)
bt_dkgrec_alpha_only,active,2021,746,0.005904772091793088,1104.5,False,,,,,,,,,
bt_dkgrec_alpha_only,active,2021,747,0.005968295173340935,1105.9,False,,,,,,,,,
bt_dkgrec_alpha_only,active,2021,748,0.005915794954762742,1107.3,False,,,,,,,,,
bt_dkgrec_alpha_only,active,2021,749,0.005893091269691,1108.7,False,,,,,,,,,
bt_dkgrec_alpha_only,active,2021,750,0.005870485259173108,1110.1,True,0.018093908307273334,0.03424918358162453,0.07692307692307693,0.10683760683760683,0.025970389074067485,0.030737774762291944,0.0430859521137299,0.05939834342612121,best
bt_dkgrec_alpha_only,active,2021,751,0.005905361897344197,1112.0,False,,,,,,,,,
bt_dkgrec_alpha_only,active,2021,752,0.005866766523148529,1113.5,False,,,,,,,,,
bt_dkgrec_alpha_only,active,2021,753,0.005892210080964043,1114.8,False,,,,,,,,,
bt_dkgrec_alpha_only,active,2021,754,0.005897926526908721,1116.2,False,,,,,,,,,
bt_dkgrec_alpha_only,active,2021,755,0.005811130811988551,1117.6,True,0.018140066236628626,0.03430688099331864,0.0811965811965812,0.10683760683760683,0.02784668867743302,0.03208957597091479,0.044898953926731704,0.060008844036621815,best
bt_dkgrec_alpha_only,active,2021,756,0.005860532080750114,1119.4,False,,,,,,,,,
bt_dkgrec_alpha_only,active,2021,757,0.005836254777959654,1120.8,False,,,,,,,,,
bt_dkgrec_alpha_only,active,2021,758,0.005928844354018121,1122.2,False,,,,,,,,,
bt_dkgrec_alpha_only,active,2021,759,0.005936965232498037,1123.6,False,,,,,,,,,
bt_dkgrec_alpha_only,active,2021,760,0.005867446541960317,1125.0,True,0.018128526754289803,0.0343876573696904,0.08547008547008547,0.1111111111111111,0.028940969170378215,0.0333008107386611,0.04664720567498345,0.06367184769962547,best
bt_dkgrec_alpha_only,active,2021,761,0.005843580253232468,1126.9,False,,,,,,,,,
bt_dkgrec_alpha_only,active,2021,762,0.005846144407129486,1128.4,False,,,,,,,,,
bt_dkgrec_alpha_only,active,2021,763,0.005824176674237444,1129.8,False,,,,,,,,,
bt_dkgrec_alpha_only,active,2021,764,0.005825834875056386,1131.1,False,,,,,,,,,
bt_dkgrec_alpha_only,active,2021,765,0.005891481449020974,1132.5,True,0.01807082934259569,0.03450305219307862,0.08547008547008547,0.11538461538461539,0.02797389914674182,0.033349500263910474,0.04664720567498345,0.06794535197312974,best
bt_dkgrec_alpha_only,active,2021,766,0.005804429786874442,1134.3,False,,,,,,,,,
bt_dkgrec_alpha_only,active,2021,767,0.005879230099014961,1135.7,False,,,,,,,,,
bt_dkgrec_alpha_only,active,2021,768,0.005861064448924868,1137.1,False,,,,,,,,,
bt_dkgrec_alpha_only,active,2021,769,0.005818950421298248,1138.5,False,,,,,,,,,
bt_dkgrec_alpha_only,active,2021,770,0.005895030906082632,1139.9,True,0.018036210895579226,0.03446843374606215,0.08974358974358974,0.11538461538461539,0.029035633584040474,0.0339857915655593,0.04771558174335952,0.06794535197312974,best
bt_dkgrec_alpha_only,active,2021,771,0.0058215693063826245,1141.9,False,,,,,,,,,
bt_dkgrec_alpha_only,active,2021,772,0.005832233617894334,1143.3,False,,,,,,,,,
bt_dkgrec_alpha_only,active,2021,773,0.005864000512030544,1144.7,False,,,,,,,,,
bt_dkgrec_alpha_only,active,2021,774,0.005809949414452176,1146.0,False,,,,,,,,,
bt_dkgrec_alpha_only,active,2021,775,0.005819977233319329,1147.4,True,0.01805928986025687,0.03436457840501275,0.09401709401709402,0.11538461538461539,0.02876726439945385,0.03253176338684914,0.04816031245124812,0.06415542844636411,khong cai thien (1/50)
bt_dkgrec_alpha_only,active,2021,776,0.005856757809479126,1149.2,False,,,,,,,,,
bt_dkgrec_alpha_only,active,2021,777,0.005776997936345496,1150.6,False,,,,,,,,,
bt_dkgrec_alpha_only,active,2021,778,0.0058630467846018455,1152.0,False,,,,,,,,,
bt_dkgrec_alpha_only,active,2021,779,0.005700574040867374,1153.4,False,,,,,,,,,
bt_dkgrec_alpha_only,active,2021,780,0.005845063545157917,1154.9,True,0.018001592448562757,0.034283802028640994,0.09401709401709402,0.11538461538461539,0.02850489456162097,0.03275574797831925,0.04816031245124812,0.06700443129536697,khong cai thien (2/50)
bt_dkgrec_alpha_only,active,2021,781,0.005744375718626164,1156.8,False,,,,,,,,,
bt_dkgrec_alpha_only,active,2021,782,0.0058458080878095245,1158.2,False,,,,,,,,,
bt_dkgrec_alpha_only,active,2021,783,0.005821970986392041,1159.5,False,,,,,,,,,
bt_dkgrec_alpha_only,active,2021,784,0.005736612024045424,1160.9,False,,,,,,,,,
bt_dkgrec_alpha_only,active,2021,785,0.005793547463342887,1162.3,True,0.018140066236628626,0.034272262546302175,0.09401709401709402,0.10683760683760683,0.028585514313633504,0.031167556671389342,0.047771812062747734,0.05845742274835842,khong cai thien (3/50)
bt_dkgrec_alpha_only,active,2021,786,0.005827365707081133,1164.1,False,,,,,,,,,
bt_dkgrec_alpha_only,active,2021,787,0.0058571897420700205,1165.5,False,,,,,,,,,
bt_dkgrec_alpha_only,active,2021,788,0.0058406513330404594,1166.9,False,,,,,,,,,
bt_dkgrec_alpha_only,active,2021,789,0.00580969169238698,1168.3,False,,,,,,,,,
bt_dkgrec_alpha_only,active,2021,790,0.005792986314549331,1169.8,True,0.01830161898937214,0.03432995995799629,0.09401709401709402,0.11538461538461539,0.030054053731276835,0.03371304137493248,0.047771812062747734,0.06112836291929859,khong cai thien (4/50)
bt_dkgrec_alpha_only,active,2021,791,0.005731666698231706,1171.6,False,,,,,,,,,
bt_dkgrec_alpha_only,active,2021,792,0.005743503658813528,1173.0,False,,,,,,,,,
bt_dkgrec_alpha_only,active,2021,793,0.005885841201009001,1174.3,False,,,,,,,,,
bt_dkgrec_alpha_only,active,2021,794,0.005794290332442348,1175.7,False,,,,,,,,,
bt_dkgrec_alpha_only,active,2021,795,0.005774487725172089,1177.1,True,0.01837085588340507,0.034353038922673926,0.09401709401709402,0.11965811965811966,0.02992544232294129,0.03501409894117119,0.047771812062747734,0.06842893271986838,best
bt_dkgrec_alpha_only,active,2021,796,0.005807212682625556,1178.9,False,,,,,,,,,
bt_dkgrec_alpha_only,active,2021,797,0.00576146174185376,1180.4,False,,,,,,,,,
bt_dkgrec_alpha_only,active,2021,798,0.005843317387863366,1181.8,False,,,,,,,,,
bt_dkgrec_alpha_only,active,2021,799,0.0058126081496361484,1183.2,False,,,,,,,,,
bt_dkgrec_alpha_only,active,2021,800,0.005761075118544738,1184.6,True,0.01841701381276036,0.034422275816706864,0.08974358974358974,0.1111111111111111,0.027443085787808946,0.03202279375658346,0.04388680817774385,0.06120467549561117,khong cai thien (1/50)
bt_dkgrec_alpha_only,active,2021,801,0.005772025040001523,1186.4,False,,,,,,,,,
bt_dkgrec_alpha_only,active,2021,802,0.005824708208964839,1187.8,False,,,,,,,,,
bt_dkgrec_alpha_only,active,2021,803,0.005884519301753816,1189.2,False,,,,,,,,,
bt_dkgrec_alpha_only,active,2021,804,0.005719381775086872,1190.6,False,,,,,,,,,
bt_dkgrec_alpha_only,active,2021,805,0.0057116342496129615,1191.9,True,0.01841701381276036,0.0341799466875916,0.09401709401709402,0.1111111111111111,0.028554067132701574,0.032888699809286936,0.04492280921374489,0.06120467549561117,khong cai thien (2/50)
bt_dkgrec_alpha_only,active,2021,806,0.005747517253420851,1193.8,False,,,,,,,,,
bt_dkgrec_alpha_only,active,2021,807,0.005817231261737742,1195.2,False,,,,,,,,,
bt_dkgrec_alpha_only,active,2021,808,0.005796934177168505,1196.6,False,,,,,,,,,
bt_dkgrec_alpha_only,active,2021,809,0.005713407605421837,1198.1,False,,,,,,,,,
bt_dkgrec_alpha_only,active,2021,810,0.005824439288316254,1199.5,True,0.01842855329509918,0.034341499440335106,0.08547008547008547,0.1111111111111111,0.026894368139071135,0.03241743637222472,0.04344207746985525,0.06405367834461402,khong cai thien (3/50)
bt_dkgrec_alpha_only,active,2021,811,0.005727819174121173,1201.3,False,,,,,,,,,
bt_dkgrec_alpha_only,active,2021,812,0.005759925296633961,1202.7,False,,,,,,,,,
bt_dkgrec_alpha_only,active,2021,813,0.00573740679305902,1204.1,False,,,,,,,,,
bt_dkgrec_alpha_only,active,2021,814,0.005699984186378657,1205.4,False,,,,,,,,,
bt_dkgrec_alpha_only,active,2021,815,0.00569499736351532,1206.8,True,0.018186224165983915,0.034353038922673926,0.0811965811965812,0.1111111111111111,0.025926478704730554,0.031951164572764486,0.04130532533310311,0.06344317773411341,khong cai thien (4/50)
bt_dkgrec_alpha_only,active,2021,816,0.005783805003801778,1208.6,False,,,,,,,,,
bt_dkgrec_alpha_only,active,2021,817,0.005739309807936593,1210.0,False,,,,,,,,,
bt_dkgrec_alpha_only,active,2021,818,0.005646897975410338,1211.5,False,,,,,,,,,
bt_dkgrec_alpha_only,active,2021,819,0.005782952531335427,1212.9,False,,,,,,,,,
bt_dkgrec_alpha_only,active,2021,820,0.005749844037062865,1214.2,True,0.01822084261300038,0.034433815299045684,0.08547008547008547,0.10683760683760683,0.026709204956705507,0.030562107403220004,0.045967329995107775,0.05959702388795956,khong cai thien (5/50)
bt_dkgrec_alpha_only,active,2021,821,0.005789664780356896,1216.0,False,,,,,,,,,
bt_dkgrec_alpha_only,active,2021,822,0.005721606020814107,1217.4,False,,,,,,,,,
bt_dkgrec_alpha_only,active,2021,823,0.0057102149418527415,1218.8,False,,,,,,,,,
bt_dkgrec_alpha_only,active,2021,824,0.005761523910766629,1220.2,False,,,,,,,,,
bt_dkgrec_alpha_only,active,2021,825,0.005725831240292723,1221.6,True,0.01832469795404978,0.03451459167541744,0.08547008547008547,0.10683760683760683,0.02602449653029318,0.03046877814623015,0.045578829606607384,0.06096529499307277,khong cai thien (6/50)
bt_dkgrec_alpha_only,active,2021,826,0.005627789622995623,1223.5,False,,,,,,,,,
bt_dkgrec_alpha_only,active,2021,827,0.0056466475310625154,1224.9,False,,,,,,,,,
bt_dkgrec_alpha_only,active,2021,828,0.005687949157948501,1226.3,False,,,,,,,,,
bt_dkgrec_alpha_only,active,2021,829,0.005759854369985924,1227.7,False,,,,,,,,,
bt_dkgrec_alpha_only,active,2021,830,0.005641280218256477,1229.1,True,0.018347776918727427,0.03456074960477273,0.08974358974358974,0.11538461538461539,0.026428219038066792,0.032104993034276566,0.04771558174335952,0.06951230354008131,khong cai thien (7/50)
bt_dkgrec_alpha_only,active,2021,831,0.005755502518710538,1230.9,False,,,,,,,,,
bt_dkgrec_alpha_only,active,2021,832,0.005647095410665156,1232.2,False,,,,,,,,,
bt_dkgrec_alpha_only,active,2021,833,0.0056165652486877705,1233.6,False,,,,,,,,,
bt_dkgrec_alpha_only,active,2021,834,0.005661837933717644,1235.0,False,,,,,,,,,
bt_dkgrec_alpha_only,active,2021,835,0.005667225898019249,1236.4,True,0.01832469795404978,0.034791539251549174,0.08974358974358974,0.11965811965811966,0.02631182925469302,0.03219066336384298,0.04771558174335952,0.06956853385946953,khong cai thien (8/50)
bt_dkgrec_alpha_only,active,2021,836,0.0056973895467522795,1238.3,False,,,,,,,,,
bt_dkgrec_alpha_only,active,2021,837,0.005723278273438942,1239.8,False,,,,,,,,,
bt_dkgrec_alpha_only,active,2021,838,0.0057011459266197865,1241.2,False,,,,,,,,,
bt_dkgrec_alpha_only,active,2021,839,0.005767644366930596,1242.6,False,,,,,,,,,
bt_dkgrec_alpha_only,active,2021,840,0.005725581155216087,1243.9,True,0.018440092777438005,0.03473384183985506,0.08974358974358974,0.11538461538461539,0.027590098673109364,0.03248507825321671,0.04810408213185991,0.06771668200761768,khong cai thien (9/50)
bt_dkgrec_alpha_only,active,2021,841,0.005659101113716896,1245.7,False,,,,,,,,,
bt_dkgrec_alpha_only,active,2021,842,0.0057071990721577716,1247.1,False,,,,,,,,,
bt_dkgrec_alpha_only,active,2021,843,0.005678356130209654,1248.5,False,,,,,,,,,
bt_dkgrec_alpha_only,active,2021,844,0.005662953451239265,1249.9,False,,,,,,,,,
bt_dkgrec_alpha_only,active,2021,845,0.005713513497539715,1251.3,True,0.018290079507033315,0.03482615769856564,0.08974358974358974,0.11965811965811966,0.02718582289298788,0.03227430363274057,0.04810408213185991,0.06778451540878441,khong cai thien (10/50)
bt_dkgrec_alpha_only,active,2021,846,0.00565041582823969,1253.3,False,,,,,,,,,
bt_dkgrec_alpha_only,active,2021,847,0.005610699821016013,1254.7,False,,,,,,,,,
bt_dkgrec_alpha_only,active,2021,848,0.0056029850529345955,1256.1,False,,,,,,,,,
bt_dkgrec_alpha_only,active,2021,849,0.0056872456788689225,1257.5,False,,,,,,,,,
bt_dkgrec_alpha_only,active,2021,850,0.005723477137888903,1258.9,True,0.01816314520130627,0.034779999769210354,0.08974358974358974,0.11965811965811966,0.027691221229246797,0.0322035038815598,0.04810408213185991,0.06493551255978157,khong cai thien (11/50)
bt_dkgrec_alpha_only,active,2021,851,0.0056338043324108645,1260.7,False,,,,,,,,,
bt_dkgrec_alpha_only,active,2021,852,0.005686706758185791,1262.0,False,,,,,,,,,
bt_dkgrec_alpha_only,active,2021,853,0.005625757773945044,1263.4,False,,,,,,,,,
bt_dkgrec_alpha_only,active,2021,854,0.005730967319235348,1264.8,False,,,,,,,,,
bt_dkgrec_alpha_only,active,2021,855,0.005644194612254927,1266.2,True,0.018255461060016846,0.034849236663243285,0.08974358974358974,0.11965811965811966,0.026626891806173374,0.03146620996733619,0.0467358110267467,0.06493551255978157,khong cai thien (12/50)
bt_dkgrec_alpha_only,active,2021,856,0.005672961381015002,1268.2,False,,,,,,,,,
bt_dkgrec_alpha_only,active,2021,857,0.005621679970199268,1269.6,False,,,,,,,,,
bt_dkgrec_alpha_only,active,2021,858,0.005703708316776746,1270.9,False,,,,,,,,,
bt_dkgrec_alpha_only,active,2021,859,0.005618190673162619,1272.3,False,,,,,,,,,
bt_dkgrec_alpha_only,active,2021,860,0.005647292796890413,1273.7,True,0.018197763648322735,0.03460690753412802,0.08547008547008547,0.1111111111111111,0.025507002473981622,0.030463666132689016,0.042462306753242425,0.060594174885110555,khong cai thien (13/50)
bt_dkgrec_alpha_only,active,2021,861,0.005610708909029456,1275.5,False,,,,,,,,,
bt_dkgrec_alpha_only,active,2021,862,0.005703119627944687,1276.9,False,,,,,,,,,
bt_dkgrec_alpha_only,active,2021,863,0.0056315762168701496,1278.3,False,,,,,,,,,
bt_dkgrec_alpha_only,active,2021,864,0.005613536675646953,1279.7,False,,,,,,,,,
bt_dkgrec_alpha_only,active,2021,865,0.005690530198216567,1281.1,True,0.01807082934259569,0.03452613115775626,0.08974358974358974,0.1111111111111111,0.02845372148522676,0.03236239721070809,0.04679204134613492,0.061077755631849195,khong cai thien (14/50)
bt_dkgrec_alpha_only,active,2021,866,0.00562799927339722,1283.1,False,,,,,,,,,
bt_dkgrec_alpha_only,active,2021,867,0.005618325692618845,1284.5,False,,,,,,,,,
bt_dkgrec_alpha_only,active,2021,868,0.005688416361092276,1285.9,False,,,,,,,,,
bt_dkgrec_alpha_only,active,2021,869,0.005596563103427179,1287.2,False,,,,,,,,,
bt_dkgrec_alpha_only,active,2021,870,0.0056505834805559004,1288.6,True,0.018036210895579226,0.03445689426372333,0.0811965811965812,0.1111111111111111,0.02650331016612695,0.0320599266147376,0.041450161004254575,0.060776418792050826,khong cai thien (15/50)
bt_dkgrec_alpha_only,active,2021,871,0.0056031934234642,1290.4,False,,,,,,,,,
bt_dkgrec_alpha_only,active,2021,872,0.005665430401933851,1291.8,False,,,,,,,,,
bt_dkgrec_alpha_only,active,2021,873,0.005623254609658353,1293.2,False,,,,,,,,,
bt_dkgrec_alpha_only,active,2021,874,0.005656857708732498,1294.6,False,,,,,,,,,
bt_dkgrec_alpha_only,active,2021,875,0.005647880254962798,1296.1,True,0.018024671413240403,0.03472230235751624,0.08974358974358974,0.1111111111111111,0.02684660635535211,0.030803507019490372,0.04627793556887124,0.06029283804531218,khong cai thien (16/50)
bt_dkgrec_alpha_only,active,2021,876,0.0055774612823715555,1298.0,False,,,,,,,,,
bt_dkgrec_alpha_only,active,2021,877,0.005596763902356297,1299.4,False,,,,,,,,,
bt_dkgrec_alpha_only,active,2021,878,0.005595741546204589,1300.8,False,,,,,,,,,
bt_dkgrec_alpha_only,active,2021,879,0.005601309754196579,1302.2,False,,,,,,,,,
bt_dkgrec_alpha_only,active,2021,880,0.0056192030734537515,1303.5,True,0.018232382095339204,0.03465306546348331,0.08974358974358974,0.10683760683760683,0.026463723287045535,0.029967627618366792,0.047646206673984455,0.060236607725923964,khong cai thien (17/50)
bt_dkgrec_alpha_only,active,2021,881,0.005597464404784303,1305.3,False,,,,,,,,,
bt_dkgrec_alpha_only,active,2021,882,0.005630135758252149,1306.7,False,,,,,,,,,
bt_dkgrec_alpha_only,active,2021,883,0.005605607223771948,1308.1,False,,,,,,,,,
bt_dkgrec_alpha_only,active,2021,884,0.005586151034706568,1309.6,False,,,,,,,,,
bt_dkgrec_alpha_only,active,2021,885,0.005638376717077922,1311.0,True,0.018024671413240403,0.03474538132219389,0.08974358974358974,0.10683760683760683,0.026819329481301085,0.02992372572453753,0.047646206673984455,0.0591682316575479,khong cai thien (18/50)
bt_dkgrec_alpha_only,active,2021,886,0.005659723123192895,1312.8,False,,,,,,,,,
bt_dkgrec_alpha_only,active,2021,887,0.005587946803047637,1314.2,False,,,,,,,,,
bt_dkgrec_alpha_only,active,2021,888,0.005659337647159043,1315.6,False,,,,,,,,,
bt_dkgrec_alpha_only,active,2021,889,0.005603824221976309,1316.9,False,,,,,,,,,
bt_dkgrec_alpha_only,active,2021,890,0.005594378511883595,1318.3,True,0.018105447789612157,0.03473384183985506,0.08974358974358974,0.10256410256410256,0.02631594979916985,0.029285050120099118,0.047646206673984455,0.05911344314122092,khong cai thien (19/50)
bt_dkgrec_alpha_only,active,2021,891,0.005582294107118011,1320.1,False,,,,,,,,,
bt_dkgrec_alpha_only,active,2021,892,0.005593423007308033,1321.5,False,,,,,,,,,
bt_dkgrec_alpha_only,active,2021,893,0.005593019321656712,1322.9,False,,,,,,,,,
bt_dkgrec_alpha_only,active,2021,894,0.005580211460996576,1324.3,False,,,,,,,,,
bt_dkgrec_alpha_only,active,2021,895,0.005517598404463086,1325.8,True,0.018105447789612157,0.034791539251549174,0.08974358974358974,0.10256410256410256,0.02728164753885314,0.03019435396718966,0.047646206673984455,0.05911344314122092,khong cai thien (20/50)
bt_dkgrec_alpha_only,active,2021,896,0.005618024937183157,1327.6,False,,,,,,,,,
bt_dkgrec_alpha_only,active,2021,897,0.005610725585084656,1328.9,False,,,,,,,,,
bt_dkgrec_alpha_only,active,2021,898,0.005592518871551268,1330.3,False,,,,,,,,,
bt_dkgrec_alpha_only,active,2021,899,0.005557262686815148,1331.7,False,,,,,,,,,
bt_dkgrec_alpha_only,active,2021,900,0.005519381105506691,1333.1,True,0.018243921577678027,0.034918473557276224,0.08547008547008547,0.10683760683760683,0.026299584383610047,0.031131668721699292,0.043372702400480176,0.06096529499307277,khong cai thien (21/50)
bt_dkgrec_alpha_only,active,2021,901,0.005644893571824175,1334.9,False,,,,,,,,,
bt_dkgrec_alpha_only,active,2021,902,0.005562159350422047,1336.3,False,,,,,,,,,
bt_dkgrec_alpha_only,active,2021,903,0.005580898056049917,1337.7,False,,,,,,,,,
bt_dkgrec_alpha_only,active,2021,904,0.005634710338518475,1339.2,False,,,,,,,,,
bt_dkgrec_alpha_only,active,2021,905,0.005568840074318732,1340.5,True,0.018278540024694492,0.034976170968970335,0.08974358974358974,0.1111111111111111,0.028425676209675795,0.03249396712432412,0.047646206673984455,0.06135379538157316,khong cai thien (22/50)
bt_dkgrec_alpha_only,active,2021,906,0.005600129400938352,1342.3,False,,,,,,,,,
bt_dkgrec_alpha_only,active,2021,907,0.0056196620168728565,1343.7,False,,,,,,,,,
bt_dkgrec_alpha_only,active,2021,908,0.005629298773637364,1345.1,False,,,,,,,,,
bt_dkgrec_alpha_only,active,2021,909,0.005521435460541719,1346.5,False,,,,,,,,,
bt_dkgrec_alpha_only,active,2021,910,0.005570577473252831,1347.9,True,0.018359316401066247,0.03516080268639149,0.08974358974358974,0.1111111111111111,0.028617254721925757,0.03285523045647133,0.047646206673984455,0.06174229577007354,khong cai thien (23/50)
bt_dkgrec_alpha_only,active,2021,911,0.005566711192953733,1349.7,False,,,,,,,,,
bt_dkgrec_alpha_only,active,2021,912,0.005581001158908087,1351.1,False,,,,,,,,,
bt_dkgrec_alpha_only,active,2021,913,0.005589823637123693,1352.5,False,,,,,,,,,
bt_dkgrec_alpha_only,active,2021,914,0.005590471442199161,1353.9,False,,,,,,,,,
bt_dkgrec_alpha_only,active,2021,915,0.005561339229686505,1355.3,True,0.018382395365743893,0.03502232889832562,0.08547008547008547,0.1111111111111111,0.027432111781181448,0.03281318872592627,0.043372702400480176,0.06174229577007354,khong cai thien (24/50)
bt_dkgrec_alpha_only,active,2021,916,0.005588642114558258,1357.1,False,,,,,,,,,
bt_dkgrec_alpha_only,active,2021,917,0.005519617819012015,1358.5,False,,,,,,,,,
bt_dkgrec_alpha_only,active,2021,918,0.005552787018611726,1359.9,False,,,,,,,,,
bt_dkgrec_alpha_only,active,2021,919,0.00554640152078041,1361.3,False,,,,,,,,,
bt_dkgrec_alpha_only,active,2021,920,0.005518731538898049,1362.6,True,0.01842855329509918,0.034976170968970335,0.0811965811965812,0.11538461538461539,0.02654134707569602,0.03266772811238534,0.04194820097597876,0.06306319709097487,khong cai thien (25/50)
bt_dkgrec_alpha_only,active,2021,921,0.005541228114259433,1364.6,False,,,,,,,,,
bt_dkgrec_alpha_only,active,2021,922,0.005438364733834654,1366.0,False,,,,,,,,,
bt_dkgrec_alpha_only,active,2021,923,0.005537481230972781,1367.4,False,,,,,,,,,
bt_dkgrec_alpha_only,active,2021,924,0.005570187769072236,1368.8,False,,,,,,,,,
bt_dkgrec_alpha_only,active,2021,925,0.005536554961780828,1370.2,True,0.01842855329509918,0.034987710451309155,0.0811965811965812,0.11538461538461539,0.02712325906401301,0.03330400131951344,0.04194820097597876,0.06306319709097487,khong cai thien (26/50)
bt_dkgrec_alpha_only,active,2021,926,0.005525494488669173,1372.0,False,,,,,,,,,
bt_dkgrec_alpha_only,active,2021,927,0.005552674913247594,1373.3,False,,,,,,,,,
bt_dkgrec_alpha_only,active,2021,928,0.005584205656716136,1374.7,False,,,,,,,,,
bt_dkgrec_alpha_only,active,2021,929,0.005535287148926464,1376.1,False,,,,,,,,,
bt_dkgrec_alpha_only,active,2021,930,0.005488199054315339,1377.5,True,0.018486250706793293,0.03493001303961504,0.0811965811965812,0.11965811965811966,0.026540976662403692,0.03437989784268179,0.04194820097597876,0.06901557804335583,khong cai thien (27/50)
bt_dkgrec_alpha_only,active,2021,931,0.005508224657342588,1379.4,False,,,,,,,,,
bt_dkgrec_alpha_only,active,2021,932,0.005593347587016159,1380.8,False,,,,,,,,,
bt_dkgrec_alpha_only,active,2021,933,0.005501189847411291,1382.2,False,,,,,,,,,
bt_dkgrec_alpha_only,active,2021,934,0.005486748859173243,1383.6,False,,,,,,,,,
bt_dkgrec_alpha_only,active,2021,935,0.0055178850378864485,1385.0,True,0.018497790189132116,0.03494155252195386,0.08974358974358974,0.11965811965811966,0.02798184110918109,0.033702007219020155,0.04627793556887124,0.06666568621977978,khong cai thien (28/50)
bt_dkgrec_alpha_only,active,2021,936,0.005514233103856733,1386.8,False,,,,,,,,,
bt_dkgrec_alpha_only,active,2021,937,0.005441285977001587,1388.2,False,,,,,,,,,
bt_dkgrec_alpha_only,active,2021,938,0.00554918220677143,1389.6,False,,,,,,,,,
bt_dkgrec_alpha_only,active,2021,939,0.005524759359674831,1391.0,False,,,,,,,,,
bt_dkgrec_alpha_only,active,2021,940,0.005437438097537083,1392.4,True,0.01852086915380976,0.03525311854510207,0.07692307692307693,0.11538461538461539,0.0259217972078983,0.0328124141121822,0.04133770036547815,0.0662988503266281,khong cai thien (29/50)
bt_dkgrec_alpha_only,active,2021,941,0.005540628287597606,1394.3,False,,,,,,,,,
bt_dkgrec_alpha_only,active,2021,942,0.005556434392083105,1395.7,False,,,,,,,,,
bt_dkgrec_alpha_only,active,2021,943,0.005446513975060274,1397.1,False,,,,,,,,,
bt_dkgrec_alpha_only,active,2021,944,0.0055401343131182895,1398.5,False,,,,,,,,,
bt_dkgrec_alpha_only,active,2021,945,0.005579044495134845,1399.9,True,0.01840547433042154,0.03506848682768091,0.0811965811965812,0.11538461538461539,0.02668236701250968,0.033031377328597705,0.04276220178997957,0.0662988503266281,khong cai thien (30/50)
bt_dkgrec_alpha_only,active,2021,946,0.005498722881744904,1401.6,False,,,,,,,,,
bt_dkgrec_alpha_only,active,2021,947,0.005519596846286389,1403.0,False,,,,,,,,,
bt_dkgrec_alpha_only,active,2021,948,0.005464371748722707,1404.4,False,,,,,,,,,
bt_dkgrec_alpha_only,active,2021,949,0.005452483102818434,1405.8,False,,,,,,,,,
bt_dkgrec_alpha_only,active,2021,950,0.0054972374953045754,1407.2,True,0.018440092777438005,0.03524157906276324,0.0811965811965812,0.11965811965811966,0.028402902432156457,0.034251889568412866,0.045611204638982425,0.06636668372779485,khong cai thien (31/50)
bt_dkgrec_alpha_only,active,2021,951,0.005515964372247479,1409.1,False,,,,,,,,,
bt_dkgrec_alpha_only,active,2021,952,0.005437646619090975,1410.5,False,,,,,,,,,
bt_dkgrec_alpha_only,active,2021,953,0.005549555280193077,1411.9,False,,,,,,,,,
bt_dkgrec_alpha_only,active,2021,954,0.005507606515326061,1413.3,False,,,,,,,,,
bt_dkgrec_alpha_only,active,2021,955,0.00546661089167553,1414.7,True,0.018486250706793293,0.035149263204052664,0.0811965811965812,0.11965811965811966,0.028502231957989583,0.03368094543711249,0.045611204638982425,0.06262736748847861,khong cai thien (32/50)
bt_dkgrec_alpha_only,active,2021,956,0.0054216248599217596,1416.5,False,,,,,,,,,
bt_dkgrec_alpha_only,active,2021,957,0.0054858707745820716,1417.9,False,,,,,,,,,
bt_dkgrec_alpha_only,active,2021,958,0.005467223544082395,1419.2,False,,,,,,,,,
bt_dkgrec_alpha_only,active,2021,959,0.005427232246082159,1420.7,False,,,,,,,,,
bt_dkgrec_alpha_only,active,2021,960,0.005479327008731086,1422.1,True,0.01832469795404978,0.035137723721713844,0.08547008547008547,0.11538461538461539,0.029124028307750863,0.03374446032841801,0.04703570606348385,0.06281390934168712,khong cai thien (33/50)
bt_dkgrec_alpha_only,active,2021,961,0.005433611007516659,1424.0,False,,,,,,,,,
bt_dkgrec_alpha_only,active,2021,962,0.005465658442196998,1425.4,False,,,,,,,,,
bt_dkgrec_alpha_only,active,2021,963,0.005461196496164868,1426.7,False,,,,,,,,,
bt_dkgrec_alpha_only,active,2021,964,0.00548232043161363,1428.1,False,,,,,,,,,
bt_dkgrec_alpha_only,active,2021,965,0.005455155974497395,1429.5,True,0.018243921577678027,0.03528773699211853,0.08547008547008547,0.11538461538461539,0.02841040908299184,0.03261880460312611,0.04774795677573456,0.06281390934168712,khong cai thien (34/50)
bt_dkgrec_alpha_only,active,2021,966,0.0054865413881503315,1431.3,False,,,,,,,,,
bt_dkgrec_alpha_only,active,2021,967,0.005520153937865406,1432.7,False,,,,,,,,,
bt_dkgrec_alpha_only,active,2021,968,0.005486319818508044,1434.1,False,,,,,,,,,
bt_dkgrec_alpha_only,active,2021,969,0.005513736887194548,1435.6,False,,,,,,,,,
bt_dkgrec_alpha_only,active,2021,970,0.005404921011425718,1437.0,True,0.018393934848082716,0.03524157906276324,0.08974358974358974,0.11965811965811966,0.030428350360022262,0.03463387672954795,0.04780418709512277,0.06302841759713104,khong cai thien (35/50)
bt_dkgrec_alpha_only,active,2021,971,0.0053660421973395845,1438.8,False,,,,,,,,,
bt_dkgrec_alpha_only,active,2021,972,0.0055465303255743,1440.2,False,,,,,,,,,
bt_dkgrec_alpha_only,active,2021,973,0.005514048195820192,1441.6,False,,,,,,,,,
bt_dkgrec_alpha_only,active,2021,974,0.0054883304785033945,1443.0,False,,,,,,,,,
bt_dkgrec_alpha_only,active,2021,975,0.005414273388434712,1444.3,True,0.01830161898937214,0.03526465802744089,0.08547008547008547,0.11538461538461539,0.028354583904100044,0.03223464210358947,0.04774795677573456,0.060815404273006614,khong cai thien (36/50)
bt_dkgrec_alpha_only,active,2021,976,0.005423451351425102,1446.2,False,,,,,,,,,
bt_dkgrec_alpha_only,active,2021,977,0.005474622139680688,1447.6,False,,,,,,,,,
bt_dkgrec_alpha_only,active,2021,978,0.005366586346935251,1449.0,False,,,,,,,,,
bt_dkgrec_alpha_only,active,2021,979,0.0054207039237428025,1450.4,False,,,,,,,,,
bt_dkgrec_alpha_only,active,2021,980,0.005400156578107288,1451.8,True,0.018243921577678027,0.03506848682768091,0.08547008547008547,0.11538461538461539,0.027660601396031312,0.030501300801800826,0.04774795677573456,0.05705681718108619,khong cai thien (37/50)
bt_dkgrec_alpha_only,active,2021,981,0.005403474902169235,1453.6,False,,,,,,,,,
bt_dkgrec_alpha_only,active,2021,982,0.005389634185013062,1455.0,False,,,,,,,,,
bt_dkgrec_alpha_only,active,2021,983,0.005445888121094764,1456.4,False,,,,,,,,,
bt_dkgrec_alpha_only,active,2021,984,0.005408757289256626,1457.8,False,,,,,,,,,
bt_dkgrec_alpha_only,active,2021,985,0.005368297346108362,1459.2,True,0.018359316401066247,0.03517234216873031,0.08974358974358974,0.11538461538461539,0.028679701509606886,0.031188824941835485,0.047815790176901296,0.05705681718108619,khong cai thien (38/50)
bt_dkgrec_alpha_only,active,2021,986,0.005463753864571141,1461.0,False,,,,,,,,,
bt_dkgrec_alpha_only,active,2021,987,0.00547552866033202,1462.4,False,,,,,,,,,
bt_dkgrec_alpha_only,active,2021,988,0.0054504757251278065,1463.8,False,,,,,,,,,
bt_dkgrec_alpha_only,active,2021,989,0.005433094084315592,1465.2,False,,,,,,,,,
bt_dkgrec_alpha_only,active,2021,990,0.005427827522723511,1466.6,True,0.018243921577678027,0.03509156579235855,0.08974358974358974,0.11965811965811966,0.030951767205191275,0.034444642548783606,0.047815790176901296,0.061330321454590456,khong cai thien (39/50)
bt_dkgrec_alpha_only,active,2021,991,0.005399000770571741,1468.4,False,,,,,,,,,
bt_dkgrec_alpha_only,active,2021,992,0.0054074379051756065,1469.8,False,,,,,,,,,
bt_dkgrec_alpha_only,active,2021,993,0.005487068371220481,1471.2,False,,,,,,,,,
bt_dkgrec_alpha_only,active,2021,994,0.005323486676045089,1472.6,False,,,,,,,,,
bt_dkgrec_alpha_only,active,2021,995,0.005415438917763419,1474.0,True,0.01826700054235567,0.0352185000980856,0.08974358974358974,0.1111111111111111,0.03017654993823889,0.03282329429596788,0.047815790176901296,0.05908996921423823,khong cai thien (40/50)
bt_dkgrec_alpha_only,active,2021,996,0.005405918324874126,1475.8,False,,,,,,,,,
bt_dkgrec_alpha_only,active,2021,997,0.005385364194961653,1477.2,False,,,,,,,,,
bt_dkgrec_alpha_only,active,2021,998,0.005359421830137871,1478.6,False,,,,,,,,,
bt_dkgrec_alpha_only,active,2021,999,0.005410425907192862,1480.0,False,,,,,,,,,
bt_dkgrec_alpha_only,active,2021,1000,0.005398743419897192,1481.4,True,0.018393934848082716,0.035195421133407956,0.08974358974358974,0.11538461538461539,0.03060922474578371,0.03390894468052669,0.047815790176901296,0.06127409113520225,khong cai thien (41/50)
