model,cohort,seed,epoch,loss,seconds,evaluated,valid_coverage@10,valid_coverage@20,valid_hit_rate@10,valid_hit_rate@20,valid_ndcg@10,valid_ndcg@20,valid_recall@10,valid_recall@20,note
bt_dkgrec_time_only,active,2022,1,0.6904766891574726,1.8,False,,,,,,,,,
bt_dkgrec_time_only,active,2022,2,0.686385311852939,3.2,False,,,,,,,,,
bt_dkgrec_time_only,active,2022,3,0.6789169632715979,4.6,False,,,,,,,,,
bt_dkgrec_time_only,active,2022,4,0.665281670286,6.0,False,,,,,,,,,
bt_dkgrec_time_only,active,2022,5,0.643496879314807,7.4,True,0.0037503317601172413,0.00733911076749097,0.029914529914529916,0.03418803418803419,0.010742700064813183,0.010762823854483187,0.016679957469431152,0.020953461742935428,best
bt_dkgrec_time_only,active,2022,6,0.6137952904328264,9.2,False,,,,,,,,,
bt_dkgrec_time_only,active,2022,7,0.5784235562500152,10.6,False,,,,,,,,,
bt_dkgrec_time_only,active,2022,8,0.5403566783076814,12.0,False,,,,,,,,,
bt_dkgrec_time_only,active,2022,9,0.5021289969358759,13.4,False,,,,,,,,,
bt_dkgrec_time_only,active,2022,10,0.4656364425726382,14.9,True,0.0034733841839855065,0.0066352023448228116,0.03418803418803419,0.042735042735042736,0.010997378755670433,0.011357256134170116,0.02013946092893461,0.025125215914689598,best
bt_dkgrec_time_only,active,2022,11,0.43058777851096186,16.8,False,,,,,,,,,
bt_dkgrec_time_only,active,2022,12,0.3987601447825969,18.2,False,,,,,,,,,
bt_dkgrec_time_only,active,2022,13,0.36883769961864904,19.6,False,,,,,,,,,
bt_dkgrec_time_only,active,2022,14,0.3430463339610324,21.0,False,,,,,,,,,
bt_dkgrec_time_only,active,2022,15,0.3180304287543538,22.4,True,0.003981121406893687,0.007281413355796859,0.038461538461538464,0.05555555555555555,0.01209313133966492,0.012040940548669091,0.024412965202438887,0.026084775902027364,best
bt_dkgrec_time_only,active,2022,16,0.29581941571265036,24.2,False,,,,,,,,,
bt_dkgrec_time_only,active,2022,17,0.27541557031418745,25.7,False,,,,,,,,,
bt_dkgrec_time_only,active,2022,18,0.2567140354548926,27.1,False,,,,,,,,,
bt_dkgrec_time_only,active,2022,19,0.23916570769615528,28.6,False,,,,,,,,,
bt_dkgrec_time_only,active,2022,20,0.2249888131139977,30.0,True,0.0045234770768183335,0.008389203660323799,0.038461538461538464,0.0641025641025641,0.010403578718188053,0.013058333200493984,0.020474854904679467,0.02756262403979453,best
bt_dkgrec_time_only,active,2022,21,0.21035368270816446,31.8,False,,,,,,,,,
bt_dkgrec_time_only,active,2022,22,0.19784532814187505,33.2,False,,,,,,,,,
bt_dkgrec_time_only,active,2022,23,0.18693510199317703,34.7,False,,,,,,,,,
bt_dkgrec_time_only,active,2022,24,0.17685179576203877,36.1,False,,,,,,,,,
bt_dkgrec_time_only,active,2022,25,0.16691408956610657,37.5,True,0.005088911711420625,0.00950853344718956,0.038461538461538464,0.06837606837606838,0.011319651314342379,0.013435981749674007,0.021130875297541964,0.027433105185579326,best
bt_dkgrec_time_only,active,2022,26,0.158598983528332,39.3,False,,,,,,,,,
bt_dkgrec_time_only,active,2022,27,0.1504706785826389,40.7,False,,,,,,,,,
bt_dkgrec_time_only,active,2022,28,0.1427820551326797,42.2,False,,,,,,,,,
bt_dkgrec_time_only,active,2022,29,0.13710927082387261,43.6,False,,,,,,,,,
bt_dkgrec_time_only,active,2022,30,0.13031914430232538,45.0,True,0.00551587255795705,0.010443231516634163,0.042735042735042736,0.0641025641025641,0.011709926298308136,0.013435620090867703,0.02118566381386894,0.027376874866191107,khong cai thien (1/50)
bt_dkgrec_time_only,active,2022,31,0.12548187637452216,46.8,False,,,,,,,,,
bt_dkgrec_time_only,active,2022,32,0.12056229488896156,48.2,False,,,,,,,,,
bt_dkgrec_time_only,active,2022,33,0.11509311098642691,49.6,False,,,,,,,,,
bt_dkgrec_time_only,active,2022,34,0.11105242158845148,50.9,False,,,,,,,,,
bt_dkgrec_time_only,active,2022,35,0.10673889506161208,52.3,True,0.005954372886832296,0.011366390103739946,0.042735042735042736,0.05982905982905983,0.012244081483554064,0.013679302941598245,0.02118566381386894,0.026664624153940397,best
bt_dkgrec_time_only,active,2022,36,0.10274835891905575,54.1,False,,,,,,,,,
bt_dkgrec_time_only,active,2022,37,0.0993576736002263,55.6,False,,,,,,,,,
bt_dkgrec_time_only,active,2022,38,0.09633127204863885,57.0,False,,,,,,,,,
bt_dkgrec_time_only,active,2022,39,0.09322201728118129,58.4,False,,,,,,,,,
bt_dkgrec_time_only,active,2022,40,0.08993330104095022,59.8,True,0.006323636321674609,0.012428022478911597,0.04700854700854701,0.0641025641025641,0.012131363034719107,0.014056987294681923,0.02107684773283064,0.028801376290692533,best
bt_dkgrec_time_only,active,2022,41,0.08716999319600696,61.6,False,,,,,,,,,
bt_dkgrec_time_only,active,2022,42,0.0849764335116587,63.0,False,,,,,,,,,
bt_dkgrec_time_only,active,2022,43,0.08207790736211344,64.4,False,,,,,,,,,
bt_dkgrec_time_only,active,2022,44,0.08011639654687583,65.7,False,,,,,,,,,
bt_dkgrec_time_only,active,2022,45,0.07776372740268636,67.1,True,0.00683137354458279,0.013201167795612688,0.04700854700854701,0.05982905982905983,0.012527357287433627,0.014208036097547817,0.02107684773283064,0.028267188256504497,best
bt_dkgrec_time_only,active,2022,46,0.07566885052990385,68.9,False,,,,,,,,,
bt_dkgrec_time_only,active,2022,47,0.07345910587183392,70.3,False,,,,,,,,,
bt_dkgrec_time_only,active,2022,48,0.07194786547560496,71.7,False,,,,,,,,,
bt_dkgrec_time_only,active,2022,49,0.06998493673062099,73.1,False,,,,,,,,,
bt_dkgrec_time_only,active,2022,50,0.0681373215348905,74.5,True,0.007223715944102748,0.01381276035957027,0.04700854700854701,0.05982905982905983,0.012609418855059722,0.01425932706019668,0.02107684773283064,0.028267188256504497,best
bt_dkgrec_time_only,active,2022,51,0.06653157030045309,76.3,False,,,,,,,,,
bt_dkgrec_time_only,active,2022,52,0.0649676235450326,77.7,False,,,,,,,,,
bt_dkgrec_time_only,active,2022,53,0.06431242824954324,79.1,False,,,,,,,,,
bt_dkgrec_time_only,active,2022,54,0.06230345464090429,80.4,False,,,,,,,,,
bt_dkgrec_time_only,active,2022,55,0.060956690463680255,81.8,True,0.007535281967250949,0.014435892405866672,0.04700854700854701,0.0641025641025641,0.012441467555158132,0.014603750457034584,0.02107684773283064,0.029335564324880565,best
bt_dkgrec_time_only,active,2022,56,0.05987254048730699,83.7,False,,,,,,,,,
bt_dkgrec_time_only,active,2022,57,0.058602245399064404,85.1,False,,,,,,,,,
bt_dkgrec_time_only,active,2022,58,0.05728075744135139,86.5,False,,,,,,,,,
bt_dkgrec_time_only,active,2022,59,0.05596104756570564,87.9,False,,,,,,,,,
bt_dkgrec_time_only,active,2022,60,0.05494909467111714,89.3,True,0.0077891505787050395,0.015059024452163077,0.042735042735042736,0.0641025641025641,0.014261474420974,0.016187347133569632,0.02311564464342242,0.029323961243102045,best
bt_dkgrec_time_only,active,2022,61,0.05334241006839911,91.1,False,,,,,,,,,
bt_dkgrec_time_only,active,2022,62,0.052353880734975294,92.5,False,,,,,,,,,
bt_dkgrec_time_only,active,2022,63,0.052169364700844024,93.8,False,,,,,,,,,
bt_dkgrec_time_only,active,2022,64,0.050979786563578385,95.2,False,,,,,,,,,
bt_dkgrec_time_only,active,2022,65,0.049639804462021944,96.6,True,0.008169953495886175,0.015462906334021856,0.042735042735042736,0.05982905982905983,0.01438212924472766,0.016188634233290377,0.02311564464342242,0.029280794533268668,best
bt_dkgrec_time_only,active,2022,66,0.04911119392692427,98.5,False,,,,,,,,,
bt_dkgrec_time_only,active,2022,67,0.0479782841699044,100.0,False,,,,,,,,,
bt_dkgrec_time_only,active,2022,68,0.04748069632620632,101.3,False,,,,,,,,,
bt_dkgrec_time_only,active,2022,69,0.046472885335840694,102.7,False,,,,,,,,,
bt_dkgrec_time_only,active,2022,70,0.045993896658482095,104.1,True,0.008366124695646153,0.01593602510991357,0.038461538461538464,0.05982905982905983,0.013180654525256682,0.016436522227573726,0.01884214036991815,0.030649065638381878,best
bt_dkgrec_time_only,active,2022,71,0.04515091372847201,105.9,False,,,,,,,,,
bt_dkgrec_time_only,active,2022,72,0.04444147851961427,107.3,False,,,,,,,,,
bt_dkgrec_time_only,active,2022,73,0.044176525996687484,108.7,False,,,,,,,,,
bt_dkgrec_time_only,active,2022,74,0.04314935115796055,110.1,False,,,,,,,,,
bt_dkgrec_time_only,active,2022,75,0.042655222499397176,111.5,True,0.008527677448389665,0.01644376233282175,0.038461538461538464,0.0641025641025641,0.013265298545807611,0.016685591092416012,0.01884214036991815,0.030916159655475894,best
bt_dkgrec_time_only,active,2022,76,0.042310211710533716,113.4,False,,,,,,,,,
bt_dkgrec_time_only,active,2022,77,0.04143312003373245,114.9,False,,,,,,,,,
bt_dkgrec_time_only,active,2022,78,0.04068410799846823,116.3,False,,,,,,,,,
bt_dkgrec_time_only,active,2022,79,0.04013757353331819,117.6,False,,,,,,,,,
bt_dkgrec_time_only,active,2022,80,0.03986314943321463,119.0,True,0.008908480365570801,0.016963039038068752,0.038461538461538464,0.0641025641025641,0.013612432402322678,0.016552797742292923,0.01884214036991815,0.029547888550362684,khong cai thien (1/50)
bt_dkgrec_time_only,active,2022,81,0.03860607592878952,120.8,False,,,,,,,,,
bt_dkgrec_time_only,active,2022,82,0.0386398373806276,122.2,False,,,,,,,,,
bt_dkgrec_time_only,active,2022,83,0.038330409779633576,123.6,False,,,,,,,,,
bt_dkgrec_time_only,active,2022,84,0.03757914620505716,125.0,False,,,,,,,,,
bt_dkgrec_time_only,active,2022,85,0.03721088521973042,126.4,True,0.009196967424041358,0.01735538143758871,0.03418803418803419,0.0641025641025641,0.011161780077463582,0.015139379833963452,0.016705388233166012,0.030705295957770093,khong cai thien (2/50)
bt_dkgrec_time_only,active,2022,86,0.03658752481661248,128.4,False,,,,,,,,,
bt_dkgrec_time_only,active,2022,87,0.03609625949300142,129.8,False,,,,,,,,,
bt_dkgrec_time_only,active,2022,88,0.03563124698896958,131.1,False,,,,,,,,,
bt_dkgrec_time_only,active,2022,89,0.03530797254727368,132.5,False,,,,,,,,,
bt_dkgrec_time_only,active,2022,90,0.034866127545337224,133.9,True,0.009393138623801336,0.017747723837108667,0.038461538461538464,0.05555555555555555,0.01200090354892439,0.014640237276786129,0.01884214036991815,0.029224564213880453,khong cai thien (3/50)
bt_dkgrec_time_only,active,2022,91,0.03462233303953718,135.7,False,,,,,,,,,
bt_dkgrec_time_only,active,2022,92,0.0340268628932582,137.1,False,,,,,,,,,
bt_dkgrec_time_only,active,2022,93,0.03400229019232995,138.5,False,,,,,,,,,
bt_dkgrec_time_only,active,2022,94,0.03336974091559954,139.9,False,,,,,,,,,
bt_dkgrec_time_only,active,2022,95,0.03330964155306699,141.4,True,0.009600849305900137,0.01826700054235567,0.038461538461538464,0.05555555555555555,0.011786682023293577,0.014496039043419314,0.01884214036991815,0.029224564213880453,khong cai thien (4/50)
bt_dkgrec_time_only,active,2022,96,0.032219777758529355,143.3,False,,,,,,,,,
bt_dkgrec_time_only,active,2022,97,0.03202449644981175,144.6,False,,,,,,,,,
bt_dkgrec_time_only,active,2022,98,0.032161268090786184,146.0,False,,,,,,,,,
bt_dkgrec_time_only,active,2022,99,0.03176548097229904,147.4,False,,,,,,,,,
bt_dkgrec_time_only,active,2022,100,0.03116147008149011,148.7,True,0.009762402058643649,0.018797816729941495,0.038461538461538464,0.05982905982905983,0.011795681417202794,0.014676672198703998,0.01884214036991815,0.029491658230974473,khong cai thien (5/50)
bt_dkgrec_time_only,active,2022,101,0.030652032493800527,150.5,False,,,,,,,,,
bt_dkgrec_time_only,active,2022,102,0.03067735704141483,151.9,False,,,,,,,,,
bt_dkgrec_time_only,active,2022,103,0.030372778403837508,153.3,False,,,,,,,,,
bt_dkgrec_time_only,active,2022,104,0.0297406324365862,154.7,False,,,,,,,,,
bt_dkgrec_time_only,active,2022,105,0.029740312520762324,156.2,True,0.009900875846709517,0.018993987929701472,0.038461538461538464,0.05982905982905983,0.011154719335693222,0.01400324967215571,0.01884214036991815,0.029491658230974473,khong cai thien (6/50)
bt_dkgrec_time_only,active,2022,106,0.029571606567274155,157.9,False,,,,,,,,,
bt_dkgrec_time_only,active,2022,107,0.02932625129986345,159.3,False,,,,,,,,,
bt_dkgrec_time_only,active,2022,108,0.029057241490379297,160.7,False,,,,,,,,,
bt_dkgrec_time_only,active,2022,109,0.028455960356739682,162.1,False,,,,,,,,,
bt_dkgrec_time_only,active,2022,110,0.028402088144957233,163.5,True,0.010131665493485962,0.01932863291752732,0.038461538461538464,0.05128205128205128,0.011412550547922666,0.013839088307977934,0.01884214036991815,0.029169775697553475,khong cai thien (7/50)
bt_dkgrec_time_only,active,2022,111,0.02861124712977732,165.2,False,,,,,,,,,
bt_dkgrec_time_only,active,2022,112,0.027770248945957005,166.6,False,,,,,,,,,
bt_dkgrec_time_only,active,2022,113,0.02733416828010359,168.0,False,,,,,,,,,
bt_dkgrec_time_only,active,2022,114,0.027642821886291417,169.5,False,,,,,,,,,
bt_dkgrec_time_only,active,2022,115,0.027121813935382818,170.9,True,0.010327836693245942,0.0197325147993861,0.042735042735042736,0.05555555555555555,0.011585484418700925,0.013281019056317947,0.019910516438294217,0.02635314788092566,khong cai thien (8/50)
bt_dkgrec_time_only,active,2022,116,0.02667723742967711,172.7,False,,,,,,,,,
bt_dkgrec_time_only,active,2022,117,0.02645687594278149,174.0,False,,,,,,,,,
bt_dkgrec_time_only,active,2022,118,0.026845380057494168,175.4,False,,,,,,,,,
bt_dkgrec_time_only,active,2022,119,0.026441022990440387,176.8,False,,,,,,,,,
bt_dkgrec_time_only,active,2022,120,0.025746402937092572,178.2,True,0.010500928928328275,0.0200440808225343,0.042735042735042736,0.05555555555555555,0.011585484418700925,0.013282014372854352,0.019910516438294217,0.026391997919775697,khong cai thien (9/50)
bt_dkgrec_time_only,active,2022,121,0.025809604381871604,180.0,False,,,,,,,,,
bt_dkgrec_time_only,active,2022,122,0.02556256781998324,181.4,False,,,,,,,,,
bt_dkgrec_time_only,active,2022,123,0.025274809842956793,182.8,False,,,,,,,,,
bt_dkgrec_time_only,active,2022,124,0.0252339781269392,184.2,False,,,,,,,,,
bt_dkgrec_time_only,active,2022,125,0.02500913326854399,185.6,True,0.010743258057443543,0.020297949433988393,0.042735042735042736,0.05128205128205128,0.011707006672188141,0.013134543616283053,0.019910516438294217,0.025964647492425268,khong cai thien (10/50)
bt_dkgrec_time_only,active,2022,126,0.02462625443648941,187.4,False,,,,,,,,,
bt_dkgrec_time_only,active,2022,127,0.024668215097682324,188.8,False,,,,,,,,,
bt_dkgrec_time_only,active,2022,128,0.02420411258362139,190.2,False,,,,,,,,,
bt_dkgrec_time_only,active,2022,129,0.024362452872532542,191.5,False,,,,,,,,,
bt_dkgrec_time_only,active,2022,130,0.02365929481324816,192.9,True,0.010789415986798832,0.020621054939475414,0.042735042735042736,0.05555555555555555,0.011665787669077329,0.013140529548592083,0.019910516438294217,0.025712122239900017,khong cai thien (11/50)
bt_dkgrec_time_only,active,2022,131,0.02391624130262725,194.7,False,,,,,,,,,
bt_dkgrec_time_only,active,2022,132,0.023627545347732287,196.2,False,,,,,,,,,
bt_dkgrec_time_only,active,2022,133,0.023504348148489326,197.6,False,,,,,,,,,
bt_dkgrec_time_only,active,2022,134,0.023529456965558342,199.0,False,,,,,,,,,
bt_dkgrec_time_only,active,2022,135,0.02310078173032927,200.4,True,0.010858652880831765,0.020782607692218926,0.042735042735042736,0.05555555555555555,0.011707006672188141,0.01317477302983009,0.019910516438294217,0.025712122239900017,khong cai thien (12/50)
bt_dkgrec_time_only,active,2022,136,0.023083642259087434,202.2,False,,,,,,,,,
bt_dkgrec_time_only,active,2022,137,0.023102506515351413,203.6,False,,,,,,,,,
bt_dkgrec_time_only,active,2022,138,0.02266099941635662,205.0,False,,,,,,,,,
bt_dkgrec_time_only,active,2022,139,0.02233055973411641,206.4,False,,,,,,,,,
bt_dkgrec_time_only,active,2022,140,0.02250291428250236,207.7,True,0.011077903045269389,0.021232647503432997,0.042735042735042736,0.05982905982905983,0.011712608156133805,0.01416294437223575,0.019910516438294217,0.02998562651340429,khong cai thien (13/50)
bt_dkgrec_time_only,active,2022,141,0.022340322591757063,209.6,False,,,,,,,,,
bt_dkgrec_time_only,active,2022,142,0.02234924919131605,211.0,False,,,,,,,,,
bt_dkgrec_time_only,active,2022,143,0.021973125368404667,212.4,False,,,,,,,,,
bt_dkgrec_time_only,active,2022,144,0.021945834247684978,213.8,False,,,,,,,,,
bt_dkgrec_time_only,active,2022,145,0.02188889427434854,215.2,True,0.011204837350996434,0.021417279220854152,0.038461538461538464,0.0641025641025641,0.011261475887833793,0.014879410587327337,0.01884214036991815,0.03212237865015643,khong cai thien (14/50)
bt_dkgrec_time_only,active,2022,146,0.02192416485709516,217.0,False,,,,,,,,,
bt_dkgrec_time_only,active,2022,147,0.02150557998987348,218.4,False,,,,,,,,,
bt_dkgrec_time_only,active,2022,148,0.021381487834895782,219.8,False,,,,,,,,,
bt_dkgrec_time_only,active,2022,149,0.021450016006956237,221.1,False,,,,,,,,,
bt_dkgrec_time_only,active,2022,150,0.020998877252873534,222.5,True,0.011377929586078769,0.0218557795497294,0.042735042735042736,0.07264957264957266,0.011772544221217901,0.015812039860318507,0.019910516438294217,0.034401580929358716,khong cai thien (15/50)
bt_dkgrec_time_only,active,2022,151,0.020935114480902125,224.5,False,,,,,,,,,
bt_dkgrec_time_only,active,2022,152,0.02084192565892282,225.9,False,,,,,,,,,
bt_dkgrec_time_only,active,2022,153,0.020792591597422406,227.3,False,,,,,,,,,
bt_dkgrec_time_only,active,2022,154,0.020382476771676553,228.7,False,,,,,,,,,
bt_dkgrec_time_only,active,2022,155,0.020309469455251767,230.1,True,0.011597179750516391,0.022201964019894067,0.042735042735042736,0.07692307692307693,0.011833724606412008,0.01633901754500549,0.019910516438294217,0.03582608235386013,khong cai thien (16/50)
bt_dkgrec_time_only,active,2022,156,0.020138446402903493,231.8,False,,,,,,,,,
bt_dkgrec_time_only,active,2022,157,0.02029977535106893,233.2,False,,,,,,,,,
bt_dkgrec_time_only,active,2022,158,0.02006530963574886,234.6,False,,,,,,,,,
bt_dkgrec_time_only,active,2022,159,0.019813981447078657,236.0,False,,,,,,,,,
bt_dkgrec_time_only,active,2022,160,0.02001044695857385,237.4,True,0.011666416644549326,0.022490451078364625,0.042735042735042736,0.07692307692307693,0.011979228002696716,0.016493027478202308,0.019910516438294217,0.03582608235386013,khong cai thien (17/50)
bt_dkgrec_time_only,active,2022,161,0.019899126180773503,239.3,False,,,,,,,,,
bt_dkgrec_time_only,active,2022,162,0.019785344904932948,240.7,False,,,,,,,,,
bt_dkgrec_time_only,active,2022,163,0.01960727619804466,242.1,False,,,,,,,,,
bt_dkgrec_time_only,active,2022,164,0.019646051392200183,243.5,False,,,,,,,,,
bt_dkgrec_time_only,active,2022,165,0.019280936795953257,244.9,True,0.011770271985598726,0.022767398654496358,0.042735042735042736,0.0811965811965812,0.01189892767811923,0.01683795364457798,0.019910516438294217,0.0368944584222362,best
bt_dkgrec_time_only,active,2022,166,0.01931137959149251,246.7,False,,,,,,,,,
bt_dkgrec_time_only,active,2022,167,0.01911397812271313,248.1,False,,,,,,,,,
bt_dkgrec_time_only,active,2022,168,0.01937011769891988,249.5,False,,,,,,,,,
bt_dkgrec_time_only,active,2022,169,0.019068665097563914,250.9,False,,,,,,,,,
bt_dkgrec_time_only,active,2022,170,0.018890786926022064,252.3,True,0.012024140597052816,0.02291741192490105,0.042735042735042736,0.0811965811965812,0.011773788541327915,0.01725340138442607,0.019910516438294217,0.03796283449061227,best
bt_dkgrec_time_only,active,2022,171,0.01899856066558613,254.2,False,,,,,,,,,
bt_dkgrec_time_only,active,2022,172,0.018762853879855473,255.6,False,,,,,,,,,
bt_dkgrec_time_only,active,2022,173,0.01869520831926199,257.0,False,,,,,,,,,
bt_dkgrec_time_only,active,2022,174,0.0186520644832571,258.4,False,,,,,,,,,
bt_dkgrec_time_only,active,2022,175,0.018324568897917694,259.8,True,0.012266469726168084,0.023194359501032782,0.042735042735042736,0.0811965811965812,0.011979228002696716,0.017455142253148696,0.019910516438294217,0.03796283449061227,best
bt_dkgrec_time_only,active,2022,176,0.018403621880867874,261.6,False,,,,,,,,,
bt_dkgrec_time_only,active,2022,177,0.01807999486837332,263.0,False,,,,,,,,,
bt_dkgrec_time_only,active,2022,178,0.01811546229704532,264.3,False,,,,,,,,,
bt_dkgrec_time_only,active,2022,179,0.018148286228795763,265.7,False,,,,,,,,,
bt_dkgrec_time_only,active,2022,180,0.017850639927924187,267.1,True,0.012381864549556306,0.023494386041842164,0.042735042735042736,0.0811965811965812,0.011360446776475248,0.016871785509794922,0.019910516438294217,0.03796283449061227,khong cai thien (1/50)
bt_dkgrec_time_only,active,2022,181,0.017876958352218825,269.1,False,,,,,,,,,
bt_dkgrec_time_only,active,2022,182,0.017912177999578265,270.5,False,,,,,,,,,
bt_dkgrec_time_only,active,2022,183,0.01780304011062012,271.8,False,,,,,,,,,
bt_dkgrec_time_only,active,2022,184,0.017827941942428534,273.2,False,,,,,,,,,
bt_dkgrec_time_only,active,2022,185,0.017581179458138543,274.6,True,0.012381864549556306,0.023805952064990366,0.042735042735042736,0.0811965811965812,0.011322126062620983,0.016899633877772033,0.019910516438294217,0.03796283449061227,khong cai thien (2/50)
bt_dkgrec_time_only,active,2022,186,0.017745252371232176,276.4,False,,,,,,,,,
bt_dkgrec_time_only,active,2022,187,0.01740379446045602,277.8,False,,,,,,,,,
bt_dkgrec_time_only,active,2022,188,0.017485649364033757,279.2,False,,,,,,,,,
bt_dkgrec_time_only,active,2022,189,0.017569054880875498,280.6,False,,,,,,,,,
bt_dkgrec_time_only,active,2022,190,0.017418602369227685,282.0,True,0.012531877819960997,0.023898267923700943,0.04700854700854701,0.0811965811965812,0.012097334175002094,0.01663832120466376,0.022047268575046353,0.0368944584222362,khong cai thien (3/50)
bt_dkgrec_time_only,active,2022,191,0.017428332352750178,283.9,False,,,,,,,,,
bt_dkgrec_time_only,active,2022,192,0.017052821512781403,285.3,False,,,,,,,,,
bt_dkgrec_time_only,active,2022,193,0.017001834683584727,286.7,False,,,,,,,,,
bt_dkgrec_time_only,active,2022,194,0.017053465422232066,288.1,False,,,,,,,,,
bt_dkgrec_time_only,active,2022,195,0.016926858728082007,289.5,True,0.012647272643349219,0.024221373429187967,0.05555555555555555,0.0811965811965812,0.013669247774768425,0.01675890347911438,0.026709273237051013,0.0368944584222362,khong cai thien (4/50)
bt_dkgrec_time_only,active,2022,196,0.01679007440014783,291.3,False,,,,,,,,,
bt_dkgrec_time_only,active,2022,197,0.01682563568405182,292.7,False,,,,,,,,,
bt_dkgrec_time_only,active,2022,198,0.016802738609887,294.1,False,,,,,,,,,
bt_dkgrec_time_only,active,2022,199,0.01666524635170269,295.5,False,,,,,,,,,
bt_dkgrec_time_only,active,2022,200,0.01638896197322045,296.9,True,0.01279728591375391,0.024394465664270303,0.05555555555555555,0.0811965811965812,0.013893978171738283,0.01695430767168136,0.026709273237051013,0.0368944584222362,khong cai thien (5/50)
bt_dkgrec_time_only,active,2022,201,0.016591392895514485,298.7,False,,,,,,,,,
bt_dkgrec_time_only,active,2022,202,0.016549218341079076,300.1,False,,,,,,,,,
bt_dkgrec_time_only,active,2022,203,0.01628144399336215,301.5,False,,,,,,,,,
bt_dkgrec_time_only,active,2022,204,0.01646887383927963,302.9,False,,,,,,,,,
bt_dkgrec_time_only,active,2022,205,0.01626879394509251,304.3,True,0.012912680737142131,0.024509860487658523,0.05555555555555555,0.0811965811965812,0.01421999326424395,0.01723180736284676,0.026709273237051013,0.0368944584222362,khong cai thien (6/50)
bt_dkgrec_time_only,active,2022,206,0.016263299613568125,306.1,False,,,,,,,,,
bt_dkgrec_time_only,active,2022,207,0.01612646563325437,307.4,False,,,,,,,,,
bt_dkgrec_time_only,active,2022,208,0.016362716904578467,308.9,False,,,,,,,,,
bt_dkgrec_time_only,active,2022,209,0.016167020503691898,310.3,False,,,,,,,,,
bt_dkgrec_time_only,active,2022,210,0.016155742641912597,311.7,True,0.01300499659585271,0.024763729099112612,0.05555555555555555,0.0811965811965812,0.014292932038756798,0.017363942613270893,0.026709273237051013,0.0368944584222362,khong cai thien (7/50)
bt_dkgrec_time_only,active,2022,211,0.015877522219778176,313.5,False,,,,,,,,,
bt_dkgrec_time_only,active,2022,212,0.015971210793357206,314.9,False,,,,,,,,,
bt_dkgrec_time_only,active,2022,213,0.015764307981197972,316.3,False,,,,,,,,,
bt_dkgrec_time_only,active,2022,214,0.01570332072616672,317.7,False,,,,,,,,,
bt_dkgrec_time_only,active,2022,215,0.01571959873059251,319.1,True,0.013143470383918577,0.02520222942798786,0.05555555555555555,0.0811965811965812,0.014149950121547898,0.017258055544916526,0.026709273237051013,0.0368944584222362,khong cai thien (8/50)
bt_dkgrec_time_only,active,2022,216,0.015692470113809295,320.8,False,,,,,,,,,
bt_dkgrec_time_only,active,2022,217,0.015579342876382284,322.2,False,,,,,,,,,
bt_dkgrec_time_only,active,2022,218,0.01567842744554772,323.6,False,,,,,,,,,
bt_dkgrec_time_only,active,2022,219,0.015643168749435107,325.1,False,,,,,,,,,
bt_dkgrec_time_only,active,2022,220,0.015432946023311802,326.4,True,0.013224246760290333,0.025167610980971394,0.05555555555555555,0.08547008547008547,0.014519175099958334,0.017925091726084558,0.026709273237051013,0.037428646456424235,best
bt_dkgrec_time_only,active,2022,221,0.015760666443062704,328.2,False,,,,,,,,,
bt_dkgrec_time_only,active,2022,222,0.015613613502452004,329.6,False,,,,,,,,,
bt_dkgrec_time_only,active,2022,223,0.01509839077455034,331.0,False,,,,,,,,,
bt_dkgrec_time_only,active,2022,224,0.015254173816084304,332.4,False,,,,,,,,,
bt_dkgrec_time_only,active,2022,225,0.015322132200355477,333.8,True,0.013166549348596223,0.025467637521780773,0.05982905982905983,0.08547008547008547,0.014927889225048506,0.017934993639525054,0.027563974091751868,0.037428646456424235,best
bt_dkgrec_time_only,active,2022,226,0.015203808945219138,335.6,False,,,,,,,,,
bt_dkgrec_time_only,active,2022,227,0.015168283088060095,337.0,False,,,,,,,,,
bt_dkgrec_time_only,active,2022,228,0.015080922608066845,338.4,False,,,,,,,,,
bt_dkgrec_time_only,active,2022,229,0.015120802326078783,339.8,False,,,,,,,,,
bt_dkgrec_time_only,active,2022,230,0.014907869834635525,341.2,True,0.013374260030695024,0.025675348203879574,0.0641025641025641,0.08547008547008547,0.015445775420191793,0.01791548913335786,0.028988475516253293,0.037428646456424235,khong cai thien (1/50)
bt_dkgrec_time_only,active,2022,231,0.014834436231541114,343.0,False,,,,,,,,,
bt_dkgrec_time_only,active,2022,232,0.01490323454300071,344.4,False,,,,,,,,,
bt_dkgrec_time_only,active,2022,233,0.015026688392371128,345.8,False,,,,,,,,,
bt_dkgrec_time_only,active,2022,234,0.015035457931727749,347.1,False,,,,,,,,,
bt_dkgrec_time_only,active,2022,235,0.015059714216579088,348.5,True,0.013316562619000912,0.025859979921300732,0.05982905982905983,0.08974358974358974,0.014879866368695576,0.017886414457580973,0.028721381499159277,0.038140897168674956,khong cai thien (2/50)
bt_dkgrec_time_only,active,2022,236,0.014880590221481084,350.3,False,,,,,,,,,
bt_dkgrec_time_only,active,2022,237,0.014770138079920619,351.8,False,,,,,,,,,
bt_dkgrec_time_only,active,2022,238,0.014684917473771373,353.2,False,,,,,,,,,
bt_dkgrec_time_only,active,2022,239,0.014446303331329046,354.6,False,,,,,,,,,
bt_dkgrec_time_only,active,2022,240,0.014552684174305299,356.0,True,0.013478115371744424,0.026194624909126576,0.05982905982905983,0.08974358974358974,0.01491301979152302,0.017910778082505362,0.028721381499159277,0.038140897168674956,khong cai thien (3/50)
bt_dkgrec_time_only,active,2022,241,0.014400781723412548,357.7,False,,,,,,,,,
bt_dkgrec_time_only,active,2022,242,0.014710147453661847,359.1,False,,,,,,,,,
bt_dkgrec_time_only,active,2022,243,0.014453458299426375,360.5,False,,,,,,,,,
bt_dkgrec_time_only,active,2022,244,0.014501255226139138,361.9,False,,,,,,,,,
bt_dkgrec_time_only,active,2022,245,0.014644069872065762,363.3,True,0.013639668124487936,0.026390796108886554,0.05128205128205128,0.08547008547008547,0.013895765438603836,0.017720602617885342,0.026442179219956997,0.03787380315158093,khong cai thien (4/50)
bt_dkgrec_time_only,active,2022,246,0.014390600979396127,365.2,False,,,,,,,,,
bt_dkgrec_time_only,active,2022,247,0.014555679175623377,366.6,False,,,,,,,,,
bt_dkgrec_time_only,active,2022,248,0.014396404188159944,368.0,False,,,,,,,,,
bt_dkgrec_time_only,active,2022,249,0.014192636868012384,369.4,False,,,,,,,,,
bt_dkgrec_time_only,active,2022,250,0.0141645204928164,370.8,True,0.013789681394892625,0.026633125238001824,0.05982905982905983,0.0811965811965812,0.014729893221890635,0.01722903263372974,0.028721381499159277,0.03716155243933022,khong cai thien (5/50)
bt_dkgrec_time_only,active,2022,251,0.014184876622190439,372.6,False,,,,,,,,,
bt_dkgrec_time_only,active,2022,252,0.014130441390353249,374.0,False,,,,,,,,,
bt_dkgrec_time_only,active,2022,253,0.013961232667483026,375.4,False,,,,,,,,,
bt_dkgrec_time_only,active,2022,254,0.014024380239993155,376.8,False,,,,,,,,,
bt_dkgrec_time_only,active,2022,255,0.014232197663131808,378.1,True,0.01381276035957027,0.02677159902606769,0.05982905982905983,0.08547008547008547,0.014805871788373464,0.017481940857922453,0.028721381499159277,0.037428646456424235,khong cai thien (6/50)
bt_dkgrec_time_only,active,2022,256,0.013961324427611634,380.1,False,,,,,,,,,
bt_dkgrec_time_only,active,2022,257,0.01400737772630047,381.5,False,,,,,,,,,
bt_dkgrec_time_only,active,2022,258,0.01388535646432656,382.9,False,,,,,,,,,
bt_dkgrec_time_only,active,2022,259,0.013964793386952938,384.3,False,,,,,,,,,
bt_dkgrec_time_only,active,2022,260,0.013829219413825642,385.7,True,0.013928155182958493,0.02696777022582767,0.05982905982905983,0.0811965811965812,0.014914996252536184,0.01744338393567309,0.028721381499159277,0.03716155243933022,khong cai thien (7/50)
bt_dkgrec_time_only,active,2022,261,0.014020266716345747,387.5,False,,,,,,,,,
bt_dkgrec_time_only,active,2022,262,0.01384547250446682,388.9,False,,,,,,,,,
bt_dkgrec_time_only,active,2022,263,0.013890011503582461,390.3,False,,,,,,,,,
bt_dkgrec_time_only,active,2022,264,0.013749583362144156,391.6,False,,,,,,,,,
bt_dkgrec_time_only,active,2022,265,0.01360249813448268,393.1,True,0.013951234147636138,0.027140862460910003,0.05982905982905983,0.08547008547008547,0.01482237639439469,0.01795748707654362,0.028721381499159277,0.039298304576082355,best
bt_dkgrec_time_only,active,2022,266,0.013724363467888112,395.0,False,,,,,,,,,
bt_dkgrec_time_only,active,2022,267,0.01371647844889618,396.4,False,,,,,,,,,
bt_dkgrec_time_only,active,2022,268,0.013667271216055602,397.8,False,,,,,,,,,
bt_dkgrec_time_only,active,2022,269,0.01359826690980241,399.2,False,,,,,,,,,
bt_dkgrec_time_only,active,2022,270,0.013666923617968875,400.5,True,0.01400893155933025,0.027256257284298226,0.05982905982905983,0.0811965811965812,0.015051817590734972,0.017577279079484535,0.028721381499159277,0.03716155243933022,khong cai thien (1/50)
bt_dkgrec_time_only,active,2022,271,0.013465074304351439,402.3,False,,,,,,,,,
bt_dkgrec_time_only,active,2022,272,0.013750603704617231,403.7,False,,,,,,,,,
bt_dkgrec_time_only,active,2022,273,0.01332801418771296,405.1,False,,,,,,,,,
bt_dkgrec_time_only,active,2022,274,0.013275541263648457,406.5,False,,,,,,,,,
bt_dkgrec_time_only,active,2022,275,0.0133467952469549,407.9,True,0.014055089488685538,0.02742934951938056,0.05555555555555555,0.0811965811965812,0.014667831722398512,0.01784875463061547,0.027296880074657852,0.0374464527242305,khong cai thien (2/50)
bt_dkgrec_time_only,active,2022,276,0.013569314320754358,409.8,False,,,,,,,,,
bt_dkgrec_time_only,active,2022,277,0.01345096621947434,411.3,False,,,,,,,,,
bt_dkgrec_time_only,active,2022,278,0.01327978893953024,412.7,False,,,,,,,,,
bt_dkgrec_time_only,active,2022,279,0.013359793231883736,414.0,False,,,,,,,,,
bt_dkgrec_time_only,active,2022,280,0.013326097293543294,415.4,True,0.014308958100139628,0.027648599683818186,0.05555555555555555,0.07264957264957266,0.014755313572142065,0.017220199553816554,0.027296880074657852,0.035665825943603714,khong cai thien (3/50)
bt_dkgrec_time_only,active,2022,281,0.013154257042886124,417.2,False,,,,,,,,,
bt_dkgrec_time_only,active,2022,282,0.01326464236601965,418.6,False,,,,,,,,,
bt_dkgrec_time_only,active,2022,283,0.013306515871963841,420.0,False,,,,,,,,,
bt_dkgrec_time_only,active,2022,284,0.01324457157855568,421.4,False,,,,,,,,,
bt_dkgrec_time_only,active,2022,285,0.013179819877236721,422.8,True,0.01432049758247845,0.027902468295272275,0.05555555555555555,0.07692307692307693,0.014921964600393887,0.017757199281523337,0.027296880074657852,0.036734202011979786,khong cai thien (4/50)
bt_dkgrec_time_only,active,2022,286,0.01322810900407732,424.8,False,,,,,,,,,
bt_dkgrec_time_only,active,2022,287,0.013243088142704746,426.2,False,,,,,,,,,
bt_dkgrec_time_only,active,2022,288,0.013170368227339623,427.6,False,,,,,,,,,
bt_dkgrec_time_only,active,2022,289,0.012949823573802838,428.9,False,,,,,,,,,
bt_dkgrec_time_only,active,2022,290,0.013218672694290235,430.3,True,0.014447431888205495,0.027925547259949918,0.05555555555555555,0.0811965811965812,0.014921964600393887,0.01875190049350816,0.027296880074657852,0.03912532940310718,best
bt_dkgrec_time_only,active,2022,291,0.012956230077040023,432.1,False,,,,,,,,,
bt_dkgrec_time_only,active,2022,292,0.01299962378155287,433.5,False,,,,,,,,,
bt_dkgrec_time_only,active,2022,293,0.013040700437191485,434.9,False,,,,,,,,,
bt_dkgrec_time_only,active,2022,294,0.012997002674552156,436.3,False,,,,,,,,,
bt_dkgrec_time_only,active,2022,295,0.012951170865138322,437.8,True,0.014597445158610185,0.028110178977371076,0.05555555555555555,0.09401709401709402,0.015043758305529046,0.019924312191463484,0.027296880074657852,0.04207793235571013,best
bt_dkgrec_time_only,active,2022,296,0.013036161005244365,439.7,False,,,,,,,,,
bt_dkgrec_time_only,active,2022,297,0.01280023196342079,441.1,False,,,,,,,,,
bt_dkgrec_time_only,active,2022,298,0.012997379102038971,442.4,False,,,,,,,,,
bt_dkgrec_time_only,active,2022,299,0.012890933442185757,443.8,False,,,,,,,,,
bt_dkgrec_time_only,active,2022,300,0.012864549051890722,445.2,True,0.014666682052643118,0.02823711328309812,0.05128205128205128,0.09401709401709402,0.015162264192724546,0.020202814709952346,0.026839004616782392,0.04207793235571013,best
bt_dkgrec_time_only,active,2022,301,0.012779403375103263,447.0,False,,,,,,,,,
bt_dkgrec_time_only,active,2022,302,0.012776702313321134,448.4,False,,,,,,,,,
bt_dkgrec_time_only,active,2022,303,0.012807405193392712,449.8,False,,,,,,,,,
bt_dkgrec_time_only,active,2022,304,0.012766067132182235,451.2,False,,,,,,,,,
bt_dkgrec_time_only,active,2022,305,0.012492603087171265,452.7,True,0.01472437946433723,0.028364047588825166,0.05555555555555555,0.09401709401709402,0.015635736763491385,0.021028113137761012,0.02790738068515846,0.04596293624071402,best
bt_dkgrec_time_only,active,2022,306,0.012662239446807926,454.4,False,,,,,,,,,
bt_dkgrec_time_only,active,2022,307,0.012665096309821445,455.8,False,,,,,,,,,
bt_dkgrec_time_only,active,2022,308,0.012639375527586993,457.2,False,,,,,,,,,
bt_dkgrec_time_only,active,2022,309,0.01264692539267654,458.6,False,,,,,,,,,
bt_dkgrec_time_only,active,2022,310,0.012652192452509004,460.0,True,0.01482823480538663,0.0285371398239075,0.05555555555555555,0.09401709401709402,0.015376518175608447,0.020367838765582714,0.02790738068515846,0.04289378317156095,khong cai thien (1/50)
bt_dkgrec_time_only,active,2022,311,0.012587105532055911,461.8,False,,,,,,,,,
bt_dkgrec_time_only,active,2022,312,0.012625312833747546,463.2,False,,,,,,,,,
bt_dkgrec_time_only,active,2022,313,0.012544834779249989,464.6,False,,,,,,,,,
bt_dkgrec_time_only,active,2022,314,0.012597542179574844,466.0,False,,,,,,,,,
bt_dkgrec_time_only,active,2022,315,0.012474032385802102,467.4,True,0.014735918946676052,0.028617916200279255,0.05555555555555555,0.08974358974358974,0.015707294870749216,0.020435798664596334,0.02790738068515846,0.042181532459310236,khong cai thien (2/50)
bt_dkgrec_time_only,active,2022,316,0.01257765927324039,469.3,False,,,,,,,,,
bt_dkgrec_time_only,active,2022,317,0.012468216483641797,470.6,False,,,,,,,,,
bt_dkgrec_time_only,active,2022,318,0.012530201412955851,472.0,False,,,,,,,,,
bt_dkgrec_time_only,active,2022,319,0.01222386532951498,473.4,False,,,,,,,,,
bt_dkgrec_time_only,active,2022,320,0.012360955017360134,474.8,True,0.014839774287725453,0.028675613611973367,0.05555555555555555,0.08547008547008547,0.015880520550092373,0.020407603122320404,0.02790738068515846,0.04179303207080985,khong cai thien (3/50)
bt_dkgrec_time_only,active,2022,321,0.012418796568989792,476.6,False,,,,,,,,,
bt_dkgrec_time_only,active,2022,322,0.012299743573099327,478.0,False,,,,,,,,,
bt_dkgrec_time_only,active,2022,323,0.012297587202205836,479.4,False,,,,,,,,,
bt_dkgrec_time_only,active,2022,324,0.01248546010249811,480.9,False,,,,,,,,,
bt_dkgrec_time_only,active,2022,325,0.012267986319515433,482.2,True,0.01493209014643603,0.028848705847055702,0.05128205128205128,0.08974358974358974,0.015016607182919,0.02054648778214246,0.026442179219956997,0.042181532459310236,khong cai thien (4/50)
bt_dkgrec_time_only,active,2022,326,0.01220539223949089,484.1,False,,,,,,,,,
bt_dkgrec_time_only,active,2022,327,0.012125629360620822,485.4,False,,,,,,,,,
bt_dkgrec_time_only,active,2022,328,0.012225146048564424,486.8,False,,,,,,,,,
bt_dkgrec_time_only,active,2022,329,0.012231762110985419,488.2,False,,,,,,,,,
bt_dkgrec_time_only,active,2022,330,0.012355239304642789,489.6,True,0.01497824807579132,0.028848705847055702,0.05555555555555555,0.09401709401709402,0.015406754350305375,0.02089293439625568,0.027296880074657852,0.04289378317156095,khong cai thien (5/50)
bt_dkgrec_time_only,active,2022,331,0.012148398231661337,491.4,False,,,,,,,,,
bt_dkgrec_time_only,active,2022,332,0.012162659132483829,492.8,False,,,,,,,,,
bt_dkgrec_time_only,active,2022,333,0.012084448029426395,494.2,False,,,,,,,,,
bt_dkgrec_time_only,active,2022,334,0.01204834040833661,495.7,False,,,,,,,,,
bt_dkgrec_time_only,active,2022,335,0.01205977595387278,497.0,True,0.015139800828534831,0.029264127211253304,0.05128205128205128,0.09401709401709402,0.015168886364944284,0.021452159971591517,0.027052679830457605,0.04677878705656484,best
bt_dkgrec_time_only,active,2022,336,0.012113395611519064,498.9,False,,,,,,,,,
bt_dkgrec_time_only,active,2022,337,0.01220532978999137,500.2,False,,,,,,,,,
bt_dkgrec_time_only,active,2022,338,0.012082618854051153,501.6,False,,,,,,,,,
bt_dkgrec_time_only,active,2022,339,0.01217205210400129,503.0,False,,,,,,,,,
bt_dkgrec_time_only,active,2022,340,0.01206439968703693,504.4,True,0.015220577204906587,0.029264127211253304,0.05555555555555555,0.09401709401709402,0.015551107669604016,0.021608775745857872,0.02758686786464564,0.04677878705656484,best
bt_dkgrec_time_only,active,2022,341,0.012012779875066732,506.2,False,,,,,,,,,
bt_dkgrec_time_only,active,2022,342,0.011875437260655694,507.6,False,,,,,,,,,
bt_dkgrec_time_only,active,2022,343,0.012083510806145987,509.1,False,,,,,,,,,
bt_dkgrec_time_only,active,2022,344,0.012037482221426992,510.4,False,,,,,,,,,
bt_dkgrec_time_only,active,2022,345,0.0120184536066549,511.8,True,0.015289814098939522,0.02940260099931917,0.05982905982905983,0.09401709401709402,0.016692581434336176,0.02213325217523719,0.031249871527649305,0.04677878705656484,best
bt_dkgrec_time_only,active,2022,346,0.012013996757867212,513.6,False,,,,,,,,,
bt_dkgrec_time_only,active,2022,347,0.011981106389186157,515.0,False,,,,,,,,,
bt_dkgrec_time_only,active,2022,348,0.011977118449241304,516.4,False,,,,,,,,,
bt_dkgrec_time_only,active,2022,349,0.01183919061234769,517.8,False,,,,,,,,,
bt_dkgrec_time_only,active,2022,350,0.011804065921748586,519.2,True,0.015301353581278343,0.029367982552302704,0.05982905982905983,0.09829059829059829,0.01634484829821763,0.022060799117237656,0.031249871527649305,0.04716728744506522,khong cai thien (1/50)
bt_dkgrec_time_only,active,2022,351,0.011877207219264054,521.1,False,,,,,,,,,
bt_dkgrec_time_only,active,2022,352,0.011908860528432128,522.5,False,,,,,,,,,
bt_dkgrec_time_only,active,2022,353,0.011898581569672328,523.9,False,,,,,,,,,
bt_dkgrec_time_only,active,2022,354,0.01186896308803628,525.3,False,,,,,,,,,
bt_dkgrec_time_only,active,2022,355,0.011652544398027827,526.7,True,0.015347511510633634,0.029460298411013282,0.05128205128205128,0.09401709401709402,0.01533482741145242,0.021406975666296704,0.030359558137335912,0.04677878705656484,khong cai thien (2/50)
bt_dkgrec_time_only,active,2022,356,0.011816912803088518,528.5,False,,,,,,,,,
bt_dkgrec_time_only,active,2022,357,0.01177401272889175,529.9,False,,,,,,,,,
bt_dkgrec_time_only,active,2022,358,0.011795257780330092,531.3,False,,,,,,,,,
bt_dkgrec_time_only,active,2022,359,0.011807356222814307,532.6,False,,,,,,,,,
bt_dkgrec_time_only,active,2022,360,0.011671643266955852,534.1,True,0.015370590475311278,0.02965646961077326,0.0641025641025641,0.08974358974358974,0.016508179588819376,0.020938313031567457,0.032460697738475514,0.04528306056083834,khong cai thien (3/50)
bt_dkgrec_time_only,active,2022,361,0.011723248573495573,536.0,False,,,,,,,,,
bt_dkgrec_time_only,active,2022,362,0.011825900323550244,537.4,False,,,,,,,,,
bt_dkgrec_time_only,active,2022,363,0.011557699077103375,538.8,False,,,,,,,,,
bt_dkgrec_time_only,active,2022,364,0.011602273833095117,540.2,False,,,,,,,,,
bt_dkgrec_time_only,active,2022,365,0.01161255230183517,541.6,True,0.015393669439988922,0.02986418029287206,0.05982905982905983,0.08974358974358974,0.016269578730458947,0.0212490765914162,0.03192650970428748,0.045710410988188774,khong cai thien (4/50)
bt_dkgrec_time_only,active,2022,366,0.01168855745584433,543.4,False,,,,,,,,,
bt_dkgrec_time_only,active,2022,367,0.011588126022890008,544.8,False,,,,,,,,,
bt_dkgrec_time_only,active,2022,368,0.0116120916608181,546.1,False,,,,,,,,,
bt_dkgrec_time_only,active,2022,369,0.011593570667313207,547.5,False,,,,,,,,,
bt_dkgrec_time_only,active,2022,370,0.011756057695284218,549.0,True,0.015462906334021856,0.029979575116260284,0.0641025641025641,0.08974358974358974,0.01676964471108716,0.02135160888701094,0.032638760416538196,0.045710410988188774,khong cai thien (5/50)
bt_dkgrec_time_only,active,2022,371,0.011455968457948213,550.9,False,,,,,,,,,
bt_dkgrec_time_only,active,2022,372,0.011558298390986986,552.3,False,,,,,,,,,
bt_dkgrec_time_only,active,2022,373,0.011622064676700667,553.7,False,,,,,,,,,
bt_dkgrec_time_only,active,2022,374,0.011485400103082317,555.0,False,,,,,,,,,
bt_dkgrec_time_only,active,2022,375,0.011441602793864742,556.4,True,0.015543682710393612,0.02985264081053324,0.0641025641025641,0.09401709401709402,0.016360024387554146,0.02142357185196583,0.032460697738475514,0.04650971456527012,khong cai thien (6/50)
bt_dkgrec_time_only,active,2022,376,0.011483038196058863,558.2,False,,,,,,,,,
bt_dkgrec_time_only,active,2022,377,0.011534731232133165,559.6,False,,,,,,,,,
bt_dkgrec_time_only,active,2022,378,0.011442715551193128,561.0,False,,,,,,,,,
bt_dkgrec_time_only,active,2022,379,0.011492664313840877,562.4,False,,,,,,,,,
bt_dkgrec_time_only,active,2022,380,0.0117022986893,563.8,True,0.015682156498459478,0.030175746316020262,0.06837606837606838,0.09829059829059829,0.01699783586331041,0.021953860992623617,0.033885199162976935,0.04848818876596654,khong cai thien (7/50)
bt_dkgrec_time_only,active,2022,381,0.01133965879298554,565.7,False,,,,,,,,,
bt_dkgrec_time_only,active,2022,382,0.011329106892068126,567.1,False,,,,,,,,,
bt_dkgrec_time_only,active,2022,383,0.011381563675660093,568.5,False,,,,,,,,,
bt_dkgrec_time_only,active,2022,384,0.011359454718286208,569.9,False,,,,,,,,,
bt_dkgrec_time_only,active,2022,385,0.011352207200309175,571.3,True,0.015751393392492413,0.03015266735134262,0.05555555555555555,0.09401709401709402,0.01479903038969091,0.021590679827801516,0.027332492610270386,0.04693706499262055,khong cai thien (8/50)
bt_dkgrec_time_only,active,2022,386,0.011380555450881569,573.1,False,,,,,,,,,
bt_dkgrec_time_only,active,2022,387,0.011516612070673464,574.5,False,,,,,,,,,
bt_dkgrec_time_only,active,2022,388,0.011337647239708743,575.8,False,,,,,,,,,
bt_dkgrec_time_only,active,2022,389,0.01132908684905589,577.3,False,,,,,,,,,
bt_dkgrec_time_only,active,2022,390,0.011281764069698436,578.7,True,0.015786011839508878,0.030337299068763774,0.06837606837606838,0.09829059829059829,0.01721031838590918,0.021952437431092122,0.033885199162976935,0.04732556538112093,khong cai thien (9/50)
bt_dkgrec_time_only,active,2022,391,0.01144537843338415,580.6,False,,,,,,,,,
bt_dkgrec_time_only,active,2022,392,0.011419063196029346,582.0,False,,,,,,,,,
bt_dkgrec_time_only,active,2022,393,0.011324878825435931,583.4,False,,,,,,,,,
bt_dkgrec_time_only,active,2022,394,0.011325079297893646,584.8,False,,,,,,,,,
bt_dkgrec_time_only,active,2022,395,0.011334656746572335,586.1,True,0.0157975513218477,0.030521930786184932,0.07692307692307693,0.10256410256410256,0.01871137362883467,0.023049181244006373,0.03908462936240714,0.051599069654625206,best
bt_dkgrec_time_only,active,2022,396,0.01121346777998446,588.0,False,,,,,,,,,
bt_dkgrec_time_only,active,2022,397,0.011261352279911001,589.3,False,,,,,,,,,
bt_dkgrec_time_only,active,2022,398,0.011184731165195022,590.8,False,,,,,,,,,
bt_dkgrec_time_only,active,2022,399,0.01132082158748514,592.2,False,,,,,,,,,
bt_dkgrec_time_only,active,2022,400,0.011281068765442938,593.6,True,0.01587832769821946,0.030798878362316668,0.0811965811965812,0.09829059829059829,0.01965810895589512,0.023449615919783166,0.03993933021710799,0.05121056926612483,best
bt_dkgrec_time_only,active,2022,401,0.01120068685999208,595.4,False,,,,,,,,,
bt_dkgrec_time_only,active,2022,402,0.011084214016375557,596.8,False,,,,,,,,,
bt_dkgrec_time_only,active,2022,403,0.011088607102973559,598.2,False,,,,,,,,,
bt_dkgrec_time_only,active,2022,404,0.011213146204254322,599.6,False,,,,,,,,,
bt_dkgrec_time_only,active,2022,405,0.010997900335268868,600.9,True,0.01587832769821946,0.030845036291671957,0.07264957264957266,0.09829059829059829,0.017066572526896442,0.023205018133685713,0.03139232167009945,0.05121056926612483,khong cai thien (1/50)
bt_dkgrec_time_only,active,2022,406,0.011123510166643398,602.7,False,,,,,,,,,
bt_dkgrec_time_only,active,2022,407,0.011234332642232137,604.1,False,,,,,,,,,
bt_dkgrec_time_only,active,2022,408,0.011028071941926265,605.6,False,,,,,,,,,
bt_dkgrec_time_only,active,2022,409,0.011068443921638046,607.0,False,,,,,,,,,
bt_dkgrec_time_only,active,2022,410,0.011008947176470702,608.4,True,0.01598218303926886,0.031237378691191912,0.06837606837606838,0.09829059829059829,0.017490547125403468,0.0232735498569079,0.03409887437665215,0.05121056926612483,khong cai thien (2/50)
bt_dkgrec_time_only,active,2022,411,0.011053044912666368,610.2,False,,,,,,,,,
bt_dkgrec_time_only,active,2022,412,0.011051406947483676,611.5,False,,,,,,,,,
bt_dkgrec_time_only,active,2022,413,0.01111396856322643,612.9,False,,,,,,,,,
bt_dkgrec_time_only,active,2022,414,0.010919566303700511,614.3,False,,,,,,,,,
bt_dkgrec_time_only,active,2022,415,0.01113548581372845,615.7,True,0.016005262003946502,0.031283536620547205,0.0641025641025641,0.09829059829059829,0.01592958905540279,0.022680652916411533,0.02982537010314788,0.05121056926612483,khong cai thien (3/50)
bt_dkgrec_time_only,active,2022,416,0.010973247988412326,617.5,False,,,,,,,,,
bt_dkgrec_time_only,active,2022,417,0.011000935747758693,618.9,False,,,,,,,,,
bt_dkgrec_time_only,active,2022,418,0.010919048239081708,620.3,False,,,,,,,,,
bt_dkgrec_time_only,active,2022,419,0.011054483736987135,621.8,False,,,,,,,,,
bt_dkgrec_time_only,active,2022,420,0.010995112140821772,623.1,True,0.01614373579201237,0.031306615585224844,0.0641025641025641,0.09829059829059829,0.016297570741590085,0.022334023406601428,0.03043587071364849,0.05062494090271868,khong cai thien (4/50)
bt_dkgrec_time_only,active,2022,421,0.010877015153190894,624.9,False,,,,,,,,,
bt_dkgrec_time_only,active,2022,422,0.011036789253214597,626.3,False,,,,,,,,,
bt_dkgrec_time_only,active,2022,423,0.011003975682223202,627.7,False,,,,,,,,,
bt_dkgrec_time_only,active,2022,424,0.010918559685329749,629.1,False,,,,,,,,,
bt_dkgrec_time_only,active,2022,425,0.010863516127659371,630.5,True,0.01618989372136766,0.031491247302646005,0.06837606837606838,0.09401709401709402,0.01707706960995321,0.022724018720345417,0.03092612120389898,0.05019759047536825,khong cai thien (5/50)
bt_dkgrec_time_only,active,2022,426,0.010925617703337403,632.3,False,,,,,,,,,
bt_dkgrec_time_only,active,2022,427,0.010905471944157901,633.7,False,,,,,,,,,
bt_dkgrec_time_only,active,2022,428,0.01078750931151868,635.1,False,,,,,,,,,
bt_dkgrec_time_only,active,2022,429,0.01098536927135234,636.5,False,,,,,,,,,
bt_dkgrec_time_only,active,2022,430,0.010946786150648024,637.9,True,0.01623605165072295,0.03147970782030718,0.0641025641025641,0.09401709401709402,0.017182851002101932,0.022736403577718157,0.031002433780211558,0.05019759047536825,khong cai thien (6/50)
bt_dkgrec_time_only,active,2022,431,0.010997923250023026,639.7,False,,,,,,,,,
bt_dkgrec_time_only,active,2022,432,0.010941766141282387,641.1,False,,,,,,,,,
bt_dkgrec_time_only,active,2022,433,0.010815484397847039,642.4,False,,,,,,,,,
bt_dkgrec_time_only,active,2022,434,0.010909733878851104,643.8,False,,,,,,,,,
bt_dkgrec_time_only,active,2022,435,0.010798009918062778,645.2,True,0.01625913061540059,0.03137585247925778,0.0641025641025641,0.09401709401709402,0.016875471141568364,0.022553898096837274,0.030213870491648268,0.049770240048017826,khong cai thien (7/50)
bt_dkgrec_time_only,active,2022,436,0.010770980929107846,647.1,False,,,,,,,,,
bt_dkgrec_time_only,active,2022,437,0.010874824592197145,648.5,False,,,,,,,,,
bt_dkgrec_time_only,active,2022,438,0.010788228918804208,649.9,False,,,,,,,,,
bt_dkgrec_time_only,active,2022,439,0.010743596674346797,651.3,False,,,,,,,,,
bt_dkgrec_time_only,active,2022,440,0.010909504035222173,652.7,True,0.016386064921127638,0.03146816833796836,0.05982905982905983,0.09829059829059829,0.016685487705179563,0.023231443100139023,0.029145494423272196,0.05062494090271868,khong cai thien (8/50)
bt_dkgrec_time_only,active,2022,441,0.010794348117220173,654.5,False,,,,,,,,,
bt_dkgrec_time_only,active,2022,442,0.010853441757339252,655.9,False,,,,,,,,,
bt_dkgrec_time_only,active,2022,443,0.010782029514059065,657.2,False,,,,,,,,,
bt_dkgrec_time_only,active,2022,444,0.010772699601453184,658.6,False,,,,,,,,,
bt_dkgrec_time_only,active,2022,445,0.010787123980844785,660.0,True,0.01639760440346646,0.03160664212603423,0.0641025641025641,0.09829059829059829,0.017142522251146916,0.023087409552461663,0.030213870491648268,0.05062494090271868,khong cai thien (9/50)
bt_dkgrec_time_only,active,2022,446,0.010635116005096094,661.9,False,,,,,,,,,
bt_dkgrec_time_only,active,2022,447,0.010663836956596047,663.4,False,,,,,,,,,
bt_dkgrec_time_only,active,2022,448,0.010826338678998584,664.8,False,,,,,,,,,
bt_dkgrec_time_only,active,2022,449,0.010601016045262875,666.1,False,,,,,,,,,
bt_dkgrec_time_only,active,2022,450,0.010734151322578149,667.5,True,0.016432222850482927,0.03153740523200129,0.06837606837606838,0.09829059829059829,0.018901625145765755,0.02331104208178072,0.035097875375653155,0.05062494090271868,khong cai thien (10/50)
bt_dkgrec_time_only,active,2022,451,0.010696526395130461,669.3,False,,,,,,,,,
bt_dkgrec_time_only,active,2022,452,0.01073472151808887,670.7,False,,,,,,,,,
bt_dkgrec_time_only,active,2022,453,0.010640843527813472,672.1,False,,,,,,,,,
bt_dkgrec_time_only,active,2022,454,0.01058655864025067,673.5,False,,,,,,,,,
bt_dkgrec_time_only,active,2022,455,0.010612669201681314,674.9,True,0.01648992026217704,0.031698957984744806,0.06837606837606838,0.10256410256410256,0.019368704304575934,0.024424175777782376,0.03581012608790386,0.053347321402876964,best
bt_dkgrec_time_only,active,2022,456,0.010681761615857387,676.8,False,,,,,,,,,
bt_dkgrec_time_only,active,2022,457,0.010574725108308234,678.2,False,,,,,,,,,
bt_dkgrec_time_only,active,2022,458,0.010666320409574053,679.6,False,,,,,,,,,
bt_dkgrec_time_only,active,2022,459,0.010649312190319114,680.9,False,,,,,,,,,
bt_dkgrec_time_only,active,2022,460,0.010600275883759296,682.3,True,0.016663012497259374,0.031860510737488315,0.06837606837606838,0.09829059829059829,0.01909137329271535,0.0236408132154522,0.03581012608790386,0.05121056926612483,khong cai thien (1/50)
bt_dkgrec_time_only,active,2022,461,0.010581570430858573,684.1,False,,,,,,,,,
bt_dkgrec_time_only,active,2022,462,0.010684492633376981,685.5,False,,,,,,,,,
bt_dkgrec_time_only,active,2022,463,0.010586562122636827,686.9,False,,,,,,,,,
bt_dkgrec_time_only,active,2022,464,0.010602092020600102,688.3,False,,,,,,,,,
bt_dkgrec_time_only,active,2022,465,0.010475972529406342,689.7,True,0.01654761767387115,0.031860510737488315,0.0641025641025641,0.09829059829059829,0.01747128842160676,0.023365148010835737,0.03082437110214888,0.0507832188387744,khong cai thien (2/50)
bt_dkgrec_time_only,active,2022,466,0.010474403382306326,691.6,False,,,,,,,,,
bt_dkgrec_time_only,active,2022,467,0.010595832486615954,693.0,False,,,,,,,,,
bt_dkgrec_time_only,active,2022,468,0.010578948064905268,694.4,False,,,,,,,,,
bt_dkgrec_time_only,active,2022,469,0.010478720880420464,695.8,False,,,,,,,,,
bt_dkgrec_time_only,active,2022,470,0.010615983738834978,697.2,True,0.01648992026217704,0.031848971255149496,0.06837606837606838,0.09829059829059829,0.018921986636883083,0.024176315247096916,0.035097875375653155,0.052492620548176105,khong cai thien (3/50)
bt_dkgrec_time_only,active,2022,471,0.010489327829672565,699.0,False,,,,,,,,,
bt_dkgrec_time_only,active,2022,472,0.010532511870983897,700.3,False,,,,,,,,,
bt_dkgrec_time_only,active,2022,473,0.010479891034187543,701.7,False,,,,,,,,,
bt_dkgrec_time_only,active,2022,474,0.010528845738694085,703.2,False,,,,,,,,,
bt_dkgrec_time_only,active,2022,475,0.010313840456769939,704.6,True,0.01675532835596995,0.031791273843455384,0.06837606837606838,0.09829059829059829,0.019211996237687032,0.02445411283000635,0.035097875375653155,0.052492620548176105,best
bt_dkgrec_time_only,active,2022,476,0.010528242347356989,706.5,False,,,,,,,,,
bt_dkgrec_time_only,active,2022,477,0.010486886534227165,707.9,False,,,,,,,,,
bt_dkgrec_time_only,active,2022,478,0.010515396215933935,709.3,False,,,,,,,,,
bt_dkgrec_time_only,active,2022,479,0.01038218220221999,710.7,False,,,,,,,,,
bt_dkgrec_time_only,active,2022,480,0.01041898392676402,712.1,True,0.016663012497259374,0.03187205021982714,0.07264957264957266,0.09401709401709402,0.01997679165118533,0.023222574389974094,0.03876087903865681,0.0477917658473214,khong cai thien (1/50)
bt_dkgrec_time_only,active,2022,481,0.010421940183529212,713.9,False,,,,,,,,,
bt_dkgrec_time_only,active,2022,482,0.010456362733982406,715.3,False,,,,,,,,,
bt_dkgrec_time_only,active,2022,483,0.010418488418685654,716.7,False,,,,,,,,,
bt_dkgrec_time_only,active,2022,484,0.010365218425705529,718.1,False,,,,,,,,,
bt_dkgrec_time_only,active,2022,485,0.010465063825699877,719.6,True,0.016789946802986417,0.03202206349023183,0.06837606837606838,0.09829059829059829,0.018715486181739762,0.023501009146317073,0.03448737476515254,0.04864646670202226,khong cai thien (2/50)
bt_dkgrec_time_only,active,2022,486,0.010498961018359527,721.4,False,,,,,,,,,
bt_dkgrec_time_only,active,2022,487,0.010435177086178674,722.8,False,,,,,,,,,
bt_dkgrec_time_only,active,2022,488,0.010365625598736078,724.2,False,,,,,,,,,
bt_dkgrec_time_only,active,2022,489,0.010334049099689765,725.6,False,,,,,,,,,
bt_dkgrec_time_only,active,2022,490,0.010310821556465132,727.0,True,0.016836104732341706,0.032056681937248296,0.07264957264957266,0.09829059829059829,0.020083285280819367,0.023856829862359954,0.03876087903865681,0.049073817129372685,khong cai thien (3/50)
bt_dkgrec_time_only,active,2022,491,0.010426977542775476,728.8,False,,,,,,,,,
bt_dkgrec_time_only,active,2022,492,0.010294122022524456,730.2,False,,,,,,,,,
bt_dkgrec_time_only,active,2022,493,0.010358662819215632,731.6,False,,,,,,,,,
bt_dkgrec_time_only,active,2022,494,0.010631416643913457,733.0,False,,,,,,,,,
bt_dkgrec_time_only,active,2022,495,0.010367305060839656,734.4,True,0.01700919696742404,0.03239132692507414,0.07264957264957266,0.10683760683760683,0.019983304498631938,0.02496920628801034,0.03876087903865681,0.05361441541997098,best
bt_dkgrec_time_only,active,2022,496,0.0103384848060518,736.2,False,,,,,,,,,
bt_dkgrec_time_only,active,2022,497,0.010407068676281722,737.6,False,,,,,,,,,
bt_dkgrec_time_only,active,2022,498,0.01036913286987911,739.0,False,,,,,,,,,
bt_dkgrec_time_only,active,2022,499,0.010355955802438414,740.4,False,,,,,,,,,
bt_dkgrec_time_only,active,2022,500,0.010277242448285153,741.8,True,0.01700919696742404,0.03251826123080118,0.06837606837606838,0.10256410256410256,0.019735093724872508,0.02482209648874781,0.03822669100446878,0.053347321402876964,khong cai thien (1/50)
bt_dkgrec_time_only,active,2022,501,0.010260849452675242,743.6,False,,,,,,,,,
bt_dkgrec_time_only,active,2022,502,0.010265514485888017,745.0,False,,,,,,,,,
bt_dkgrec_time_only,active,2022,503,0.010149318617174842,746.4,False,,,,,,,,,
bt_dkgrec_time_only,active,2022,504,0.010315484380166088,747.8,False,,,,,,,,,
bt_dkgrec_time_only,active,2022,505,0.010304074519535866,749.2,True,0.017032275932101687,0.03263365605418941,0.06837606837606838,0.10256410256410256,0.019742996420586606,0.02449737619586677,0.03822669100446878,0.05273682079237635,khong cai thien (2/50)
bt_dkgrec_time_only,active,2022,506,0.010340949356570945,751.0,False,,,,,,,,,
bt_dkgrec_time_only,active,2022,507,0.01038980065828567,752.4,False,,,,,,,,,
bt_dkgrec_time_only,active,2022,508,0.010378432638426933,753.8,False,,,,,,,,,
bt_dkgrec_time_only,active,2022,509,0.01008896347606769,755.2,False,,,,,,,,,
bt_dkgrec_time_only,active,2022,510,0.010237480447305968,756.6,True,0.017043815414440507,0.03279520880693292,0.0641025641025641,0.10256410256410256,0.01951259097046771,0.024762230618694363,0.03715831493609271,0.05273682079237635,khong cai thien (3/50)
bt_dkgrec_time_only,active,2022,511,0.01021759251404385,758.4,False,,,,,,,,,
bt_dkgrec_time_only,active,2022,512,0.01018574998670683,759.8,False,,,,,,,,,
bt_dkgrec_time_only,active,2022,513,0.010284798012592172,761.2,False,,,,,,,,,
bt_dkgrec_time_only,active,2022,514,0.010282975236310228,762.6,False,,,,,,,,,
bt_dkgrec_time_only,active,2022,515,0.010216407260128388,764.0,True,0.017216907649522842,0.03282982725394939,0.0641025641025641,0.09829059829059829,0.019599828271870665,0.02395441066668004,0.03715831493609271,0.04846331651887207,khong cai thien (4/50)
bt_dkgrec_time_only,active,2022,516,0.010079593113504112,765.8,False,,,,,,,,,
bt_dkgrec_time_only,active,2022,517,0.010142770480355072,767.2,False,,,,,,,,,
bt_dkgrec_time_only,active,2022,518,0.01029791578582282,768.6,False,,,,,,,,,
bt_dkgrec_time_only,active,2022,519,0.010169402641847796,770.0,False,,,,,,,,,
bt_dkgrec_time_only,active,2022,520,0.010158830588787835,771.4,True,0.017147670755489907,0.03300291948903172,0.0641025641025641,0.09829059829059829,0.01922032955554966,0.023524777620906816,0.037260065037842814,0.04846331651887207,khong cai thien (5/50)
bt_dkgrec_time_only,active,2022,521,0.010134516014151987,773.2,False,,,,,,,,,
bt_dkgrec_time_only,active,2022,522,0.010233941394782377,774.6,False,,,,,,,,,
bt_dkgrec_time_only,active,2022,523,0.010255581437465189,776.0,False,,,,,,,,,
bt_dkgrec_time_only,active,2022,524,0.010054183088294354,777.4,False,,,,,,,,,
bt_dkgrec_time_only,active,2022,525,0.010187564534758147,778.8,True,0.01715921023782873,0.032910603630321146,0.06837606837606838,0.09829059829059829,0.0196207149532744,0.023684984264265664,0.03787056564834342,0.04864646670202226,khong cai thien (6/50)
bt_dkgrec_time_only,active,2022,526,0.010131895984882077,780.6,False,,,,,,,,,
bt_dkgrec_time_only,active,2022,527,0.010134858119511833,782.0,False,,,,,,,,,
bt_dkgrec_time_only,active,2022,528,0.01024187983493815,783.4,False,,,,,,,,,
bt_dkgrec_time_only,active,2022,529,0.010169539590974015,784.8,False,,,,,,,,,
bt_dkgrec_time_only,active,2022,530,0.01005760380252953,786.2,True,0.017170749720167553,0.033129853794758767,0.06837606837606838,0.10256410256410256,0.01978886613687046,0.02493984687096022,0.03787056564834342,0.05291997097552654,khong cai thien (7/50)
bt_dkgrec_time_only,active,2022,531,0.010099926309291933,788.0,False,,,,,,,,,
bt_dkgrec_time_only,active,2022,532,0.01009422893946014,789.5,False,,,,,,,,,
bt_dkgrec_time_only,active,2022,533,0.009995777317427084,790.9,False,,,,,,,,,
bt_dkgrec_time_only,active,2022,534,0.01011889887726238,792.2,False,,,,,,,,,
bt_dkgrec_time_only,active,2022,535,0.01013579832298402,793.6,True,0.017228447131861665,0.033210630171130524,0.06837606837606838,0.10256410256410256,0.02000012068741556,0.025254328222283934,0.03787056564834342,0.053347321402876964,best
bt_dkgrec_time_only,active,2022,536,0.010214020086495069,795.4,False,,,,,,,,,
bt_dkgrec_time_only,active,2022,537,0.009946640785856725,796.8,False,,,,,,,,,
bt_dkgrec_time_only,active,2022,538,0.010109624538891155,798.2,False,,,,,,,,,
bt_dkgrec_time_only,active,2022,539,0.009982787990868557,799.6,False,,,,,,,,,
bt_dkgrec_time_only,active,2022,540,0.010138551644650317,801.0,True,0.017286144543555777,0.03325678810048581,0.07264957264957266,0.09829059829059829,0.020875174691733882,0.024361136758563467,0.038404753682531455,0.047204159009714565,khong cai thien (1/50)
bt_dkgrec_time_only,active,2022,541,0.01018096013054049,802.9,False,,,,,,,,,
bt_dkgrec_time_only,active,2022,542,0.010020261889742936,804.3,False,,,,,,,,,
bt_dkgrec_time_only,active,2022,543,0.009950783169598269,805.7,False,,,,,,,,,
bt_dkgrec_time_only,active,2022,544,0.010046851614440534,807.1,False,,,,,,,,,
bt_dkgrec_time_only,active,2022,545,0.010136758968546263,808.5,True,0.017332302472911065,0.03329140654750228,0.0641025641025641,0.10683760683760683,0.018649133474096097,0.02559209436674484,0.031994497272275046,0.05361441541997098,best
bt_dkgrec_time_only,active,2022,546,0.010061721539077802,810.3,False,,,,,,,,,
bt_dkgrec_time_only,active,2022,547,0.010023219933475618,811.6,False,,,,,,,,,
bt_dkgrec_time_only,active,2022,548,0.010005698055549739,813.0,False,,,,,,,,,
bt_dkgrec_time_only,active,2022,549,0.00995497159663982,814.4,False,,,,,,,,,
bt_dkgrec_time_only,active,2022,550,0.009842798162484684,815.8,True,0.01730922350823342,0.03323370913580817,0.0641025641025641,0.10683760683760683,0.018541392194473275,0.025480745323849526,0.031994497272275046,0.05361441541997098,khong cai thien (1/50)
bt_dkgrec_time_only,active,2022,551,0.009946463994272238,817.7,False,,,,,,,,,
bt_dkgrec_time_only,active,2022,552,0.010106938260202036,819.1,False,,,,,,,,,
bt_dkgrec_time_only,active,2022,553,0.010002713776919348,820.5,False,,,,,,,,,
bt_dkgrec_time_only,active,2022,554,0.009961416303504736,821.9,False,,,,,,,,,
bt_dkgrec_time_only,active,2022,555,0.009994592901060103,823.3,True,0.01747077626097693,0.033418340853229325,0.0641025641025641,0.10683760683760683,0.018573540938508576,0.025552772657504653,0.031994497272275046,0.05361441541997098,khong cai thien (2/50)
bt_dkgrec_time_only,active,2022,556,0.0099511955530955,825.1,False,,,,,,,,,
bt_dkgrec_time_only,active,2022,557,0.009898999706572747,826.5,False,,,,,,,,,
bt_dkgrec_time_only,active,2022,558,0.00989026666738846,827.9,False,,,,,,,,,
bt_dkgrec_time_only,active,2022,559,0.009902310672200614,829.3,False,,,,,,,,,
bt_dkgrec_time_only,active,2022,560,0.009853611893265406,830.7,True,0.017482315743315754,0.03347603826492344,0.0641025641025641,0.10256410256410256,0.018485664126274476,0.02445411220974594,0.031994497272275046,0.04934091114646671,khong cai thien (3/50)
bt_dkgrec_time_only,active,2022,561,0.00993019210167728,832.6,False,,,,,,,,,
bt_dkgrec_time_only,active,2022,562,0.009897421110229494,834.0,False,,,,,,,,,
bt_dkgrec_time_only,active,2022,563,0.009951568995590567,835.4,False,,,,,,,,,
bt_dkgrec_time_only,active,2022,564,0.009949155446168515,836.8,False,,,,,,,,,
bt_dkgrec_time_only,active,2022,565,0.010073452696580238,838.2,True,0.017643868496059267,0.033626051535328126,0.05982905982905983,0.10256410256410256,0.01806765287072079,0.024323449230174543,0.03128224656002433,0.04934091114646671,khong cai thien (4/50)
bt_dkgrec_time_only,active,2022,566,0.009890922327179783,840.0,False,,,,,,,,,
bt_dkgrec_time_only,active,2022,567,0.00986665221373027,841.3,False,,,,,,,,,
bt_dkgrec_time_only,active,2022,568,0.009917209259048274,842.7,False,,,,,,,,,
bt_dkgrec_time_only,active,2022,569,0.009857996664755198,844.1,False,,,,,,,,,
bt_dkgrec_time_only,active,2022,570,0.009838197811050912,845.6,True,0.017736184354769844,0.033718367394038704,0.06837606837606838,0.1111111111111111,0.01921314565188179,0.02637525551225081,0.034273699551477334,0.05788791969347525,best
bt_dkgrec_time_only,active,2022,571,0.009837286101256896,847.5,False,,,,,,,,,
bt_dkgrec_time_only,active,2022,572,0.009888720381764794,848.9,False,,,,,,,,,
bt_dkgrec_time_only,active,2022,573,0.009855856473671912,850.3,False,,,,,,,,,
bt_dkgrec_time_only,active,2022,574,0.009959067970129418,851.7,False,,,,,,,,,
bt_dkgrec_time_only,active,2022,575,0.009867165577929592,853.1,True,0.01770156590775338,0.033937617558476324,0.06837606837606838,0.1111111111111111,0.018837642020074468,0.025060789947118828,0.03555575083352861,0.053881509437064996,khong cai thien (1/50)
bt_dkgrec_time_only,active,2022,576,0.009807505729767666,854.9,False,,,,,,,,,
bt_dkgrec_time_only,active,2022,577,0.009845931487540578,856.3,False,,,,,,,,,
bt_dkgrec_time_only,active,2022,578,0.009792508600877643,857.7,False,,,,,,,,,
bt_dkgrec_time_only,active,2022,579,0.009888349731858148,859.1,False,,,,,,,,,
bt_dkgrec_time_only,active,2022,580,0.009765430610591699,860.5,True,0.01775926331944749,0.03389145962912104,0.06837606837606838,0.1111111111111111,0.01876477322442756,0.025467867949339095,0.03413124940902718,0.053881509437064996,khong cai thien (2/50)
bt_dkgrec_time_only,active,2022,581,0.009713679953988232,862.4,False,,,,,,,,,
bt_dkgrec_time_only,active,2022,582,0.00985291592152007,863.8,False,,,,,,,,,
bt_dkgrec_time_only,active,2022,583,0.00982069136402985,865.2,False,,,,,,,,,
bt_dkgrec_time_only,active,2022,584,0.00977690709546164,866.6,False,,,,,,,,,
bt_dkgrec_time_only,active,2022,585,0.009628671128304652,867.9,True,0.017690026425414555,0.0339722360054928,0.07692307692307693,0.1111111111111111,0.020951123748087577,0.025801390217657698,0.04089763117540895,0.05430885986441542,khong cai thien (3/50)
bt_dkgrec_time_only,active,2022,586,0.009773862691693364,869.7,False,,,,,,,,,
bt_dkgrec_time_only,active,2022,587,0.009759834871940456,871.1,False,,,,,,,,,
bt_dkgrec_time_only,active,2022,588,0.009761397421291014,872.6,False,,,,,,,,,
bt_dkgrec_time_only,active,2022,589,0.009808256425638338,874.0,False,,,,,,,,,
bt_dkgrec_time_only,active,2022,590,0.009729451314519667,875.4,True,0.017690026425414555,0.0339722360054928,0.08547008547008547,0.10683760683760683,0.020867927572092927,0.025681777234338985,0.038458172485950265,0.054041765847321406,khong cai thien (4/50)
bt_dkgrec_time_only,active,2022,591,0.009712660065930542,877.2,False,,,,,,,,,
bt_dkgrec_time_only,active,2022,592,0.00980459121201831,878.6,False,,,,,,,,,
bt_dkgrec_time_only,active,2022,593,0.009795295987256522,880.0,False,,,,,,,,,
bt_dkgrec_time_only,active,2022,594,0.00973821187348512,881.4,False,,,,,,,,,
bt_dkgrec_time_only,active,2022,595,0.009763050398714624,882.8,True,0.017828500213480425,0.033937617558476324,0.0811965811965812,0.10683760683760683,0.020953677611879683,0.026047305694015022,0.03774592177369955,0.054041765847321406,khong cai thien (5/50)
bt_dkgrec_time_only,active,2022,596,0.009781658332407597,884.6,False,,,,,,,,,
bt_dkgrec_time_only,active,2022,597,0.009777442525905792,886.0,False,,,,,,,,,
bt_dkgrec_time_only,active,2022,598,0.009749940807811457,887.4,False,,,,,,,,,
bt_dkgrec_time_only,active,2022,599,0.009644896465639772,888.8,False,,,,,,,,,
bt_dkgrec_time_only,active,2022,600,0.009657388502117928,890.2,True,0.017793881766463956,0.03402993341718691,0.07264957264957266,0.10683760683760683,0.019939524572742576,0.026116735388773706,0.03493253146030923,0.054041765847321406,khong cai thien (6/50)
bt_dkgrec_time_only,active,2022,601,0.00971141899048091,892.0,False,,,,,,,,,
bt_dkgrec_time_only,active,2022,602,0.009741673870665586,893.4,False,,,,,,,,,
bt_dkgrec_time_only,active,2022,603,0.009671716726393904,894.8,False,,,,,,,,,
bt_dkgrec_time_only,active,2022,604,0.009609596146758832,896.2,False,,,,,,,,,
bt_dkgrec_time_only,active,2022,605,0.009673440815236743,897.6,True,0.017632329013720444,0.034133788758236305,0.07692307692307693,0.1111111111111111,0.021530868229795268,0.027569719362584753,0.0392060357338135,0.05831527012082568,best
bt_dkgrec_time_only,active,2022,606,0.00967804696861834,899.4,False,,,,,,,,,
bt_dkgrec_time_only,active,2022,607,0.009681433295513183,900.8,False,,,,,,,,,
bt_dkgrec_time_only,active,2022,608,0.009731261304844814,902.2,False,,,,,,,,,
bt_dkgrec_time_only,active,2022,609,0.009746544095164629,903.7,False,,,,,,,,,
bt_dkgrec_time_only,active,2022,610,0.009683102792404523,905.1,True,0.017690026425414555,0.034295341510979814,0.07264957264957266,0.1111111111111111,0.02087279859146149,0.02676143461802931,0.0395494423272201,0.05831527012082568,khong cai thien (1/50)
bt_dkgrec_time_only,active,2022,611,0.009629951726931905,906.9,False,,,,,,,,,
bt_dkgrec_time_only,active,2022,612,0.009582122878131467,908.3,False,,,,,,,,,
bt_dkgrec_time_only,active,2022,613,0.00955346908944238,909.7,False,,,,,,,,,
bt_dkgrec_time_only,active,2022,614,0.009649057960445696,911.0,False,,,,,,,,,
bt_dkgrec_time_only,active,2022,615,0.009591057743713936,912.4,True,0.017828500213480425,0.03426072306396335,0.07264957264957266,0.1111111111111111,0.019935825103731403,0.02595672269279227,0.03910428563206341,0.05831527012082568,khong cai thien (2/50)
bt_dkgrec_time_only,active,2022,616,0.009631196552131445,914.3,False,,,,,,,,,
bt_dkgrec_time_only,active,2022,617,0.009601337567608243,915.7,False,,,,,,,,,
bt_dkgrec_time_only,active,2022,618,0.009628319941717527,917.1,False,,,,,,,,,
bt_dkgrec_time_only,active,2022,619,0.009587000477257588,918.5,False,,,,,,,,,
bt_dkgrec_time_only,active,2022,620,0.00957914368161918,919.9,True,0.017747723837108667,0.03436457840501275,0.07264957264957266,0.1111111111111111,0.02068422387480448,0.02655065145336304,0.040363443141220916,0.05831527012082568,khong cai thien (3/50)
bt_dkgrec_time_only,active,2022,621,0.009657542093157043,921.7,False,,,,,,,,,
bt_dkgrec_time_only,active,2022,622,0.009543055302572215,923.1,False,,,,,,,,,
bt_dkgrec_time_only,active,2022,623,0.009508885679733176,924.5,False,,,,,,,,,
bt_dkgrec_time_only,active,2022,624,0.009698524287995261,925.9,False,,,,,,,,,
bt_dkgrec_time_only,active,2022,625,0.009717307555700752,927.3,True,0.01780542124880278,0.03431842047565746,0.0811965811965812,0.1111111111111111,0.021180216083481734,0.02626934225420403,0.04134278787056564,0.05788791969347525,khong cai thien (4/50)
bt_dkgrec_time_only,active,2022,626,0.009598152849899226,929.2,False,,,,,,,,,
bt_dkgrec_time_only,active,2022,627,0.009658536671074122,930.6,False,,,,,,,,,
bt_dkgrec_time_only,active,2022,628,0.009586388709185103,932.0,False,,,,,,,,,
bt_dkgrec_time_only,active,2022,629,0.009562077698590046,933.4,False,,,,,,,,,
bt_dkgrec_time_only,active,2022,630,0.009564101157259348,934.8,True,0.01807082934259569,0.03423764409928571,0.0811965811965812,0.1111111111111111,0.021388273649580663,0.026167420754027282,0.041501065806621364,0.05788791969347525,khong cai thien (5/50)
bt_dkgrec_time_only,active,2022,631,0.009489534306599687,936.6,False,,,,,,,,,
bt_dkgrec_time_only,active,2022,632,0.009508995755069357,938.0,False,,,,,,,,,
bt_dkgrec_time_only,active,2022,633,0.00953693738488341,939.4,False,,,,,,,,,
bt_dkgrec_time_only,active,2022,634,0.009506358328765108,940.8,False,,,,,,,,,
bt_dkgrec_time_only,active,2022,635,0.009413017055104665,942.2,True,0.01801313193090158,0.03430688099331864,0.0811965811965812,0.10683760683760683,0.021738202186603647,0.02552490315860388,0.041501065806621364,0.05361441541997098,khong cai thien (6/50)
bt_dkgrec_time_only,active,2022,636,0.009619861024177303,944.1,False,,,,,,,,,
bt_dkgrec_time_only,active,2022,637,0.0095291792948541,945.5,False,,,,,,,,,
bt_dkgrec_time_only,active,2022,638,0.009532145014968182,946.9,False,,,,,,,,,
bt_dkgrec_time_only,active,2022,639,0.009525396477193672,948.3,False,,,,,,,,,
bt_dkgrec_time_only,active,2022,640,0.009432443945954667,949.7,True,0.018024671413240403,0.03444535478138451,0.08974358974358974,0.10683760683760683,0.022722202979628563,0.02576415491440297,0.044904041431819204,0.05450472881028437,khong cai thien (7/50)
bt_dkgrec_time_only,active,2022,641,0.009530148222623621,951.5,False,,,,,,,,,
bt_dkgrec_time_only,active,2022,642,0.009504330289730703,952.9,False,,,,,,,,,
bt_dkgrec_time_only,active,2022,643,0.009473719702400301,954.3,False,,,,,,,,,
bt_dkgrec_time_only,active,2022,644,0.009393424357130841,955.7,False,,,,,,,,,
bt_dkgrec_time_only,active,2022,645,0.009506955235363494,957.1,True,0.01801313193090158,0.03445689426372333,0.08974358974358974,0.10683760683760683,0.02279298369488542,0.02550692730772576,0.044904041431819204,0.053792478098033655,khong cai thien (8/50)
bt_dkgrec_time_only,active,2022,646,0.009487673872231234,959.0,False,,,,,,,,,
bt_dkgrec_time_only,active,2022,647,0.009569853766284336,960.4,False,,,,,,,,,
bt_dkgrec_time_only,active,2022,648,0.00949720989220008,961.8,False,,,,,,,,,
bt_dkgrec_time_only,active,2022,649,0.009489445810394317,963.2,False,,,,,,,,,
bt_dkgrec_time_only,active,2022,650,0.009466488014130043,964.6,True,0.017874658142835714,0.034433815299045684,0.0811965811965812,0.1111111111111111,0.021515746638484576,0.025637395493386773,0.04078881509437064,0.05432666613222169,khong cai thien (9/50)
bt_dkgrec_time_only,active,2022,651,0.009468740432866305,966.4,False,,,,,,,,,
bt_dkgrec_time_only,active,2022,652,0.00944757133779905,967.7,False,,,,,,,,,
bt_dkgrec_time_only,active,2022,653,0.009496623375988132,969.1,False,,,,,,,,,
bt_dkgrec_time_only,active,2022,654,0.009445192119956779,970.5,False,,,,,,,,,
bt_dkgrec_time_only,active,2022,655,0.009438767681224449,972.0,True,0.017897737107513356,0.034491512710739795,0.07264957264957266,0.11965811965811966,0.020016817754068342,0.02720489974585751,0.036248216803772354,0.0624463242518798,khong cai thien (10/50)
bt_dkgrec_time_only,active,2022,656,0.009420713061369967,973.9,False,,,,,,,,,
bt_dkgrec_time_only,active,2022,657,0.009528320206376343,975.3,False,,,,,,,,,
bt_dkgrec_time_only,active,2022,658,0.009467104131819731,976.7,False,,,,,,,,,
bt_dkgrec_time_only,active,2022,659,0.009400088369524287,978.1,False,,,,,,,,,
bt_dkgrec_time_only,active,2022,660,0.009421074037483136,979.5,True,0.017955434519207468,0.034422275816706864,0.0811965811965812,0.11538461538461539,0.020780414722683146,0.027200967581284735,0.038493785021562796,0.0623394866450422,khong cai thien (11/50)
bt_dkgrec_time_only,active,2022,661,0.009387815349583467,981.3,False,,,,,,,,,
bt_dkgrec_time_only,active,2022,662,0.00943253697941738,982.7,False,,,,,,,,,
bt_dkgrec_time_only,active,2022,663,0.009372320964212852,984.0,False,,,,,,,,,
bt_dkgrec_time_only,active,2022,664,0.009412201135205701,985.5,False,,,,,,,,,
bt_dkgrec_time_only,active,2022,665,0.009422975687266293,986.9,True,0.01811698727195098,0.03450305219307862,0.0811965811965812,0.11538461538461539,0.021075739544646914,0.027553828680469412,0.03758368688924244,0.0623394866450422,khong cai thien (12/50)
bt_dkgrec_time_only,active,2022,666,0.009436439756541707,988.8,False,,,,,,,,,
bt_dkgrec_time_only,active,2022,667,0.009407270908216237,990.2,False,,,,,,,,,
bt_dkgrec_time_only,active,2022,668,0.009414961856124199,991.6,False,,,,,,,,,
bt_dkgrec_time_only,active,2022,669,0.009347338865919338,993.0,False,,,,,,,,,
bt_dkgrec_time_only,active,2022,670,0.009435048775030881,994.4,True,0.018151605718967446,0.034629986498805665,0.06837606837606838,0.11965811965811966,0.019425870850585156,0.027669616234423294,0.03411146466702022,0.06287367467923023,best
bt_dkgrec_time_only,active,2022,671,0.009366657140697069,996.2,False,,,,,,,,,
bt_dkgrec_time_only,active,2022,672,0.009316304781749132,997.5,False,,,,,,,,,
bt_dkgrec_time_only,active,2022,673,0.009365778996437327,999.0,False,,,,,,,,,
bt_dkgrec_time_only,active,2022,674,0.009351597070172852,1000.4,False,,,,,,,,,
bt_dkgrec_time_only,active,2022,675,0.009390382220437223,1001.8,True,0.018024671413240403,0.03474538132219389,0.07264957264957266,0.11965811965811966,0.019721788212775666,0.027713795344005997,0.03502156279934057,0.06287367467923023,best
bt_dkgrec_time_only,active,2022,676,0.009372868626962289,1003.7,False,,,,,,,,,
bt_dkgrec_time_only,active,2022,677,0.009307643496223504,1005.1,False,,,,,,,,,
bt_dkgrec_time_only,active,2022,678,0.00938015466703851,1006.5,False,,,,,,,,,
bt_dkgrec_time_only,active,2022,679,0.00937512461641516,1007.8,False,,,,,,,,,
bt_dkgrec_time_only,active,2022,680,0.009430880200492481,1009.2,True,0.018186224165983915,0.03487231562792093,0.06837606837606838,0.11965811965811966,0.01957911155669268,0.02758903530792326,0.03482371537927093,0.06287367467923023,khong cai thien (1/50)
bt_dkgrec_time_only,active,2022,681,0.009306696137800947,1011.0,False,,,,,,,,,
bt_dkgrec_time_only,active,2022,682,0.009329519356362394,1012.4,False,,,,,,,,,
bt_dkgrec_time_only,active,2022,683,0.009434304647355838,1013.9,False,,,,,,,,,
bt_dkgrec_time_only,active,2022,684,0.009231584148549864,1015.3,False,,,,,,,,,
bt_dkgrec_time_only,active,2022,685,0.00936204835742942,1016.7,True,0.018313158471710958,0.03516080268639149,0.07264957264957266,0.11965811965811966,0.019864177245247215,0.027166314689869995,0.036248216803772354,0.06287367467923023,khong cai thien (2/50)
bt_dkgrec_time_only,active,2022,686,0.009319799255294066,1018.5,False,,,,,,,,,
bt_dkgrec_time_only,active,2022,687,0.009389139025829196,1019.9,False,,,,,,,,,
bt_dkgrec_time_only,active,2022,688,0.009275937588194194,1021.3,False,,,,,,,,,
bt_dkgrec_time_only,active,2022,689,0.009249469159117174,1022.7,False,,,,,,,,,
bt_dkgrec_time_only,active,2022,690,0.009249713255231131,1024.1,True,0.018278540024694492,0.03510310527469738,0.06837606837606838,0.11965811965811966,0.01937752016936297,0.027215166262654116,0.03517984073539628,0.06287367467923023,khong cai thien (3/50)
bt_dkgrec_time_only,active,2022,691,0.009249182145218167,1025.9,False,,,,,,,,,
bt_dkgrec_time_only,active,2022,692,0.00936047245511892,1027.3,False,,,,,,,,,
bt_dkgrec_time_only,active,2022,693,0.009298188430477737,1028.7,False,,,,,,,,,
bt_dkgrec_time_only,active,2022,694,0.00935015002328579,1030.1,False,,,,,,,,,
bt_dkgrec_time_only,active,2022,695,0.009203846375097578,1031.5,True,0.01832469795404978,0.03517234216873031,0.07692307692307693,0.11965811965811966,0.02043256107864128,0.027431045538900325,0.03731659287214842,0.06287367467923023,khong cai thien (4/50)
bt_dkgrec_time_only,active,2022,696,0.009271459606084241,1033.3,False,,,,,,,,,
bt_dkgrec_time_only,active,2022,697,0.009282155018364921,1034.7,False,,,,,,,,,
bt_dkgrec_time_only,active,2022,698,0.009305104509047356,1036.0,False,,,,,,,,,
bt_dkgrec_time_only,active,2022,699,0.009348636402825343,1037.4,False,,,,,,,,,
bt_dkgrec_time_only,active,2022,700,0.009260261285516679,1038.8,True,0.018336237436388604,0.03543775026252322,0.07692307692307693,0.11538461538461539,0.01983549320803857,0.026241179103277373,0.036212604268159816,0.05860017040572596,khong cai thien (5/50)
bt_dkgrec_time_only,active,2022,701,0.009110579824786491,1040.6,False,,,,,,,,,
bt_dkgrec_time_only,active,2022,702,0.009207407663979815,1042.0,False,,,,,,,,,
bt_dkgrec_time_only,active,2022,703,0.009276207229683987,1043.5,False,,,,,,,,,
bt_dkgrec_time_only,active,2022,704,0.009202447399101706,1044.9,False,,,,,,,,,
bt_dkgrec_time_only,active,2022,705,0.009186292439397566,1046.3,True,0.01841701381276036,0.03524157906276324,0.07264957264957266,0.11538461538461539,0.019403852142395404,0.026248469508337802,0.03514422819978375,0.05860017040572596,khong cai thien (6/50)
bt_dkgrec_time_only,active,2022,706,0.009233725424186894,1048.1,False,,,,,,,,,
bt_dkgrec_time_only,active,2022,707,0.009148981446792631,1049.4,False,,,,,,,,,
bt_dkgrec_time_only,active,2022,708,0.009108243165283372,1050.8,False,,,,,,,,,
bt_dkgrec_time_only,active,2022,709,0.00928361374208508,1052.2,False,,,,,,,,,
bt_dkgrec_time_only,active,2022,710,0.009250430705087253,1053.6,True,0.018243921577678027,0.0352185000980856,0.07692307692307693,0.11538461538461539,0.01979161831942862,0.026002799799904476,0.03651531082086637,0.05860017040572596,khong cai thien (7/50)
bt_dkgrec_time_only,active,2022,711,0.009183321893274029,1055.4,False,,,,,,,,,
bt_dkgrec_time_only,active,2022,712,0.009161621636534382,1056.8,False,,,,,,,,,
bt_dkgrec_time_only,active,2022,713,0.009174895215428575,1058.2,False,,,,,,,,,
bt_dkgrec_time_only,active,2022,714,0.009106128605865007,1059.6,False,,,,,,,,,
bt_dkgrec_time_only,active,2022,715,0.0091884226123954,1061.0,True,0.01837085588340507,0.035276197509779714,0.07692307692307693,0.11965811965811966,0.02090407663149859,0.02725895738451868,0.036782404837960386,0.05864333711555934,khong cai thien (8/50)
bt_dkgrec_time_only,active,2022,716,0.009232865988713732,1062.8,False,,,,,,,,,
bt_dkgrec_time_only,active,2022,717,0.009105592670706953,1064.2,False,,,,,,,,,
bt_dkgrec_time_only,active,2022,718,0.009171747031050292,1065.6,False,,,,,,,,,
bt_dkgrec_time_only,active,2022,719,0.009158120514610442,1067.0,False,,,,,,,,,
bt_dkgrec_time_only,active,2022,720,0.009241203845224932,1068.3,True,0.018382395365743893,0.035345434403812645,0.0811965811965812,0.11538461538461539,0.020878010362577255,0.027065099102350502,0.03689122091899869,0.05860017040572596,khong cai thien (9/50)
bt_dkgrec_time_only,active,2022,721,0.009163604663011388,1070.3,False,,,,,,,,,
bt_dkgrec_time_only,active,2022,722,0.009189063867905,1071.7,False,,,,,,,,,
bt_dkgrec_time_only,active,2022,723,0.009193073336130423,1073.1,False,,,,,,,,,
bt_dkgrec_time_only,active,2022,724,0.009240453058541067,1074.5,False,,,,,,,,,
bt_dkgrec_time_only,active,2022,725,0.009190053565780799,1075.9,True,0.018497790189132116,0.035276197509779714,0.07264957264957266,0.12393162393162394,0.018837720810680216,0.026935990495991616,0.03555575083352861,0.06291684138906362,khong cai thien (10/50)
bt_dkgrec_time_only,active,2022,726,0.00914899009949861,1077.7,False,,,,,,,,,
bt_dkgrec_time_only,active,2022,727,0.009093452931613172,1079.1,False,,,,,,,,,
bt_dkgrec_time_only,active,2022,728,0.009115311852002057,1080.5,False,,,,,,,,,
bt_dkgrec_time_only,active,2022,729,0.009051777608505061,1081.9,False,,,,,,,,,
bt_dkgrec_time_only,active,2022,730,0.009297302003881982,1083.3,True,0.018359316401066247,0.035137723721713844,0.07692307692307693,0.12393162393162394,0.0192949278935297,0.02654659488678103,0.03598112278667834,0.06078008925231147,khong cai thien (11/50)
bt_dkgrec_time_only,active,2022,731,0.009121779618907524,1085.2,False,,,,,,,,,
bt_dkgrec_time_only,active,2022,732,0.009100459864901296,1086.6,False,,,,,,,,,
bt_dkgrec_time_only,active,2022,733,0.009144985624729807,1088.0,False,,,,,,,,,
bt_dkgrec_time_only,active,2022,734,0.009214619367058145,1089.4,False,,,,,,,,,
bt_dkgrec_time_only,active,2022,735,0.009067572520917474,1090.8,True,0.01841701381276036,0.035137723721713844,0.07264957264957266,0.12393162393162394,0.018760334725651247,0.026635395627542684,0.03571402876958432,0.06291684138906362,khong cai thien (12/50)
bt_dkgrec_time_only,active,2022,736,0.009141777440270284,1092.6,False,,,,,,,,,
bt_dkgrec_time_only,active,2022,737,0.009153848821397885,1094.0,False,,,,,,,,,
bt_dkgrec_time_only,active,2022,738,0.009118650782888602,1095.4,False,,,,,,,,,
bt_dkgrec_time_only,active,2022,739,0.009095165285342838,1096.8,False,,,,,,,,,
bt_dkgrec_time_only,active,2022,740,0.00904573832415354,1098.2,True,0.01842855329509918,0.03526465802744089,0.07264957264957266,0.11965811965811966,0.018644180568171947,0.02626410438240422,0.03555575083352861,0.06078008925231147,khong cai thien (13/50)
bt_dkgrec_time_only,active,2022,741,0.009129970575866377,1100.1,False,,,,,,,,,
bt_dkgrec_time_only,active,2022,742,0.009034805330750288,1101.5,False,,,,,,,,,
bt_dkgrec_time_only,active,2022,743,0.009072246254357753,1102.9,False,,,,,,,,,
bt_dkgrec_time_only,active,2022,744,0.0090658085307294,1104.3,False,,,,,,,,,
bt_dkgrec_time_only,active,2022,745,0.009094964714329455,1105.7,True,0.018486250706793293,0.03543775026252322,0.0811965811965812,0.11538461538461539,0.01967310896648001,0.025377900806163672,0.037735669680114124,0.0565065849788072,khong cai thien (14/50)
bt_dkgrec_time_only,active,2022,746,0.009033267737869116,1107.5,False,,,,,,,,,
bt_dkgrec_time_only,active,2022,747,0.009136511118639832,1108.9,False,,,,,,,,,
bt_dkgrec_time_only,active,2022,748,0.009063984787851552,1110.2,False,,,,,,,,,
bt_dkgrec_time_only,active,2022,749,0.009075110044093266,1111.6,False,,,,,,,,,
bt_dkgrec_time_only,active,2022,750,0.00913557772880533,1113.0,True,0.018497790189132116,0.03525311854510207,0.0811965811965812,0.11538461538461539,0.020586288993013534,0.02625295112398961,0.03808932836710614,0.0565065849788072,khong cai thien (15/50)
bt_dkgrec_time_only,active,2022,751,0.009103832297708744,1114.9,False,,,,,,,,,
bt_dkgrec_time_only,active,2022,752,0.009116633826447548,1116.3,False,,,,,,,,,
bt_dkgrec_time_only,active,2022,753,0.009021981470389098,1117.7,False,,,,,,,,,
bt_dkgrec_time_only,active,2022,754,0.008972847477946768,1119.1,False,,,,,,,,,
bt_dkgrec_time_only,active,2022,755,0.009093710957326933,1120.5,True,0.018555487600826228,0.03538005285082911,0.0811965811965812,0.11538461538461539,0.020682889458741693,0.026030806267115444,0.03824760630316186,0.0565065849788072,khong cai thien (16/50)
bt_dkgrec_time_only,active,2022,756,0.00901419815864158,1122.3,False,,,,,,,,,
bt_dkgrec_time_only,active,2022,757,0.009063898402473597,1123.7,False,,,,,,,,,
bt_dkgrec_time_only,active,2022,758,0.009086325143639485,1125.1,False,,,,,,,,,
bt_dkgrec_time_only,active,2022,759,0.008936918757282692,1126.5,False,,,,,,,,,
bt_dkgrec_time_only,active,2022,760,0.00901860169353828,1127.9,True,0.018705500871230917,0.035414671297845576,0.0811965811965812,0.11965811965811966,0.021549264317684932,0.027301018468719036,0.041666409721965274,0.06078008925231147,khong cai thien (17/50)
bt_dkgrec_time_only,active,2022,761,0.00897094723348765,1129.9,False,,,,,,,,,
bt_dkgrec_time_only,active,2022,762,0.009040319784808223,1131.3,False,,,,,,,,,
bt_dkgrec_time_only,active,2022,763,0.00908666529500766,1132.6,False,,,,,,,,,
bt_dkgrec_time_only,active,2022,764,0.009036536594147963,1134.0,False,,,,,,,,,
bt_dkgrec_time_only,active,2022,765,0.009023986429429058,1135.4,True,0.018670882424214448,0.0354262107801844,0.0811965811965812,0.11965811965811966,0.02149493322390291,0.027141292436883666,0.041666409721965274,0.06090149562371784,khong cai thien (18/50)
bt_dkgrec_time_only,active,2022,766,0.009011206556455039,1137.2,False,,,,,,,,,
bt_dkgrec_time_only,active,2022,767,0.008970222846739486,1138.6,False,,,,,,,,,
bt_dkgrec_time_only,active,2022,768,0.008979928445632486,1140.0,False,,,,,,,,,
bt_dkgrec_time_only,active,2022,769,0.008933406310799183,1141.4,False,,,,,,,,,
bt_dkgrec_time_only,active,2022,770,0.009049713310418568,1142.9,True,0.018693961388892094,0.03531081595679618,0.08547008547008547,0.11538461538461539,0.022790232824643385,0.02809791082394827,0.04380316185871741,0.06393179865402088,best
bt_dkgrec_time_only,active,2022,771,0.008939865148844178,1144.8,False,,,,,,,,,
bt_dkgrec_time_only,active,2022,772,0.00904222408283133,1146.2,False,,,,,,,,,
bt_dkgrec_time_only,active,2022,773,0.008997361692144691,1147.6,False,,,,,,,,,
bt_dkgrec_time_only,active,2022,774,0.009002067607661729,1149.0,False,,,,,,,,,
bt_dkgrec_time_only,active,2022,775,0.0090084693365305,1150.4,True,0.018705500871230917,0.03525311854510207,0.08547008547008547,0.1111111111111111,0.022210062710542638,0.027293744138697944,0.041099075821298035,0.0596582943805166,khong cai thien (1/50)
bt_dkgrec_time_only,active,2022,776,0.008976765145069144,1152.2,False,,,,,,,,,
bt_dkgrec_time_only,active,2022,777,0.008921538532609736,1153.5,False,,,,,,,,,
bt_dkgrec_time_only,active,2022,778,0.008937197819123959,1154.9,False,,,,,,,,,
bt_dkgrec_time_only,active,2022,779,0.008920218579024438,1156.4,False,,,,,,,,,
bt_dkgrec_time_only,active,2022,780,0.008913905183897747,1157.8,True,0.01876319828292503,0.035276197509779714,0.08974358974358974,0.1111111111111111,0.02300525052868219,0.027433102326548234,0.04323582795805018,0.0596582943805166,khong cai thien (2/50)
bt_dkgrec_time_only,active,2022,781,0.008985457652475586,1159.6,False,,,,,,,,,
bt_dkgrec_time_only,active,2022,782,0.008928580721149692,1161.0,False,,,,,,,,,
bt_dkgrec_time_only,active,2022,783,0.00893336328140108,1162.4,False,,,,,,,,,
bt_dkgrec_time_only,active,2022,784,0.009061223117495657,1163.7,False,,,,,,,,,
bt_dkgrec_time_only,active,2022,785,0.008982373398175533,1165.1,True,0.018740119318247383,0.035322355439135,0.08974358974358974,0.11538461538461539,0.02274982020531019,0.02724805059090162,0.04323582795805018,0.05961944434166656,khong cai thien (3/50)
bt_dkgrec_time_only,active,2022,786,0.008859680229106286,1167.0,False,,,,,,,,,
bt_dkgrec_time_only,active,2022,787,0.008977937860934216,1168.4,False,,,,,,,,,
bt_dkgrec_time_only,active,2022,788,0.008861467693327577,1169.8,False,,,,,,,,,
bt_dkgrec_time_only,active,2022,789,0.00890914723411344,1171.2,False,,,,,,,,,
bt_dkgrec_time_only,active,2022,790,0.008900708700677449,1172.6,True,0.01865934294187563,0.03557622405058909,0.09401709401709402,0.11538461538461539,0.023406233276290076,0.027764602937342384,0.04366317838540061,0.06021028868251091,khong cai thien (4/50)
bt_dkgrec_time_only,active,2022,791,0.008934578617361216,1174.4,False,,,,,,,,,
bt_dkgrec_time_only,active,2022,792,0.008929373029563474,1175.8,False,,,,,,,,,
bt_dkgrec_time_only,active,2022,793,0.008946786913334804,1177.2,False,,,,,,,,,
bt_dkgrec_time_only,active,2022,794,0.008840852114157244,1178.6,False,,,,,,,,,
bt_dkgrec_time_only,active,2022,795,0.008921362861974156,1180.0,True,0.018693961388892094,0.035506987156556154,0.08974358974358974,0.11965811965811966,0.023132553224854677,0.028060136665287706,0.04259480231702454,0.06035273882496104,khong cai thien (5/50)
bt_dkgrec_time_only,active,2022,796,0.008876201284338005,1181.7,False,,,,,,,,,
bt_dkgrec_time_only,active,2022,797,0.00896369564800649,1183.2,False,,,,,,,,,
bt_dkgrec_time_only,active,2022,798,0.008889359496308032,1184.6,False,,,,,,,,,
bt_dkgrec_time_only,active,2022,799,0.008854211804647297,1186.0,False,,,,,,,,,
bt_dkgrec_time_only,active,2022,800,0.008932244276426667,1187.4,True,0.018693961388892094,0.0354262107801844,0.08547008547008547,0.12393162393162394,0.022614123153980103,0.028011965504125488,0.04216745188967411,0.06116858964081186,khong cai thien (6/50)
bt_dkgrec_time_only,active,2022,801,0.008833102497671878,1189.2,False,,,,,,,,,
bt_dkgrec_time_only,active,2022,802,0.00894210454015398,1190.6,False,,,,,,,,,
bt_dkgrec_time_only,active,2022,803,0.008818056953157313,1192.0,False,,,,,,,,,
bt_dkgrec_time_only,active,2022,804,0.008925614310520637,1193.3,False,,,,,,,,,
bt_dkgrec_time_only,active,2022,805,0.008849008532383662,1194.7,True,0.01871704035356974,0.035495447674217334,0.07692307692307693,0.12393162393162394,0.020698478097413472,0.02796274622892158,0.0357571954794177,0.06116858964081186,khong cai thien (7/50)
bt_dkgrec_time_only,active,2022,806,0.008948234016662872,1196.5,False,,,,,,,,,
bt_dkgrec_time_only,active,2022,807,0.008801913530020532,1198.0,False,,,,,,,,,
bt_dkgrec_time_only,active,2022,808,0.008877776879303412,1199.4,False,,,,,,,,,
bt_dkgrec_time_only,active,2022,809,0.008826350520398282,1200.8,False,,,,,,,,,
bt_dkgrec_time_only,active,2022,810,0.008814883591327196,1202.2,True,0.01882089569461914,0.035414671297845576,0.0811965811965812,0.12393162393162394,0.021023449246169043,0.027805269008848926,0.03618454590676813,0.06074123921346143,khong cai thien (8/50)
bt_dkgrec_time_only,active,2022,811,0.008823789815149715,1204.0,False,,,,,,,,,
bt_dkgrec_time_only,active,2022,812,0.008816359184048406,1205.4,False,,,,,,,,,
bt_dkgrec_time_only,active,2022,813,0.0088066627273478,1206.7,False,,,,,,,,,
bt_dkgrec_time_only,active,2022,814,0.008856579714003459,1208.1,False,,,,,,,,,
bt_dkgrec_time_only,active,2022,815,0.008785643720850873,1209.5,True,0.018843974659296783,0.0354262107801844,0.08974358974358974,0.1282051282051282,0.02184638459861774,0.029010312381903085,0.03752001599223821,0.06501474348696572,best
bt_dkgrec_time_only,active,2022,816,0.008809447142252081,1211.4,False,,,,,,,,,
bt_dkgrec_time_only,active,2022,817,0.008833551545165644,1212.8,False,,,,,,,,,
bt_dkgrec_time_only,active,2022,818,0.008813546081370683,1214.2,False,,,,,,,,,
bt_dkgrec_time_only,active,2022,819,0.008824829248825232,1215.6,False,,,,,,,,,
bt_dkgrec_time_only,active,2022,820,0.008912584024950309,1217.0,True,0.018797816729941495,0.03540313181550676,0.08547008547008547,0.12393162393162394,0.021421080070054502,0.028045844744199053,0.037252921975144196,0.06116858964081186,khong cai thien (1/50)
bt_dkgrec_time_only,active,2022,821,0.00877677129229904,1218.8,False,,,,,,,,,
bt_dkgrec_time_only,active,2022,822,0.008832757821147433,1220.2,False,,,,,,,,,
bt_dkgrec_time_only,active,2022,823,0.008823065203483499,1221.5,False,,,,,,,,,
bt_dkgrec_time_only,active,2022,824,0.008739048884264035,1222.9,False,,,,,,,,,
bt_dkgrec_time_only,active,2022,825,0.00888778820250038,1224.3,True,0.018693961388892094,0.035564684568250265,0.08547008547008547,0.11538461538461539,0.0212484389283153,0.026680466828507412,0.037252921975144196,0.0565065849788072,khong cai thien (2/50)
bt_dkgrec_time_only,active,2022,826,0.008788795510906455,1226.2,False,,,,,,,,,
bt_dkgrec_time_only,active,2022,827,0.008805694632621042,1227.6,False,,,,,,,,,
bt_dkgrec_time_only,active,2022,828,0.008755248486265955,1229.0,False,,,,,,,,,
bt_dkgrec_time_only,active,2022,829,0.00882155706030176,1230.4,False,,,,,,,,,
bt_dkgrec_time_only,active,2022,830,0.008783813813728747,1231.8,True,0.018797816729941495,0.035553145085911446,0.08974358974358974,0.11965811965811966,0.022761136288330697,0.028902139968783942,0.03938967411189633,0.0626497473719696,khong cai thien (3/50)
bt_dkgrec_time_only,active,2022,831,0.008820459475250017,1233.6,False,,,,,,,,,
bt_dkgrec_time_only,active,2022,832,0.00883313518955676,1235.0,False,,,,,,,,,
bt_dkgrec_time_only,active,2022,833,0.008692254983412466,1236.4,False,,,,,,,,,
bt_dkgrec_time_only,active,2022,834,0.008773959339020612,1237.7,False,,,,,,,,,
bt_dkgrec_time_only,active,2022,835,0.00874847456605706,1239.2,True,0.01882089569461914,0.03547236870953969,0.08547008547008547,0.11538461538461539,0.022377298365454587,0.02823214369274097,0.039346507402062955,0.06051299523521746,khong cai thien (4/50)
bt_dkgrec_time_only,active,2022,836,0.008691192028127036,1241.1,False,,,,,,,,,
bt_dkgrec_time_only,active,2022,837,0.00872376900171349,1242.5,False,,,,,,,,,
bt_dkgrec_time_only,active,2022,838,0.008862120507068761,1243.9,False,,,,,,,,,
bt_dkgrec_time_only,active,2022,839,0.008819962393940678,1245.3,False,,,,,,,,,
bt_dkgrec_time_only,active,2022,840,0.00873962583093929,1246.7,True,0.01902860637671794,0.03565700042696085,0.08547008547008547,0.12393162393162394,0.02168545891381288,0.029810143349064084,0.037252921975144196,0.0673506020728243,best
bt_dkgrec_time_only,active,2022,841,0.008812623136506164,1248.5,False,,,,,,,,,
bt_dkgrec_time_only,active,2022,842,0.008755056548574768,1249.8,False,,,,,,,,,
bt_dkgrec_time_only,active,2022,843,0.00872976491156574,1251.2,False,,,,,,,,,
bt_dkgrec_time_only,active,2022,844,0.008775447875509067,1252.6,False,,,,,,,,,
bt_dkgrec_time_only,active,2022,845,0.008720704629249726,1254.0,True,0.01897090896502383,0.035910869038414936,0.08974358974358974,0.1282051282051282,0.020900613615691,0.028842886474908472,0.03810762282984505,0.06761769608991831,khong cai thien (1/50)
bt_dkgrec_time_only,active,2022,846,0.008751504111587996,1256.0,False,,,,,,,,,
bt_dkgrec_time_only,active,2022,847,0.008690291654258029,1257.4,False,,,,,,,,,
bt_dkgrec_time_only,active,2022,848,0.008822942577738389,1258.8,False,,,,,,,,,
bt_dkgrec_time_only,active,2022,849,0.008702410230089514,1260.2,False,,,,,,,,,
bt_dkgrec_time_only,active,2022,850,0.008708746359245121,1261.6,True,0.01892475103566854,0.0357377768033326,0.0811965811965812,0.11965811965811966,0.020785182430457624,0.028320271495093353,0.03654067126289348,0.06307709779932003,khong cai thien (2/50)
bt_dkgrec_time_only,active,2022,851,0.008732277445932975,1263.4,False,,,,,,,,,
bt_dkgrec_time_only,active,2022,852,0.008680868454398012,1264.7,False,,,,,,,,,
bt_dkgrec_time_only,active,2022,853,0.008735478212602487,1266.1,False,,,,,,,,,
bt_dkgrec_time_only,active,2022,854,0.008716066848895745,1267.6,False,,,,,,,,,
bt_dkgrec_time_only,active,2022,855,0.008692986109426391,1269.0,True,0.018843974659296783,0.03568007939163849,0.0811965811965812,0.12393162393162394,0.020966581843897186,0.02937863097881543,0.03654067126289348,0.06676299523521745,khong cai thien (3/50)
bt_dkgrec_time_only,active,2022,856,0.008681912443151439,1270.9,False,,,,,,,,,
bt_dkgrec_time_only,active,2022,857,0.008712299122721688,1272.3,False,,,,,,,,,
bt_dkgrec_time_only,active,2022,858,0.008734401194623882,1273.7,False,,,,,,,,,
bt_dkgrec_time_only,active,2022,859,0.008717335131521713,1275.1,False,,,,,,,,,
bt_dkgrec_time_only,active,2022,860,0.008700194599119082,1276.4,True,0.018843974659296783,0.035564684568250265,0.0811965811965812,0.12393162393162394,0.02123677230629736,0.029644573766008424,0.03715117187339409,0.06747524594746818,khong cai thien (4/50)
bt_dkgrec_time_only,active,2022,861,0.008684722476902338,1278.2,False,,,,,,,,,
bt_dkgrec_time_only,active,2022,862,0.008620385756065727,1279.6,False,,,,,,,,,
bt_dkgrec_time_only,active,2022,863,0.008716259168800493,1281.0,False,,,,,,,,,
bt_dkgrec_time_only,active,2022,864,0.008809919667365248,1282.4,False,,,,,,,,,
bt_dkgrec_time_only,active,2022,865,0.008711220060912924,1283.8,True,0.018890132588652072,0.035541605603572626,0.0811965811965812,0.12393162393162394,0.02130361048758198,0.029946400640499096,0.03654067126289348,0.06747524594746818,best
bt_dkgrec_time_only,active,2022,866,0.008695134793382228,1285.7,False,,,,,,,,,
bt_dkgrec_time_only,active,2022,867,0.008678839384749735,1287.1,False,,,,,,,,,
bt_dkgrec_time_only,active,2022,868,0.008710156060484983,1288.5,False,,,,,,,,,
bt_dkgrec_time_only,active,2022,869,0.008627148058494008,1289.9,False,,,,,,,,,
bt_dkgrec_time_only,active,2022,870,0.00862330160267066,1291.3,True,0.01886705362397443,0.03562238197994438,0.0811965811965812,0.11538461538461539,0.020986276558555467,0.02709654359786422,0.03715117187339409,0.059925388397610614,khong cai thien (1/50)
bt_dkgrec_time_only,active,2022,871,0.008594669695914978,1293.1,False,,,,,,,,,
bt_dkgrec_time_only,active,2022,872,0.008682196396951149,1294.5,False,,,,,,,,,
bt_dkgrec_time_only,active,2022,873,0.008631154356680631,1295.9,False,,,,,,,,,
bt_dkgrec_time_only,active,2022,874,0.008620663686990339,1297.3,False,,,,,,,,,
bt_dkgrec_time_only,active,2022,875,0.008645736478090783,1298.8,True,0.01886705362397443,0.03581855317970436,0.07692307692307693,0.11538461538461539,0.019953188891780226,0.026290856460300823,0.036497504553060105,0.05860017040572596,khong cai thien (2/50)
bt_dkgrec_time_only,active,2022,876,0.008701023321747145,1300.6,False,,,,,,,,,
bt_dkgrec_time_only,active,2022,877,0.008658692557126728,1301.9,False,,,,,,,,,
bt_dkgrec_time_only,active,2022,878,0.008614005273842611,1303.3,False,,,,,,,,,
bt_dkgrec_time_only,active,2022,879,0.008601757966283421,1304.7,False,,,,,,,,,
bt_dkgrec_time_only,active,2022,880,0.008576316860635593,1306.1,True,0.018774737765263852,0.035772395250349066,0.07692307692307693,0.11965811965811966,0.02063326822959741,0.02849278897529871,0.036497504553060105,0.06629247809803365,khong cai thien (3/50)
bt_dkgrec_time_only,active,2022,881,0.00862089415807259,1307.9,False,,,,,,,,,
bt_dkgrec_time_only,active,2022,882,0.008620415368081329,1309.3,False,,,,,,,,,
bt_dkgrec_time_only,active,2022,883,0.00865220425485366,1310.7,False,,,,,,,,,
bt_dkgrec_time_only,active,2022,884,0.0086359323210084,1312.1,False,,,,,,,,,
bt_dkgrec_time_only,active,2022,885,0.008619057206803959,1313.5,True,0.018901672070990895,0.035853171626720824,0.07692307692307693,0.1111111111111111,0.020364361013245496,0.027029672034931573,0.036339226617004394,0.06114137919693475,khong cai thien (4/50)
bt_dkgrec_time_only,active,2022,886,0.008594055805484118,1315.3,False,,,,,,,,,
bt_dkgrec_time_only,active,2022,887,0.008605792163559048,1316.7,False,,,,,,,,,
bt_dkgrec_time_only,active,2022,888,0.008573572176539741,1318.1,False,,,,,,,,,
bt_dkgrec_time_only,active,2022,889,0.00867513543895375,1319.5,False,,,,,,,,,
bt_dkgrec_time_only,active,2022,890,0.008609345192670639,1320.9,True,0.01893629051800736,0.03580701369736554,0.07692307692307693,0.1111111111111111,0.020694570234494697,0.02715161343505527,0.036497504553060105,0.06114137919693475,khong cai thien (5/50)
bt_dkgrec_time_only,active,2022,891,0.008570503950473886,1322.7,False,,,,,,,,,
bt_dkgrec_time_only,active,2022,892,0.008531067451304615,1324.1,False,,,,,,,,,
bt_dkgrec_time_only,active,2022,893,0.008546087073673422,1325.5,False,,,,,,,,,
bt_dkgrec_time_only,active,2022,894,0.00853829455887874,1326.9,False,,,,,,,,,
bt_dkgrec_time_only,active,2022,895,0.008600579677581651,1328.3,True,0.018797816729941495,0.03566853990929967,0.07692307692307693,0.1111111111111111,0.02057602312416843,0.026910478319167284,0.036497504553060105,0.06071402876958432,khong cai thien (6/50)
bt_dkgrec_time_only,active,2022,896,0.008545805802669759,1330.1,False,,,,,,,,,
bt_dkgrec_time_only,active,2022,897,0.008638219965957606,1331.5,False,,,,,,,,,
bt_dkgrec_time_only,active,2022,898,0.008568888899364895,1332.9,False,,,,,,,,,
bt_dkgrec_time_only,active,2022,899,0.00857068401387121,1334.3,False,,,,,,,,,
bt_dkgrec_time_only,active,2022,900,0.008573533894273452,1335.7,True,0.01883243517695796,0.035899329556076116,0.07692307692307693,0.10683760683760683,0.020511449296538375,0.02585916839063294,0.036497504553060105,0.05644052449608005,khong cai thien (7/50)
bt_dkgrec_time_only,active,2022,901,0.008599903651653792,1337.5,False,,,,,,,,,
bt_dkgrec_time_only,active,2022,902,0.0085304540473441,1338.9,False,,,,,,,,,
bt_dkgrec_time_only,active,2022,903,0.008564659698928707,1340.3,False,,,,,,,,,
bt_dkgrec_time_only,active,2022,904,0.008576000696860457,1341.7,False,,,,,,,,,
bt_dkgrec_time_only,active,2022,905,0.00853991895780635,1343.1,True,0.01902860637671794,0.035853171626720824,0.07692307692307693,0.10683760683760683,0.02032494163720286,0.025469852915727564,0.038206906262461815,0.05686787492343048,khong cai thien (8/50)
bt_dkgrec_time_only,active,2022,906,0.008576829922492087,1344.9,False,,,,,,,,,
bt_dkgrec_time_only,active,2022,907,0.00854520844307207,1346.3,False,,,,,,,,,
bt_dkgrec_time_only,active,2022,908,0.008547500183479242,1347.7,False,,,,,,,,,
bt_dkgrec_time_only,active,2022,909,0.008533021858660601,1349.1,False,,,,,,,,,
bt_dkgrec_time_only,active,2022,910,0.008480634299364714,1350.5,True,0.018959369482685007,0.03583009266204318,0.07692307692307693,0.10683760683760683,0.02015669709557389,0.02540621543246911,0.038206906262461815,0.05686787492343048,khong cai thien (9/50)
bt_dkgrec_time_only,active,2022,911,0.008525137745906353,1352.4,False,,,,,,,,,
bt_dkgrec_time_only,active,2022,912,0.008488209405114874,1353.8,False,,,,,,,,,
bt_dkgrec_time_only,active,2022,913,0.008550048634978985,1355.2,False,,,,,,,,,
bt_dkgrec_time_only,active,2022,914,0.008490895126989285,1356.6,False,,,,,,,,,
bt_dkgrec_time_only,active,2022,915,0.008571445191511623,1357.9,True,0.018890132588652072,0.03581855317970436,0.07692307692307693,0.1111111111111111,0.019479998223596407,0.026004587184279927,0.038206906262461815,0.06175187980743536,khong cai thien (10/50)
bt_dkgrec_time_only,active,2022,916,0.008486994873416082,1359.7,False,,,,,,,,,
bt_dkgrec_time_only,active,2022,917,0.008511042273010189,1361.1,False,,,,,,,,,
bt_dkgrec_time_only,active,2022,918,0.008519551304701648,1362.5,False,,,,,,,,,
bt_dkgrec_time_only,active,2022,919,0.008538030390566533,1363.9,False,,,,,,,,,
bt_dkgrec_time_only,active,2022,920,0.008507571734442549,1365.3,True,0.018959369482685007,0.03610704023817492,0.0811965811965812,0.1111111111111111,0.02018079158546343,0.026638203993273435,0.03863425668981224,0.06175187980743536,khong cai thien (11/50)
bt_dkgrec_time_only,active,2022,921,0.008497035434874801,1367.2,False,,,,,,,,,
bt_dkgrec_time_only,active,2022,922,0.008576061574140492,1368.6,False,,,,,,,,,
bt_dkgrec_time_only,active,2022,923,0.008522085907042435,1370.0,False,,,,,,,,,
bt_dkgrec_time_only,active,2022,924,0.00841442928438636,1371.4,False,,,,,,,,,
bt_dkgrec_time_only,active,2022,925,0.008507699894293577,1372.8,True,0.018993987929701472,0.03623397454390196,0.07692307692307693,0.1111111111111111,0.019599130954541005,0.026592869970649597,0.03756588062143617,0.06175187980743536,khong cai thien (12/50)
bt_dkgrec_time_only,active,2022,926,0.008422724728672382,1374.6,False,,,,,,,,,
bt_dkgrec_time_only,active,2022,927,0.008595811718557809,1376.0,False,,,,,,,,,
bt_dkgrec_time_only,active,2022,928,0.008483538084237945,1377.4,False,,,,,,,,,
bt_dkgrec_time_only,active,2022,929,0.008455466375413145,1378.8,False,,,,,,,,,
bt_dkgrec_time_only,active,2022,930,0.0084566180214222,1380.2,True,0.019086303788412053,0.03613011920285256,0.0811965811965812,0.11538461538461539,0.019700296809871676,0.026605800973259697,0.03863425668981224,0.062446324251879806,khong cai thien (13/50)
bt_dkgrec_time_only,active,2022,931,0.008459875172527907,1382.1,False,,,,,,,,,
bt_dkgrec_time_only,active,2022,932,0.008417909468278698,1383.5,False,,,,,,,,,
bt_dkgrec_time_only,active,2022,933,0.008442190373013145,1384.9,False,,,,,,,,,
bt_dkgrec_time_only,active,2022,934,0.008415312380429436,1386.3,False,,,,,,,,,
bt_dkgrec_time_only,active,2022,935,0.008458817634402043,1387.6,True,0.019086303788412053,0.03628013247325725,0.0811965811965812,0.11538461538461539,0.02068053928116022,0.02670480912391123,0.04248041053596609,0.06253535559091115,khong cai thien (14/50)
bt_dkgrec_time_only,active,2022,936,0.008449198914879134,1389.4,False,,,,,,,,,
bt_dkgrec_time_only,active,2022,937,0.008469704413379986,1390.8,False,,,,,,,,,
bt_dkgrec_time_only,active,2022,938,0.00843877521366536,1392.2,False,,,,,,,,,
bt_dkgrec_time_only,active,2022,939,0.00850635815611676,1393.6,False,,,,,,,,,
bt_dkgrec_time_only,active,2022,940,0.008462024661646235,1395.1,True,0.019051685341395584,0.03614165868519138,0.0811965811965812,0.12393162393162394,0.020732309802995688,0.02812479747124044,0.04248041053596609,0.06778820459376016,khong cai thien (15/50)
bt_dkgrec_time_only,active,2022,941,0.008487974755890148,1397.0,False,,,,,,,,,
bt_dkgrec_time_only,active,2022,942,0.00840390804632817,1398.3,False,,,,,,,,,
bt_dkgrec_time_only,active,2022,943,0.008428370248051782,1399.7,False,,,,,,,,,
bt_dkgrec_time_only,active,2022,944,0.00849140882003241,1401.1,False,,,,,,,,,
bt_dkgrec_time_only,active,2022,945,0.008461917253179766,1402.5,True,0.019063224823734407,0.03607242179115845,0.0811965811965812,0.11965811965811966,0.021089387765665987,0.027293659120189037,0.04248041053596609,0.06308734989290546,khong cai thien (16/50)
bt_dkgrec_time_only,active,2022,946,0.008500789893513638,1404.3,False,,,,,,,,,
bt_dkgrec_time_only,active,2022,947,0.00840431905834022,1405.7,False,,,,,,,,,
bt_dkgrec_time_only,active,2022,948,0.008395542141708266,1407.1,False,,,,,,,,,
bt_dkgrec_time_only,active,2022,949,0.008556219851680718,1408.5,False,,,,,,,,,
bt_dkgrec_time_only,active,2022,950,0.008433536992630624,1409.9,True,0.01922477757647792,0.036060882308819625,0.07692307692307693,0.12393162393162394,0.020959248524862167,0.027291421633093824,0.04461716267271822,0.0660381028436584,khong cai thien (17/50)
bt_dkgrec_time_only,active,2022,951,0.008414828082483805,1411.8,False,,,,,,,,,
bt_dkgrec_time_only,active,2022,952,0.008439619331097327,1413.2,False,,,,,,,,,
bt_dkgrec_time_only,active,2022,953,0.008471740752957181,1414.6,False,,,,,,,,,
bt_dkgrec_time_only,active,2022,954,0.008375500137667677,1416.0,False,,,,,,,,,
bt_dkgrec_time_only,active,2022,955,0.008400413795512797,1417.4,True,0.019190159129461454,0.03613011920285256,0.08547008547008547,0.1282051282051282,0.02161129297890406,0.02818650374737159,0.046397789453345,0.07031160711716267,khong cai thien (18/50)
bt_dkgrec_time_only,active,2022,956,0.008391684211238988,1419.2,False,,,,,,,,,
bt_dkgrec_time_only,active,2022,957,0.008439587761099276,1420.6,False,,,,,,,,,
bt_dkgrec_time_only,active,2022,958,0.008356398143702851,1422.0,False,,,,,,,,,
bt_dkgrec_time_only,active,2022,959,0.0084527450842476,1423.4,False,,,,,,,,,
bt_dkgrec_time_only,active,2022,960,0.008405666445601506,1424.8,True,0.01928247498817203,0.03624551402624078,0.0811965811965812,0.1282051282051282,0.020846959917996132,0.029032520575593457,0.04248041053596609,0.07134945815501371,khong cai thien (19/50)
bt_dkgrec_time_only,active,2022,961,0.008435352053027976,1426.7,False,,,,,,,,,
bt_dkgrec_time_only,active,2022,962,0.008444231069582206,1428.1,False,,,,,,,,,
bt_dkgrec_time_only,active,2022,963,0.008414173864540417,1429.5,False,,,,,,,,,
bt_dkgrec_time_only,active,2022,964,0.008401402916987813,1430.9,False,,,,,,,,,
bt_dkgrec_time_only,active,2022,965,0.0083145709829969,1432.3,True,0.019270935505833208,0.03628013247325725,0.0811965811965812,0.1282051282051282,0.021727871275464442,0.02914433874251518,0.04248041053596609,0.06722087069309292,khong cai thien (20/50)
bt_dkgrec_time_only,active,2022,966,0.00840020308950439,1434.1,False,,,,,,,,,
bt_dkgrec_time_only,active,2022,967,0.008350162905594758,1435.5,False,,,,,,,,,
bt_dkgrec_time_only,active,2022,968,0.008389384884086604,1436.9,False,,,,,,,,,
bt_dkgrec_time_only,active,2022,969,0.00840272497266495,1438.3,False,,,,,,,,,
bt_dkgrec_time_only,active,2022,970,0.008410881874124953,1439.8,True,0.01928247498817203,0.03618781661454667,0.08547008547008547,0.11965811965811966,0.02153365187943974,0.028869696275778615,0.043034383312161084,0.06743207923763479,khong cai thien (21/50)
bt_dkgrec_time_only,active,2022,971,0.008444382868798691,1441.6,False,,,,,,,,,
bt_dkgrec_time_only,active,2022,972,0.00830555127256881,1442.9,False,,,,,,,,,
bt_dkgrec_time_only,active,2022,973,0.00838987867923837,1444.3,False,,,,,,,,,
bt_dkgrec_time_only,active,2022,974,0.008293403694391256,1445.7,False,,,,,,,,,
bt_dkgrec_time_only,active,2022,975,0.00838950812126675,1447.1,True,0.019247856541155565,0.03618781661454667,0.07264957264957266,0.11538461538461539,0.018839965100432697,0.026942145102986693,0.03607015412570968,0.06315857496413052,khong cai thien (22/50)
bt_dkgrec_time_only,active,2022,976,0.008413810538337048,1448.9,False,,,,,,,,,
bt_dkgrec_time_only,active,2022,977,0.008311263243591369,1450.3,False,,,,,,,,,
bt_dkgrec_time_only,active,2022,978,0.008296804526974047,1451.7,False,,,,,,,,,
bt_dkgrec_time_only,active,2022,979,0.008430691786808954,1453.1,False,,,,,,,,,
bt_dkgrec_time_only,active,2022,980,0.008331938411921522,1454.5,True,0.019351711882204966,0.03607242179115845,0.07264957264957266,0.12393162393162394,0.01847155409050308,0.02855679787127493,0.03607015412570968,0.07170558351113906,khong cai thien (23/50)
bt_dkgrec_time_only,active,2022,981,0.008326699133569641,1456.3,False,,,,,,,,,
bt_dkgrec_time_only,active,2022,982,0.00833124766097843,1457.7,False,,,,,,,,,
bt_dkgrec_time_only,active,2022,983,0.008321561344293503,1459.1,False,,,,,,,,,
bt_dkgrec_time_only,active,2022,984,0.008335748063519376,1460.5,False,,,,,,,,,
bt_dkgrec_time_only,active,2022,985,0.00826523772222682,1461.9,True,0.019294014470510854,0.03624551402624078,0.07264957264957266,0.11965811965811966,0.018399087934892464,0.02656284769115443,0.03607015412570968,0.06321480528351874,khong cai thien (24/50)
bt_dkgrec_time_only,active,2022,986,0.008395263501657313,1463.7,False,,,,,,,,,
bt_dkgrec_time_only,active,2022,987,0.008307560825196772,1465.1,False,,,,,,,,,
bt_dkgrec_time_only,active,2022,988,0.00836288630622512,1466.6,False,,,,,,,,,
bt_dkgrec_time_only,active,2022,989,0.008268053707165934,1468.0,False,,,,,,,,,
bt_dkgrec_time_only,active,2022,990,0.008389470486793876,1469.4,True,0.019201698611800273,0.036210895579224314,0.07692307692307693,0.1282051282051282,0.020996634753653324,0.02894747528143587,0.04085776417647763,0.06753147626685638,khong cai thien (25/50)
bt_dkgrec_time_only,active,2022,991,0.008374620637536445,1471.2,False,,,,,,,,,
bt_dkgrec_time_only,active,2022,992,0.008304416072464753,1472.6,False,,,,,,,,,
bt_dkgrec_time_only,active,2022,993,0.008326707569081654,1474.0,False,,,,,,,,,
bt_dkgrec_time_only,active,2022,994,0.00832519966678108,1475.3,False,,,,,,,,,
bt_dkgrec_time_only,active,2022,995,0.008355541314759574,1476.7,True,0.01928247498817203,0.03622243506156314,0.07692307692307693,0.1282051282051282,0.019988560644724,0.027302915222817265,0.04085776417647763,0.06361409734947747,khong cai thien (26/50)
bt_dkgrec_time_only,active,2022,996,0.008302165698827605,1478.5,False,,,,,,,,,
bt_dkgrec_time_only,active,2022,997,0.008370376803817749,1480.0,False,,,,,,,,,
bt_dkgrec_time_only,active,2022,998,0.008262108144199013,1481.4,False,,,,,,,,,
bt_dkgrec_time_only,active,2022,999,0.008325441286184985,1482.8,False,,,,,,,,,
bt_dkgrec_time_only,active,2022,1000,0.008279987287954559,1484.2,True,0.019167080164783808,0.036268592990918426,0.08547008547008547,0.1282051282051282,0.021332114645140204,0.027972002017474167,0.04196930695468707,0.06365726405931084,khong cai thien (27/50)
